"driver_id","login_date","logins","platform"
"1","2024-08-22","1","android"
"2","2023-06-04","1","android"
"2","2023-11-06","1","ios"
"2","2023-11-12","1","android"
"2","2025-02-22","1","ios"
"2","2026-04-27","1","ios"
"3","2019-09-25","1","ios"
"3","2019-10-24","1","ios"
"3","2020-05-03","1","android"
"4","2025-12-22","1","ios"
"5","2026-01-11","1","android"
"5","2026-01-23","1","ios"
"6","2025-04-04","1","ios"
"6","2025-04-23","1","web"
"6","2025-05-05","1","ios"
"7","2025-11-04","1","ios"
"7","2025-12-19","1","ios"
"7","2026-01-01","1","ios"
"7","2026-01-02","1","android"
"8","2025-02-06","1","ios"
"9","2021-08-12","1","web"
"9","2021-08-13","1","ios"
"9","2025-04-05","1","ios"
"9","2025-04-08","1","ios"
"9","2025-08-02","1","web"
"9","2025-09-21","1","ios"
"9","2025-10-10","1","ios"
"9","2025-10-13","1","web"
"10","2026-05-28","1","web"
"11","2023-08-06","1","ios"
"11","2023-08-07","1","web"
"11","2023-08-15","1","web"
"11","2023-09-18","1","android"
"11","2025-04-14","1","ios"
"11","2025-05-02","1","android"
"12","2023-07-13","1","web"
"12","2023-07-14","1","web"
"12","2023-08-24","1","android"
"12","2023-09-07","1","ios"
"12","2023-09-08","1","web"
"12","2023-09-29","1","ios"
"12","2023-10-20","2","android"
"12","2023-10-22","1","web"
"12","2023-11-20","1","android"
"12","2023-12-02","1","ios"
"12","2023-12-05","1","ios"
"12","2023-12-06","2","ios"
"12","2023-12-13","1","android"
"12","2023-12-17","1","android"
"12","2023-12-21","1","ios"
"13","2025-09-02","1","ios"
"14","2024-09-09","1","web"
"14","2024-10-20","1","web"
"14","2024-11-05","1","ios"
"14","2024-11-06","1","ios"
"15","2022-07-18","1","ios"
"15","2022-07-25","1","android"
"15","2022-09-04","1","ios"
"15","2022-09-14","2","ios"
"15","2022-10-02","1","ios"
"15","2022-10-04","1","web"
"15","2023-10-25","1","ios"
"15","2023-10-30","1","android"
"15","2023-11-24","1","ios"
"15","2024-02-26","1","android"
"15","2024-03-24","2","web"
"15","2024-03-31","1","web"
"15","2026-05-02","1","ios"
"16","2020-02-04","1","ios"
"17","2024-01-05","1","ios"
"17","2024-01-06","1","ios"
"17","2024-01-15","1","ios"
"17","2024-02-26","1","ios"
"17","2024-03-01","1","ios"
"17","2024-03-03","1","ios"
"17","2024-04-06","1","ios"
"17","2024-04-13","2","ios"
"18","2026-01-12","1","ios"
"18","2026-02-06","1","web"
"18","2026-02-20","1","android"
"18","2026-04-19","1","web"
"18","2026-04-20","1","web"
"19","2022-04-02","1","web"
"20","2024-08-18","1","android"
"20","2024-10-03","1","ios"
"20","2025-03-20","1","web"
"20","2025-03-30","1","android"
"20","2025-05-16","1","ios"
"20","2026-05-02","1","android"
"21","2024-07-01","1","android"
"22","2025-03-02","1","ios"
"23","2023-12-19","1","web"
"23","2023-12-26","1","ios"
"24","2024-11-11","1","ios"
"24","2024-12-11","1","android"
"24","2024-12-15","1","ios"
"24","2024-12-18","1","ios"
"24","2024-12-20","1","ios"
"24","2024-12-27","1","ios"
"24","2025-08-02","1","ios"
"24","2025-08-29","1","web"
"25","2025-05-09","1","ios"
"26","2025-02-13","1","android"
"27","2025-03-28","1","ios"
"27","2025-04-16","1","web"
"27","2025-04-26","1","android"
"27","2025-04-30","1","ios"
"27","2025-05-01","1","web"
"27","2025-05-17","1","ios"
"27","2025-05-27","1","web"
"27","2025-06-18","1","ios"
"27","2025-06-20","1","ios"
"27","2026-01-13","1","web"
"28","2025-10-10","1","web"
"28","2025-10-11","1","android"
"28","2026-05-17","1","ios"
"29","2023-06-24","1","web"
"29","2024-02-19","1","ios"
"30","2020-12-03","1","ios"
"30","2021-06-21","1","web"
"31","2024-03-15","1","web"
"31","2024-03-22","1","ios"
"31","2024-04-27","1","android"
"31","2024-05-29","1","android"
"31","2024-07-25","1","ios"
"31","2024-07-26","1","ios"
"32","2025-11-09","1","web"
"32","2025-11-14","1","ios"
"33","2022-02-24","1","ios"
"34","2023-07-19","1","android"
"34","2023-08-03","1","android"
"34","2023-09-08","1","ios"
"34","2023-09-11","1","ios"
"34","2023-11-28","1","android"
"34","2023-12-02","2","ios"
"34","2024-06-14","1","android"
"34","2024-06-25","1","ios"
"34","2024-06-26","1","ios"
"34","2024-06-30","1","ios"
"34","2024-07-01","1","web"
"34","2024-07-03","1","ios"
"34","2024-07-20","1","android"
"34","2024-08-12","1","android"
"34","2024-08-21","1","web"
"34","2024-10-04","1","ios"
"34","2025-04-13","1","android"
"34","2025-06-07","1","web"
"35","2021-03-09","1","android"
"35","2021-04-19","1","ios"
"35","2021-04-23","1","android"
"35","2021-04-28","1","android"
"35","2021-05-02","1","android"
"36","2024-02-02","1","web"
"36","2024-02-29","1","ios"
"36","2024-03-03","1","ios"
"36","2024-05-03","1","android"
"36","2025-01-23","1","ios"
"36","2025-01-27","2","ios"
"37","2024-12-21","1","ios"
"37","2025-01-30","1","ios"
"37","2025-02-04","1","ios"
"38","2024-12-16","1","ios"
"38","2024-12-27","1","ios"
"39","2024-03-23","1","web"
"40","2022-02-11","1","ios"
"40","2022-02-28","1","ios"
"40","2022-03-05","1","ios"
"40","2022-03-06","1","ios"
"40","2022-03-26","1","ios"
"40","2022-04-20","2","ios"
"40","2022-04-27","1","web"
"40","2022-05-09","1","ios"
"40","2022-06-08","2","web"
"40","2022-06-13","1","ios"
"40","2022-09-21","1","ios"
"40","2022-10-08","2","ios"
"40","2022-10-09","2","ios"
"40","2022-10-24","1","android"
"41","2026-02-08","1","android"
"42","2025-06-23","1","android"
"42","2026-01-08","1","ios"
"43","2025-04-11","1","android"
"43","2026-01-25","1","android"
"44","2019-08-28","1","ios"
"44","2020-08-09","1","android"
"45","2025-03-25","1","android"
"45","2026-03-15","1","android"
"46","2023-07-14","1","ios"
"47","2025-03-09","1","android"
"47","2025-03-20","1","android"
"47","2025-03-26","1","android"
"47","2025-05-02","1","ios"
"48","2021-11-20","1","android"
"48","2021-11-23","1","ios"
"48","2021-12-05","1","android"
"48","2022-12-22","1","ios"
"48","2023-05-29","1","ios"
"48","2024-09-07","1","web"
"48","2025-02-21","1","ios"
"49","2021-07-03","1","web"
"49","2021-08-20","1","ios"
"49","2022-07-15","1","ios"
"49","2023-07-22","1","android"
"50","2025-01-16","1","ios"
"51","2025-06-25","1","ios"
"51","2025-07-18","1","web"
"51","2025-08-03","1","android"
"52","2022-05-08","1","ios"
"52","2022-06-03","1","ios"
"52","2022-06-26","1","ios"
"52","2022-09-13","1","android"
"52","2022-10-21","1","android"
"52","2023-05-14","1","web"
"52","2023-05-27","1","ios"
"52","2023-05-29","1","ios"
"52","2024-01-16","1","ios"
"52","2025-04-29","1","android"
"52","2025-11-17","1","ios"
"53","2022-06-08","1","web"
"53","2022-06-10","1","ios"
"54","2022-09-22","1","ios"
"55","2022-10-03","1","ios"
"55","2022-11-07","1","android"
"55","2022-11-09","1","android"
"56","2021-09-30","1","android"
"56","2024-02-17","1","ios"
"56","2024-03-06","1","android"
"56","2024-03-10","1","ios"
"56","2024-03-22","1","ios"
"56","2024-03-31","1","android"
"56","2024-04-16","1","ios"
"56","2024-04-19","1","ios"
"57","2022-07-30","1","web"
"57","2022-07-31","1","android"
"57","2023-07-29","1","ios"
"57","2024-08-01","1","ios"
"58","2026-02-01","1","ios"
"58","2026-03-04","1","ios"
"59","2020-10-29","1","ios"
"59","2020-11-03","1","android"
"59","2021-06-20","1","ios"
"60","2026-03-31","1","ios"
"61","2024-12-21","1","android"
"61","2024-12-31","1","web"
"61","2026-05-26","1","web"
"62","2022-04-17","1","web"
"62","2022-05-01","1","ios"
"62","2022-05-03","1","ios"
"62","2022-05-29","1","ios"
"62","2023-01-14","1","ios"
"62","2023-01-15","1","ios"
"62","2023-01-20","1","ios"
"62","2023-02-01","1","android"
"62","2023-02-05","1","web"
"62","2023-02-12","1","ios"
"62","2023-02-15","1","android"
"62","2023-02-27","1","ios"
"62","2023-02-28","1","ios"
"62","2024-04-27","1","android"
"62","2024-05-05","1","ios"
"62","2024-09-04","1","web"
"62","2024-09-15","1","android"
"63","2025-02-03","1","ios"
"64","2022-11-01","1","ios"
"64","2022-12-10","1","web"
"65","2025-08-15","1","ios"
"65","2025-08-17","1","web"
"65","2025-10-13","1","android"
"65","2025-10-31","1","android"
"65","2025-11-01","1","ios"
"66","2022-09-28","1","ios"
"66","2022-10-10","1","ios"
"66","2022-10-30","1","ios"
"66","2022-11-01","1","web"
"66","2022-12-08","1","ios"
"66","2023-11-12","1","ios"
"66","2023-11-13","1","ios"
"66","2024-07-21","1","ios"
"66","2024-07-24","1","web"
"66","2025-01-03","1","android"
"66","2025-02-07","1","android"
"67","2021-02-13","1","ios"
"67","2021-02-18","1","ios"
"67","2023-03-26","1","web"
"67","2024-04-08","1","ios"
"67","2024-11-02","1","ios"
"68","2020-06-26","1","android"
"68","2020-07-19","1","ios"
"69","2023-05-23","1","ios"
"69","2023-06-18","1","ios"
"69","2023-12-08","1","ios"
"70","2021-04-11","1","ios"
"70","2021-04-20","1","ios"
"71","2025-08-16","1","ios"
"71","2025-09-21","1","ios"
"71","2025-09-23","1","android"
"71","2025-10-02","1","android"
"71","2025-10-22","1","ios"
"71","2025-10-24","1","ios"
"71","2025-10-26","1","ios"
"71","2025-12-08","1","ios"
"71","2025-12-10","1","web"
"72","2020-12-06","1","ios"
"73","2025-08-29","1","android"
"73","2025-08-30","1","ios"
"73","2026-01-01","1","web"
"73","2026-01-02","1","ios"
"74","2024-02-15","1","ios"
"75","2022-12-05","1","android"
"76","2022-05-21","1","android"
"76","2022-10-02","1","android"
"76","2025-11-15","1","ios"
"76","2025-11-19","1","android"
"77","2023-03-25","1","web"
"77","2023-04-08","1","ios"
"77","2023-04-20","1","ios"
"77","2023-04-21","1","ios"
"77","2023-11-08","1","web"
"77","2024-02-28","1","web"
"77","2025-06-05","1","ios"
"77","2025-06-07","1","android"
"77","2025-11-29","1","ios"
"78","2022-03-31","1","ios"
"78","2022-04-06","1","ios"
"78","2022-04-09","1","ios"
"78","2022-04-22","1","android"
"78","2023-01-08","1","ios"
"78","2023-01-09","1","web"
"78","2023-03-08","1","ios"
"78","2023-09-08","1","android"
"78","2023-10-05","1","ios"
"78","2023-10-06","2","android"
"78","2023-10-30","1","ios"
"78","2023-11-01","1","ios"
"79","2019-04-23","1","ios"
"79","2019-05-08","1","ios"
"80","2024-02-04","1","ios"
"80","2024-02-09","1","android"
"81","2024-07-31","1","web"
"81","2024-08-03","1","ios"
"81","2025-05-13","1","web"
"81","2025-05-25","1","web"
"81","2025-07-13","1","ios"
"81","2025-07-16","1","android"
"81","2025-07-21","1","ios"
"81","2025-07-25","1","android"
"81","2025-07-31","1","web"
"81","2025-09-13","1","android"
"81","2025-09-29","2","ios"
"81","2025-10-26","1","android"
"81","2025-10-30","1","ios"
"81","2025-11-20","1","web"
"81","2026-02-14","1","ios"
"81","2026-02-15","1","ios"
"82","2026-01-04","1","android"
"83","2022-05-05","1","android"
"83","2022-06-05","1","android"
"83","2022-06-07","1","ios"
"83","2022-06-09","1","web"
"83","2022-06-11","1","web"
"83","2022-06-25","1","android"
"83","2022-07-10","1","ios"
"83","2022-07-11","1","ios"
"83","2022-07-13","1","web"
"83","2022-07-14","1","android"
"83","2023-06-28","1","web"
"83","2023-07-04","2","ios"
"83","2023-07-14","1","android"
"83","2023-07-22","1","web"
"83","2023-09-05","2","ios"
"83","2023-09-14","1","android"
"83","2023-09-22","1","ios"
"83","2023-09-25","1","android"
"83","2023-09-28","1","ios"
"83","2023-12-06","1","ios"
"83","2024-08-03","1","android"
"83","2024-08-07","1","android"
"83","2024-11-29","1","web"
"83","2024-12-08","1","ios"
"83","2024-12-13","1","android"
"83","2025-01-15","1","android"
"84","2019-09-08","1","ios"
"84","2019-10-24","1","web"
"84","2019-11-01","1","ios"
"85","2025-01-23","1","web"
"85","2025-08-27","1","ios"
"85","2025-09-03","1","ios"
"86","2026-04-29","1","android"
"86","2026-05-11","1","ios"
"86","2026-05-12","1","ios"
"87","2025-01-19","1","ios"
"88","2026-01-31","1","ios"
"88","2026-02-14","1","ios"
"88","2026-03-03","1","ios"
"88","2026-03-06","1","android"
"89","2021-01-23","1","web"
"89","2021-02-05","1","ios"
"89","2021-02-25","1","android"
"89","2021-03-03","1","ios"
"89","2021-03-06","1","web"
"89","2021-08-07","1","android"
"89","2021-08-18","1","ios"
"89","2021-08-23","1","ios"
"89","2021-08-25","1","ios"
"89","2021-10-24","1","android"
"90","2022-12-02","1","android"
"91","2022-10-27","1","web"
"91","2025-01-11","1","ios"
"91","2025-01-12","1","ios"
"91","2025-01-17","1","ios"
"92","2024-01-22","1","ios"
"92","2024-01-30","1","web"
"92","2024-02-07","1","ios"
"93","2024-12-12","1","ios"
"93","2025-01-25","1","android"
"93","2025-01-26","1","ios"
"93","2026-04-22","1","android"
"93","2026-05-10","1","ios"
"94","2020-02-06","1","ios"
"94","2022-04-20","1","ios"
"94","2022-05-16","1","android"
"94","2025-03-16","1","android"
"94","2025-12-07","1","ios"
"94","2025-12-29","1","web"
"94","2026-01-02","1","android"
"94","2026-01-04","1","android"
"94","2026-01-08","1","ios"
"95","2022-09-07","1","ios"
"95","2022-10-10","1","android"
"96","2023-11-22","1","android"
"96","2023-11-30","1","web"
"96","2023-12-05","1","ios"
"96","2024-01-06","2","ios"
"96","2024-01-14","1","ios"
"97","2021-11-25","1","ios"
"97","2022-12-04","1","android"
"98","2021-09-07","1","ios"
"99","2025-03-21","1","ios"
"99","2025-05-05","1","android"
"100","2025-02-16","1","ios"
"100","2025-03-02","1","ios"
"100","2025-03-04","1","android"
"100","2025-03-16","1","ios"
"100","2025-04-11","1","ios"
"100","2025-04-12","1","android"
"100","2025-04-22","1","ios"
"100","2025-08-02","1","android"
"101","2019-11-23","1","web"
"101","2019-12-01","1","ios"
"101","2020-10-20","1","android"
"101","2020-11-24","1","web"
"101","2020-12-03","1","ios"
"102","2021-06-20","1","web"
"103","2020-10-07","1","ios"
"104","2022-11-17","1","ios"
"105","2024-12-07","1","web"
"105","2024-12-28","1","web"
"105","2025-01-03","1","web"
"105","2025-01-26","1","ios"
"106","2021-03-23","1","ios"
"106","2021-12-26","1","android"
"106","2022-12-15","1","ios"
"106","2023-04-16","1","ios"
"107","2021-03-15","1","android"
"107","2021-03-18","1","ios"
"107","2021-03-23","1","ios"
"107","2021-04-16","1","ios"
"107","2021-04-19","1","web"
"107","2021-04-26","1","android"
"107","2021-05-10","1","android"
"107","2021-06-04","1","android"
"107","2021-07-22","1","ios"
"107","2021-08-17","2","ios"
"107","2021-10-03","1","ios"
"107","2021-10-04","1","web"
"107","2021-10-07","1","android"
"108","2025-01-09","1","ios"
"108","2026-03-24","1","ios"
"108","2026-03-25","1","ios"
"108","2026-04-25","1","android"
"109","2021-08-24","1","web"
"109","2021-08-25","1","web"
"109","2021-08-29","1","android"
"109","2021-08-30","1","ios"
"109","2021-12-04","1","android"
"109","2022-08-15","1","ios"
"109","2023-08-20","1","android"
"109","2024-12-30","1","ios"
"109","2026-05-12","1","web"
"110","2025-02-27","1","ios"
"111","2023-09-20","1","android"
"111","2024-10-15","1","android"
"111","2025-02-14","1","ios"
"112","2025-03-04","1","ios"
"112","2025-03-18","1","ios"
"112","2025-03-27","1","ios"
"112","2025-05-02","1","web"
"112","2025-05-09","1","android"
"113","2022-10-18","1","ios"
"113","2022-10-19","1","web"
"114","2026-01-21","1","ios"
"115","2021-11-23","1","ios"
"115","2021-11-25","1","android"
"115","2022-01-07","1","android"
"115","2022-01-14","1","web"
"115","2022-05-28","1","ios"
"115","2022-07-01","1","web"
"115","2022-07-21","1","web"
"115","2022-08-03","1","android"
"115","2022-12-21","1","android"
"115","2022-12-22","1","ios"
"115","2022-12-25","1","android"
"115","2022-12-30","1","android"
"116","2022-03-23","1","android"
"116","2022-04-25","1","ios"
"116","2022-04-26","1","ios"
"116","2022-05-05","1","ios"
"116","2022-05-11","1","ios"
"117","2023-10-13","1","android"
"117","2025-02-11","1","ios"
"117","2025-02-27","1","ios"
"117","2026-05-06","1","ios"
"118","2024-09-13","1","ios"
"118","2024-09-14","1","android"
"119","2022-10-30","1","ios"
"119","2022-11-17","1","ios"
"119","2022-12-04","1","android"
"120","2025-03-05","1","web"
"121","2023-06-08","1","ios"
"121","2023-06-10","1","ios"
"121","2023-06-25","1","web"
"121","2024-01-03","1","android"
"121","2024-01-13","1","ios"
"121","2024-01-31","1","ios"
"121","2024-02-03","1","ios"
"121","2024-02-05","1","ios"
"121","2025-05-31","1","android"
"121","2026-04-04","1","ios"
"121","2026-04-09","1","ios"
"121","2026-04-13","1","web"
"121","2026-04-14","2","android"
"121","2026-04-24","1","ios"
"121","2026-06-01","1","web"
"121","2026-06-14","1","android"
"122","2021-06-16","1","ios"
"122","2022-03-06","1","android"
"122","2024-11-19","1","ios"
"122","2025-11-01","1","web"
"122","2026-01-03","1","android"
"123","2023-09-29","1","ios"
"123","2023-10-14","1","ios"
"124","2024-12-05","1","android"
"124","2024-12-25","1","ios"
"124","2024-12-29","1","ios"
"124","2025-01-03","1","web"
"124","2025-01-24","1","ios"
"124","2025-02-04","1","ios"
"124","2025-03-14","1","ios"
"125","2024-03-03","1","ios"
"125","2025-03-28","1","ios"
"125","2025-04-14","1","ios"
"125","2025-05-07","1","ios"
"126","2024-02-17","1","ios"
"126","2024-09-10","1","ios"
"127","2025-08-19","1","android"
"127","2025-08-21","1","android"
"128","2022-10-01","1","android"
"128","2022-10-03","1","ios"
"128","2022-11-15","1","ios"
"129","2024-04-29","1","ios"
"129","2024-05-07","1","web"
"130","2022-05-27","1","ios"
"130","2022-06-16","1","web"
"131","2024-02-02","1","ios"
"132","2023-04-12","1","ios"
"132","2023-05-29","1","android"
"132","2023-06-16","1","web"
"132","2024-10-03","1","android"
"132","2024-10-04","1","android"
"132","2025-07-20","1","ios"
"132","2025-07-29","1","web"
"132","2025-08-12","1","android"
"132","2025-08-19","1","ios"
"132","2025-08-25","1","android"
"132","2025-09-22","1","web"
"132","2025-12-03","1","ios"
"132","2025-12-27","1","ios"
"132","2026-01-02","1","web"
"133","2023-06-04","1","ios"
"133","2023-06-10","1","ios"
"133","2023-06-19","1","ios"
"133","2023-07-04","1","ios"
"133","2023-12-21","1","ios"
"133","2024-01-09","1","ios"
"134","2025-04-19","1","ios"
"134","2025-05-16","1","web"
"134","2025-07-17","2","android"
"135","2025-01-17","1","android"
"135","2025-02-14","1","android"
"135","2025-02-16","2","ios"
"135","2025-02-17","1","ios"
"136","2024-02-10","1","ios"
"137","2020-06-08","1","ios"
"137","2020-06-09","1","android"
"137","2020-06-10","1","android"
"138","2021-11-19","1","android"
"138","2024-06-08","2","web"
"138","2024-06-13","1","ios"
"139","2023-08-12","1","ios"
"139","2023-08-14","1","ios"
"140","2026-01-17","1","android"
"140","2026-06-28","1","ios"
"141","2023-09-20","1","ios"
"141","2023-09-25","1","android"
"141","2026-05-19","1","android"
"141","2026-05-23","1","ios"
"142","2025-02-23","1","ios"
"142","2025-03-21","1","ios"
"142","2025-04-11","1","ios"
"142","2025-04-24","1","android"
"142","2025-05-01","1","ios"
"142","2025-07-05","1","ios"
"142","2025-07-28","1","ios"
"142","2025-07-29","1","android"
"142","2025-08-11","1","android"
"142","2025-10-06","2","android"
"142","2025-11-17","1","ios"
"142","2025-12-19","1","ios"
"142","2026-01-04","1","android"
"142","2026-01-19","1","ios"
"142","2026-02-01","1","ios"
"142","2026-02-21","1","web"
"143","2021-11-02","1","android"
"144","2021-05-14","1","android"
"145","2019-11-24","1","ios"
"146","2024-11-17","1","android"
"146","2024-11-21","1","android"
"146","2025-01-21","1","ios"
"147","2024-06-13","1","ios"
"147","2025-03-08","1","android"
"147","2025-03-17","1","ios"
"147","2025-03-18","1","android"
"147","2025-03-22","2","ios"
"147","2025-04-01","1","ios"
"147","2025-04-05","1","android"
"147","2025-04-28","1","ios"
"148","2022-04-01","1","ios"
"148","2022-04-15","1","ios"
"148","2022-05-06","1","android"
"148","2022-06-28","1","android"
"148","2022-07-06","1","ios"
"148","2022-08-03","1","web"
"148","2022-08-10","1","web"
"149","2020-02-07","1","ios"
"150","2026-02-02","1","ios"
"151","2026-02-21","1","ios"
"151","2026-03-23","1","web"
"151","2026-04-11","1","web"
"152","2023-09-22","1","android"
"152","2024-02-17","1","ios"
"152","2024-08-13","1","ios"
"152","2024-09-26","1","android"
"152","2024-09-27","1","ios"
"152","2024-09-28","1","ios"
"152","2026-04-19","1","ios"
"153","2024-02-17","1","web"
"153","2024-07-16","1","android"
"153","2024-07-19","1","android"
"153","2025-11-26","1","ios"
"153","2025-12-17","1","android"
"154","2021-03-04","1","ios"
"155","2025-02-02","1","ios"
"155","2025-02-11","1","ios"
"156","2022-10-27","1","android"
"157","2025-11-18","1","ios"
"157","2025-11-19","1","android"
"158","2022-05-02","1","ios"
"159","2024-01-20","1","ios"
"160","2025-06-07","1","android"
"160","2025-06-25","1","web"
"160","2025-07-05","1","android"
"160","2025-08-07","2","ios"
"161","2021-12-15","1","ios"
"161","2022-01-04","1","ios"
"162","2023-08-06","1","ios"
"162","2023-08-08","1","ios"
"163","2022-05-11","1","ios"
"163","2024-04-10","1","ios"
"163","2026-02-20","1","web"
"163","2026-02-21","1","ios"
"163","2026-03-03","1","web"
"163","2026-03-12","1","ios"
"163","2026-03-14","1","web"
"163","2026-03-15","1","ios"
"164","2021-06-02","1","android"
"164","2022-08-06","1","ios"
"164","2023-03-07","1","android"
"164","2024-04-23","1","android"
"164","2025-01-25","1","android"
"164","2026-01-12","1","web"
"165","2024-01-13","1","ios"
"165","2024-01-17","1","ios"
"166","2022-03-24","1","ios"
"167","2024-02-06","1","ios"
"168","2023-11-29","1","ios"
"168","2024-03-18","1","android"
"168","2024-05-03","1","ios"
"168","2024-05-10","1","ios"
"168","2024-07-01","1","android"
"168","2024-08-22","1","ios"
"168","2024-09-06","1","ios"
"168","2024-10-22","1","android"
"168","2024-10-25","1","web"
"168","2024-11-14","1","ios"
"169","2022-04-06","1","ios"
"169","2024-06-23","1","ios"
"169","2024-07-06","1","ios"
"169","2024-07-07","1","ios"
"169","2024-07-13","1","ios"
"170","2024-07-17","1","ios"
"171","2023-09-01","1","ios"
"171","2024-02-04","1","ios"
"171","2024-11-09","1","ios"
"172","2026-02-28","1","ios"
"172","2026-03-08","1","ios"
"172","2026-04-17","1","android"
"172","2026-05-01","1","ios"
"172","2026-05-06","1","ios"
"172","2026-06-20","1","android"
"173","2025-11-14","1","web"
"173","2025-12-12","1","ios"
"173","2025-12-14","1","ios"
"173","2025-12-29","1","android"
"173","2026-01-03","1","ios"
"174","2021-03-28","1","ios"
"174","2021-03-29","1","android"
"174","2021-04-18","1","android"
"175","2024-08-21","1","android"
"175","2024-08-25","1","ios"
"176","2023-05-06","1","android"
"176","2023-06-02","1","ios"
"176","2023-06-03","1","ios"
"176","2023-06-24","1","android"
"176","2023-06-30","1","web"
"176","2023-07-20","1","ios"
"176","2023-08-06","1","ios"
"176","2023-08-12","1","ios"
"176","2023-08-17","1","ios"
"176","2023-08-18","1","ios"
"176","2023-08-19","1","android"
"176","2024-01-17","1","ios"
"176","2024-01-23","1","android"
"176","2024-02-26","1","android"
"176","2024-03-08","1","android"
"176","2026-03-26","1","ios"
"176","2026-03-27","1","ios"
"177","2021-01-01","1","android"
"177","2021-01-02","1","android"
"177","2023-08-28","1","android"
"177","2024-08-25","1","android"
"178","2022-10-30","1","ios"
"178","2022-11-19","1","android"
"179","2021-02-27","1","android"
"179","2021-03-04","1","ios"
"179","2022-09-18","1","ios"
"179","2023-02-24","1","ios"
"179","2023-06-30","1","android"
"180","2026-01-22","1","web"
"181","2020-09-10","1","ios"
"182","2025-08-22","1","ios"
"182","2025-08-30","1","web"
"182","2025-09-03","1","web"
"183","2022-06-28","1","android"
"184","2021-01-20","1","android"
"184","2021-01-26","1","ios"
"184","2021-02-03","1","web"
"184","2021-05-29","1","ios"
"185","2026-05-16","1","android"
"185","2026-05-30","1","ios"
"185","2026-06-19","1","ios"
"185","2026-06-21","1","ios"
"186","2023-08-21","1","android"
"187","2020-01-03","1","android"
"187","2020-12-13","1","android"
"187","2021-12-26","1","ios"
"188","2020-05-12","1","ios"
"188","2020-05-13","1","ios"
"188","2020-05-14","1","ios"
"188","2020-06-13","1","ios"
"188","2021-06-17","1","ios"
"189","2023-10-13","1","web"
"189","2024-02-26","1","android"
"189","2024-02-27","1","android"
"190","2026-06-21","1","ios"
"191","2022-04-11","1","ios"
"191","2024-06-29","1","android"
"192","2025-04-27","1","ios"
"192","2025-05-02","1","android"
"193","2025-07-18","1","android"
"193","2025-07-30","1","ios"
"194","2022-11-27","1","ios"
"195","2022-07-08","1","android"
"195","2022-07-10","1","android"
"195","2022-08-02","1","ios"
"195","2022-10-09","1","android"
"195","2022-11-09","1","web"
"195","2026-03-02","1","ios"
"195","2026-03-03","1","android"
"196","2024-06-02","1","ios"
"196","2024-06-03","1","ios"
"196","2025-12-16","1","ios"
"196","2026-03-08","1","ios"
"197","2024-06-15","1","android"
"197","2024-06-23","1","ios"
"197","2024-07-23","1","ios"
"197","2024-08-14","1","ios"
"198","2023-07-11","1","ios"
"198","2023-08-17","1","android"
"198","2023-08-24","1","ios"
"198","2023-09-14","1","ios"
"198","2023-10-12","1","ios"
"198","2024-10-13","1","ios"
"198","2024-10-20","1","web"
"198","2024-10-24","1","ios"
"198","2024-11-10","1","ios"
"198","2024-12-06","1","ios"
"199","2025-02-28","1","web"
"200","2024-09-21","1","ios"
"200","2024-10-23","1","web"
"201","2019-01-28","1","ios"
"201","2019-02-27","1","ios"
"202","2021-03-04","1","web"
"202","2021-03-06","1","android"
"202","2022-11-29","1","ios"
"202","2022-12-12","1","ios"
"202","2023-01-13","1","web"
"202","2023-02-13","1","ios"
"202","2023-03-02","1","ios"
"203","2020-05-27","1","ios"
"203","2020-06-18","1","android"
"203","2020-06-27","1","ios"
"203","2021-08-13","1","ios"
"203","2021-08-28","1","ios"
"203","2021-09-14","1","android"
"203","2023-01-19","1","ios"
"204","2024-11-27","1","web"
"204","2024-12-06","1","ios"
"204","2024-12-07","1","ios"
"205","2024-01-18","1","android"
"205","2024-02-15","1","android"
"205","2024-02-20","1","ios"
"205","2024-02-26","1","ios"
"206","2023-09-21","1","android"
"206","2024-11-10","1","ios"
"206","2024-11-17","1","web"
"207","2023-12-29","1","web"
"207","2025-05-08","1","android"
"208","2021-10-06","1","ios"
"208","2022-07-08","1","ios"
"209","2020-04-19","1","web"
"209","2020-04-21","1","ios"
"209","2020-04-23","1","ios"
"210","2026-04-21","1","ios"
"211","2019-10-21","1","ios"
"211","2019-10-22","1","ios"
"212","2023-06-30","1","ios"
"212","2023-07-19","1","ios"
"212","2024-09-09","1","web"
"213","2021-11-20","1","ios"
"213","2021-12-01","1","android"
"213","2022-07-28","1","android"
"213","2022-10-08","1","ios"
"213","2022-10-27","1","android"
"213","2022-11-15","1","android"
"214","2024-07-20","1","android"
"214","2024-07-21","1","android"
"214","2024-08-03","1","ios"
"214","2024-08-22","1","ios"
"214","2024-09-09","1","android"
"214","2024-09-13","1","android"
"215","2023-08-27","1","android"
"215","2023-09-12","1","web"
"215","2023-09-13","1","ios"
"216","2025-10-25","1","ios"
"216","2025-11-09","1","ios"
"217","2026-02-28","1","android"
"217","2026-03-20","1","web"
"217","2026-03-23","1","ios"
"218","2024-11-26","1","ios"
"218","2024-12-02","1","android"
"219","2025-01-22","1","ios"
"219","2025-06-28","1","android"
"219","2025-07-20","1","ios"
"220","2026-02-19","1","ios"
"221","2023-07-22","1","android"
"221","2024-06-22","1","android"
"221","2024-11-28","1","ios"
"221","2024-12-15","1","ios"
"221","2025-03-01","1","ios"
"221","2025-03-07","1","ios"
"221","2025-03-25","1","android"
"221","2025-03-29","1","web"
"221","2025-04-02","1","web"
"221","2025-04-03","1","android"
"222","2022-06-11","1","ios"
"222","2022-06-12","1","ios"
"222","2022-06-18","1","ios"
"223","2025-07-12","1","android"
"223","2026-05-22","1","ios"
"223","2026-05-30","1","ios"
"224","2022-12-05","1","android"
"224","2023-08-17","1","ios"
"224","2023-08-28","1","android"
"225","2022-11-17","1","android"
"225","2023-01-13","1","ios"
"225","2024-06-26","1","web"
"225","2024-07-18","1","ios"
"225","2024-08-17","1","ios"
"225","2025-09-22","1","web"
"226","2026-05-25","1","web"
"227","2024-06-09","1","ios"
"227","2025-04-28","1","android"
"228","2024-03-20","1","ios"
"228","2024-04-18","1","ios"
"228","2024-05-11","1","android"
"228","2024-06-07","1","ios"
"228","2025-03-07","1","ios"
"229","2022-08-12","1","web"
"229","2022-09-01","1","ios"
"230","2024-09-11","1","android"
"230","2024-09-14","1","web"
"230","2024-09-16","1","android"
"230","2024-10-11","1","web"
"230","2026-02-01","1","ios"
"230","2026-02-25","2","ios"
"230","2026-04-01","1","android"
"231","2022-09-16","1","web"
"231","2023-06-27","1","web"
"231","2023-10-30","1","ios"
"231","2024-06-10","1","ios"
"231","2025-01-30","1","ios"
"232","2023-10-20","1","web"
"233","2023-10-22","1","android"
"233","2023-10-25","1","ios"
"233","2023-11-16","1","android"
"233","2023-11-20","1","ios"
"233","2023-11-21","1","ios"
"233","2024-03-22","1","web"
"233","2026-02-10","1","android"
"233","2026-03-15","2","ios"
"233","2026-04-11","1","ios"
"234","2024-03-11","1","ios"
"234","2024-03-24","1","android"
"234","2024-04-07","1","android"
"234","2024-08-31","1","web"
"234","2024-09-02","1","ios"
"235","2025-01-17","1","android"
"235","2025-01-26","1","android"
"235","2025-02-11","1","web"
"235","2025-02-12","1","ios"
"235","2025-02-26","2","ios"
"236","2024-03-08","1","web"
"236","2024-10-25","1","web"
"236","2024-10-28","2","ios"
"236","2024-11-01","1","android"
"236","2024-11-02","1","android"
"236","2024-11-05","2","android"
"236","2025-01-07","1","android"
"237","2023-11-11","1","android"
"238","2020-12-17","1","ios"
"238","2021-01-14","1","ios"
"239","2023-05-13","1","ios"
"240","2025-01-19","1","ios"
"240","2025-02-14","1","android"
"240","2025-02-20","1","web"
"240","2025-03-23","2","ios"
"240","2025-03-24","1","ios"
"241","2022-08-14","1","android"
"241","2022-08-24","1","web"
"242","2022-07-28","1","android"
"242","2022-07-29","1","ios"
"242","2022-07-30","1","android"
"243","2025-08-04","1","ios"
"243","2026-05-05","1","ios"
"243","2026-05-16","1","ios"
"244","2022-06-08","1","ios"
"244","2022-06-16","1","android"
"244","2022-06-24","1","web"
"245","2021-02-05","1","ios"
"245","2023-12-27","1","ios"
"245","2024-01-25","1","ios"
"245","2024-01-26","1","ios"
"245","2024-01-30","2","ios"
"245","2024-03-12","1","web"
"245","2024-03-24","1","ios"
"246","2025-08-01","1","web"
"247","2023-01-21","1","ios"
"247","2024-11-05","1","web"
"247","2024-11-09","1","ios"
"247","2025-07-09","1","ios"
"248","2020-04-18","1","ios"
"248","2020-05-21","1","ios"
"248","2020-05-28","1","web"
"249","2022-01-25","1","android"
"249","2022-01-26","1","android"
"249","2023-01-25","1","android"
"249","2023-02-04","2","ios"
"249","2023-02-20","1","web"
"249","2023-03-05","1","ios"
"250","2022-08-19","1","web"
"250","2022-09-12","1","ios"
"250","2022-10-08","1","web"
"250","2022-10-14","1","ios"
"250","2022-10-21","1","web"
"250","2022-11-06","2","ios"
"250","2022-11-14","1","ios"
"250","2022-11-24","1","ios"
"250","2022-11-30","1","ios"
"250","2022-12-05","1","ios"
"251","2025-10-20","1","web"
"251","2025-11-17","1","ios"
"251","2025-11-26","1","web"
"251","2026-01-07","1","android"
"252","2019-12-26","1","ios"
"252","2020-09-11","1","ios"
"252","2020-09-22","1","ios"
"252","2020-09-24","1","web"
"252","2020-10-07","1","ios"
"252","2020-10-15","1","android"
"252","2020-12-04","1","ios"
"252","2021-12-09","1","web"
"252","2022-01-04","1","ios"
"252","2022-01-08","1","ios"
"252","2022-05-20","1","ios"
"252","2024-10-04","1","web"
"252","2024-10-20","1","ios"
"253","2023-10-25","1","ios"
"254","2022-07-24","1","android"
"254","2022-09-27","1","ios"
"254","2023-07-09","1","web"
"255","2024-09-07","1","web"
"255","2024-10-17","1","android"
"255","2025-10-09","1","android"
"256","2021-11-09","1","ios"
"256","2021-11-12","1","web"
"256","2021-11-24","1","web"
"256","2021-12-22","1","ios"
"256","2022-02-03","1","web"
"256","2022-07-15","1","android"
"256","2023-10-08","1","web"
"256","2023-10-14","1","android"
"256","2024-03-01","1","android"
"256","2025-04-17","1","ios"
"256","2025-05-11","1","android"
"256","2026-02-04","1","web"
"257","2026-06-03","1","ios"
"257","2026-06-10","1","android"
"258","2022-11-05","1","android"
"258","2022-11-14","1","android"
"258","2022-11-15","1","ios"
"258","2022-12-18","1","ios"
"258","2022-12-22","1","android"
"258","2022-12-24","1","android"
"258","2023-01-20","1","android"
"258","2023-01-25","1","ios"
"259","2023-08-18","1","android"
"260","2020-03-07","1","web"
"260","2020-03-20","1","ios"
"260","2020-04-18","1","ios"
"260","2021-07-03","1","ios"
"260","2023-02-28","1","android"
"261","2025-10-18","1","android"
"262","2023-09-27","1","ios"
"262","2023-10-06","1","ios"
"263","2024-01-22","1","ios"
"263","2024-03-01","2","ios"
"263","2025-03-30","1","android"
"263","2025-07-28","1","android"
"263","2025-08-10","1","android"
"263","2025-08-14","1","ios"
"263","2025-09-26","1","ios"
"263","2025-10-31","1","ios"
"263","2025-11-21","1","ios"
"264","2025-10-28","1","ios"
"264","2025-11-07","1","android"
"264","2025-12-08","2","android"
"264","2025-12-21","1","ios"
"265","2026-05-29","1","android"
"265","2026-06-04","1","ios"
"266","2024-12-08","1","ios"
"266","2024-12-09","1","ios"
"266","2024-12-10","1","android"
"266","2024-12-12","1","ios"
"266","2024-12-15","1","android"
"266","2025-01-28","1","ios"
"266","2025-03-02","2","web"
"267","2024-07-16","1","ios"
"268","2026-04-12","1","ios"
"269","2025-02-21","1","ios"
"269","2025-03-02","1","android"
"269","2025-03-08","1","android"
"269","2025-04-19","1","ios"
"270","2024-08-30","1","android"
"271","2025-11-04","1","ios"
"272","2020-11-08","1","web"
"273","2025-07-25","1","android"
"273","2025-09-03","1","android"
"273","2025-09-05","1","ios"
"274","2020-11-11","1","ios"
"275","2024-07-06","1","ios"
"275","2024-07-16","1","ios"
"275","2024-07-17","1","android"
"275","2024-08-02","1","ios"
"275","2024-08-30","2","web"
"275","2024-09-15","1","android"
"275","2024-10-22","1","android"
"275","2024-11-16","2","android"
"275","2025-06-12","1","web"
"275","2025-06-17","1","ios"
"275","2025-06-20","1","ios"
"275","2025-06-27","1","android"
"275","2025-07-07","1","ios"
"275","2025-07-17","1","ios"
"275","2025-08-01","1","ios"
"275","2025-08-22","2","web"
"275","2025-09-16","1","android"
"276","2025-06-09","1","android"
"276","2026-03-01","1","ios"
"276","2026-05-03","1","android"
"276","2026-06-07","1","ios"
"277","2021-05-27","1","web"
"277","2022-08-02","1","web"
"277","2022-08-07","1","android"
"278","2023-04-15","1","ios"
"279","2019-07-03","1","ios"
"279","2019-07-04","1","ios"
"279","2019-07-05","1","ios"
"279","2019-07-26","1","ios"
"279","2021-06-17","1","android"
"280","2019-12-20","1","ios"
"280","2020-05-15","1","web"
"281","2022-10-30","1","ios"
"281","2022-11-02","1","android"
"281","2023-06-14","1","web"
"281","2024-12-24","1","android"
"281","2024-12-27","1","android"
"281","2025-01-23","2","ios"
"282","2022-03-08","1","android"
"282","2022-03-18","1","ios"
"283","2020-06-17","1","ios"
"283","2021-01-12","1","web"
"283","2021-07-20","1","android"
"284","2024-01-10","1","android"
"284","2024-01-15","1","android"
"284","2024-01-22","1","android"
"284","2024-04-04","1","ios"
"284","2024-05-04","1","ios"
"284","2024-05-05","2","ios"
"284","2024-05-10","1","android"
"284","2025-08-17","1","android"
"285","2025-10-12","1","android"
"285","2026-05-14","1","ios"
"285","2026-05-15","1","web"
"285","2026-05-26","1","ios"
"285","2026-05-31","1","android"
"285","2026-06-02","1","ios"
"285","2026-06-19","1","web"
"285","2026-06-27","1","ios"
"285","2026-06-28","1","web"
"286","2024-08-03","1","ios"
"286","2025-06-07","1","ios"
"286","2025-07-05","1","ios"
"287","2024-11-30","1","ios"
"287","2024-12-11","1","web"
"287","2025-05-15","2","android"
"287","2026-05-19","1","ios"
"288","2022-11-03","1","ios"
"288","2022-11-13","1","ios"
"288","2024-05-04","1","android"
"289","2026-01-10","1","ios"
"289","2026-01-13","1","ios"
"290","2021-02-10","1","ios"
"290","2021-03-09","1","android"
"290","2021-03-13","1","android"
"290","2021-03-19","1","ios"
"290","2021-09-19","1","android"
"290","2021-10-01","1","android"
"290","2022-12-20","1","ios"
"291","2024-06-19","1","web"
"291","2024-07-09","1","android"
"291","2024-07-13","1","ios"
"291","2024-08-20","1","ios"
"291","2024-09-07","1","ios"
"291","2024-09-08","1","android"
"291","2025-03-11","1","ios"
"291","2025-04-18","1","android"
"291","2026-04-08","1","android"
"291","2026-04-15","1","ios"
"291","2026-04-17","1","ios"
"291","2026-04-19","1","android"
"291","2026-06-06","1","web"
"291","2026-06-10","1","web"
"291","2026-06-30","1","web"
"292","2021-01-15","1","android"
"293","2020-12-30","1","ios"
"293","2021-01-28","1","ios"
"294","2021-05-27","1","web"
"294","2025-10-19","1","web"
"294","2026-05-28","1","ios"
"295","2023-08-01","1","web"
"295","2024-08-29","1","ios"
"295","2024-09-06","1","android"
"295","2024-09-24","1","android"
"295","2025-05-17","1","ios"
"296","2022-09-11","1","android"
"296","2022-09-14","1","ios"
"296","2022-09-15","1","web"
"296","2024-08-07","1","ios"
"297","2026-03-17","1","ios"
"298","2023-03-25","1","android"
"299","2023-01-02","1","ios"
"299","2023-01-16","1","ios"
"300","2021-04-20","1","web"
"301","2025-05-24","1","android"
"301","2025-06-21","1","android"
"301","2025-06-27","1","ios"
"302","2020-08-01","1","ios"
"302","2020-10-18","1","ios"
"302","2021-03-30","1","ios"
"303","2023-05-30","1","ios"
"303","2023-07-06","1","web"
"304","2026-05-15","1","android"
"305","2022-08-09","1","android"
"306","2025-04-01","1","ios"
"306","2025-05-31","1","ios"
"306","2025-07-20","1","ios"
"306","2025-08-17","1","android"
"306","2025-08-25","1","web"
"306","2025-11-04","1","android"
"306","2025-11-11","1","ios"
"307","2025-05-08","1","ios"
"307","2025-06-01","1","web"
"308","2024-10-14","1","ios"
"308","2024-10-18","1","android"
"308","2024-10-19","1","android"
"308","2024-11-20","1","ios"
"308","2024-12-07","1","ios"
"308","2024-12-08","1","android"
"308","2026-03-11","1","ios"
"308","2026-03-15","1","ios"
"308","2026-03-16","1","android"
"308","2026-03-22","1","web"
"308","2026-05-04","1","ios"
"309","2026-02-07","1","ios"
"310","2023-01-08","1","android"
"310","2023-02-07","1","web"
"311","2021-03-21","1","ios"
"311","2021-12-11","1","ios"
"311","2022-01-06","1","android"
"312","2024-01-13","1","android"
"312","2024-03-18","1","android"
"313","2024-03-03","1","web"
"313","2025-01-15","1","web"
"313","2025-02-10","1","android"
"314","2022-08-23","1","web"
"315","2026-06-08","1","ios"
"315","2026-06-23","1","ios"
"316","2019-09-24","1","android"
"316","2019-09-28","1","ios"
"316","2020-11-18","1","ios"
"316","2022-02-28","1","ios"
"317","2024-03-30","1","ios"
"317","2025-06-13","1","android"
"318","2024-04-14","1","web"
"318","2024-04-28","1","web"
"318","2025-07-06","1","ios"
"319","2025-01-30","1","ios"
"319","2025-02-02","1","web"
"320","2026-01-13","1","android"
"320","2026-01-30","1","ios"
"320","2026-02-14","1","ios"
"320","2026-02-22","1","web"
"321","2020-10-16","1","android"
"322","2025-12-12","1","web"
"322","2025-12-26","1","ios"
"323","2026-01-08","1","android"
"323","2026-05-18","1","android"
"323","2026-05-23","1","ios"
"324","2023-12-31","1","ios"
"324","2024-01-01","1","ios"
"324","2024-01-02","1","android"
"324","2024-01-16","1","ios"
"324","2024-01-22","1","ios"
"324","2025-01-19","1","android"
"324","2025-02-26","1","android"
"325","2022-02-10","1","ios"
"326","2024-05-29","1","ios"
"327","2021-05-28","1","ios"
"327","2023-08-26","1","ios"
"328","2021-01-31","1","android"
"329","2025-10-26","1","ios"
"329","2025-11-09","1","android"
"329","2026-05-22","1","ios"
"330","2023-05-06","1","android"
"330","2023-05-10","1","android"
"330","2023-06-01","1","ios"
"330","2023-06-16","1","ios"
"331","2023-03-03","1","android"
"331","2023-03-04","1","ios"
"331","2024-03-20","1","android"
"331","2025-10-07","1","web"
"331","2025-11-02","1","ios"
"332","2021-12-09","1","android"
"332","2022-01-12","1","web"
"333","2025-06-01","1","web"
"334","2026-05-08","1","ios"
"334","2026-06-11","1","ios"
"335","2023-01-12","1","ios"
"335","2023-01-25","1","ios"
"335","2023-02-07","1","ios"
"336","2023-05-25","1","ios"
"336","2023-08-08","1","ios"
"336","2023-08-09","1","ios"
"337","2025-06-08","1","android"
"337","2026-05-29","1","web"
"337","2026-05-30","1","android"
"337","2026-06-11","1","android"
"338","2021-10-06","1","ios"
"338","2021-11-05","1","android"
"338","2021-11-26","1","ios"
"338","2022-01-04","1","ios"
"338","2022-01-09","1","ios"
"338","2022-02-02","1","android"
"339","2023-12-14","1","ios"
"340","2024-08-09","1","ios"
"340","2024-09-01","1","ios"
"340","2024-09-09","1","ios"
"340","2024-09-30","1","ios"
"340","2024-10-15","1","web"
"340","2024-11-02","1","ios"
"340","2024-11-25","1","ios"
"340","2024-11-30","1","ios"
"340","2024-12-13","1","ios"
"341","2019-09-08","1","android"
"341","2019-09-11","1","ios"
"341","2019-09-14","1","ios"
"341","2019-10-30","1","ios"
"341","2019-12-19","1","android"
"341","2021-03-29","2","ios"
"341","2021-11-04","1","ios"
"341","2021-11-24","1","ios"
"342","2024-10-20","1","ios"
"342","2024-12-01","1","android"
"342","2024-12-17","1","ios"
"342","2025-12-09","1","ios"
"343","2025-12-09","1","android"
"344","2019-04-28","1","android"
"344","2019-05-16","1","ios"
"344","2019-05-17","1","web"
"345","2020-04-17","1","android"
"345","2020-04-19","1","ios"
"345","2020-09-23","1","android"
"345","2020-10-27","1","android"
"346","2024-08-01","1","ios"
"347","2024-03-03","1","web"
"347","2025-10-10","1","android"
"347","2025-10-11","1","web"
"348","2024-02-23","1","ios"
"349","2022-08-31","1","ios"
"349","2022-09-11","1","web"
"349","2023-04-09","1","ios"
"349","2023-11-05","1","ios"
"349","2023-11-07","1","web"
"349","2023-11-12","1","ios"
"350","2021-09-17","1","android"
"350","2021-09-19","1","android"
"350","2022-03-16","1","ios"
"350","2022-04-11","1","android"
"350","2023-07-17","1","ios"
"351","2022-09-29","1","android"
"351","2023-05-21","1","android"
"351","2024-06-13","1","web"
"351","2024-07-06","1","android"
"351","2024-07-08","1","android"
"352","2025-03-24","1","web"
"352","2025-12-18","1","ios"
"353","2026-02-10","1","ios"
"354","2022-10-13","1","ios"
"354","2023-10-26","1","ios"
"355","2025-08-22","1","ios"
"355","2025-09-07","1","ios"
"355","2025-09-14","1","android"
"355","2025-09-24","1","ios"
"356","2024-10-05","1","ios"
"356","2026-04-09","1","ios"
"356","2026-05-13","1","ios"
"357","2024-05-07","1","ios"
"357","2024-05-16","1","web"
"357","2024-05-17","1","web"
"357","2024-07-02","1","android"
"357","2024-07-21","1","ios"
"357","2024-07-26","1","web"
"358","2022-01-12","1","ios"
"358","2022-02-10","1","web"
"358","2022-03-05","1","ios"
"358","2022-04-03","1","android"
"359","2025-11-28","1","ios"
"360","2021-08-01","1","web"
"360","2021-08-15","1","ios"
"360","2021-08-25","1","ios"
"360","2023-06-24","1","ios"
"360","2023-08-13","1","android"
"360","2023-09-26","1","android"
"360","2023-10-10","1","web"
"361","2022-04-11","1","web"
"361","2022-05-20","1","web"
"361","2023-01-14","2","android"
"361","2023-01-20","1","ios"
"361","2023-02-23","1","android"
"361","2024-05-31","1","ios"
"361","2025-04-09","1","android"
"362","2022-05-18","1","android"
"362","2022-08-06","1","ios"
"363","2025-05-04","1","ios"
"364","2023-09-18","1","ios"
"364","2023-09-28","1","android"
"364","2023-10-12","1","ios"
"364","2023-10-14","1","ios"
"365","2022-04-27","1","android"
"365","2022-05-14","1","android"
"366","2023-12-30","1","web"
"366","2024-01-04","1","web"
"366","2024-01-09","1","ios"
"367","2021-11-27","1","android"
"367","2022-03-23","1","android"
"367","2022-03-24","1","ios"
"367","2022-03-25","1","android"
"367","2022-03-26","1","ios"
"368","2023-03-01","1","ios"
"369","2021-08-22","1","web"
"370","2020-09-12","1","android"
"370","2020-10-02","1","android"
"370","2020-11-13","1","web"
"370","2022-04-16","1","android"
"371","2020-02-09","1","ios"
"371","2020-03-06","1","ios"
"371","2021-11-24","1","android"
"371","2022-04-30","1","ios"
"371","2023-09-24","1","ios"
"371","2024-09-24","1","android"
"372","2023-06-30","1","ios"
"372","2023-07-10","1","ios"
"372","2023-08-21","1","ios"
"372","2023-09-24","1","ios"
"372","2023-10-15","1","ios"
"373","2024-06-22","1","ios"
"373","2024-11-20","1","web"
"373","2025-01-02","1","ios"
"373","2025-01-14","1","ios"
"374","2024-10-12","1","android"
"374","2024-10-24","1","android"
"374","2024-10-30","1","ios"
"374","2024-11-10","1","ios"
"375","2026-05-22","1","ios"
"375","2026-06-04","1","android"
"376","2025-12-11","1","ios"
"376","2025-12-13","1","ios"
"377","2025-07-18","1","android"
"378","2024-07-04","1","ios"
"378","2025-07-31","1","ios"
"378","2025-10-01","1","android"
"378","2025-10-18","1","android"
"379","2021-09-17","1","web"
"379","2021-09-19","1","android"
"380","2020-10-21","1","android"
"381","2022-05-26","1","ios"
"381","2022-06-09","1","ios"
"382","2026-05-11","1","android"
"382","2026-06-06","1","android"
"382","2026-06-10","2","android"
"382","2026-06-19","1","android"
"382","2026-06-25","1","ios"
"383","2022-12-15","1","android"
"383","2022-12-16","1","android"
"383","2023-01-21","1","android"
"383","2023-01-25","1","android"
"383","2023-02-02","1","android"
"383","2023-02-23","1","ios"
"383","2023-03-12","1","ios"
"383","2023-12-17","1","android"
"383","2023-12-21","1","web"
"384","2022-07-22","1","ios"
"384","2023-06-08","1","ios"
"384","2023-07-01","1","ios"
"385","2022-02-03","1","android"
"386","2025-06-14","1","android"
"387","2024-07-25","1","android"
"387","2024-11-14","1","ios"
"387","2024-11-30","2","ios"
"387","2025-07-04","1","ios"
"387","2026-05-18","1","web"
"388","2025-07-09","1","ios"
"388","2025-07-13","1","android"
"388","2025-07-23","1","ios"
"388","2025-07-30","1","ios"
"389","2022-10-31","1","web"
"389","2023-01-01","1","ios"
"389","2023-01-24","1","android"
"389","2023-03-02","1","ios"
"389","2023-03-30","1","ios"
"389","2023-10-10","1","ios"
"390","2023-08-28","1","web"
"390","2023-11-11","1","web"
"390","2023-12-22","1","ios"
"391","2026-06-16","1","ios"
"392","2023-02-20","1","web"
"392","2023-02-23","1","ios"
"393","2023-10-24","1","ios"
"393","2023-11-16","1","web"
"393","2023-11-20","1","android"
"393","2025-02-25","1","web"
"394","2022-05-21","1","ios"
"394","2022-05-23","1","ios"
"394","2022-06-17","1","android"
"394","2023-06-28","1","ios"
"394","2024-05-02","1","android"
"394","2024-05-14","1","ios"
"394","2024-05-16","1","android"
"395","2020-12-06","1","android"
"395","2020-12-10","1","ios"
"396","2022-10-29","1","ios"
"396","2023-01-03","1","ios"
"396","2023-02-18","1","ios"
"396","2023-03-06","1","ios"
"397","2019-06-12","1","ios"
"397","2020-04-04","1","web"
"397","2020-09-27","1","web"
"397","2021-07-18","1","android"
"397","2021-07-27","1","ios"
"397","2021-08-20","1","ios"
"397","2021-10-22","1","ios"
"397","2021-10-26","1","ios"
"397","2021-11-11","1","ios"
"397","2021-12-11","1","web"
"397","2021-12-19","1","android"
"398","2022-10-25","1","ios"
"399","2025-02-07","1","ios"
"399","2026-06-09","1","ios"
"400","2025-03-06","1","android"
"400","2025-03-28","1","web"
"400","2025-03-29","1","ios"
"400","2025-05-01","1","ios"
"400","2025-05-21","1","android"
"400","2025-06-08","1","android"
"400","2025-06-27","2","android"
"400","2025-08-08","1","web"
"400","2025-08-14","1","ios"
"400","2026-05-27","1","web"
"400","2026-06-05","1","web"
"400","2026-06-20","1","ios"
"400","2026-06-24","1","ios"
"400","2026-06-27","1","ios"
"401","2021-03-31","1","ios"
"401","2025-05-21","2","web"
"401","2025-06-07","1","android"
"402","2026-04-28","1","android"
"402","2026-04-29","1","ios"
"403","2022-01-28","1","ios"
"403","2023-01-09","2","android"
"403","2023-01-16","1","ios"
"403","2023-01-30","1","ios"
"403","2023-02-07","1","android"
"403","2023-02-11","1","ios"
"403","2023-02-13","1","ios"
"403","2023-06-30","1","web"
"403","2024-06-19","1","ios"
"404","2022-06-25","1","web"
"404","2022-07-15","1","ios"
"404","2022-07-31","1","ios"
"404","2023-02-07","1","android"
"404","2023-02-17","1","ios"
"404","2023-02-18","1","web"
"404","2023-02-27","1","ios"
"404","2024-01-16","1","ios"
"404","2024-02-29","2","android"
"404","2024-03-03","1","ios"
"404","2024-03-14","1","android"
"404","2024-03-25","1","web"
"405","2024-07-06","1","android"
"405","2024-07-13","1","android"
"405","2025-01-17","1","android"
"406","2026-01-25","1","web"
"407","2020-12-21","1","web"
"407","2020-12-29","1","ios"
"408","2024-10-26","1","ios"
"408","2026-01-21","1","android"
"408","2026-02-01","1","ios"
"409","2021-09-20","1","android"
"409","2021-10-26","1","android"
"409","2021-11-18","1","ios"
"409","2021-11-21","1","android"
"409","2021-12-11","1","ios"
"409","2023-02-11","1","android"
"409","2023-02-25","1","ios"
"409","2023-03-17","1","ios"
"409","2023-03-25","1","web"
"409","2023-04-25","1","android"
"409","2023-04-29","1","web"
"409","2023-05-18","1","web"
"409","2024-07-10","1","android"
"409","2025-05-29","1","ios"
"409","2025-07-30","1","ios"
"409","2026-05-17","1","ios"
"410","2024-02-13","1","ios"
"410","2024-02-29","2","web"
"410","2025-07-06","1","android"
"410","2025-07-18","2","android"
"410","2025-08-17","1","ios"
"411","2024-08-23","1","android"
"411","2024-09-17","1","web"
"411","2024-10-01","1","android"
"411","2024-10-05","1","ios"
"411","2024-10-26","1","android"
"411","2024-10-27","2","web"
"412","2023-12-06","1","web"
"412","2023-12-10","1","ios"
"412","2025-01-31","1","ios"
"412","2025-02-18","1","android"
"412","2025-03-08","1","android"
"413","2022-08-26","1","ios"
"413","2024-01-01","1","ios"
"413","2024-05-06","1","android"
"414","2024-02-09","1","ios"
"414","2024-02-10","1","ios"
"414","2024-03-09","1","android"
"415","2024-07-05","1","android"
"416","2023-03-01","1","ios"
"416","2023-03-10","1","ios"
"416","2023-04-26","1","android"
"416","2024-02-28","1","android"
"416","2025-03-14","1","ios"
"416","2025-05-01","1","ios"
"417","2023-12-12","1","ios"
"418","2023-09-05","1","ios"
"418","2023-09-16","1","ios"
"418","2023-10-14","1","ios"
"419","2019-09-14","1","ios"
"419","2019-10-05","1","android"
"419","2019-10-25","1","web"
"419","2019-11-22","1","android"
"419","2019-12-19","1","web"
"419","2020-01-03","1","android"
"420","2026-04-09","1","android"
"421","2021-03-10","1","ios"
"421","2021-04-12","1","android"
"421","2021-04-25","2","ios"
"422","2026-02-13","1","android"
"423","2020-12-27","1","web"
"423","2021-02-03","1","ios"
"423","2021-02-06","1","ios"
"423","2021-03-05","1","android"
"424","2022-03-13","1","android"
"424","2025-05-16","1","web"
"424","2025-05-27","1","ios"
"424","2025-06-08","1","ios"
"424","2025-06-12","1","ios"
"424","2025-06-21","1","android"
"425","2024-10-02","1","ios"
"425","2024-11-14","1","ios"
"425","2024-11-27","1","android"
"425","2024-12-06","1","web"
"425","2024-12-18","2","android"
"425","2025-01-30","1","ios"
"425","2025-02-14","1","android"
"425","2025-02-28","1","web"
"426","2023-01-27","1","ios"
"426","2024-09-02","1","ios"
"427","2021-12-04","1","android"
"427","2021-12-09","1","ios"
"427","2021-12-23","1","android"
"428","2025-02-27","1","ios"
"429","2024-01-14","1","web"
"429","2024-01-26","1","android"
"429","2024-02-11","1","android"
"429","2025-04-11","1","web"
"429","2025-07-06","1","android"
"429","2025-07-15","1","ios"
"430","2024-03-28","1","android"
"431","2025-02-20","1","ios"
"432","2022-08-12","1","ios"
"433","2024-03-04","1","android"
"433","2024-03-12","1","ios"
"433","2025-10-03","1","android"
"433","2025-10-16","1","web"
"433","2025-11-01","1","ios"
"433","2025-11-25","1","android"
"433","2025-11-30","1","web"
"433","2025-12-20","1","ios"
"434","2020-01-21","1","web"
"434","2020-02-11","1","ios"
"434","2020-02-16","1","android"
"434","2022-10-21","1","android"
"434","2024-06-05","1","ios"
"434","2024-06-14","2","web"
"434","2024-06-15","1","web"
"434","2024-06-29","1","ios"
"434","2024-07-06","1","android"
"434","2025-07-10","1","web"
"434","2025-07-21","1","web"
"434","2025-08-12","1","android"
"434","2025-09-02","1","ios"
"434","2025-09-25","1","android"
"434","2026-05-12","1","ios"
"435","2022-01-12","1","android"
"436","2019-09-20","1","android"
"436","2019-09-21","1","ios"
"436","2023-08-27","1","web"
"436","2024-08-05","1","web"
"436","2024-08-08","1","web"
"436","2025-12-31","1","ios"
"437","2024-11-25","1","web"
"438","2023-10-13","1","android"
"438","2023-10-31","1","ios"
"438","2024-06-02","1","android"
"438","2024-06-03","1","ios"
"438","2024-06-14","1","android"
"439","2021-04-22","1","ios"
"439","2022-05-12","1","ios"
"439","2023-10-03","1","web"
"439","2023-10-12","1","web"
"439","2023-10-28","1","web"
"439","2024-05-02","1","ios"
"439","2024-07-20","1","ios"
"439","2024-11-05","1","ios"
"439","2024-11-23","1","ios"
"440","2025-10-06","1","ios"
"440","2025-10-17","1","web"
"440","2025-10-20","1","ios"
"441","2023-08-15","1","android"
"442","2022-05-06","1","android"
"442","2022-06-08","1","ios"
"442","2022-07-01","1","ios"
"442","2022-09-16","1","android"
"442","2025-06-12","1","ios"
"442","2025-07-09","1","ios"
"442","2026-02-02","1","android"
"443","2024-09-06","1","ios"
"443","2025-08-03","1","android"
"443","2025-08-06","1","ios"
"443","2025-08-07","1","ios"
"444","2025-12-20","1","web"
"445","2022-07-14","1","ios"
"445","2022-07-23","1","ios"
"445","2022-11-30","1","android"
"445","2022-12-16","1","android"
"445","2023-08-25","1","web"
"446","2021-07-31","1","android"
"446","2022-04-22","1","android"
"446","2023-08-13","1","ios"
"446","2024-09-18","1","android"
"446","2026-01-27","1","android"
"447","2026-04-06","1","android"
"447","2026-05-08","1","ios"
"448","2021-06-27","1","ios"
"448","2021-07-16","1","ios"
"448","2022-07-22","1","ios"
"448","2022-07-23","1","web"
"448","2022-07-30","1","android"
"448","2023-06-04","1","android"
"448","2023-06-12","1","android"
"448","2024-06-17","1","web"
"448","2024-11-01","1","ios"
"449","2021-05-20","1","ios"
"449","2022-04-08","1","web"
"450","2023-02-03","1","android"
"450","2023-09-05","1","web"
"451","2023-07-15","1","ios"
"451","2023-08-03","1","android"
"451","2024-08-23","1","ios"
"452","2025-10-30","1","android"
"452","2025-11-08","1","android"
"453","2026-03-12","1","android"
"454","2021-07-30","1","web"
"455","2021-09-04","1","android"
"455","2022-02-27","1","android"
"455","2024-03-06","1","ios"
"455","2024-03-10","1","ios"
"456","2023-02-14","1","android"
"456","2023-02-18","1","android"
"456","2023-02-22","1","ios"
"456","2023-03-06","1","ios"
"456","2023-04-19","1","ios"
"456","2023-04-25","1","ios"
"456","2025-04-25","1","android"
"456","2025-09-27","1","ios"
"457","2025-10-19","1","web"
"457","2025-11-02","1","android"
"458","2025-08-25","1","ios"
"458","2025-09-18","1","ios"
"459","2023-03-10","1","ios"
"459","2023-03-15","1","web"
"459","2023-03-18","1","ios"
"459","2023-03-26","1","android"
"459","2023-04-05","1","web"
"459","2023-04-06","1","ios"
"459","2024-03-27","2","ios"
"459","2024-05-09","1","ios"
"460","2023-04-09","1","ios"
"461","2024-03-19","1","web"
"462","2024-08-06","1","web"
"462","2024-08-08","1","web"
"463","2024-01-16","1","android"
"463","2024-01-26","1","android"
"463","2024-02-07","1","web"
"463","2024-03-16","1","ios"
"463","2024-11-13","2","web"
"464","2024-07-07","1","web"
"464","2024-08-10","1","android"
"465","2024-03-07","1","web"
"465","2025-07-02","1","ios"
"465","2026-05-11","1","ios"
"466","2022-11-17","1","ios"
"466","2022-12-08","1","ios"
"466","2022-12-30","1","ios"
"467","2025-05-28","1","web"
"467","2025-05-29","1","ios"
"467","2025-06-01","1","android"
"467","2025-07-01","1","ios"
"467","2025-07-29","1","android"
"468","2024-11-09","1","web"
"469","2025-12-11","1","ios"
"469","2025-12-16","1","android"
"469","2025-12-20","1","android"
"469","2026-01-18","1","ios"
"469","2026-02-18","1","web"
"469","2026-02-19","1","ios"
"469","2026-03-02","1","web"
"469","2026-03-28","1","android"
"470","2019-11-12","1","android"
"471","2023-01-23","1","web"
"471","2024-03-27","1","ios"
"471","2024-04-07","2","android"
"471","2024-04-09","1","android"
"471","2024-05-10","1","web"
"471","2024-05-17","1","ios"
"472","2022-04-12","1","android"
"472","2022-06-03","1","ios"
"472","2022-06-12","1","android"
"472","2022-06-18","1","ios"
"472","2023-05-19","1","ios"
"473","2022-01-04","1","ios"
"473","2022-06-23","1","ios"
"473","2022-07-07","1","web"
"474","2020-08-10","1","ios"
"474","2020-08-11","1","android"
"474","2020-08-22","1","web"
"474","2021-01-20","1","ios"
"474","2022-06-11","1","ios"
"474","2022-11-25","1","ios"
"474","2024-02-20","1","ios"
"474","2025-01-14","1","android"
"475","2023-03-04","1","ios"
"475","2023-03-13","1","ios"
"475","2023-04-12","1","ios"
"475","2023-04-24","1","web"
"475","2023-04-28","1","android"
"475","2023-05-09","1","web"
"475","2023-12-20","1","ios"
"475","2024-01-24","1","android"
"475","2024-02-11","1","ios"
"475","2024-02-23","1","android"
"475","2024-03-16","1","android"
"475","2024-03-18","1","android"
"476","2024-09-05","1","ios"
"476","2024-09-13","1","web"
"476","2024-09-17","1","ios"
"476","2025-07-16","1","ios"
"476","2026-04-10","1","ios"
"477","2020-10-04","1","ios"
"478","2025-01-07","1","android"
"478","2025-01-10","1","web"
"478","2025-01-15","1","ios"
"478","2025-01-25","1","android"
"479","2023-08-28","1","android"
"479","2023-10-01","1","web"
"480","2024-12-08","1","ios"
"480","2024-12-16","1","ios"
"480","2024-12-27","1","ios"
"481","2023-07-08","1","ios"
"481","2023-07-10","1","web"
"481","2023-07-21","1","android"
"481","2023-07-29","1","android"
"481","2023-08-01","1","android"
"481","2023-08-05","1","ios"
"481","2023-08-14","1","android"
"481","2024-09-22","1","web"
"482","2024-12-13","1","android"
"482","2025-01-04","1","web"
"483","2023-09-28","1","ios"
"484","2023-07-07","1","ios"
"484","2023-07-12","1","ios"
"485","2025-04-25","1","ios"
"485","2025-05-01","1","ios"
"485","2025-06-02","2","ios"
"485","2026-06-06","1","ios"
"486","2023-02-09","1","android"
"487","2024-10-03","1","web"
"488","2026-06-07","1","ios"
"488","2026-06-14","1","android"
"488","2026-06-22","1","ios"
"488","2026-06-26","2","ios"
"489","2024-02-24","1","ios"
"489","2025-03-28","1","ios"
"490","2023-04-03","1","android"
"491","2022-10-27","1","android"
"492","2026-05-06","1","ios"
"492","2026-05-14","1","web"
"492","2026-05-22","1","ios"
"493","2025-03-01","1","android"
"493","2025-03-07","1","ios"
"494","2025-04-06","1","ios"
"494","2025-04-08","1","ios"
"494","2025-04-09","1","ios"
"494","2025-04-13","1","web"
"495","2023-12-04","1","android"
"495","2023-12-26","1","android"
"495","2024-03-02","1","android"
"495","2024-03-22","1","android"
"495","2025-05-23","1","ios"
"495","2026-03-08","1","ios"
"495","2026-03-13","1","web"
"495","2026-05-03","1","web"
"496","2022-02-08","1","ios"
"496","2022-02-10","1","web"
"497","2024-12-24","1","web"
"497","2025-01-02","1","ios"
"498","2023-09-18","1","android"
"498","2023-09-29","1","web"
"498","2023-10-24","1","android"
"499","2023-12-03","1","ios"
"499","2024-01-10","1","ios"
"499","2024-01-20","1","ios"
"499","2024-04-26","1","android"
"499","2024-04-27","1","ios"
"499","2024-05-01","1","android"
"499","2024-05-03","1","ios"
"500","2021-11-27","1","web"
"500","2021-12-05","1","ios"
"500","2022-01-13","1","android"
"500","2022-01-16","1","ios"
"500","2022-01-23","1","android"
"500","2022-01-24","1","android"
"500","2025-09-01","1","ios"
"500","2026-03-20","1","ios"
"501","2022-05-09","1","android"
"501","2022-05-16","1","android"
"501","2023-09-08","1","ios"
"501","2024-08-16","1","android"
"502","2024-03-31","1","web"
"502","2024-11-03","1","ios"
"503","2023-04-27","1","ios"
"504","2025-01-06","1","web"
"504","2025-01-26","1","ios"
"504","2025-02-15","1","android"
"504","2026-05-10","1","ios"
"504","2026-06-26","1","web"
"505","2022-09-26","1","web"
"506","2025-04-30","1","android"
"506","2026-04-30","1","android"
"506","2026-05-14","1","ios"
"507","2020-05-21","1","ios"
"507","2020-05-22","1","ios"
"507","2020-05-30","1","ios"
"507","2020-06-07","1","ios"
"507","2020-06-26","1","ios"
"508","2023-05-04","1","web"
"508","2023-05-05","1","ios"
"508","2023-08-19","1","ios"
"509","2024-03-28","1","ios"
"509","2024-04-23","1","ios"
"509","2026-01-02","1","ios"
"510","2020-07-02","1","android"
"511","2026-01-27","1","ios"
"512","2023-12-31","1","web"
"512","2024-01-10","1","android"
"512","2025-09-29","1","ios"
"513","2022-12-31","1","ios"
"514","2021-08-09","1","ios"
"514","2022-01-01","1","android"
"514","2022-01-18","1","android"
"514","2022-01-31","1","web"
"514","2024-11-18","1","ios"
"514","2024-12-08","1","android"
"514","2025-01-05","1","ios"
"514","2025-01-06","1","ios"
"514","2025-11-04","1","android"
"514","2026-06-28","1","ios"
"515","2025-12-20","1","android"
"515","2025-12-21","1","ios"
"515","2026-01-02","1","ios"
"515","2026-01-06","1","ios"
"516","2025-01-29","1","ios"
"516","2025-01-30","1","android"
"516","2025-03-03","1","ios"
"517","2025-05-26","1","ios"
"517","2025-09-01","1","ios"
"517","2025-09-11","1","ios"
"517","2025-11-11","1","ios"
"518","2022-04-30","1","ios"
"518","2022-05-19","1","web"
"518","2024-06-15","1","ios"
"519","2020-07-12","1","android"
"519","2020-08-12","1","ios"
"519","2020-09-03","1","android"
"519","2021-02-20","1","ios"
"519","2021-03-15","1","ios"
"519","2021-07-09","1","android"
"520","2025-04-24","1","ios"
"520","2025-06-25","1","android"
"521","2025-07-27","1","android"
"521","2025-08-05","1","ios"
"521","2025-08-09","1","ios"
"521","2025-08-25","1","ios"
"521","2025-08-26","1","web"
"521","2025-09-23","1","android"
"521","2025-10-05","1","ios"
"522","2022-09-20","1","web"
"522","2024-06-04","1","web"
"522","2024-06-15","1","web"
"523","2019-05-15","1","ios"
"523","2019-05-19","1","ios"
"523","2021-04-01","1","web"
"524","2022-12-27","1","ios"
"524","2023-01-06","1","ios"
"525","2021-07-10","1","ios"
"525","2021-07-11","1","android"
"525","2022-01-01","1","web"
"525","2022-01-23","1","ios"
"525","2022-02-03","1","web"
"525","2022-02-04","1","ios"
"525","2022-02-05","1","android"
"525","2022-02-16","1","ios"
"526","2020-06-18","1","android"
"526","2020-07-07","1","ios"
"526","2020-07-08","1","ios"
"527","2023-05-31","1","ios"
"527","2023-06-20","1","web"
"528","2021-07-23","1","web"
"528","2021-08-20","1","android"
"528","2021-09-17","1","ios"
"529","2025-11-17","1","ios"
"529","2025-11-19","1","ios"
"530","2020-08-12","1","android"
"530","2023-06-28","1","ios"
"530","2023-07-10","2","ios"
"531","2022-08-16","1","ios"
"531","2022-08-22","1","web"
"531","2022-09-02","1","ios"
"531","2022-09-23","1","web"
"531","2022-12-01","1","ios"
"531","2023-11-12","1","ios"
"531","2024-07-27","1","ios"
"531","2024-08-02","1","ios"
"531","2024-08-09","1","ios"
"532","2020-03-15","1","ios"
"532","2020-03-23","2","ios"
"532","2020-04-01","1","web"
"532","2020-04-02","1","web"
"532","2020-04-28","1","ios"
"532","2020-05-09","1","ios"
"532","2020-05-20","1","ios"
"532","2020-05-23","1","web"
"532","2020-06-06","1","android"
"532","2020-06-12","1","android"
"533","2023-09-09","1","android"
"533","2023-09-20","1","android"
"533","2023-12-21","1","ios"
"533","2023-12-30","2","web"
"533","2024-01-02","2","android"
"534","2023-03-26","1","ios"
"534","2023-04-11","1","android"
"534","2024-02-14","1","ios"
"534","2024-10-26","1","web"
"535","2021-12-31","1","ios"
"535","2022-02-06","1","ios"
"535","2023-08-09","1","ios"
"535","2023-09-13","1","android"
"535","2023-09-22","1","android"
"535","2023-10-07","1","web"
"536","2021-04-15","1","android"
"537","2022-07-12","1","web"
"537","2022-07-16","1","ios"
"537","2022-07-17","1","web"
"538","2023-04-18","1","ios"
"538","2023-10-16","1","ios"
"539","2022-12-27","1","ios"
"539","2024-04-25","1","web"
"540","2021-01-13","1","ios"
"540","2021-03-03","1","ios"
"540","2021-07-19","1","ios"
"540","2022-03-05","1","ios"
"541","2020-01-30","1","ios"
"541","2020-02-05","1","ios"
"542","2025-04-22","1","android"
"542","2025-05-07","1","web"
"542","2025-08-30","1","android"
"542","2025-09-01","1","web"
"542","2025-09-03","1","ios"
"542","2025-09-05","1","ios"
"543","2019-08-18","1","android"
"543","2019-08-28","1","ios"
"543","2020-09-10","1","android"
"544","2024-08-06","1","ios"
"545","2020-11-23","1","ios"
"545","2020-11-27","1","ios"
"545","2020-12-03","1","ios"
"546","2022-03-20","1","ios"
"546","2022-03-21","1","android"
"546","2023-02-18","1","ios"
"546","2025-12-26","2","ios"
"546","2025-12-30","1","ios"
"546","2026-01-02","1","ios"
"547","2023-01-19","1","web"
"547","2023-01-20","1","ios"
"547","2023-08-29","1","web"
"547","2023-10-16","2","android"
"547","2023-10-28","1","android"
"547","2023-11-18","2","ios"
"547","2024-10-29","1","ios"
"548","2023-10-22","1","android"
"548","2023-12-19","1","ios"
"549","2022-12-08","1","android"
"549","2026-02-20","1","ios"
"549","2026-02-25","1","android"
"549","2026-04-02","1","android"
"549","2026-04-26","1","ios"
"549","2026-05-02","2","ios"
"550","2025-04-15","1","web"
"551","2025-05-13","1","android"
"551","2025-05-24","1","ios"
"551","2025-05-28","1","android"
"551","2026-05-18","1","ios"
"551","2026-05-29","1","android"
"551","2026-06-05","1","ios"
"551","2026-06-08","1","android"
"552","2026-02-03","1","ios"
"552","2026-02-18","1","ios"
"552","2026-03-27","1","ios"
"552","2026-05-08","1","android"
"552","2026-05-14","1","android"
"552","2026-05-15","1","web"
"553","2021-10-02","1","ios"
"553","2021-10-16","1","android"
"554","2025-10-26","1","ios"
"554","2025-11-21","1","ios"
"554","2025-11-26","1","ios"
"554","2025-12-04","1","web"
"555","2025-01-13","1","ios"
"555","2025-06-22","1","ios"
"556","2022-07-05","1","ios"
"556","2023-07-14","1","web"
"556","2023-07-19","1","android"
"556","2023-07-22","2","ios"
"556","2023-08-26","2","ios"
"556","2023-09-29","1","ios"
"556","2024-07-18","1","web"
"556","2025-06-25","1","ios"
"556","2025-07-21","2","ios"
"556","2025-07-27","2","android"
"556","2025-07-30","1","ios"
"557","2022-06-30","1","ios"
"557","2022-07-01","1","web"
"557","2026-05-19","1","web"
"558","2025-07-23","1","ios"
"558","2025-07-25","1","android"
"559","2024-12-04","1","ios"
"559","2024-12-13","1","ios"
"559","2025-04-17","1","web"
"559","2026-03-28","1","ios"
"559","2026-05-11","2","android"
"560","2022-10-16","1","android"
"560","2024-12-26","1","web"
"560","2025-04-18","1","web"
"560","2025-05-04","1","web"
"560","2025-05-13","1","ios"
"561","2023-04-01","1","web"
"561","2024-02-25","1","android"
"561","2025-03-30","1","android"
"561","2025-08-30","1","ios"
"562","2020-08-27","1","ios"
"562","2020-08-29","1","android"
"562","2021-09-07","1","ios"
"562","2021-09-09","1","ios"
"562","2021-10-05","1","android"
"562","2021-10-10","1","android"
"562","2021-10-11","1","ios"
"562","2021-10-16","1","ios"
"562","2021-12-28","1","android"
"562","2022-01-01","1","android"
"562","2022-02-01","1","android"
"562","2022-02-03","1","ios"
"562","2022-03-04","1","ios"
"562","2022-03-11","1","ios"
"562","2022-03-20","1","android"
"562","2022-04-15","1","ios"
"562","2023-04-08","1","ios"
"563","2023-02-07","1","ios"
"564","2023-12-02","1","ios"
"564","2023-12-03","1","ios"
"564","2024-01-07","1","ios"
"564","2024-01-19","1","web"
"564","2024-08-17","1","android"
"564","2025-10-10","1","web"
"564","2025-11-11","2","web"
"564","2025-11-27","1","ios"
"564","2025-12-07","1","ios"
"564","2025-12-31","1","ios"
"564","2026-01-02","1","ios"
"564","2026-01-28","1","ios"
"564","2026-03-16","1","android"
"564","2026-04-23","1","ios"
"565","2023-01-06","1","web"
"565","2023-01-11","1","web"
"565","2023-01-12","1","android"
"565","2023-01-21","1","ios"
"565","2023-02-10","2","android"
"565","2023-02-24","1","ios"
"565","2025-10-25","1","android"
"566","2025-10-13","1","ios"
"566","2025-10-18","1","ios"
"566","2025-11-14","1","android"
"566","2025-12-01","1","ios"
"566","2025-12-03","1","ios"
"566","2025-12-13","1","ios"
"567","2026-05-05","1","ios"
"567","2026-05-29","1","ios"
"567","2026-06-09","1","ios"
"568","2019-12-24","1","ios"
"568","2021-09-20","1","android"
"569","2023-11-21","1","android"
"570","2021-05-15","1","web"
"570","2021-05-29","1","web"
"570","2023-01-25","1","ios"
"570","2023-02-07","1","android"
"570","2023-07-07","1","ios"
"571","2024-12-15","1","android"
"572","2025-03-03","1","ios"
"572","2026-04-23","1","ios"
"572","2026-05-23","1","ios"
"572","2026-05-24","1","web"
"572","2026-06-07","1","android"
"573","2019-10-28","1","web"
"573","2019-11-04","1","web"
"573","2019-11-07","1","android"
"573","2019-11-08","1","ios"
"573","2019-11-16","1","ios"
"573","2021-05-11","1","web"
"573","2021-05-14","1","web"
"574","2022-06-02","1","android"
"574","2023-05-26","1","ios"
"575","2022-03-19","1","android"
"575","2022-03-26","1","ios"
"576","2024-10-25","1","ios"
"576","2024-11-21","1","android"
"576","2025-03-25","1","ios"
"577","2023-06-25","1","ios"
"577","2025-01-25","1","android"
"578","2022-02-11","1","android"
"578","2022-02-16","1","web"
"578","2022-02-18","1","ios"
"578","2022-02-19","1","ios"
"579","2026-01-15","1","android"
"579","2026-02-18","1","android"
"579","2026-02-25","1","ios"
"579","2026-04-12","1","ios"
"580","2025-11-26","1","web"
"581","2024-02-25","1","ios"
"581","2024-03-08","1","ios"
"581","2024-06-09","1","android"
"581","2024-06-10","1","ios"
"581","2024-06-27","1","ios"
"581","2025-01-31","1","android"
"581","2025-02-01","1","ios"
"581","2026-01-25","1","ios"
"581","2026-01-27","1","ios"
"581","2026-02-15","1","ios"
"581","2026-03-10","1","web"
"581","2026-03-15","1","web"
"581","2026-04-04","1","android"
"582","2024-09-27","1","android"
"582","2024-10-13","1","web"
"582","2024-10-14","1","web"
"583","2026-03-03","1","ios"
"584","2025-06-10","1","web"
"585","2025-08-04","1","ios"
"586","2021-11-14","1","web"
"586","2021-12-17","1","ios"
"587","2020-04-11","1","ios"
"587","2020-05-29","1","web"
"587","2021-08-30","1","web"
"588","2024-01-31","1","android"
"589","2026-03-11","1","android"
"589","2026-03-16","1","web"
"589","2026-03-20","1","ios"
"590","2020-03-18","1","android"
"590","2021-04-28","1","android"
"590","2021-10-14","1","android"
"590","2023-01-11","1","ios"
"591","2024-12-20","1","ios"
"591","2025-08-19","2","ios"
"592","2025-03-28","1","android"
"592","2025-05-08","2","ios"
"592","2025-05-14","1","ios"
"592","2025-08-16","1","ios"
"592","2025-08-22","1","ios"
"592","2025-09-16","1","ios"
"592","2025-10-03","1","ios"
"592","2025-10-13","1","web"
"592","2025-11-15","1","android"
"592","2025-12-04","2","ios"
"592","2025-12-12","1","ios"
"593","2026-03-26","1","android"
"594","2023-10-14","1","ios"
"594","2023-11-12","1","ios"
"594","2023-12-16","1","android"
"594","2023-12-30","1","web"
"594","2024-01-12","1","ios"
"594","2024-02-03","1","ios"
"594","2025-04-19","2","android"
"594","2025-04-25","1","ios"
"594","2025-04-27","1","ios"
"594","2025-06-09","1","ios"
"594","2025-06-13","1","ios"
"594","2025-06-14","1","ios"
"594","2025-06-27","1","ios"
"594","2025-10-07","1","android"
"594","2025-10-24","1","ios"
"594","2025-11-08","1","ios"
"595","2025-12-21","1","android"
"595","2025-12-26","1","ios"
"596","2020-05-09","1","ios"
"597","2020-08-25","1","android"
"597","2020-08-31","1","ios"
"597","2022-02-15","1","ios"
"598","2023-05-19","1","ios"
"598","2023-08-06","1","android"
"598","2024-03-13","1","ios"
"598","2024-03-16","1","web"
"598","2025-02-16","1","android"
"598","2026-03-16","1","android"
"599","2024-07-31","1","ios"
"599","2025-08-06","1","android"
"599","2025-09-24","1","android"
"599","2025-10-21","1","ios"
"600","2025-08-30","1","android"
"600","2025-09-13","1","android"
"600","2025-10-10","1","android"
"600","2025-10-20","2","android"
"601","2024-09-13","1","ios"
"601","2024-09-25","1","ios"
"601","2024-09-29","1","android"
"602","2020-05-31","1","android"
"603","2023-10-16","1","ios"
"603","2024-04-24","1","ios"
"603","2024-12-22","1","android"
"603","2024-12-23","1","ios"
"604","2022-10-18","1","ios"
"604","2022-11-17","1","android"
"604","2024-02-19","1","ios"
"604","2024-08-13","1","ios"
"604","2025-02-08","1","android"
"604","2025-11-27","1","android"
"605","2025-06-12","1","web"
"605","2025-06-25","1","android"
"605","2025-11-26","1","ios"
"606","2024-07-08","1","ios"
"606","2024-07-14","1","android"
"607","2021-11-16","1","android"
"608","2026-02-08","1","web"
"608","2026-02-20","1","ios"
"608","2026-03-15","1","ios"
"608","2026-03-16","1","ios"
"609","2024-02-26","1","android"
"609","2024-03-01","1","ios"
"609","2024-03-07","2","ios"
"610","2026-06-24","1","android"
"611","2020-04-26","1","ios"
"611","2021-11-13","1","ios"
"611","2022-01-09","1","android"
"612","2021-01-09","1","ios"
"612","2021-01-14","1","ios"
"612","2021-02-06","1","android"
"612","2021-10-13","1","android"
"612","2022-03-10","1","ios"
"612","2022-03-11","1","android"
"612","2022-03-13","1","android"
"612","2022-08-17","1","ios"
"613","2023-02-01","1","web"
"614","2022-04-23","1","ios"
"614","2022-05-10","1","ios"
"615","2025-05-13","1","ios"
"615","2025-05-17","1","android"
"615","2025-06-16","1","ios"
"616","2021-08-26","1","android"
"616","2022-03-09","1","ios"
"616","2023-06-01","1","ios"
"617","2021-08-05","1","android"
"617","2021-10-05","1","web"
"617","2021-10-15","1","ios"
"617","2022-09-13","1","ios"
"618","2026-06-21","1","android"
"619","2024-11-03","1","ios"
"619","2025-10-04","1","web"
"619","2025-11-08","1","android"
"619","2025-11-19","1","ios"
"619","2025-12-14","1","android"
"619","2025-12-20","1","android"
"620","2024-05-23","1","ios"
"620","2024-05-29","1","ios"
"620","2024-08-22","1","web"
"621","2022-05-19","1","ios"
"621","2022-06-11","1","android"
"621","2022-06-24","1","ios"
"621","2022-09-08","1","ios"
"621","2025-04-09","1","web"
"622","2022-12-04","1","android"
"623","2025-11-12","1","ios"
"623","2025-11-16","1","android"
"624","2021-02-12","1","ios"
"624","2021-02-17","1","android"
"624","2021-02-25","1","android"
"624","2021-03-21","1","ios"
"624","2021-03-24","1","web"
"624","2021-06-28","1","ios"
"624","2022-11-12","1","ios"
"624","2022-12-11","1","ios"
"625","2025-12-14","1","ios"
"626","2026-06-06","1","web"
"627","2025-11-04","1","ios"
"627","2025-12-07","1","android"
"627","2025-12-17","1","ios"
"628","2020-07-09","1","android"
"628","2020-08-21","1","android"
"629","2023-12-28","1","android"
"629","2024-01-08","1","web"
"629","2025-02-23","1","android"
"629","2025-02-24","1","android"
"629","2025-03-21","1","ios"
"629","2025-03-31","1","android"
"629","2025-04-26","1","android"
"629","2025-05-20","1","ios"
"629","2025-05-27","1","ios"
"629","2025-05-30","2","android"
"630","2022-01-22","1","web"
"630","2022-09-01","1","web"
"630","2023-08-01","1","web"
"630","2024-11-18","1","ios"
"631","2024-07-25","1","web"
"631","2024-08-14","1","android"
"631","2024-08-18","1","android"
"631","2025-08-17","1","ios"
"632","2021-08-17","1","web"
"632","2021-09-02","1","ios"
"633","2021-09-06","1","web"
"633","2021-10-06","1","android"
"633","2022-05-11","1","android"
"633","2022-08-11","1","ios"
"633","2025-08-21","1","ios"
"633","2025-08-22","1","android"
"633","2025-09-11","2","ios"
"634","2022-01-08","1","ios"
"634","2023-08-26","1","android"
"634","2023-09-03","1","android"
"634","2025-07-28","1","ios"
"634","2025-08-15","2","ios"
"634","2025-11-21","1","android"
"635","2021-07-14","1","web"
"635","2022-03-18","1","android"
"635","2022-03-30","1","android"
"635","2022-03-31","1","ios"
"635","2022-04-16","1","web"
"635","2022-05-26","1","web"
"635","2022-10-10","1","ios"
"635","2022-10-14","1","web"
"635","2022-10-15","1","ios"
"635","2022-10-27","1","ios"
"635","2022-11-12","1","web"
"635","2022-12-10","1","android"
"635","2023-01-25","1","ios"
"635","2023-06-30","1","android"
"635","2024-09-05","1","ios"
"635","2025-03-05","1","web"
"636","2021-05-30","1","web"
"636","2021-06-07","1","web"
"636","2021-06-13","1","ios"
"636","2021-06-20","1","ios"
"637","2020-06-06","1","ios"
"637","2020-09-23","1","android"
"637","2020-10-06","1","android"
"637","2020-10-07","1","ios"
"637","2020-10-25","1","ios"
"637","2023-01-08","1","ios"
"637","2023-01-25","1","ios"
"637","2023-02-17","1","ios"
"638","2019-05-22","1","ios"
"639","2021-08-28","1","android"
"639","2021-09-05","1","ios"
"639","2021-09-08","1","ios"
"639","2021-11-22","1","android"
"639","2022-07-05","1","android"
"639","2022-07-25","1","android"
"639","2022-08-09","1","ios"
"639","2022-08-25","1","web"
"639","2022-08-26","1","android"
"639","2022-09-02","1","android"
"639","2022-09-20","1","android"
"639","2022-10-01","1","android"
"639","2022-10-17","1","web"
"639","2023-07-18","1","android"
"640","2024-12-28","1","ios"
"640","2024-12-30","1","ios"
"640","2026-02-02","1","ios"
"640","2026-03-24","1","web"
"641","2023-09-28","1","android"
"641","2023-10-07","1","ios"
"641","2023-12-09","1","android"
"641","2025-01-13","1","web"
"641","2025-01-29","2","ios"
"641","2025-02-06","1","android"
"641","2026-01-29","1","ios"
"641","2026-02-01","1","android"
"642","2024-08-11","1","ios"
"642","2024-08-29","1","ios"
"643","2019-07-30","1","android"
"643","2020-01-21","1","web"
"643","2020-12-12","1","ios"
"644","2026-01-17","1","ios"
"645","2023-07-31","1","web"
"645","2023-08-06","1","android"
"646","2024-01-21","1","ios"
"646","2024-01-23","1","android"
"646","2024-03-11","1","android"
"646","2024-03-25","1","ios"
"646","2025-07-10","1","ios"
"647","2022-06-09","1","ios"
"647","2022-07-06","1","android"
"647","2023-07-31","1","web"
"647","2023-08-02","1","android"
"647","2023-08-19","1","android"
"647","2023-08-23","1","web"
"647","2025-05-07","1","ios"
"648","2021-06-19","1","ios"
"648","2021-06-20","1","web"
"648","2021-12-20","1","web"
"649","2024-02-09","1","web"
"649","2024-02-18","1","web"
"649","2026-02-11","1","ios"
"649","2026-02-12","1","web"
"649","2026-02-26","1","web"
"650","2022-09-20","1","android"
"651","2025-09-21","1","android"
"652","2026-03-06","1","web"
"653","2022-04-15","1","ios"
"653","2023-02-02","1","ios"
"653","2023-02-19","1","ios"
"653","2023-03-03","1","android"
"653","2024-02-16","1","web"
"654","2024-07-24","1","ios"
"654","2025-08-16","1","ios"
"654","2025-08-23","1","android"
"655","2024-08-16","1","ios"
"655","2024-11-06","1","web"
"655","2024-12-02","1","web"
"656","2021-12-06","1","ios"
"656","2022-10-12","1","ios"
"656","2022-11-02","1","web"
"656","2022-11-05","1","ios"
"656","2023-03-21","2","ios"
"656","2023-07-24","1","ios"
"657","2020-11-03","1","web"
"657","2020-11-07","1","android"
"658","2022-02-10","1","android"
"659","2023-03-07","1","web"
"659","2023-04-09","1","ios"
"659","2024-01-28","1","ios"
"659","2024-01-30","1","ios"
"659","2024-06-26","1","web"
"659","2025-05-11","1","ios"
"659","2025-05-15","1","ios"
"660","2022-10-16","1","android"
"660","2022-10-26","1","web"
"660","2022-10-30","2","web"
"660","2024-05-28","1","android"
"660","2024-07-04","1","ios"
"660","2024-07-14","1","android"
"660","2024-08-02","1","ios"
"660","2024-08-06","1","android"
"660","2025-11-14","2","ios"
"660","2025-11-15","1","android"
"660","2025-11-24","1","android"
"661","2019-09-29","1","android"
"661","2019-10-14","1","ios"
"661","2019-10-30","1","ios"
"661","2019-12-13","1","web"
"662","2026-03-08","1","ios"
"662","2026-03-15","1","ios"
"663","2022-10-16","1","ios"
"663","2022-11-10","1","android"
"663","2022-11-14","1","ios"
"663","2022-12-01","1","ios"
"664","2024-06-03","1","web"
"664","2024-06-09","1","android"
"664","2024-06-13","1","web"
"665","2024-03-31","1","ios"
"665","2024-04-01","1","ios"
"665","2025-07-18","1","web"
"665","2025-08-10","1","android"
"665","2025-08-11","1","web"
"665","2025-09-20","1","android"
"666","2023-07-11","1","android"
"666","2023-12-24","1","web"
"667","2025-06-21","1","android"
"667","2025-07-10","1","ios"
"667","2025-10-03","1","web"
"667","2025-10-05","1","web"
"668","2024-04-12","1","android"
"668","2024-04-19","1","ios"
"668","2024-04-22","1","web"
"669","2023-03-16","1","web"
"670","2025-10-22","1","ios"
"670","2025-11-18","1","ios"
"670","2025-11-29","1","ios"
"671","2022-04-15","1","ios"
"672","2024-02-19","1","android"
"672","2024-03-03","1","ios"
"673","2020-03-14","1","ios"
"673","2020-03-19","1","web"
"673","2021-05-14","1","android"
"673","2022-05-24","1","ios"
"674","2022-04-24","1","ios"
"674","2022-04-29","1","ios"
"674","2022-06-02","1","ios"
"674","2022-06-03","1","ios"
"675","2025-01-03","1","android"
"676","2026-01-31","1","ios"
"676","2026-04-04","1","web"
"677","2023-02-10","1","web"
"677","2023-03-11","1","ios"
"677","2023-03-23","1","ios"
"677","2023-04-13","1","ios"
"677","2023-05-18","1","ios"
"677","2023-05-19","1","web"
"677","2023-05-20","1","ios"
"678","2026-06-24","1","android"
"679","2023-05-19","1","android"
"679","2023-05-26","1","ios"
"679","2024-01-19","1","android"
"679","2025-04-17","1","ios"
"680","2023-05-26","1","android"
"680","2024-07-17","1","android"
"680","2024-07-20","1","ios"
"680","2026-02-07","1","web"
"681","2025-03-05","1","ios"
"682","2023-02-10","1","web"
"682","2024-03-28","1","ios"
"683","2023-01-08","1","android"
"683","2023-10-08","1","android"
"683","2023-12-06","1","ios"
"683","2023-12-29","1","web"
"683","2024-09-23","1","ios"
"683","2024-10-08","1","android"
"684","2022-01-29","1","ios"
"684","2023-03-22","2","ios"
"684","2023-04-22","2","ios"
"684","2023-05-27","1","web"
"684","2024-03-19","1","android"
"685","2020-08-05","1","ios"
"685","2020-08-08","1","android"
"685","2020-08-11","1","android"
"685","2020-08-15","1","web"
"685","2020-09-01","2","android"
"685","2020-09-02","1","ios"
"685","2020-10-17","1","ios"
"685","2024-02-15","2","ios"
"686","2023-11-01","1","android"
"686","2023-11-18","1","android"
"686","2023-11-25","1","web"
"686","2025-01-31","2","ios"
"686","2025-02-01","1","android"
"686","2025-02-07","1","android"
"686","2026-02-20","1","ios"
"686","2026-03-02","1","ios"
"686","2026-03-27","1","ios"
"687","2024-04-04","1","ios"
"687","2024-04-06","1","ios"
"687","2024-10-11","1","ios"
"688","2025-08-30","1","web"
"688","2025-09-05","1","ios"
"689","2019-08-08","1","ios"
"689","2019-08-12","1","android"
"689","2019-08-28","1","android"
"689","2020-08-15","1","android"
"689","2021-05-20","1","ios"
"689","2022-03-06","1","ios"
"689","2023-03-03","1","web"
"690","2019-05-12","1","web"
"690","2019-06-27","1","ios"
"690","2019-06-28","1","ios"
"691","2022-09-28","1","ios"
"691","2024-01-16","1","ios"
"691","2024-10-27","1","android"
"691","2026-03-07","1","ios"
"692","2026-01-31","1","android"
"693","2024-11-11","1","ios"
"693","2024-12-27","1","ios"
"693","2025-01-29","1","ios"
"693","2025-03-11","1","android"
"693","2025-08-30","1","ios"
"693","2025-08-31","1","web"
"693","2025-09-16","1","web"
"693","2025-09-20","1","android"
"694","2022-01-03","1","ios"
"694","2022-05-04","1","android"
"694","2022-05-23","1","android"
"694","2023-02-04","1","ios"
"694","2023-02-08","2","ios"
"694","2023-12-05","1","android"
"695","2025-04-19","1","ios"
"695","2025-10-16","1","ios"
"696","2024-05-01","1","android"
"696","2024-05-25","1","web"
"697","2025-12-14","1","ios"
"698","2021-11-04","1","android"
"699","2025-08-06","1","web"
"699","2025-08-08","1","ios"
"699","2025-08-19","1","ios"
"699","2025-09-01","1","ios"
"699","2025-09-05","1","android"
"699","2025-09-14","1","ios"
"699","2025-10-05","1","android"
"699","2025-12-23","1","ios"
"699","2026-01-07","1","ios"
"699","2026-02-02","2","android"
"699","2026-02-11","1","android"
"699","2026-02-21","1","ios"
"700","2021-06-24","1","ios"
"700","2021-07-02","1","ios"
"700","2021-10-07","1","ios"
"700","2021-12-09","1","web"
"700","2021-12-15","1","ios"
"700","2023-08-26","1","android"
"700","2023-09-07","2","ios"
"701","2024-12-21","1","ios"
"701","2025-05-03","1","ios"
"702","2020-05-26","1","ios"
"702","2020-06-02","1","web"
"703","2025-12-22","1","ios"
"703","2026-01-01","1","ios"
"703","2026-02-01","1","ios"
"703","2026-02-05","1","ios"
"703","2026-02-07","1","web"
"703","2026-04-25","1","android"
"704","2020-10-17","1","ios"
"704","2020-11-03","1","ios"
"704","2020-11-11","1","android"
"704","2020-11-19","1","web"
"704","2020-11-25","1","android"
"704","2020-12-15","1","ios"
"705","2022-08-16","1","android"
"705","2022-09-06","1","ios"
"705","2022-09-24","1","ios"
"705","2022-10-02","2","ios"
"705","2023-08-30","2","web"
"706","2024-05-20","1","android"
"706","2024-05-30","1","android"
"706","2024-06-15","1","ios"
"706","2025-01-25","1","ios"
"706","2025-02-08","1","android"
"706","2025-02-12","1","ios"
"706","2025-02-22","1","android"
"707","2021-06-10","1","web"
"707","2021-06-26","1","ios"
"707","2022-05-20","1","ios"
"707","2023-03-24","1","android"
"707","2024-05-10","1","ios"
"708","2025-09-20","1","android"
"709","2025-01-11","1","web"
"709","2026-06-17","1","ios"
"710","2020-06-02","1","android"
"710","2021-10-02","1","android"
"710","2022-09-08","1","ios"
"711","2026-05-15","1","web"
"711","2026-06-24","1","android"
"712","2025-02-04","1","android"
"712","2025-03-01","1","android"
"712","2025-05-31","1","android"
"712","2025-06-11","1","ios"
"712","2025-10-31","1","web"
"713","2023-07-05","1","android"
"713","2023-07-10","1","ios"
"713","2023-07-14","1","ios"
"713","2024-09-26","1","ios"
"713","2025-12-31","1","android"
"714","2022-06-02","1","android"
"714","2023-05-29","1","web"
"715","2020-01-09","1","android"
"715","2020-02-10","1","android"
"715","2020-03-04","1","web"
"715","2021-04-25","1","ios"
"715","2022-01-15","2","ios"
"715","2022-11-14","1","web"
"715","2022-11-16","1","web"
"715","2024-06-05","1","ios"
"715","2024-07-17","1","ios"
"715","2024-07-22","1","ios"
"716","2023-12-02","1","ios"
"716","2024-01-05","1","ios"
"717","2026-03-17","1","ios"
"718","2024-10-29","1","android"
"718","2024-11-09","1","android"
"718","2024-11-25","1","android"
"718","2025-03-11","1","ios"
"718","2025-03-15","1","android"
"719","2026-02-27","1","ios"
"719","2026-04-15","1","android"
"719","2026-04-30","1","android"
"720","2025-04-18","1","android"
"720","2025-04-29","1","ios"
"720","2025-06-25","1","ios"
"720","2025-06-27","1","ios"
"720","2025-07-05","1","android"
"720","2025-08-03","1","ios"
"720","2025-08-06","1","ios"
"720","2025-10-04","1","ios"
"720","2025-10-15","1","ios"
"720","2025-11-05","1","ios"
"721","2025-04-26","1","web"
"722","2024-11-14","1","android"
"723","2021-07-06","1","android"
"723","2021-09-10","1","ios"
"723","2021-09-11","1","ios"
"724","2024-08-01","1","android"
"724","2024-08-10","1","ios"
"724","2024-08-13","1","android"
"724","2024-08-14","1","ios"
"724","2025-12-04","1","ios"
"725","2023-02-06","1","ios"
"725","2023-02-11","1","ios"
"725","2023-03-09","1","ios"
"725","2023-03-26","2","ios"
"725","2023-04-26","1","ios"
"726","2021-06-02","1","android"
"726","2021-06-27","1","android"
"726","2021-07-03","1","android"
"726","2021-07-25","1","web"
"726","2023-07-07","1","android"
"726","2023-07-20","1","ios"
"726","2023-09-06","1","android"
"726","2023-09-15","1","ios"
"726","2024-04-23","2","android"
"727","2024-06-03","1","android"
"727","2025-07-13","1","web"
"728","2025-02-22","1","android"
"728","2025-03-20","1","ios"
"728","2025-03-21","1","ios"
"728","2026-04-05","1","web"
"729","2025-12-20","1","web"
"730","2024-06-23","1","ios"
"730","2025-07-30","1","ios"
"731","2024-03-10","1","web"
"732","2021-04-04","1","ios"
"732","2021-05-16","1","ios"
"732","2021-05-19","1","ios"
"732","2021-06-14","1","web"
"732","2021-06-16","1","android"
"732","2021-07-06","1","ios"
"732","2021-07-09","1","android"
"732","2023-04-21","1","ios"
"732","2023-04-22","1","ios"
"732","2023-05-27","1","android"
"732","2023-08-17","1","android"
"733","2026-04-28","1","ios"
"734","2026-01-05","1","web"
"735","2020-10-23","1","ios"
"735","2021-03-14","1","web"
"735","2022-06-22","1","ios"
"735","2022-06-23","2","ios"
"735","2023-12-17","1","android"
"735","2024-01-07","1","android"
"735","2024-01-09","2","web"
"736","2026-03-18","1","android"
"736","2026-03-23","1","ios"
"736","2026-04-10","1","ios"
"737","2025-12-16","1","ios"
"737","2026-01-17","1","android"
"738","2024-08-29","1","web"
"738","2024-09-03","1","ios"
"738","2024-11-21","2","android"
"739","2025-06-08","1","ios"
"739","2025-06-28","1","ios"
"739","2025-07-12","1","ios"
"739","2025-07-16","1","ios"
"739","2025-11-17","2","web"
"740","2020-01-10","1","ios"
"740","2020-02-14","1","ios"
"740","2020-02-26","2","ios"
"741","2021-06-25","1","ios"
"741","2024-02-01","1","ios"
"742","2024-02-28","1","ios"
"742","2024-03-30","1","ios"
"743","2023-09-10","1","web"
"743","2023-09-13","1","ios"
"743","2024-03-05","1","web"
"743","2024-03-31","1","web"
"743","2024-05-31","1","ios"
"743","2025-01-10","1","web"
"744","2024-04-11","1","web"
"744","2024-05-08","1","ios"
"744","2024-05-23","1","web"
"744","2024-06-12","1","web"
"744","2024-06-16","1","ios"
"744","2024-06-24","1","android"
"744","2024-07-04","1","android"
"744","2024-07-13","1","ios"
"744","2024-08-13","1","ios"
"744","2024-08-26","1","ios"
"744","2024-09-26","1","ios"
"744","2026-06-18","1","android"
"744","2026-06-26","1","ios"
"745","2024-09-23","1","ios"
"745","2024-09-28","1","android"
"745","2024-10-08","1","android"
"745","2025-09-21","1","ios"
"745","2025-09-26","1","ios"
"745","2025-09-28","1","ios"
"745","2025-10-02","1","web"
"746","2020-07-11","1","ios"
"746","2020-07-15","1","ios"
"746","2020-07-19","1","ios"
"746","2020-07-22","1","android"
"746","2020-09-30","1","android"
"746","2020-10-18","1","android"
"746","2021-07-02","1","ios"
"746","2021-07-06","1","ios"
"746","2021-07-09","1","ios"
"746","2021-08-01","1","android"
"746","2021-08-02","1","ios"
"746","2021-08-07","1","ios"
"747","2023-09-19","1","web"
"747","2023-09-26","1","ios"
"748","2021-04-12","1","ios"
"748","2021-05-01","1","web"
"748","2021-07-27","1","ios"
"748","2021-07-28","1","ios"
"749","2025-01-31","1","ios"
"750","2023-07-23","1","ios"
"750","2023-07-25","1","ios"
"750","2023-07-27","1","web"
"750","2023-08-04","1","ios"
"750","2023-08-18","1","ios"
"750","2023-08-20","1","ios"
"750","2023-08-27","1","ios"
"750","2023-09-13","1","ios"
"750","2023-09-22","1","android"
"750","2023-10-05","1","android"
"750","2023-10-15","1","ios"
"750","2024-10-05","1","android"
"750","2024-10-23","1","ios"
"750","2024-11-01","1","android"
"750","2024-11-04","1","ios"
"750","2024-11-06","1","ios"
"750","2024-11-16","2","ios"
"750","2024-12-14","1","ios"
"750","2024-12-24","1","android"
"751","2025-09-29","1","ios"
"752","2020-12-21","1","ios"
"752","2021-01-03","1","ios"
"753","2025-04-06","1","ios"
"753","2025-04-07","1","android"
"754","2023-03-18","1","ios"
"755","2025-06-12","1","web"
"755","2025-06-19","1","ios"
"755","2025-07-02","1","android"
"755","2025-07-07","1","android"
"755","2025-07-27","1","android"
"755","2025-08-10","1","ios"
"755","2025-08-14","1","android"
"755","2025-08-15","1","web"
"755","2026-01-06","1","web"
"756","2020-11-06","1","android"
"756","2025-09-06","1","ios"
"756","2026-03-01","1","android"
"756","2026-03-11","1","android"
"757","2026-05-11","1","android"
"757","2026-05-21","1","ios"
"757","2026-05-26","1","ios"
"758","2023-02-20","1","ios"
"759","2022-01-02","1","web"
"759","2022-01-17","1","ios"
"759","2022-01-28","2","android"
"759","2022-02-11","1","android"
"759","2022-11-08","1","ios"
"760","2023-04-25","1","ios"
"760","2023-04-27","1","ios"
"761","2026-04-02","1","android"
"761","2026-04-14","1","ios"
"762","2022-06-14","1","ios"
"762","2022-06-18","1","android"
"762","2024-09-15","2","web"
"762","2025-11-08","1","web"
"762","2026-06-27","1","ios"
"763","2020-11-15","1","android"
"764","2023-02-20","1","ios"
"764","2023-04-16","1","web"
"764","2023-04-19","1","ios"
"764","2023-04-22","1","android"
"764","2023-05-21","2","ios"
"764","2023-06-15","1","ios"
"765","2026-02-04","1","android"
"765","2026-02-06","1","android"
"765","2026-02-24","1","ios"
"765","2026-02-25","1","ios"
"765","2026-03-09","1","android"
"765","2026-04-03","1","ios"
"766","2026-02-22","1","android"
"766","2026-03-20","1","android"
"766","2026-04-22","1","android"
"766","2026-04-30","1","web"
"766","2026-05-28","1","android"
"766","2026-05-29","1","web"
"767","2024-10-20","1","ios"
"767","2024-12-17","1","ios"
"767","2025-01-09","1","ios"
"767","2025-01-12","1","ios"
"767","2025-01-17","1","android"
"767","2025-01-19","1","web"
"767","2025-02-14","2","ios"
"767","2025-02-16","1","ios"
"767","2025-12-11","1","ios"
"767","2026-03-01","1","ios"
"767","2026-04-11","1","web"
"768","2022-12-30","1","ios"
"768","2023-02-14","1","android"
"768","2023-11-21","1","web"
"768","2023-12-05","1","android"
"768","2023-12-11","1","web"
"769","2026-03-31","1","android"
"769","2026-06-13","1","android"
"769","2026-06-19","1","android"
"770","2024-09-27","1","ios"
"770","2025-08-14","1","android"
"770","2025-08-15","1","ios"
"770","2025-08-20","1","ios"
"770","2025-09-06","1","android"
"770","2025-10-26","1","ios"
"770","2025-10-31","1","ios"
"771","2023-03-07","1","android"
"771","2024-03-10","1","ios"
"771","2024-04-12","1","ios"
"771","2024-04-24","1","ios"
"771","2024-04-25","1","android"
"772","2026-04-11","1","android"
"772","2026-04-15","1","android"
"772","2026-04-16","1","ios"
"772","2026-04-23","1","web"
"773","2026-06-04","1","ios"
"774","2019-10-18","1","web"
"775","2025-11-14","1","ios"
"775","2025-11-26","1","android"
"775","2025-12-06","1","ios"
"775","2025-12-24","1","android"
"776","2025-10-02","1","ios"
"776","2025-10-07","1","web"
"776","2025-10-09","1","android"
"776","2025-10-13","2","android"
"776","2026-03-24","1","ios"
"777","2021-10-25","1","ios"
"777","2024-02-11","1","android"
"777","2024-02-19","1","android"
"777","2024-03-05","1","android"
"777","2024-04-09","1","ios"
"777","2024-04-11","1","android"
"777","2024-05-04","1","ios"
"778","2024-04-10","1","web"
"778","2024-04-20","1","ios"
"778","2024-05-01","1","ios"
"778","2024-05-15","1","ios"
"778","2024-05-23","1","ios"
"778","2024-05-29","1","android"
"778","2025-06-03","1","android"
"778","2025-07-13","1","ios"
"778","2025-09-30","1","android"
"778","2025-10-01","1","ios"
"778","2025-10-12","1","android"
"778","2025-11-22","1","web"
"778","2026-02-12","1","ios"
"778","2026-03-23","1","ios"
"778","2026-04-06","1","ios"
"779","2022-09-21","1","ios"
"779","2022-09-23","1","web"
"779","2023-04-24","1","android"
"779","2023-04-29","1","web"
"779","2023-12-28","1","ios"
"779","2024-02-13","1","ios"
"779","2024-03-20","1","ios"
"779","2024-05-07","1","ios"
"779","2024-05-22","1","ios"
"779","2024-06-13","1","web"
"779","2024-06-14","1","ios"
"779","2025-05-23","1","web"
"780","2026-06-21","1","web"
"781","2020-09-11","1","ios"
"781","2021-09-20","1","ios"
"781","2022-02-02","1","web"
"781","2022-11-05","1","android"
"781","2024-03-24","1","ios"
"781","2024-04-05","1","android"
"781","2024-04-12","2","ios"
"781","2024-05-14","1","ios"
"782","2022-03-22","1","web"
"782","2022-04-07","1","ios"
"782","2022-04-12","1","ios"
"782","2022-04-16","1","ios"
"782","2022-04-21","1","android"
"782","2022-05-10","1","ios"
"782","2022-05-24","1","web"
"782","2023-01-27","1","ios"
"782","2024-01-21","1","android"
"782","2024-10-15","1","android"
"782","2025-10-14","1","ios"
"783","2023-05-30","1","android"
"783","2024-03-07","1","ios"
"783","2024-03-10","1","ios"
"783","2024-03-13","1","web"
"783","2026-06-12","1","android"
"784","2024-11-03","1","ios"
"784","2025-02-07","1","web"
"784","2025-02-13","1","web"
"785","2025-07-10","1","ios"
"785","2025-07-21","1","android"
"785","2025-08-02","1","ios"
"785","2025-08-07","1","android"
"786","2024-08-10","1","ios"
"786","2024-08-23","1","web"
"787","2025-02-27","1","android"
"788","2021-12-24","1","ios"
"788","2022-01-05","1","ios"
"788","2022-01-14","1","web"
"789","2023-04-07","1","android"
"789","2023-05-19","1","ios"
"789","2024-05-07","1","ios"
"790","2020-05-09","1","web"
"790","2020-05-21","1","ios"
"790","2020-05-22","1","web"
"790","2021-07-02","1","ios"
"790","2021-07-09","1","web"
"790","2021-08-09","1","android"
"790","2021-08-14","1","android"
"790","2021-08-22","1","android"
"790","2024-07-06","1","android"
"790","2024-07-20","1","ios"
"790","2024-08-02","1","android"
"790","2024-10-11","1","ios"
"791","2023-07-07","1","ios"
"792","2022-01-30","1","web"
"792","2022-02-03","1","ios"
"792","2022-02-24","1","ios"
"792","2022-03-10","1","ios"
"792","2022-12-03","1","ios"
"792","2022-12-30","1","android"
"792","2023-01-16","1","android"
"792","2023-02-07","1","ios"
"792","2023-02-23","1","ios"
"792","2025-01-15","1","android"
"792","2025-08-24","1","android"
"793","2022-11-03","1","ios"
"794","2021-03-30","1","ios"
"794","2021-04-19","1","web"
"794","2021-05-01","1","ios"
"794","2021-05-08","1","android"
"794","2025-02-18","1","android"
"794","2025-02-22","1","ios"
"794","2025-12-10","1","ios"
"795","2022-11-07","1","ios"
"795","2022-11-19","1","web"
"795","2023-02-08","1","ios"
"795","2023-02-15","1","ios"
"796","2024-02-28","1","ios"
"796","2024-04-05","2","ios"
"796","2024-04-10","1","ios"
"796","2024-05-20","1","android"
"796","2024-05-28","1","ios"
"796","2024-06-29","1","ios"
"797","2025-01-08","1","android"
"797","2025-02-05","1","ios"
"797","2025-02-26","1","ios"
"797","2025-03-09","1","web"
"798","2023-12-01","1","web"
"798","2024-05-09","1","ios"
"799","2021-12-05","1","ios"
"799","2021-12-15","1","ios"
"800","2025-06-15","1","ios"
"800","2025-06-20","1","android"
"801","2025-08-12","1","android"
"802","2025-12-14","1","android"
"802","2025-12-20","1","web"
"802","2025-12-25","1","ios"
"802","2026-05-12","1","ios"
"802","2026-05-18","1","web"
"803","2023-01-17","1","web"
"803","2023-02-24","1","ios"
"803","2023-03-05","1","android"
"803","2023-04-01","1","ios"
"803","2023-04-19","1","android"
"803","2023-04-30","1","web"
"803","2023-05-01","1","web"
"803","2023-05-04","1","android"
"803","2023-05-14","1","ios"
"803","2023-05-16","1","ios"
"803","2023-05-31","1","android"
"803","2023-06-07","1","web"
"803","2023-06-14","1","ios"
"803","2023-06-21","1","web"
"803","2023-07-06","1","ios"
"803","2023-07-14","1","ios"
"803","2023-08-18","1","ios"
"803","2025-09-18","1","android"
"803","2025-10-12","1","ios"
"804","2022-06-16","1","ios"
"804","2022-06-17","1","android"
"805","2024-03-27","1","web"
"806","2026-02-25","1","android"
"806","2026-03-16","1","android"
"806","2026-06-02","1","ios"
"806","2026-06-20","1","ios"
"807","2019-03-06","1","ios"
"807","2019-03-11","1","android"
"807","2019-03-14","1","web"
"807","2019-05-03","1","ios"
"807","2019-05-18","1","web"
"807","2019-05-22","1","android"
"807","2019-06-07","1","ios"
"807","2019-06-21","1","ios"
"807","2019-07-21","1","android"
"807","2019-07-30","1","ios"
"807","2019-08-20","1","ios"
"807","2019-08-28","1","ios"
"807","2019-09-18","1","ios"
"807","2019-11-11","1","web"
"807","2020-06-11","1","ios"
"807","2020-06-20","1","ios"
"807","2021-08-25","1","ios"
"808","2026-03-26","1","android"
"808","2026-03-29","1","web"
"808","2026-04-06","1","web"
"808","2026-04-10","1","ios"
"808","2026-04-16","1","ios"
"808","2026-04-17","2","ios"
"808","2026-04-18","1","web"
"809","2019-06-29","1","ios"
"809","2019-08-12","1","web"
"809","2019-08-28","1","ios"
"809","2019-09-10","2","ios"
"809","2020-11-05","1","ios"
"809","2020-11-29","1","ios"
"809","2023-02-01","1","ios"
"809","2023-10-20","1","android"
"809","2023-10-28","1","web"
"809","2023-11-12","1","android"
"809","2024-05-04","1","web"
"810","2024-11-02","1","ios"
"810","2024-11-09","1","web"
"810","2026-06-12","1","ios"
"810","2026-06-13","1","ios"
"810","2026-06-16","1","ios"
"810","2026-06-22","1","ios"
"811","2026-06-14","1","ios"
"812","2023-07-06","1","ios"
"812","2024-03-26","1","web"
"813","2021-10-22","1","android"
"814","2023-03-16","1","ios"
"814","2023-03-22","1","ios"
"815","2025-11-01","1","web"
"816","2024-06-15","1","web"
"816","2025-06-10","1","android"
"817","2020-03-15","1","ios"
"817","2020-04-12","1","ios"
"817","2022-06-28","1","android"
"817","2022-07-17","1","ios"
"817","2022-08-27","1","web"
"817","2022-09-16","1","android"
"817","2022-10-04","2","ios"
"817","2022-10-10","1","ios"
"817","2022-10-11","1","ios"
"817","2022-10-19","1","ios"
"817","2022-11-20","1","android"
"817","2025-01-17","1","ios"
"817","2025-01-20","1","ios"
"817","2025-02-08","1","ios"
"818","2026-05-08","1","ios"
"818","2026-05-12","1","ios"
"818","2026-05-25","1","android"
"818","2026-06-01","1","ios"
"819","2025-07-31","1","android"
"820","2021-07-04","1","web"
"820","2021-07-06","1","ios"
"820","2022-03-01","1","android"
"820","2025-02-09","1","web"
"820","2025-02-16","1","web"
"820","2025-02-17","1","android"
"820","2025-02-27","1","android"
"820","2025-03-10","1","android"
"820","2025-10-03","1","android"
"820","2025-10-19","1","web"
"820","2025-11-25","1","web"
"821","2022-01-25","1","android"
"821","2022-03-03","1","web"
"821","2022-03-13","1","ios"
"822","2023-10-30","1","ios"
"822","2023-11-30","1","ios"
"822","2023-12-04","1","web"
"822","2024-01-17","1","ios"
"822","2024-01-26","1","ios"
"822","2024-02-22","1","android"
"822","2024-02-25","1","android"
"822","2024-04-09","1","android"
"823","2021-01-30","1","android"
"823","2021-02-03","1","ios"
"823","2021-02-07","1","ios"
"823","2021-02-24","1","ios"
"823","2021-03-02","1","android"
"823","2021-09-18","1","ios"
"823","2025-03-10","1","android"
"823","2025-03-13","1","ios"
"823","2025-12-18","1","ios"
"823","2025-12-24","1","ios"
"824","2019-01-13","1","ios"
"824","2019-07-17","1","android"
"824","2019-08-08","1","android"
"824","2019-08-11","1","android"
"824","2020-10-27","1","ios"
"824","2020-12-11","1","ios"
"824","2020-12-18","1","ios"
"824","2020-12-19","1","ios"
"824","2021-10-07","1","android"
"824","2021-10-28","1","ios"
"824","2022-12-16","1","ios"
"824","2023-09-17","1","ios"
"824","2023-09-30","1","android"
"824","2024-09-23","1","ios"
"824","2024-09-29","1","ios"
"824","2024-10-17","1","web"
"824","2026-01-23","1","web"
"824","2026-01-31","1","ios"
"825","2025-09-24","1","ios"
"826","2024-01-20","1","ios"
"826","2025-06-21","1","ios"
"826","2025-08-23","1","ios"
"826","2025-09-06","1","android"
"826","2025-09-10","1","android"
"827","2024-05-02","1","android"
"827","2024-05-10","1","ios"
"827","2025-05-05","1","ios"
"827","2025-05-12","1","android"
"827","2025-05-26","1","android"
"827","2025-06-02","1","web"
"827","2025-07-01","1","ios"
"828","2023-06-26","1","android"
"828","2023-07-02","1","android"
"828","2024-01-08","1","android"
"829","2021-07-16","1","web"
"829","2021-07-23","1","android"
"829","2022-11-18","1","android"
"829","2022-12-04","1","android"
"829","2022-12-10","1","android"
"829","2022-12-18","1","ios"
"829","2022-12-21","1","web"
"829","2023-01-05","1","ios"
"830","2025-11-15","1","web"
"831","2019-03-02","1","android"
"831","2019-03-17","1","ios"
"831","2019-03-29","1","ios"
"831","2019-04-16","1","ios"
"831","2019-05-10","1","web"
"831","2019-05-15","1","android"
"831","2019-06-05","1","ios"
"831","2019-06-21","1","ios"
"831","2019-07-19","1","android"
"832","2025-06-08","1","web"
"832","2025-06-11","1","android"
"832","2025-06-23","1","web"
"832","2026-06-26","1","ios"
"833","2023-10-04","1","ios"
"833","2023-10-17","1","android"
"833","2023-11-04","1","ios"
"833","2023-11-05","1","ios"
"833","2024-10-31","1","ios"
"833","2025-05-22","1","ios"
"833","2025-07-04","1","android"
"833","2025-07-05","1","android"
"833","2026-05-08","1","web"
"833","2026-06-03","1","android"
"834","2023-08-26","1","android"
"835","2024-06-21","1","android"
"835","2025-03-28","1","ios"
"836","2025-07-13","1","android"
"836","2025-07-19","1","android"
"836","2025-07-26","1","ios"
"836","2025-08-31","1","ios"
"836","2025-09-01","1","web"
"836","2025-09-16","1","ios"
"837","2020-09-20","1","ios"
"837","2020-10-09","1","ios"
"837","2022-12-12","1","web"
"837","2022-12-23","1","web"
"837","2022-12-27","1","android"
"837","2023-03-07","1","android"
"837","2023-03-20","1","ios"
"837","2023-03-22","1","web"
"837","2023-04-08","1","web"
"837","2023-04-09","2","android"
"837","2023-06-25","1","web"
"837","2023-07-05","1","web"
"837","2023-07-09","1","web"
"837","2023-08-09","1","android"
"837","2023-08-15","1","android"
"837","2023-10-14","1","android"
"837","2023-10-20","1","web"
"838","2019-08-20","1","ios"
"839","2025-09-04","1","web"
"839","2026-02-02","1","ios"
"840","2025-01-31","1","ios"
"840","2025-10-11","1","web"
"840","2025-10-14","1","web"
"840","2025-10-20","1","ios"
"840","2025-11-02","1","ios"
"840","2025-12-06","1","ios"
"840","2026-01-03","1","web"
"841","2024-12-27","1","web"
"841","2025-01-04","1","android"
"842","2024-02-14","1","ios"
"842","2024-02-17","1","android"
"842","2024-02-20","1","ios"
"842","2024-03-05","1","android"
"842","2025-05-04","1","android"
"842","2025-05-15","1","android"
"842","2026-05-17","1","android"
"842","2026-05-20","1","ios"
"843","2023-05-18","1","ios"
"843","2023-05-23","1","android"
"843","2025-11-05","1","ios"
"844","2021-09-13","1","ios"
"844","2021-10-12","1","ios"
"844","2022-03-06","1","ios"
"844","2023-05-11","1","web"
"844","2023-05-14","1","android"
"844","2023-05-28","1","android"
"844","2025-01-13","1","android"
"844","2025-02-19","1","android"
"844","2025-02-20","1","web"
"844","2025-03-14","1","ios"
"844","2025-03-18","1","ios"
"844","2025-03-26","1","ios"
"845","2023-09-06","1","android"
"845","2023-09-07","1","web"
"845","2024-02-25","1","web"
"846","2019-10-20","1","android"
"846","2019-10-21","1","ios"
"846","2019-10-27","1","ios"
"846","2022-09-03","1","android"
"847","2025-08-06","1","ios"
"847","2025-12-02","1","ios"
"847","2025-12-30","1","ios"
"847","2026-01-09","1","android"
"847","2026-01-29","1","android"
"847","2026-05-03","1","ios"
"847","2026-05-08","2","android"
"848","2020-08-18","1","android"
"849","2025-03-30","1","android"
"849","2025-04-26","1","ios"
"849","2025-05-13","1","android"
"849","2025-05-14","1","ios"
"850","2024-09-14","1","ios"
"850","2024-12-05","1","ios"
"851","2021-09-02","1","ios"
"851","2021-09-13","1","ios"
"851","2022-05-30","1","android"
"851","2022-06-07","2","ios"
"851","2022-06-13","1","ios"
"851","2022-06-24","1","web"
"851","2022-06-27","1","android"
"851","2022-07-26","1","ios"
"851","2022-08-01","1","ios"
"851","2022-08-05","1","android"
"851","2022-08-11","1","ios"
"851","2022-08-15","1","ios"
"852","2026-03-02","1","web"
"853","2024-01-27","1","web"
"853","2024-02-01","1","android"
"853","2024-02-06","1","ios"
"853","2024-05-10","1","web"
"853","2024-10-24","1","android"
"854","2021-05-19","1","android"
"855","2025-09-19","1","ios"
"855","2025-09-24","1","ios"
"855","2025-11-22","1","ios"
"855","2025-11-23","1","ios"
"855","2026-01-17","1","ios"
"855","2026-01-29","1","android"
"855","2026-01-30","1","ios"
"855","2026-02-02","1","web"
"855","2026-02-28","1","ios"
"856","2022-11-15","1","android"
"856","2023-05-12","1","ios"
"856","2023-05-26","1","android"
"856","2023-06-01","1","android"
"856","2023-07-17","1","ios"
"856","2023-08-05","1","ios"
"856","2023-08-06","1","ios"
"856","2023-08-08","1","ios"
"856","2023-08-25","2","ios"
"856","2023-09-28","1","web"
"856","2023-10-14","1","ios"
"856","2023-11-26","1","ios"
"856","2023-12-06","1","ios"
"857","2019-10-06","1","web"
"857","2019-10-07","1","ios"
"857","2019-10-19","1","ios"
"857","2019-11-28","1","ios"
"857","2020-05-06","1","web"
"857","2020-05-08","1","ios"
"858","2026-04-02","1","ios"
"859","2022-12-18","1","android"
"860","2022-06-19","1","android"
"860","2023-04-04","1","ios"
"860","2024-06-18","1","ios"
"860","2025-09-08","1","android"
"860","2026-06-30","1","ios"
"861","2020-07-05","1","ios"
"861","2020-07-06","1","android"
"862","2022-09-25","1","ios"
"863","2020-08-18","1","web"
"863","2021-08-29","2","ios"
"864","2023-12-02","1","android"
"864","2023-12-14","1","ios"
"864","2024-02-10","1","ios"
"864","2024-03-08","1","ios"
"865","2026-05-12","1","ios"
"866","2026-06-01","1","ios"
"867","2024-04-01","1","web"
"867","2024-05-31","1","web"
"867","2024-06-02","2","web"
"867","2024-06-21","1","web"
"867","2024-11-20","1","ios"
"867","2024-12-11","1","ios"
"868","2026-05-29","1","web"
"868","2026-06-06","1","web"
"869","2025-12-08","1","ios"
"869","2025-12-11","1","web"
"869","2025-12-16","1","web"
"870","2026-01-23","1","web"
"870","2026-02-01","1","web"
"871","2025-01-22","1","ios"
"872","2022-12-30","1","ios"
"873","2026-02-03","1","ios"
"874","2023-09-28","1","ios"
"874","2024-07-10","1","ios"
"874","2024-07-18","1","ios"
"874","2024-07-22","1","ios"
"874","2024-12-13","1","ios"
"874","2024-12-26","1","android"
"874","2025-01-24","2","web"
"874","2025-01-25","1","web"
"874","2026-03-14","1","ios"
"875","2021-03-28","1","web"
"875","2021-04-14","1","android"
"875","2021-05-04","1","android"
"875","2021-07-18","1","ios"
"875","2021-08-27","1","ios"
"875","2024-02-16","1","ios"
"875","2024-02-24","1","android"
"875","2024-02-25","1","android"
"875","2024-09-25","1","ios"
"875","2024-10-27","1","ios"
"876","2022-01-09","1","ios"
"876","2022-01-16","1","ios"
"876","2022-01-19","1","android"
"876","2022-01-21","1","android"
"876","2022-04-01","1","android"
"876","2022-04-09","2","android"
"876","2022-04-11","1","android"
"876","2022-06-24","1","android"
"876","2022-07-10","1","ios"
"876","2022-07-12","1","ios"
"876","2022-07-18","1","ios"
"877","2023-08-20","1","ios"
"878","2023-09-27","1","android"
"878","2023-11-02","1","android"
"878","2023-11-10","1","android"
"878","2023-12-05","1","ios"
"878","2023-12-18","1","ios"
"878","2023-12-20","1","ios"
"878","2025-04-26","1","android"
"879","2023-02-09","1","ios"
"879","2024-06-07","1","ios"
"879","2024-06-30","1","ios"
"879","2024-07-12","1","ios"
"879","2024-07-22","1","android"
"880","2023-09-16","1","web"
"880","2023-09-22","1","ios"
"880","2023-09-27","1","ios"
"880","2023-10-07","1","web"
"881","2022-09-08","1","ios"
"881","2022-09-30","1","ios"
"881","2022-10-26","1","ios"
"881","2022-11-03","1","web"
"881","2022-11-22","1","android"
"881","2023-07-08","1","ios"
"881","2023-07-29","1","web"
"881","2023-08-31","1","ios"
"881","2023-10-01","1","ios"
"881","2023-11-11","1","ios"
"881","2023-11-28","1","ios"
"881","2024-06-28","1","android"
"881","2025-10-09","2","ios"
"882","2024-02-02","1","ios"
"883","2025-05-06","1","android"
"884","2020-02-27","1","ios"
"884","2020-04-18","1","android"
"884","2020-04-24","2","ios"
"884","2021-09-15","1","android"
"884","2021-10-15","2","ios"
"884","2021-11-18","1","android"
"884","2021-11-27","1","android"
"884","2021-12-02","1","ios"
"884","2021-12-08","1","ios"
"884","2021-12-25","1","ios"
"884","2022-10-02","1","ios"
"884","2024-01-31","1","android"
"884","2024-10-21","1","android"
"885","2023-03-30","1","ios"
"886","2022-12-18","1","android"
"886","2022-12-25","1","ios"
"886","2022-12-28","1","web"
"886","2023-03-06","1","ios"
"886","2023-11-09","1","ios"
"886","2023-12-14","1","android"
"886","2025-06-07","2","ios"
"886","2025-10-26","1","android"
"887","2021-10-27","1","android"
"888","2023-02-20","1","android"
"888","2023-03-14","1","ios"
"889","2021-02-14","1","android"
"890","2021-02-18","1","ios"
"890","2021-03-15","1","web"
"890","2022-03-03","1","android"
"891","2023-06-26","1","android"
"892","2025-01-25","1","ios"
"893","2025-02-07","1","ios"
"893","2025-02-26","1","ios"
"894","2023-10-28","1","ios"
"894","2023-10-31","1","web"
"894","2023-11-05","1","ios"
"894","2023-11-23","1","android"
"894","2023-12-05","1","ios"
"894","2024-01-01","1","android"
"894","2025-02-01","1","ios"
"894","2025-02-23","1","ios"
"894","2025-02-28","1","web"
"894","2025-03-14","1","android"
"894","2025-04-21","1","web"
"894","2025-05-10","1","ios"
"894","2025-05-28","1","ios"
"894","2025-06-21","1","android"
"894","2025-07-21","1","ios"
"894","2025-08-02","1","ios"
"895","2023-03-25","1","ios"
"895","2023-03-28","1","ios"
"895","2023-04-19","1","android"
"895","2023-08-05","1","ios"
"895","2023-08-08","2","ios"
"895","2026-04-30","1","ios"
"896","2021-08-22","1","android"
"896","2022-03-29","1","ios"
"896","2022-04-14","1","android"
"896","2022-04-16","1","android"
"896","2022-04-29","1","android"
"897","2022-04-18","1","ios"
"897","2023-08-31","1","ios"
"898","2026-03-19","1","android"
"898","2026-03-28","1","ios"
"898","2026-03-29","1","ios"
"899","2023-01-05","1","ios"
"900","2022-01-09","1","android"
"900","2022-02-27","1","ios"
"900","2022-03-12","1","ios"
"900","2022-03-27","1","android"
"900","2022-03-30","1","ios"
"900","2023-01-19","1","ios"
"900","2023-01-21","1","ios"
"900","2023-09-16","2","web"
"900","2024-07-31","1","android"
"900","2024-08-04","1","ios"
"901","2025-09-29","1","ios"
"901","2025-10-29","2","ios"
"902","2023-05-06","1","ios"
"903","2024-07-03","1","ios"
"903","2024-08-26","1","android"
"903","2024-08-27","1","ios"
"904","2025-02-08","1","android"
"904","2025-03-13","1","ios"
"905","2023-09-22","1","web"
"905","2023-09-23","1","ios"
"905","2025-06-27","1","android"
"905","2025-08-02","1","android"
"905","2025-08-20","1","ios"
"905","2025-09-01","1","ios"
"905","2025-09-12","1","android"
"905","2025-09-23","1","ios"
"906","2023-07-06","1","android"
"906","2025-02-15","1","web"
"906","2025-02-20","1","web"
"906","2025-03-07","1","ios"
"906","2025-03-28","1","ios"
"906","2025-08-10","1","web"
"907","2021-02-01","1","ios"
"907","2021-02-04","1","ios"
"907","2021-12-28","1","ios"
"907","2022-01-14","1","ios"
"907","2022-02-05","1","web"
"907","2022-02-07","1","ios"
"908","2025-05-06","1","ios"
"908","2025-05-07","1","ios"
"908","2025-12-01","1","ios"
"909","2024-06-07","1","ios"
"909","2024-07-08","1","android"
"909","2024-10-05","1","web"
"909","2025-01-08","1","web"
"909","2025-01-11","1","android"
"909","2025-01-18","1","ios"
"909","2025-01-29","1","android"
"910","2021-10-20","1","android"
"910","2021-11-05","1","web"
"911","2020-09-27","1","android"
"911","2020-11-06","1","android"
"911","2020-11-07","2","android"
"911","2020-11-12","1","ios"
"911","2020-11-27","2","ios"
"911","2020-12-04","1","ios"
"912","2025-09-17","1","android"
"912","2025-10-01","1","ios"
"912","2025-11-06","1","ios"
"912","2025-11-23","1","ios"
"912","2025-12-05","1","android"
"912","2026-04-02","2","ios"
"913","2025-12-20","1","android"
"914","2025-07-27","1","ios"
"914","2025-09-14","1","android"
"914","2025-09-15","1","ios"
"914","2025-09-28","1","android"
"914","2025-10-14","1","web"
"915","2021-10-02","1","ios"
"915","2021-11-27","1","android"
"915","2021-12-10","1","web"
"916","2025-03-18","1","ios"
"916","2025-03-21","1","android"
"917","2020-10-10","1","ios"
"917","2020-10-11","1","android"
"918","2025-08-24","1","android"
"918","2025-09-12","1","ios"
"918","2025-09-27","1","android"
"918","2025-10-13","1","android"
"918","2025-10-27","1","ios"
"918","2025-12-16","2","ios"
"918","2026-01-16","1","ios"
"919","2022-04-29","1","android"
"919","2022-05-15","1","ios"
"919","2022-05-18","1","android"
"919","2025-10-05","1","android"
"919","2025-10-20","1","web"
"919","2025-11-22","1","ios"
"919","2025-11-27","1","ios"
"920","2025-11-04","1","ios"
"920","2025-11-21","1","android"
"921","2025-08-12","1","ios"
"921","2025-09-14","1","android"
"921","2025-09-30","1","ios"
"922","2024-07-11","1","ios"
"922","2024-07-24","1","ios"
"923","2020-12-15","1","ios"
"923","2020-12-16","1","android"
"924","2025-06-09","1","android"
"925","2021-01-22","1","ios"
"925","2021-02-23","1","android"
"926","2024-01-24","1","web"
"926","2025-12-11","1","android"
"927","2023-10-15","1","ios"
"927","2023-10-21","1","web"
"927","2024-08-03","1","android"
"927","2025-06-02","1","web"
"927","2026-03-20","1","ios"
"928","2020-12-02","1","android"
"928","2020-12-16","1","ios"
"928","2022-01-13","1","android"
"928","2022-02-11","1","android"
"928","2022-02-15","1","android"
"928","2023-09-07","1","web"
"928","2023-09-13","1","web"
"928","2023-10-04","1","android"
"928","2023-10-13","1","web"
"928","2023-11-09","1","ios"
"928","2023-11-29","1","ios"
"928","2023-12-10","1","android"
"928","2025-03-06","1","ios"
"928","2025-03-29","1","web"
"929","2026-06-11","1","ios"
"930","2025-02-06","1","android"
"930","2025-02-18","1","ios"
"931","2024-11-04","1","ios"
"931","2024-12-18","1","ios"
"931","2024-12-31","1","web"
"931","2025-01-29","1","android"
"931","2025-02-11","1","android"
"931","2025-08-10","1","web"
"932","2023-06-24","1","ios"
"932","2023-07-19","1","ios"
"932","2023-07-28","1","android"
"933","2022-01-01","1","ios"
"933","2022-01-02","1","ios"
"933","2022-01-14","1","ios"
"933","2023-06-17","1","android"
"933","2023-06-18","1","android"
"933","2023-12-15","1","ios"
"933","2024-01-04","1","ios"
"933","2024-04-29","1","android"
"933","2025-03-24","1","ios"
"933","2026-02-23","1","web"
"934","2021-01-05","1","android"
"934","2021-08-05","1","ios"
"934","2022-01-31","1","ios"
"935","2022-06-12","1","ios"
"935","2023-01-21","1","ios"
"935","2023-02-08","1","android"
"935","2023-10-24","1","ios"
"935","2024-05-14","1","android"
"936","2021-01-25","1","ios"
"937","2022-11-29","1","android"
"937","2023-03-24","1","web"
"937","2025-07-12","1","android"
"938","2021-08-21","1","ios"
"938","2021-08-30","1","android"
"938","2021-11-25","1","android"
"938","2022-06-08","1","android"
"938","2023-06-05","1","ios"
"939","2026-03-18","1","ios"
"939","2026-03-26","1","android"
"940","2022-01-17","1","android"
"940","2023-10-29","1","ios"
"940","2024-12-21","1","web"
"940","2025-06-30","1","android"
"940","2025-12-12","1","android"
"941","2024-11-06","1","ios"
"941","2024-11-08","1","ios"
"941","2025-02-13","2","web"
"942","2021-03-01","1","ios"
"942","2021-03-08","1","android"
"942","2021-03-12","1","ios"
"942","2021-03-28","1","ios"
"943","2021-10-02","1","ios"
"943","2021-10-06","1","android"
"944","2026-05-14","1","android"
"945","2024-09-12","1","android"
"945","2024-10-13","1","android"
"945","2024-10-14","1","web"
"945","2024-11-05","1","ios"
"945","2024-11-13","1","ios"
"945","2026-06-12","1","android"
"946","2024-03-10","1","ios"
"946","2024-03-11","1","web"
"946","2024-03-18","1","web"
"946","2025-05-12","1","ios"
"947","2020-07-03","1","ios"
"948","2026-03-02","1","android"
"948","2026-03-06","1","web"
"948","2026-03-18","1","ios"
"949","2025-04-19","1","ios"
"949","2025-04-24","1","ios"
"950","2024-07-05","1","android"
"950","2025-03-20","1","ios"
"950","2025-03-29","1","ios"
"950","2026-02-01","1","ios"
"950","2026-02-15","1","ios"
"950","2026-03-21","1","web"
"951","2021-12-23","1","ios"
"951","2023-03-18","1","ios"
"951","2023-03-19","1","ios"
"951","2023-03-24","2","web"
"951","2023-03-29","1","web"
"951","2024-01-13","1","android"
"952","2023-03-30","1","ios"
"952","2024-08-07","1","ios"
"952","2024-09-28","1","android"
"952","2025-08-19","1","ios"
"953","2026-04-06","1","android"
"954","2024-03-20","1","android"
"954","2024-05-05","1","ios"
"954","2025-09-04","1","android"
"954","2026-03-09","1","android"
"955","2021-02-07","1","ios"
"955","2021-02-21","1","android"
"955","2021-02-22","1","android"
"956","2026-01-21","1","ios"
"957","2022-06-01","1","android"
"957","2022-06-11","1","ios"
"957","2022-06-19","1","android"
"958","2024-01-23","1","ios"
"958","2024-02-07","1","android"
"958","2024-02-23","1","ios"
"958","2026-04-28","1","ios"
"958","2026-05-30","1","ios"
"958","2026-06-09","1","web"
"958","2026-06-22","1","ios"
"959","2025-10-05","1","ios"
"959","2025-10-11","1","android"
"959","2025-10-28","1","ios"
"960","2020-10-22","1","ios"
"960","2020-10-28","2","web"
"960","2020-11-07","1","ios"
"960","2020-12-08","1","web"
"960","2021-01-13","1","android"
"961","2025-04-04","1","android"
"961","2025-04-06","1","android"
"962","2025-01-29","1","ios"
"962","2025-02-07","1","ios"
"962","2025-02-20","2","ios"
"963","2019-08-05","1","ios"
"963","2019-08-13","1","web"
"964","2026-06-19","1","android"
"964","2026-06-28","1","ios"
"965","2025-01-29","1","android"
"965","2025-02-10","1","ios"
"966","2022-02-13","1","android"
"966","2022-03-06","1","ios"
"967","2022-11-06","1","android"
"968","2025-03-25","1","ios"
"968","2025-03-29","1","ios"
"968","2025-04-02","1","ios"
"968","2025-04-05","1","android"
"968","2025-04-06","1","android"
"968","2025-04-18","1","ios"
"968","2025-05-08","1","ios"
"969","2025-02-14","1","ios"
"969","2025-04-27","1","android"
"969","2025-05-08","1","ios"
"970","2023-05-05","1","android"
"970","2023-11-01","1","ios"
"970","2023-11-02","1","ios"
"970","2023-12-18","2","ios"
"971","2023-12-03","1","ios"
"971","2024-10-17","1","ios"
"971","2025-04-05","1","ios"
"971","2025-12-07","1","ios"
"972","2021-04-22","1","ios"
"972","2023-05-26","1","web"
"973","2024-02-11","1","web"
"974","2024-01-21","1","ios"
"975","2024-01-11","1","ios"
"975","2024-01-25","1","ios"
"975","2024-01-31","1","ios"
"976","2021-12-26","1","web"
"976","2022-07-21","1","ios"
"976","2022-08-30","1","web"
"976","2023-01-23","1","ios"
"977","2022-03-10","1","ios"
"977","2022-04-22","1","ios"
"977","2022-04-26","1","android"
"977","2022-05-15","1","ios"
"977","2022-05-31","1","android"
"977","2022-06-19","1","ios"
"977","2025-08-13","1","ios"
"978","2020-03-15","1","ios"
"978","2022-01-24","2","ios"
"979","2025-05-12","1","ios"
"979","2025-05-19","1","web"
"979","2025-07-01","2","android"
"979","2025-07-29","1","android"
"979","2025-08-03","1","ios"
"979","2025-08-22","1","ios"
"979","2025-09-06","1","android"
"980","2022-04-24","1","ios"
"980","2022-05-01","1","ios"
"980","2022-05-02","1","android"
"980","2022-12-02","1","ios"
"980","2022-12-12","1","android"
"980","2023-04-21","1","ios"
"980","2024-07-13","1","ios"
"981","2023-02-08","1","ios"
"982","2024-11-22","1","web"
"982","2024-12-11","1","android"
"983","2021-04-27","1","android"
"984","2020-01-04","1","ios"
"984","2020-02-02","1","ios"
"984","2022-06-29","1","android"
"984","2022-09-09","1","android"
"985","2022-03-03","1","android"
"985","2022-03-11","1","ios"
"985","2022-03-17","1","ios"
"985","2024-01-16","1","ios"
"986","2021-09-18","1","web"
"987","2025-05-18","1","web"
"987","2025-05-22","1","web"
"987","2025-05-31","1","ios"
"987","2025-07-02","1","web"
"987","2025-07-09","1","android"
"988","2025-09-24","1","ios"
"988","2025-10-07","1","ios"
"989","2023-06-29","1","android"
"989","2023-07-15","1","ios"
"990","2025-05-21","1","web"
"990","2025-07-28","1","android"
"991","2024-03-31","1","ios"
"992","2023-07-09","1","android"
"992","2024-06-25","1","android"
"992","2024-06-28","1","web"
"992","2024-06-29","1","ios"
"992","2024-07-12","1","ios"
"992","2024-07-17","1","web"
"992","2024-07-20","1","ios"
"992","2024-08-16","1","ios"
"992","2025-09-29","1","ios"
"992","2026-02-11","1","ios"
"993","2025-10-11","1","ios"
"993","2025-10-18","1","android"
"993","2025-10-28","1","android"
"993","2025-11-09","1","web"
"993","2025-11-14","1","ios"
"994","2019-10-16","1","ios"
"994","2019-10-20","1","ios"
"994","2019-10-30","1","ios"
"994","2019-11-03","2","android"
"994","2019-11-11","1","ios"
"994","2019-12-04","1","ios"
"994","2020-08-23","1","ios"
"995","2022-10-25","1","ios"
"996","2025-12-13","1","ios"
"996","2025-12-26","1","android"
"997","2023-06-16","1","ios"
"997","2023-06-29","1","ios"
"997","2023-07-30","1","android"
"997","2023-08-15","1","web"
"997","2023-09-30","2","ios"
"997","2023-10-16","1","ios"
"997","2023-10-20","1","ios"
"998","2020-10-18","1","web"
"998","2020-10-20","1","android"
"998","2021-08-14","1","web"
"998","2021-08-23","1","ios"
"998","2021-08-31","1","android"
"998","2021-09-10","1","ios"
"998","2021-09-26","1","web"
"998","2021-10-18","1","ios"
"998","2021-10-30","2","ios"
"998","2021-11-07","1","ios"
"998","2022-07-15","2","ios"
"998","2022-07-16","1","ios"
"998","2022-07-24","1","ios"
"998","2022-10-05","1","android"
"998","2024-02-26","1","web"
"999","2024-07-18","1","android"
"999","2024-07-26","1","android"
"999","2024-08-20","1","web"
"999","2025-03-14","1","ios"
"999","2026-04-09","1","android"
"1000","2025-05-18","1","ios"
"1001","2020-09-15","1","ios"
"1001","2021-01-13","1","ios"
"1001","2021-06-02","1","android"
"1001","2021-06-14","1","ios"
"1001","2022-09-20","1","web"
"1002","2026-03-13","1","ios"
"1002","2026-05-21","1","web"
"1002","2026-05-24","1","ios"
"1003","2024-10-16","1","ios"
"1004","2022-02-13","1","android"
"1004","2023-04-30","1","ios"
"1005","2020-10-06","1","ios"
"1005","2021-12-12","1","android"
"1005","2022-12-20","1","web"
"1005","2023-07-06","1","android"
"1006","2022-11-15","1","ios"
"1006","2023-04-04","1","android"
"1006","2023-04-20","1","android"
"1007","2021-04-24","1","ios"
"1007","2021-05-14","1","ios"
"1007","2022-07-23","1","ios"
"1007","2023-04-08","1","ios"
"1007","2023-04-14","1","ios"
"1007","2023-09-20","2","android"
"1007","2023-09-27","2","ios"
"1007","2023-11-06","1","android"
"1007","2023-11-24","2","ios"
"1007","2023-12-16","1","android"
"1007","2024-06-14","1","android"
"1008","2023-06-06","1","ios"
"1009","2026-03-13","1","ios"
"1010","2022-10-06","1","ios"
"1010","2022-11-16","1","web"
"1010","2022-11-17","1","android"
"1010","2022-12-10","1","ios"
"1010","2022-12-14","1","android"
"1010","2022-12-23","1","android"
"1011","2025-01-23","1","ios"
"1011","2026-01-29","1","android"
"1011","2026-02-01","1","web"
"1011","2026-02-04","1","ios"
"1011","2026-02-06","1","android"
"1011","2026-02-27","1","ios"
"1011","2026-03-01","1","android"
"1012","2022-01-21","1","web"
"1012","2022-09-04","1","ios"
"1012","2022-09-21","1","android"
"1013","2019-12-26","1","ios"
"1013","2020-01-01","1","android"
"1013","2020-10-22","1","ios"
"1014","2025-11-05","1","android"
"1014","2026-06-03","1","android"
"1014","2026-06-26","1","android"
"1015","2020-10-04","1","ios"
"1016","2025-06-18","1","ios"
"1017","2025-05-29","1","android"
"1017","2026-01-03","1","ios"
"1018","2024-05-15","1","ios"
"1018","2024-05-20","1","ios"
"1018","2024-05-23","1","ios"
"1018","2024-05-29","1","ios"
"1018","2024-06-11","1","android"
"1018","2024-07-30","1","ios"
"1018","2024-12-09","1","ios"
"1019","2024-11-04","1","ios"
"1019","2024-11-13","1","android"
"1019","2024-11-17","1","ios"
"1019","2024-11-23","1","android"
"1019","2024-12-01","1","web"
"1020","2024-11-30","1","web"
"1020","2026-01-04","1","android"
"1021","2023-09-02","1","ios"
"1021","2023-09-07","1","web"
"1021","2024-09-04","1","ios"
"1021","2024-10-16","1","android"
"1021","2025-05-02","1","android"
"1021","2025-05-13","1","ios"
"1021","2025-05-22","1","ios"
"1021","2025-06-08","1","ios"
"1022","2023-01-09","1","ios"
"1022","2023-01-22","1","ios"
"1022","2023-02-01","1","android"
"1022","2024-06-13","1","ios"
"1022","2024-06-15","1","ios"
"1022","2025-12-27","1","ios"
"1023","2019-02-21","1","web"
"1024","2025-06-07","1","ios"
"1024","2025-06-10","1","ios"
"1024","2025-10-21","1","android"
"1025","2026-01-26","1","android"
"1025","2026-01-27","1","android"
"1026","2026-01-02","1","ios"
"1027","2025-12-25","1","ios"
"1028","2021-04-25","1","web"
"1028","2021-11-11","1","ios"
"1028","2021-12-06","1","android"
"1028","2022-07-16","1","web"
"1028","2022-08-05","1","ios"
"1029","2025-04-22","1","ios"
"1029","2026-01-25","1","ios"
"1029","2026-01-30","1","web"
"1029","2026-02-02","1","android"
"1029","2026-02-09","1","android"
"1030","2024-03-19","1","ios"
"1031","2021-09-24","1","ios"
"1031","2021-10-15","1","android"
"1031","2021-10-30","1","ios"
"1031","2022-06-08","1","web"
"1031","2023-07-05","1","ios"
"1031","2023-08-06","1","web"
"1031","2024-08-21","1","ios"
"1031","2024-08-28","1","ios"
"1031","2024-09-01","1","android"
"1031","2025-06-20","1","android"
"1032","2019-10-20","1","ios"
"1032","2019-10-24","1","ios"
"1033","2023-03-13","1","web"
"1034","2019-10-16","1","web"
"1035","2025-03-07","1","ios"
"1035","2025-03-16","1","ios"
"1035","2025-05-16","1","ios"
"1035","2025-05-20","1","ios"
"1035","2025-05-25","1","android"
"1035","2025-10-21","1","web"
"1035","2025-10-30","1","ios"
"1035","2025-11-01","1","android"
"1036","2024-12-25","1","ios"
"1036","2026-06-27","1","android"
"1037","2021-05-24","1","web"
"1037","2021-06-10","1","android"
"1037","2022-07-13","1","android"
"1037","2022-07-27","1","android"
"1037","2022-07-29","1","ios"
"1037","2022-08-04","1","ios"
"1037","2022-10-23","1","ios"
"1037","2022-10-27","1","android"
"1038","2024-11-06","1","android"
"1038","2024-11-14","1","ios"
"1038","2024-11-20","1","ios"
"1038","2025-03-27","2","android"
"1038","2025-03-30","1","ios"
"1038","2026-04-17","1","web"
"1039","2022-10-10","1","ios"
"1040","2025-03-25","1","android"
"1040","2025-06-30","1","ios"
"1041","2025-10-17","1","android"
"1041","2025-12-18","1","android"
"1041","2026-01-17","1","ios"
"1041","2026-01-23","2","web"
"1041","2026-02-24","1","ios"
"1042","2024-07-16","1","ios"
"1042","2024-09-30","1","web"
"1043","2024-09-04","1","android"
"1043","2024-10-04","1","android"
"1043","2024-10-28","1","web"
"1043","2024-11-03","1","ios"
"1043","2024-11-19","2","ios"
"1044","2019-07-23","1","ios"
"1044","2019-08-25","1","android"
"1044","2022-12-23","1","android"
"1044","2023-10-15","1","ios"
"1044","2025-01-20","1","ios"
"1045","2023-10-06","1","android"
"1045","2023-11-03","1","android"
"1046","2024-11-04","1","android"
"1046","2024-11-16","1","web"
"1047","2025-05-22","1","android"
"1047","2026-05-16","1","ios"
"1048","2024-10-20","1","ios"
"1048","2024-12-22","1","ios"
"1048","2025-12-12","1","ios"
"1048","2026-01-30","1","ios"
"1048","2026-02-09","1","ios"
"1048","2026-02-19","1","ios"
"1049","2024-01-10","1","ios"
"1050","2022-07-30","1","ios"
"1050","2022-08-20","1","android"
"1050","2022-08-24","1","web"
"1050","2022-08-28","1","android"
"1050","2024-04-14","1","android"
"1050","2026-04-19","1","android"
"1051","2021-06-02","1","ios"
"1051","2021-06-16","2","android"
"1051","2021-06-23","1","android"
"1051","2021-06-27","1","web"
"1051","2021-07-02","1","android"
"1051","2021-08-23","1","ios"
"1051","2022-02-25","1","android"
"1051","2022-03-11","1","ios"
"1051","2022-03-14","1","ios"
"1051","2022-03-19","1","android"
"1052","2021-10-28","1","ios"
"1052","2021-10-30","1","ios"
"1052","2021-11-22","2","android"
"1052","2021-12-03","1","android"
"1052","2021-12-27","1","web"
"1052","2021-12-29","1","android"
"1052","2022-01-03","1","ios"
"1053","2024-06-21","1","ios"
"1054","2024-08-10","1","ios"
"1054","2024-09-02","1","ios"
"1054","2024-09-22","1","ios"
"1054","2024-11-04","1","android"
"1054","2024-11-15","1","android"
"1055","2022-12-18","1","ios"
"1056","2025-02-04","1","android"
"1056","2025-08-19","1","ios"
"1056","2026-01-23","1","ios"
"1056","2026-01-25","1","ios"
"1056","2026-02-07","1","ios"
"1057","2025-03-18","1","ios"
"1057","2025-04-06","1","web"
"1057","2025-04-22","1","android"
"1057","2025-05-06","1","web"
"1058","2020-06-01","1","ios"
"1059","2022-03-24","1","web"
"1059","2022-05-13","1","ios"
"1059","2024-03-05","1","ios"
"1059","2024-08-31","1","ios"
"1060","2022-06-09","1","ios"
"1060","2022-06-11","1","android"
"1060","2022-06-18","1","web"
"1060","2023-03-27","1","web"
"1060","2023-04-03","1","ios"
"1060","2024-08-11","1","web"
"1060","2024-08-31","1","web"
"1060","2024-09-03","1","ios"
"1061","2024-01-21","1","ios"
"1061","2024-01-24","1","ios"
"1062","2023-11-04","1","android"
"1063","2026-02-12","1","ios"
"1063","2026-02-25","1","android"
"1064","2022-08-31","1","android"
"1064","2022-09-02","1","android"
"1064","2022-09-16","1","ios"
"1064","2022-09-28","1","ios"
"1064","2022-10-16","1","ios"
"1064","2022-11-16","1","android"
"1064","2022-12-09","1","android"
"1064","2023-10-20","1","ios"
"1064","2025-01-10","1","ios"
"1065","2023-05-31","1","web"
"1065","2023-06-10","1","android"
"1066","2026-03-02","1","ios"
"1066","2026-03-05","1","ios"
"1067","2025-12-25","1","ios"
"1068","2025-05-03","1","ios"
"1068","2025-05-04","1","android"
"1068","2025-05-06","1","android"
"1068","2025-06-04","1","ios"
"1068","2025-06-27","1","ios"
"1068","2025-08-14","1","ios"
"1068","2025-08-20","1","android"
"1068","2025-09-19","1","ios"
"1069","2026-02-18","1","ios"
"1069","2026-03-02","1","web"
"1069","2026-03-21","1","android"
"1070","2023-01-21","1","android"
"1070","2023-01-27","1","ios"
"1070","2023-12-31","1","android"
"1070","2024-01-15","1","android"
"1071","2025-03-17","1","ios"
"1072","2020-09-10","1","ios"
"1072","2020-09-23","1","ios"
"1072","2021-06-21","1","ios"
"1073","2023-10-06","1","android"
"1073","2023-11-02","1","android"
"1073","2024-04-07","1","web"
"1073","2024-04-08","1","ios"
"1073","2024-04-23","1","android"
"1073","2024-05-02","1","web"
"1074","2024-06-15","1","ios"
"1074","2024-07-25","1","ios"
"1074","2024-08-26","1","ios"
"1074","2024-09-03","1","ios"
"1074","2024-09-07","1","ios"
"1074","2025-10-19","1","ios"
"1074","2025-11-14","1","web"
"1074","2025-11-24","1","ios"
"1074","2025-12-02","1","ios"
"1074","2025-12-05","2","android"
"1074","2026-01-09","1","ios"
"1074","2026-01-15","1","ios"
"1075","2025-01-04","1","android"
"1075","2025-01-05","2","web"
"1075","2025-01-15","1","android"
"1075","2025-01-31","1","android"
"1075","2025-05-16","1","ios"
"1075","2025-05-18","1","ios"
"1075","2025-05-24","1","ios"
"1075","2025-06-13","1","ios"
"1075","2025-06-17","1","android"
"1075","2025-11-06","1","web"
"1076","2024-01-29","1","android"
"1077","2024-11-10","1","ios"
"1078","2021-09-24","1","ios"
"1078","2023-11-27","1","ios"
"1079","2023-04-01","1","web"
"1079","2023-04-12","1","ios"
"1079","2023-05-07","1","web"
"1079","2023-06-04","1","web"
"1079","2023-07-21","1","web"
"1079","2023-08-06","1","android"
"1079","2023-08-08","1","android"
"1079","2023-09-18","1","android"
"1079","2023-09-27","1","ios"
"1079","2023-10-28","1","ios"
"1079","2023-11-18","1","ios"
"1079","2023-11-23","1","android"
"1079","2023-12-30","1","ios"
"1079","2024-12-17","1","android"
"1080","2026-06-25","1","ios"
"1081","2020-06-20","1","ios"
"1081","2020-07-01","1","ios"
"1081","2020-07-05","1","ios"
"1082","2021-01-01","1","ios"
"1083","2020-07-01","1","ios"
"1083","2021-12-01","1","ios"
"1083","2021-12-02","1","android"
"1083","2021-12-04","1","ios"
"1083","2021-12-16","1","ios"
"1083","2021-12-30","1","android"
"1083","2022-01-13","1","ios"
"1084","2025-06-12","1","ios"
"1085","2021-02-01","1","ios"
"1085","2021-05-01","1","ios"
"1086","2023-08-07","1","ios"
"1086","2023-09-14","1","ios"
"1086","2024-01-15","1","ios"
"1086","2024-02-03","1","ios"
"1086","2024-02-10","1","ios"
"1087","2025-12-16","1","ios"
"1087","2025-12-27","1","android"
"1087","2026-02-04","1","ios"
"1088","2019-09-08","1","ios"
"1088","2019-09-23","1","web"
"1088","2020-03-05","1","web"
"1088","2020-03-24","1","ios"
"1088","2020-04-09","1","ios"
"1088","2020-04-10","2","web"
"1088","2022-08-01","1","web"
"1088","2022-08-14","1","ios"
"1088","2022-08-21","1","ios"
"1089","2025-06-09","1","ios"
"1089","2025-06-25","1","web"
"1089","2025-06-26","1","ios"
"1089","2025-07-20","1","android"
"1089","2025-08-04","1","web"
"1089","2025-08-22","1","ios"
"1090","2024-04-16","1","android"
"1090","2025-05-25","1","ios"
"1091","2025-04-29","1","web"
"1091","2025-05-04","1","android"
"1091","2025-10-13","2","ios"
"1091","2025-10-14","1","android"
"1091","2025-11-01","1","android"
"1092","2025-04-04","1","ios"
"1092","2025-10-14","1","ios"
"1092","2025-10-31","1","ios"
"1093","2022-02-02","1","ios"
"1093","2022-02-15","1","ios"
"1093","2022-02-24","1","android"
"1093","2022-02-26","1","ios"
"1093","2022-04-12","1","android"
"1093","2022-04-13","1","ios"
"1093","2022-05-02","1","web"
"1093","2022-05-05","1","ios"
"1093","2022-12-16","1","ios"
"1093","2022-12-20","1","android"
"1093","2023-03-03","1","android"
"1093","2023-03-17","1","android"
"1093","2023-03-28","1","android"
"1094","2022-06-14","1","ios"
"1094","2022-07-27","1","ios"
"1094","2024-02-01","1","ios"
"1094","2025-11-02","1","ios"
"1095","2025-05-26","1","ios"
"1095","2025-05-29","1","web"
"1095","2025-06-10","1","android"
"1095","2025-06-15","1","ios"
"1096","2026-03-16","1","ios"
"1097","2026-04-26","1","android"
"1098","2020-12-02","1","ios"
"1098","2020-12-04","1","ios"
"1098","2020-12-05","1","android"
"1098","2020-12-06","1","ios"
"1098","2022-04-13","1","ios"
"1098","2022-04-27","1","ios"
"1098","2022-05-07","1","ios"
"1099","2019-09-15","1","web"
"1099","2019-10-04","1","ios"
"1099","2019-10-10","1","ios"
"1099","2019-10-12","1","web"
"1099","2020-12-04","1","ios"
"1099","2024-02-17","1","ios"
"1100","2023-12-15","1","android"
"1100","2024-01-13","1","ios"
"1100","2024-01-19","1","ios"
"1100","2024-01-20","1","ios"
"1100","2024-01-27","2","android"
"1100","2024-02-10","1","web"
"1100","2024-02-13","1","ios"
"1100","2024-07-23","1","android"
"1100","2025-08-06","1","android"
"1100","2025-08-08","1","ios"
"1100","2026-06-16","1","android"
"1100","2026-06-22","1","ios"
"1100","2026-06-23","1","ios"
"1101","2024-04-05","1","android"
"1101","2024-04-10","1","android"
"1101","2024-04-19","1","web"
"1102","2020-06-26","1","ios"
"1103","2025-03-02","1","ios"
"1103","2025-03-16","1","ios"
"1104","2022-11-16","1","ios"
"1104","2022-12-26","1","android"
"1104","2023-01-06","1","android"
"1104","2023-01-30","1","android"
"1104","2023-03-04","1","ios"
"1104","2023-03-30","2","ios"
"1104","2023-05-10","1","ios"
"1104","2023-05-20","1","ios"
"1105","2023-02-16","1","android"
"1105","2023-02-25","1","android"
"1105","2023-03-15","1","ios"
"1105","2023-03-27","1","ios"
"1106","2024-12-12","1","ios"
"1106","2025-01-03","1","ios"
"1107","2025-03-14","1","ios"
"1107","2025-06-28","1","android"
"1107","2026-06-14","1","web"
"1108","2026-03-13","1","web"
"1108","2026-03-21","1","ios"
"1108","2026-06-07","1","ios"
"1108","2026-06-08","1","web"
"1108","2026-06-23","1","android"
"1109","2025-02-14","1","ios"
"1109","2025-02-22","1","android"
"1110","2021-01-15","1","ios"
"1110","2021-02-01","1","ios"
"1110","2022-09-13","1","ios"
"1111","2024-05-21","1","web"
"1111","2025-07-28","1","ios"
"1111","2025-08-29","1","ios"
"1111","2025-09-03","1","android"
"1112","2021-07-13","1","ios"
"1112","2021-07-30","1","ios"
"1112","2021-07-31","1","ios"
"1112","2021-08-10","1","web"
"1112","2022-01-17","1","ios"
"1113","2019-12-29","1","web"
"1114","2025-03-12","1","ios"
"1114","2026-06-20","1","web"
"1115","2019-10-14","1","ios"
"1116","2021-08-21","1","ios"
"1116","2021-09-21","1","android"
"1116","2024-04-01","1","ios"
"1116","2024-04-11","1","ios"
"1117","2026-04-14","1","web"
"1117","2026-04-26","1","web"
"1118","2025-02-04","1","ios"
"1119","2020-01-24","1","ios"
"1119","2020-01-31","1","ios"
"1119","2020-02-07","1","ios"
"1119","2020-02-08","1","android"
"1119","2020-03-31","1","android"
"1120","2025-10-11","1","ios"
"1121","2023-07-20","1","web"
"1121","2023-08-17","2","ios"
"1122","2026-01-19","1","ios"
"1123","2021-06-14","1","ios"
"1123","2021-09-05","1","ios"
"1123","2021-09-11","1","web"
"1124","2022-08-17","1","web"
"1124","2022-08-22","1","ios"
"1124","2023-10-21","1","android"
"1124","2023-10-26","1","android"
"1124","2024-08-31","1","ios"
"1124","2024-10-27","1","android"
"1124","2025-03-18","1","ios"
"1125","2020-10-15","1","ios"
"1125","2020-10-30","1","web"
"1126","2020-06-25","1","android"
"1126","2024-04-06","1","android"
"1126","2024-04-19","1","web"
"1126","2024-04-27","1","ios"
"1127","2022-10-12","1","ios"
"1128","2026-04-07","1","ios"
"1128","2026-04-26","1","android"
"1128","2026-05-30","1","android"
"1128","2026-06-05","1","ios"
"1129","2021-09-22","1","android"
"1129","2021-10-07","1","android"
"1129","2022-12-30","2","web"
"1129","2023-02-01","1","android"
"1129","2023-02-18","2","android"
"1129","2023-03-01","1","web"
"1130","2023-01-23","1","web"
"1130","2023-02-05","1","ios"
"1130","2023-02-23","1","ios"
"1130","2023-03-19","1","android"
"1130","2023-09-22","1","android"
"1130","2023-09-23","1","ios"
"1130","2023-10-08","1","android"
"1130","2023-10-20","1","web"
"1130","2023-11-07","1","ios"
"1131","2025-05-23","1","android"
"1131","2025-05-26","1","android"
"1131","2025-05-28","1","android"
"1131","2025-06-02","1","ios"
"1132","2023-01-30","1","android"
"1133","2022-04-14","1","web"
"1133","2022-04-23","1","android"
"1133","2022-04-24","1","ios"
"1133","2022-06-09","1","android"
"1133","2022-12-06","1","android"
"1133","2022-12-18","1","ios"
"1133","2023-01-21","1","ios"
"1133","2023-01-31","1","ios"
"1133","2023-02-09","1","ios"
"1133","2023-02-10","1","android"
"1133","2023-11-09","1","android"
"1134","2024-05-22","1","ios"
"1134","2024-06-04","1","android"
"1134","2024-06-11","1","ios"
"1135","2025-11-24","1","android"
"1136","2024-12-12","1","ios"
"1137","2025-05-11","1","ios"
"1137","2025-05-24","1","android"
"1137","2025-06-29","1","android"
"1137","2025-08-01","1","ios"
"1137","2025-08-09","2","ios"
"1137","2025-09-12","1","ios"
"1137","2025-11-25","2","android"
"1137","2025-12-04","1","ios"
"1138","2022-05-04","1","android"
"1138","2022-05-07","1","android"
"1138","2022-05-21","1","ios"
"1138","2023-06-15","1","android"
"1138","2023-07-22","2","android"
"1138","2023-08-23","1","ios"
"1138","2024-09-06","1","web"
"1138","2024-09-10","1","ios"
"1138","2024-09-14","1","web"
"1138","2024-09-20","2","android"
"1138","2024-09-21","1","ios"
"1138","2024-09-28","1","android"
"1138","2025-09-25","1","android"
"1139","2024-06-27","1","android"
"1140","2026-03-06","1","ios"
"1140","2026-03-07","1","android"
"1140","2026-03-19","1","ios"
"1140","2026-03-20","1","ios"
"1140","2026-04-05","1","ios"
"1140","2026-04-10","2","android"
"1140","2026-05-01","1","android"
"1141","2022-05-14","1","ios"
"1141","2022-06-19","1","ios"
"1141","2022-07-05","2","android"
"1141","2022-07-15","1","ios"
"1141","2022-08-10","1","android"
"1141","2022-09-06","1","web"
"1141","2023-05-14","2","ios"
"1141","2023-09-16","1","android"
"1142","2021-04-23","1","web"
"1142","2021-04-24","1","ios"
"1142","2023-08-16","1","android"
"1142","2023-08-22","1","ios"
"1142","2023-09-01","1","android"
"1142","2023-09-17","1","android"
"1142","2024-03-08","1","android"
"1142","2024-09-12","1","android"
"1142","2024-09-21","1","web"
"1142","2025-01-20","1","web"
"1142","2025-02-19","1","android"
"1142","2025-02-21","1","android"
"1142","2025-02-25","1","web"
"1142","2025-03-01","1","web"
"1143","2025-10-29","1","ios"
"1143","2025-11-02","1","ios"
"1144","2025-03-13","1","android"
"1144","2025-04-12","1","web"
"1144","2025-07-06","1","android"
"1144","2025-07-07","1","android"
"1144","2026-03-16","1","web"
"1144","2026-04-20","1","ios"
"1145","2022-05-24","1","web"
"1145","2022-06-02","1","ios"
"1145","2023-02-16","1","ios"
"1145","2023-02-17","1","ios"
"1145","2024-02-14","1","ios"
"1145","2025-05-18","1","android"
"1145","2025-06-01","1","ios"
"1145","2025-06-03","1","ios"
"1145","2025-06-15","1","ios"
"1145","2025-06-17","1","ios"
"1145","2025-07-03","1","android"
"1145","2026-04-09","1","android"
"1146","2024-01-11","1","ios"
"1147","2025-06-18","1","android"
"1147","2025-06-23","1","web"
"1147","2026-02-08","1","ios"
"1147","2026-02-10","1","web"
"1148","2023-03-05","1","android"
"1148","2023-03-29","1","ios"
"1148","2024-10-17","1","android"
"1148","2024-10-27","1","ios"
"1149","2021-08-26","1","ios"
"1149","2021-10-23","1","android"
"1149","2021-11-09","1","android"
"1149","2021-11-14","1","android"
"1149","2021-12-30","1","web"
"1149","2022-01-01","1","ios"
"1149","2022-01-22","1","ios"
"1149","2022-01-29","1","ios"
"1149","2023-04-07","1","ios"
"1149","2023-04-08","1","ios"
"1149","2023-05-01","1","ios"
"1149","2023-05-07","1","ios"
"1149","2023-05-12","1","web"
"1149","2023-06-10","1","android"
"1150","2024-05-29","1","ios"
"1151","2020-10-06","1","android"
"1151","2020-10-26","1","ios"
"1152","2021-11-04","1","web"
"1153","2025-08-28","1","android"
"1153","2025-09-13","1","android"
"1154","2021-11-25","1","android"
"1154","2021-12-25","1","ios"
"1154","2022-01-15","1","ios"
"1154","2022-01-28","1","ios"
"1154","2022-08-28","1","web"
"1154","2022-08-29","1","ios"
"1155","2023-10-26","1","ios"
"1155","2025-04-09","1","ios"
"1156","2023-06-05","1","web"
"1156","2024-01-19","1","ios"
"1156","2024-02-01","1","web"
"1156","2024-02-08","1","web"
"1156","2024-02-27","1","ios"
"1156","2024-03-26","1","ios"
"1156","2025-04-04","1","android"
"1156","2025-04-24","1","ios"
"1156","2025-05-01","1","web"
"1156","2025-11-23","1","ios"
"1156","2025-12-01","1","ios"
"1156","2025-12-02","1","android"
"1156","2026-01-03","1","ios"
"1157","2021-03-15","1","android"
"1157","2021-03-21","1","ios"
"1157","2022-05-09","1","android"
"1157","2022-05-20","1","android"
"1157","2022-05-26","1","web"
"1157","2022-07-01","1","web"
"1157","2022-07-08","1","web"
"1157","2022-07-09","1","android"
"1157","2022-08-18","1","android"
"1157","2022-08-27","1","ios"
"1157","2022-08-28","2","ios"
"1157","2024-12-07","1","android"
"1157","2025-08-26","1","ios"
"1158","2025-11-26","1","web"
"1158","2025-11-29","1","ios"
"1158","2025-12-03","1","web"
"1159","2024-08-31","1","web"
"1159","2025-10-19","1","android"
"1160","2024-09-15","1","ios"
"1160","2024-09-16","1","android"
"1161","2025-01-06","1","ios"
"1161","2025-01-21","1","ios"
"1161","2025-01-24","1","ios"
"1161","2025-01-28","1","android"
"1161","2025-03-24","1","android"
"1162","2021-09-23","1","web"
"1162","2023-05-25","1","android"
"1162","2023-06-12","1","ios"
"1162","2023-06-29","1","ios"
"1162","2023-07-06","1","android"
"1162","2023-07-23","1","web"
"1162","2023-08-04","1","android"
"1162","2023-08-17","1","web"
"1162","2024-06-30","1","ios"
"1162","2025-01-09","1","android"
"1162","2025-10-24","1","android"
"1162","2026-03-17","1","ios"
"1163","2024-08-28","1","ios"
"1163","2024-09-10","1","ios"
"1163","2024-09-17","1","web"
"1163","2024-09-18","1","android"
"1163","2024-09-28","1","ios"
"1163","2024-10-13","1","ios"
"1163","2024-12-14","1","ios"
"1163","2024-12-15","1","android"
"1163","2024-12-22","1","android"
"1163","2025-01-16","1","ios"
"1164","2025-06-15","1","android"
"1164","2025-08-14","1","android"
"1164","2025-09-13","1","android"
"1164","2025-10-24","1","android"
"1164","2025-10-25","1","android"
"1165","2025-01-22","1","android"
"1165","2025-06-28","1","ios"
"1165","2025-07-05","1","ios"
"1165","2025-12-20","1","web"
"1165","2025-12-21","1","web"
"1166","2025-12-02","1","web"
"1166","2025-12-16","1","android"
"1167","2020-04-08","1","ios"
"1167","2022-09-03","1","android"
"1167","2022-10-26","1","android"
"1167","2022-10-28","1","ios"
"1167","2023-03-02","1","ios"
"1168","2022-08-14","1","ios"
"1168","2022-10-30","1","ios"
"1168","2022-12-11","1","ios"
"1168","2022-12-13","1","android"
"1168","2022-12-14","1","ios"
"1168","2022-12-15","1","ios"
"1169","2024-07-29","1","ios"
"1170","2021-07-04","1","ios"
"1171","2025-05-10","1","android"
"1171","2025-05-19","2","ios"
"1171","2025-05-23","1","ios"
"1172","2024-07-11","1","ios"
"1173","2025-02-06","1","ios"
"1173","2025-02-17","1","ios"
"1173","2025-12-12","1","ios"
"1174","2026-04-03","1","android"
"1174","2026-06-15","1","android"
"1175","2026-05-11","1","web"
"1176","2024-01-15","1","android"
"1176","2024-02-05","1","android"
"1176","2024-02-09","1","web"
"1177","2023-01-12","1","ios"
"1177","2023-01-14","1","ios"
"1177","2024-05-08","1","ios"
"1177","2025-01-21","1","web"
"1177","2025-05-23","1","android"
"1178","2020-04-24","1","ios"
"1178","2020-05-12","2","android"
"1178","2020-05-15","1","ios"
"1178","2020-06-10","1","web"
"1179","2021-03-09","1","ios"
"1180","2023-07-18","1","ios"
"1180","2024-09-02","1","ios"
"1180","2024-09-10","2","android"
"1180","2025-07-31","1","android"
"1181","2021-05-12","1","android"
"1181","2021-05-14","1","ios"
"1182","2024-11-28","1","web"
"1183","2022-06-23","1","android"
"1183","2023-09-30","1","web"
"1183","2023-10-02","1","ios"
"1183","2025-06-11","1","android"
"1183","2025-06-29","1","ios"
"1183","2025-07-05","1","web"
"1184","2022-11-19","1","ios"
"1184","2022-12-17","1","android"
"1184","2024-05-05","1","web"
"1184","2024-12-12","1","web"
"1184","2026-01-23","1","ios"
"1185","2020-12-20","1","ios"
"1185","2022-03-25","1","ios"
"1185","2023-05-02","1","web"
"1186","2023-11-24","1","ios"
"1186","2023-12-05","1","ios"
"1186","2024-01-28","1","ios"
"1186","2024-01-29","1","ios"
"1186","2024-02-02","1","ios"
"1186","2024-02-17","1","android"
"1186","2024-02-18","1","android"
"1186","2024-11-24","1","web"
"1187","2021-02-08","1","android"
"1188","2026-05-07","1","web"
"1189","2021-02-10","1","ios"
"1189","2021-04-16","1","ios"
"1189","2021-04-26","1","web"
"1189","2021-05-03","1","web"
"1190","2025-12-10","1","android"
"1190","2025-12-19","1","android"
"1190","2026-01-06","1","ios"
"1190","2026-01-24","1","android"
"1190","2026-03-10","1","ios"
"1190","2026-03-29","1","android"
"1190","2026-04-06","1","android"
"1190","2026-04-13","1","android"
"1191","2024-05-17","1","android"
"1191","2024-05-18","1","ios"
"1191","2024-05-21","1","ios"
"1191","2024-05-31","1","ios"
"1192","2025-03-20","1","web"
"1193","2023-02-18","1","android"
"1193","2023-03-01","1","android"
"1193","2023-04-20","1","ios"
"1193","2023-05-08","1","ios"
"1194","2026-05-13","1","web"
"1195","2020-06-16","1","web"
"1195","2020-07-01","1","web"
"1195","2020-07-12","1","web"
"1195","2020-07-13","1","android"
"1195","2021-07-03","1","android"
"1195","2024-01-18","1","ios"
"1195","2024-01-22","1","ios"
"1196","2025-07-24","1","web"
"1196","2025-07-27","1","ios"
"1197","2020-06-26","1","android"
"1197","2020-07-10","1","android"
"1197","2020-07-16","1","ios"
"1198","2022-04-12","1","ios"
"1198","2022-06-04","1","android"
"1198","2023-02-22","1","web"
"1198","2025-01-07","1","android"
"1198","2025-02-26","1","ios"
"1199","2022-08-06","1","ios"
"1200","2022-11-25","1","ios"
"1200","2022-12-01","1","android"
"1200","2023-08-02","1","ios"
"1201","2022-05-24","1","web"
"1202","2019-07-22","1","android"
"1202","2019-08-15","1","ios"
"1202","2019-08-22","1","ios"
"1203","2025-02-09","1","ios"
"1203","2025-05-04","1","ios"
"1203","2025-05-15","1","ios"
"1203","2026-03-25","1","ios"
"1204","2023-01-22","1","ios"
"1204","2023-02-03","1","android"
"1204","2023-03-01","1","android"
"1204","2023-03-15","1","android"
"1204","2023-03-22","1","web"
"1204","2023-05-05","1","android"
"1204","2023-05-11","1","ios"
"1204","2023-06-05","1","ios"
"1204","2023-07-10","1","android"
"1205","2025-08-04","1","ios"
"1205","2025-08-14","1","ios"
"1206","2023-04-04","1","ios"
"1206","2023-04-07","1","web"
"1206","2023-04-22","1","android"
"1206","2023-11-16","1","web"
"1207","2021-03-31","1","ios"
"1208","2020-09-02","1","ios"
"1208","2020-09-23","1","ios"
"1208","2022-07-16","1","android"
"1209","2022-12-02","1","android"
"1209","2023-02-26","1","web"
"1210","2020-02-05","1","ios"
"1210","2022-02-02","1","web"
"1210","2022-03-15","2","ios"
"1210","2023-01-07","1","android"
"1210","2023-01-20","1","web"
"1210","2023-02-22","1","ios"
"1210","2023-04-08","2","android"
"1210","2024-04-21","1","android"
"1210","2024-04-30","1","android"
"1210","2024-06-03","1","android"
"1210","2024-06-14","1","ios"
"1210","2024-06-15","1","ios"
"1210","2024-06-23","1","android"
"1210","2024-07-09","1","android"
"1210","2024-07-31","1","ios"
"1210","2024-08-07","1","ios"
"1211","2023-02-03","1","ios"
"1211","2026-03-15","2","ios"
"1212","2024-10-12","1","ios"
"1212","2024-11-05","1","ios"
"1212","2024-11-09","1","ios"
"1212","2024-11-21","1","android"
"1212","2026-03-19","1","ios"
"1213","2025-03-07","1","ios"
"1213","2025-03-08","1","ios"
"1213","2025-04-09","1","web"
"1214","2023-10-25","1","android"
"1215","2026-06-16","1","ios"
"1216","2024-12-01","1","android"
"1217","2025-09-26","1","android"
"1217","2025-09-27","1","ios"
"1217","2025-10-03","1","ios"
"1217","2025-10-11","1","android"
"1218","2023-01-14","1","web"
"1218","2024-04-03","1","ios"
"1218","2024-11-02","1","ios"
"1219","2026-01-21","1","web"
"1220","2023-07-31","1","android"
"1220","2025-03-16","2","ios"
"1220","2025-03-18","1","ios"
"1221","2026-06-02","1","ios"
"1222","2024-12-21","1","ios"
"1222","2025-01-26","1","ios"
"1222","2025-02-02","1","ios"
"1222","2025-02-09","1","ios"
"1222","2025-03-21","1","android"
"1222","2025-04-27","1","android"
"1222","2026-01-17","1","web"
"1222","2026-01-21","2","web"
"1222","2026-02-12","1","android"
"1222","2026-02-23","1","ios"
"1222","2026-03-22","1","ios"
"1223","2023-01-26","1","ios"
"1223","2023-03-06","1","web"
"1223","2025-02-06","1","ios"
"1223","2025-02-12","1","android"
"1223","2025-02-15","1","ios"
"1223","2025-11-30","1","ios"
"1223","2025-12-02","1","android"
"1223","2025-12-09","1","web"
"1223","2025-12-11","1","ios"
"1223","2025-12-17","1","ios"
"1223","2026-01-11","1","android"
"1224","2024-10-04","1","web"
"1224","2024-10-20","1","ios"
"1224","2025-01-31","1","ios"
"1225","2021-08-20","1","ios"
"1225","2021-08-25","1","ios"
"1225","2021-09-06","1","ios"
"1225","2021-09-10","1","android"
"1225","2025-01-28","1","ios"
"1225","2025-07-02","1","android"
"1225","2026-03-14","1","ios"
"1226","2021-11-26","1","ios"
"1226","2021-12-19","1","ios"
"1226","2022-08-17","1","web"
"1226","2022-08-26","1","android"
"1226","2022-09-26","1","web"
"1227","2025-03-23","1","ios"
"1227","2025-05-15","2","web"
"1228","2025-06-15","1","android"
"1228","2025-06-22","1","ios"
"1228","2025-07-26","1","ios"
"1228","2025-08-06","1","ios"
"1228","2025-08-09","1","ios"
"1228","2026-02-27","1","ios"
"1228","2026-03-02","1","android"
"1229","2024-12-17","1","ios"
"1229","2024-12-26","1","ios"
"1229","2025-01-13","1","ios"
"1229","2025-01-21","1","ios"
"1229","2025-01-29","1","ios"
"1229","2025-03-09","1","ios"
"1229","2025-04-24","2","web"
"1229","2025-04-29","1","ios"
"1229","2025-07-06","1","ios"
"1230","2026-06-22","1","web"
"1231","2023-01-10","1","ios"
"1232","2026-03-14","1","ios"
"1232","2026-03-27","1","web"
"1232","2026-05-13","1","android"
"1232","2026-05-29","1","web"
"1233","2020-03-26","1","web"
"1233","2020-04-06","1","ios"
"1233","2020-04-10","1","android"
"1233","2020-05-08","1","ios"
"1233","2021-04-03","1","web"
"1233","2022-05-24","1","ios"
"1234","2026-06-23","1","android"
"1235","2023-07-27","1","ios"
"1235","2023-08-21","1","ios"
"1236","2023-07-10","1","android"
"1236","2024-04-26","1","android"
"1236","2024-05-02","1","ios"
"1236","2024-06-11","1","ios"
"1236","2024-06-12","1","ios"
"1236","2025-07-21","1","android"
"1237","2025-12-13","1","ios"
"1237","2026-01-12","1","ios"
"1237","2026-02-18","1","ios"
"1237","2026-02-23","1","android"
"1237","2026-03-17","1","web"
"1237","2026-04-17","1","android"
"1237","2026-06-06","1","android"
"1237","2026-06-09","1","ios"
"1237","2026-06-10","1","web"
"1238","2025-04-26","1","android"
"1238","2025-04-27","1","web"
"1238","2025-05-16","1","android"
"1238","2025-12-10","1","android"
"1238","2025-12-12","1","ios"
"1239","2022-04-01","1","ios"
"1240","2022-04-01","1","web"
"1240","2022-05-18","1","web"
"1240","2022-05-24","1","ios"
"1241","2019-09-20","1","ios"
"1241","2019-09-29","1","android"
"1241","2019-10-05","1","ios"
"1241","2019-10-17","1","ios"
"1242","2019-06-17","1","android"
"1242","2020-03-08","1","android"
"1242","2020-08-14","1","web"
"1243","2022-04-07","1","android"
"1243","2022-05-08","1","android"
"1243","2022-06-08","1","ios"
"1243","2022-06-11","1","ios"
"1243","2022-06-29","1","web"
"1243","2022-07-10","1","ios"
"1243","2022-08-14","1","android"
"1243","2022-09-01","1","ios"
"1243","2022-09-16","1","ios"
"1243","2022-09-25","1","android"
"1243","2022-09-28","1","ios"
"1244","2025-04-09","1","web"
"1244","2025-05-13","1","web"
"1244","2025-11-08","1","ios"
"1244","2025-11-09","1","ios"
"1245","2021-11-26","1","ios"
"1246","2021-10-02","1","android"
"1246","2021-10-03","1","ios"
"1246","2021-10-16","1","ios"
"1246","2021-10-26","1","ios"
"1246","2021-11-14","1","ios"
"1246","2021-12-14","1","ios"
"1246","2022-01-04","1","web"
"1246","2022-09-09","1","ios"
"1246","2024-05-01","1","android"
"1246","2024-05-03","1","ios"
"1246","2024-10-27","1","android"
"1246","2025-06-24","1","ios"
"1247","2022-08-30","1","android"
"1247","2023-03-26","1","ios"
"1247","2023-04-03","1","android"
"1247","2023-04-16","1","android"
"1247","2023-05-16","1","ios"
"1247","2024-05-23","2","ios"
"1248","2026-01-18","1","ios"
"1248","2026-01-23","1","android"
"1248","2026-02-02","1","web"
"1248","2026-02-03","1","android"
"1248","2026-02-06","1","ios"
"1248","2026-02-07","1","ios"
"1248","2026-03-02","1","android"
"1249","2025-08-19","1","ios"
"1249","2025-08-23","1","android"
"1249","2025-09-09","1","android"
"1249","2025-09-11","1","ios"
"1249","2025-11-12","1","web"
"1249","2025-12-25","2","ios"
"1249","2025-12-26","1","ios"
"1249","2026-01-02","1","ios"
"1250","2021-05-05","1","android"
"1251","2025-07-29","1","ios"
"1251","2025-08-01","1","android"
"1252","2023-05-20","1","web"
"1252","2023-05-26","1","ios"
"1252","2023-06-07","1","web"
"1253","2019-06-27","1","web"
"1254","2024-12-08","1","android"
"1255","2021-09-28","1","ios"
"1255","2021-10-03","1","ios"
"1255","2021-10-31","1","ios"
"1255","2022-04-02","1","ios"
"1255","2024-02-24","1","ios"
"1255","2024-03-16","1","android"
"1255","2024-04-18","1","ios"
"1255","2024-04-20","1","android"
"1255","2024-05-13","1","web"
"1255","2024-05-20","1","ios"
"1255","2024-05-30","1","ios"
"1255","2024-09-25","1","ios"
"1255","2024-10-17","1","ios"
"1255","2024-11-06","1","ios"
"1256","2020-08-11","1","ios"
"1257","2020-05-17","1","web"
"1257","2020-05-23","1","web"
"1257","2020-06-12","1","ios"
"1257","2020-06-14","2","ios"
"1257","2020-07-02","1","ios"
"1257","2020-08-06","1","ios"
"1257","2020-08-29","2","web"
"1257","2020-09-02","1","ios"
"1258","2026-02-01","1","web"
"1259","2023-08-28","1","web"
"1259","2025-01-01","1","ios"
"1260","2019-08-25","1","android"
"1260","2019-10-19","1","ios"
"1260","2019-10-29","1","ios"
"1260","2020-07-03","1","ios"
"1260","2021-09-30","1","android"
"1260","2021-10-01","1","android"
"1261","2026-05-03","1","ios"
"1261","2026-05-19","1","ios"
"1261","2026-05-31","1","ios"
"1262","2024-08-18","1","ios"
"1263","2025-04-26","1","ios"
"1263","2025-04-28","1","ios"
"1263","2025-06-12","1","web"
"1263","2025-06-20","1","ios"
"1264","2022-08-12","1","ios"
"1264","2023-06-06","1","ios"
"1264","2023-06-11","1","ios"
"1265","2026-03-28","1","ios"
"1266","2024-08-20","1","ios"
"1267","2026-02-22","1","ios"
"1267","2026-03-13","1","android"
"1267","2026-04-01","1","android"
"1267","2026-04-17","1","ios"
"1267","2026-04-25","1","ios"
"1267","2026-05-02","1","web"
"1268","2023-04-27","1","android"
"1268","2023-05-24","1","ios"
"1269","2024-09-22","1","ios"
"1269","2024-09-23","1","ios"
"1269","2024-10-29","1","ios"
"1269","2025-05-28","1","web"
"1269","2025-06-05","1","web"
"1270","2020-02-25","1","android"
"1270","2020-12-28","1","ios"
"1270","2021-01-16","1","web"
"1271","2022-03-24","1","ios"
"1271","2022-04-14","1","ios"
"1271","2022-04-15","1","web"
"1272","2025-03-22","1","web"
"1273","2025-05-06","1","ios"
"1273","2025-05-09","1","web"
"1273","2025-05-20","1","web"
"1273","2025-07-05","1","android"
"1273","2025-07-26","1","ios"
"1273","2025-07-31","1","android"
"1273","2025-08-16","1","android"
"1273","2025-09-12","1","ios"
"1273","2025-09-13","1","ios"
"1273","2025-09-23","1","ios"
"1274","2025-02-14","1","ios"
"1275","2025-10-20","1","android"
"1276","2020-11-23","1","ios"
"1276","2020-11-25","1","ios"
"1276","2021-01-27","1","ios"
"1276","2021-02-13","1","web"
"1276","2021-02-27","2","ios"
"1276","2021-03-03","1","android"
"1277","2020-08-14","1","ios"
"1277","2020-08-19","1","web"
"1277","2020-09-13","1","android"
"1278","2023-09-26","1","android"
"1279","2022-07-25","1","android"
"1279","2022-11-21","1","ios"
"1280","2025-02-10","1","web"
"1280","2025-03-02","1","ios"
"1280","2026-06-07","1","web"
"1281","2026-06-14","1","android"
"1282","2025-05-06","1","android"
"1283","2024-02-07","1","ios"
"1283","2024-02-22","1","android"
"1284","2021-10-28","1","android"
"1284","2021-12-15","1","ios"
"1284","2023-05-13","1","android"
"1284","2023-07-21","2","android"
"1284","2026-06-17","1","ios"
"1285","2020-10-12","1","android"
"1285","2020-10-16","1","web"
"1285","2020-12-01","1","ios"
"1285","2020-12-24","1","ios"
"1285","2021-01-16","1","ios"
"1285","2021-02-22","1","ios"
"1285","2023-12-06","1","ios"
"1285","2024-08-01","1","ios"
"1285","2025-06-09","1","ios"
"1286","2019-04-19","1","android"
"1286","2019-05-04","1","ios"
"1286","2019-05-05","1","android"
"1286","2019-05-17","1","ios"
"1286","2020-03-12","1","ios"
"1286","2020-04-26","2","android"
"1286","2020-05-02","1","android"
"1286","2020-05-06","1","ios"
"1286","2020-05-09","1","android"
"1286","2020-06-26","1","android"
"1287","2021-06-20","1","android"
"1287","2023-02-08","1","ios"
"1287","2023-02-13","1","android"
"1288","2025-03-28","1","ios"
"1288","2025-04-05","1","ios"
"1289","2024-12-02","1","ios"
"1289","2025-06-03","1","ios"
"1290","2024-04-16","1","ios"
"1291","2020-08-02","1","web"
"1291","2020-08-08","1","android"
"1291","2020-08-16","1","android"
"1291","2020-08-18","1","web"
"1291","2021-02-08","1","android"
"1291","2021-02-20","2","web"
"1291","2021-09-25","1","ios"
"1291","2022-02-18","1","ios"
"1291","2022-10-06","2","ios"
"1291","2022-10-21","1","ios"
"1291","2023-05-17","1","web"
"1291","2023-05-21","1","android"
"1291","2023-06-18","1","android"
"1291","2023-06-19","1","ios"
"1292","2025-04-22","1","ios"
"1292","2025-06-02","1","android"
"1292","2025-06-08","1","ios"
"1292","2025-06-13","1","ios"
"1292","2025-06-14","1","ios"
"1292","2026-05-10","1","ios"
"1292","2026-06-11","1","ios"
"1292","2026-06-15","1","ios"
"1293","2024-10-16","1","ios"
"1293","2025-11-22","1","ios"
"1293","2025-12-09","1","ios"
"1294","2021-06-05","1","android"
"1294","2022-02-26","1","ios"
"1295","2021-03-22","1","ios"
"1296","2023-06-30","1","web"
"1297","2025-05-30","1","android"
"1297","2025-06-02","1","android"
"1297","2025-12-15","1","ios"
"1298","2023-08-29","1","ios"
"1299","2022-04-22","1","android"
"1299","2022-05-05","1","android"
"1299","2022-05-15","1","ios"
"1299","2022-05-29","1","ios"
"1299","2022-06-24","1","android"
"1300","2024-06-03","1","ios"
"1300","2024-06-07","1","ios"
"1300","2024-07-03","1","android"
"1300","2024-07-24","1","android"
"1300","2024-08-09","1","android"
"1300","2025-05-06","1","android"
"1300","2025-05-08","1","ios"
"1300","2025-05-09","1","ios"
"1300","2025-05-14","1","android"
"1300","2025-05-29","1","android"
"1300","2025-06-29","2","android"
"1300","2025-07-23","1","ios"
"1300","2025-08-26","1","ios"
"1301","2022-01-23","1","android"
"1302","2022-12-07","1","android"
"1302","2023-04-30","1","android"
"1302","2023-06-10","1","web"
"1302","2023-06-24","1","ios"
"1302","2026-02-12","1","ios"
"1302","2026-03-02","1","ios"
"1302","2026-03-09","1","ios"
"1302","2026-03-15","1","android"
"1302","2026-04-17","1","ios"
"1303","2022-03-12","1","ios"
"1303","2023-01-11","1","android"
"1304","2022-11-13","1","android"
"1305","2024-10-30","1","web"
"1305","2024-11-07","1","web"
"1305","2025-05-14","2","web"
"1305","2025-05-25","1","ios"
"1305","2025-09-23","1","ios"
"1305","2025-09-24","1","ios"
"1305","2025-10-08","2","ios"
"1306","2023-10-20","1","ios"
"1306","2025-03-25","1","ios"
"1306","2025-06-28","1","ios"
"1306","2025-07-07","1","ios"
"1306","2025-07-26","1","ios"
"1306","2025-07-28","2","android"
"1306","2025-07-29","1","ios"
"1307","2020-06-22","1","web"
"1307","2020-06-23","1","android"
"1308","2023-03-23","1","ios"
"1308","2023-03-25","1","ios"
"1308","2023-03-29","1","web"
"1308","2023-07-12","1","web"
"1309","2021-08-11","1","web"
"1310","2021-02-20","1","ios"
"1310","2021-02-23","1","ios"
"1311","2021-08-07","1","android"
"1312","2019-02-09","1","ios"
"1312","2019-02-10","1","android"
"1313","2025-05-10","1","android"
"1313","2025-05-17","1","web"
"1314","2022-02-08","1","android"
"1314","2022-02-12","1","android"
"1315","2024-04-15","1","ios"
"1315","2024-04-16","1","ios"
"1315","2024-04-30","2","web"
"1315","2024-05-08","1","web"
"1315","2024-05-28","2","ios"
"1315","2024-08-22","1","ios"
"1315","2024-09-07","1","web"
"1315","2025-06-02","2","android"
"1315","2025-06-14","1","ios"
"1316","2024-04-09","1","android"
"1316","2024-04-19","2","ios"
"1316","2024-05-23","1","ios"
"1316","2024-06-02","1","android"
"1316","2024-06-19","1","android"
"1316","2025-11-07","1","ios"
"1317","2024-05-06","1","android"
"1317","2025-03-11","1","web"
"1318","2025-03-12","1","ios"
"1319","2020-12-20","1","ios"
"1319","2021-01-19","1","ios"
"1320","2023-08-28","1","ios"
"1320","2023-09-27","1","ios"
"1320","2023-10-07","1","ios"
"1320","2023-10-24","1","ios"
"1320","2023-11-03","1","web"
"1320","2023-11-15","1","web"
"1320","2023-12-06","1","ios"
"1320","2025-01-01","1","ios"
"1320","2025-01-10","1","ios"
"1320","2025-01-13","1","ios"
"1321","2025-08-17","1","ios"
"1322","2021-03-21","1","ios"
"1322","2021-07-01","1","ios"
"1323","2021-07-24","1","ios"
"1323","2022-11-29","1","ios"
"1323","2022-12-06","1","web"
"1323","2023-01-06","1","ios"
"1323","2023-07-10","1","android"
"1323","2023-07-11","1","web"
"1324","2025-07-12","1","web"
"1324","2025-07-25","1","ios"
"1324","2025-07-30","1","android"
"1324","2025-08-03","1","web"
"1325","2019-10-25","1","web"
"1325","2020-09-27","1","android"
"1325","2020-10-07","1","android"
"1326","2024-05-13","1","ios"
"1326","2024-06-16","1","ios"
"1326","2024-06-23","1","web"
"1326","2024-06-28","1","android"
"1326","2025-01-26","1","ios"
"1327","2025-10-09","1","android"
"1328","2025-02-25","1","ios"
"1328","2025-03-03","1","android"
"1328","2025-03-07","1","ios"
"1329","2024-06-11","1","web"
"1329","2024-07-01","1","android"
"1330","2024-03-04","1","ios"
"1330","2025-05-07","1","ios"
"1330","2025-05-10","1","ios"
"1331","2023-01-29","1","android"
"1332","2026-03-01","1","ios"
"1332","2026-03-05","1","ios"
"1333","2025-04-05","1","ios"
"1333","2025-04-19","1","android"
"1334","2023-11-07","1","android"
"1334","2023-11-09","1","ios"
"1335","2024-10-24","1","ios"
"1335","2024-10-25","1","ios"
"1335","2024-12-13","1","ios"
"1335","2025-01-31","1","android"
"1335","2025-02-08","1","web"
"1335","2025-02-22","1","ios"
"1335","2025-03-02","1","android"
"1336","2023-08-16","1","android"
"1337","2024-03-11","1","android"
"1337","2024-03-22","1","ios"
"1338","2025-10-02","1","ios"
"1339","2026-03-11","1","ios"
"1339","2026-04-02","1","ios"
"1339","2026-04-23","2","ios"
"1339","2026-04-27","1","android"
"1339","2026-05-10","1","ios"
"1339","2026-05-15","1","ios"
"1340","2022-02-04","1","ios"
"1340","2022-02-08","1","ios"
"1340","2024-09-12","1","android"
"1340","2024-10-04","1","ios"
"1340","2024-10-13","1","web"
"1340","2025-09-24","1","ios"
"1341","2024-02-23","1","ios"
"1342","2020-09-08","1","android"
"1342","2020-10-11","1","ios"
"1343","2025-08-20","1","web"
"1344","2022-04-20","1","web"
"1344","2022-05-06","1","ios"
"1344","2022-05-10","1","android"
"1344","2022-05-16","1","android"
"1344","2022-05-17","1","web"
"1344","2022-05-18","1","ios"
"1344","2022-05-19","1","android"
"1344","2022-05-27","1","web"
"1344","2022-06-14","1","ios"
"1344","2022-06-20","1","web"
"1344","2022-07-17","1","android"
"1344","2022-07-18","1","ios"
"1344","2022-07-20","1","ios"
"1344","2022-07-22","1","ios"
"1344","2022-07-23","1","ios"
"1344","2022-07-28","1","android"
"1344","2022-08-03","1","ios"
"1344","2022-08-05","1","ios"
"1344","2022-09-03","1","android"
"1344","2022-10-15","1","web"
"1344","2022-10-21","1","ios"
"1344","2022-12-20","1","ios"
"1344","2023-02-09","1","android"
"1344","2024-05-23","1","ios"
"1345","2025-06-15","1","android"
"1345","2025-06-21","1","ios"
"1346","2026-03-13","1","ios"
"1347","2025-06-19","1","ios"
"1347","2025-06-20","1","web"
"1347","2025-12-19","1","android"
"1347","2025-12-28","1","ios"
"1348","2025-09-12","1","ios"
"1349","2022-08-20","1","web"
"1349","2022-08-26","1","web"
"1349","2022-09-08","1","ios"
"1350","2024-08-02","1","web"
"1351","2023-10-15","1","android"
"1351","2023-11-15","1","ios"
"1351","2023-11-25","1","ios"
"1351","2023-12-19","1","android"
"1351","2025-03-27","2","ios"
"1351","2025-04-30","1","android"
"1351","2025-05-07","1","android"
"1351","2025-05-10","1","ios"
"1352","2023-08-27","1","android"
"1353","2024-11-27","1","android"
"1353","2025-03-07","1","ios"
"1353","2025-03-19","1","android"
"1354","2024-11-15","1","android"
"1354","2025-07-17","1","ios"
"1355","2025-03-09","1","android"
"1355","2026-01-09","1","ios"
"1355","2026-06-12","1","web"
"1355","2026-06-17","1","android"
"1356","2025-03-09","1","android"
"1357","2024-03-08","1","android"
"1357","2024-03-22","1","ios"
"1357","2024-04-10","1","ios"
"1357","2024-05-07","1","ios"
"1357","2024-06-12","1","android"
"1357","2024-06-29","1","web"
"1358","2023-09-02","1","ios"
"1358","2023-09-07","1","ios"
"1358","2024-08-11","1","ios"
"1358","2024-08-13","1","android"
"1359","2021-05-04","1","android"
"1359","2021-05-15","1","ios"
"1359","2021-05-20","1","ios"
"1359","2021-05-25","1","ios"
"1359","2022-08-25","1","android"
"1359","2023-11-06","1","web"
"1360","2022-07-14","1","android"
"1360","2023-05-22","1","ios"
"1360","2023-06-05","1","ios"
"1361","2024-05-01","1","web"
"1362","2025-02-12","1","web"
"1362","2025-06-12","1","android"
"1362","2026-06-28","1","ios"
"1363","2021-04-23","1","ios"
"1363","2021-05-09","1","android"
"1364","2020-07-15","1","web"
"1365","2025-12-24","1","ios"
"1366","2025-08-02","1","ios"
"1366","2025-09-09","1","android"
"1366","2025-09-29","1","android"
"1367","2020-08-10","1","web"
"1367","2020-08-16","1","ios"
"1367","2021-01-16","1","web"
"1367","2022-03-09","2","web"
"1367","2022-07-16","1","web"
"1368","2024-04-21","1","web"
"1368","2026-02-25","1","ios"
"1368","2026-02-26","1","ios"
"1369","2020-08-11","1","android"
"1369","2020-08-29","1","ios"
"1369","2020-12-13","1","web"
"1369","2021-01-01","1","ios"
"1369","2021-01-05","1","ios"
"1369","2021-01-15","1","web"
"1370","2024-11-28","1","ios"
"1370","2025-01-04","1","web"
"1370","2025-01-20","1","ios"
"1371","2022-04-17","1","ios"
"1371","2024-05-18","1","ios"
"1371","2025-05-16","1","ios"
"1371","2025-05-17","1","android"
"1372","2026-01-15","1","ios"
"1373","2020-06-14","1","android"
"1373","2020-06-15","1","android"
"1373","2020-08-07","1","android"
"1373","2021-10-11","2","web"
"1373","2021-11-03","1","ios"
"1374","2021-09-22","1","ios"
"1374","2021-11-11","1","ios"
"1374","2021-11-17","1","android"
"1374","2021-12-08","1","web"
"1374","2021-12-10","1","android"
"1374","2021-12-26","2","web"
"1375","2024-04-09","1","ios"
"1375","2025-09-28","1","ios"
"1376","2023-06-06","1","ios"
"1376","2025-05-10","1","ios"
"1377","2025-10-08","1","web"
"1377","2025-10-18","1","ios"
"1378","2024-12-22","1","android"
"1379","2024-09-22","1","android"
"1379","2024-09-24","1","web"
"1379","2024-10-05","1","ios"
"1379","2024-10-26","1","ios"
"1379","2025-12-09","2","android"
"1380","2025-07-06","1","ios"
"1381","2023-12-01","1","ios"
"1381","2023-12-20","1","ios"
"1381","2023-12-21","1","android"
"1381","2024-06-27","1","web"
"1382","2022-09-01","1","android"
"1382","2025-09-22","1","ios"
"1382","2026-06-01","1","ios"
"1383","2024-11-03","1","ios"
"1383","2024-11-10","1","ios"
"1384","2022-10-16","1","ios"
"1384","2022-11-10","1","ios"
"1384","2022-11-26","1","ios"
"1384","2022-12-07","1","web"
"1384","2023-04-11","1","ios"
"1384","2023-08-18","1","android"
"1384","2024-03-05","1","ios"
"1385","2021-07-10","1","ios"
"1385","2021-07-18","1","ios"
"1385","2021-08-17","1","android"
"1385","2021-09-30","1","android"
"1385","2021-10-20","1","android"
"1385","2021-12-28","1","android"
"1385","2023-03-13","1","ios"
"1386","2023-01-23","1","android"
"1386","2023-01-24","1","android"
"1386","2023-02-06","1","android"
"1386","2023-02-09","1","ios"
"1386","2023-02-10","1","web"
"1387","2026-03-30","1","android"
"1388","2026-01-07","1","ios"
"1389","2019-10-16","1","web"
"1390","2022-12-28","1","web"
"1391","2022-01-29","1","ios"
"1391","2022-02-05","1","web"
"1391","2022-07-25","1","ios"
"1391","2022-07-26","1","web"
"1391","2022-07-28","1","ios"
"1391","2022-08-01","1","ios"
"1391","2022-08-02","1","ios"
"1391","2022-08-03","1","android"
"1391","2022-10-20","1","ios"
"1391","2022-10-21","1","web"
"1391","2022-11-19","1","web"
"1391","2024-04-28","1","android"
"1392","2025-12-28","1","ios"
"1392","2026-01-20","1","ios"
"1393","2026-03-22","1","ios"
"1393","2026-06-29","1","web"
"1394","2021-06-02","1","android"
"1394","2021-06-03","1","android"
"1394","2021-06-15","1","ios"
"1395","2026-01-26","1","android"
"1396","2026-02-03","1","web"
"1397","2023-03-24","1","ios"
"1397","2023-05-03","1","ios"
"1397","2023-05-25","1","ios"
"1397","2023-05-28","1","android"
"1397","2023-09-12","1","ios"
"1397","2023-09-21","1","ios"
"1397","2023-09-24","1","web"
"1397","2025-09-15","2","android"
"1397","2025-09-19","1","ios"
"1397","2025-10-11","2","android"
"1397","2026-03-21","1","android"
"1397","2026-03-23","1","web"
"1397","2026-03-24","1","ios"
"1397","2026-04-01","1","ios"
"1397","2026-04-18","1","ios"
"1397","2026-04-22","1","ios"
"1397","2026-05-16","1","ios"
"1398","2023-06-01","1","ios"
"1398","2023-06-04","1","android"
"1399","2025-12-24","1","ios"
"1399","2025-12-27","1","android"
"1400","2021-08-08","1","ios"
"1400","2022-09-01","1","web"
"1400","2023-01-04","1","android"
"1400","2023-01-24","1","ios"
"1401","2026-03-28","1","web"
"1402","2021-09-10","1","android"
"1402","2021-10-01","1","android"
"1402","2021-11-19","1","ios"
"1402","2021-12-18","1","ios"
"1402","2021-12-23","1","ios"
"1402","2022-01-24","1","android"
"1402","2022-03-15","1","android"
"1402","2022-03-19","1","ios"
"1402","2022-03-27","1","android"
"1402","2022-04-11","1","android"
"1402","2022-06-17","1","android"
"1402","2022-07-31","1","android"
"1402","2022-08-22","1","android"
"1402","2022-09-12","1","ios"
"1402","2022-10-13","1","android"
"1402","2022-10-16","1","android"
"1403","2025-07-12","1","ios"
"1403","2025-07-13","1","android"
"1403","2025-08-15","1","web"
"1403","2025-08-21","1","android"
"1404","2020-08-31","1","ios"
"1404","2020-12-18","1","android"
"1404","2021-03-03","1","ios"
"1404","2021-03-09","1","web"
"1404","2021-03-12","1","web"
"1404","2021-03-20","1","web"
"1405","2026-06-13","1","android"
"1405","2026-06-26","1","ios"
"1406","2020-04-29","1","web"
"1406","2020-05-22","1","ios"
"1406","2020-05-28","1","web"
"1406","2020-06-22","1","web"
"1406","2021-01-03","1","web"
"1406","2021-01-22","1","android"
"1406","2022-02-24","1","ios"
"1406","2022-02-26","1","ios"
"1406","2022-03-21","1","android"
"1406","2022-04-09","1","ios"
"1406","2022-04-13","1","ios"
"1406","2022-04-14","1","ios"
"1406","2022-05-18","1","web"
"1407","2024-05-08","1","web"
"1407","2024-05-09","1","android"
"1407","2024-10-23","1","ios"
"1407","2025-08-02","1","ios"
"1407","2025-12-16","1","ios"
"1408","2021-05-03","1","android"
"1408","2021-05-17","1","android"
"1408","2021-05-19","1","android"
"1408","2024-02-28","1","ios"
"1408","2024-07-28","1","ios"
"1408","2025-10-14","1","ios"
"1409","2025-01-16","1","ios"
"1410","2023-10-13","1","android"
"1411","2023-04-27","1","android"
"1411","2023-05-04","1","ios"
"1411","2023-05-06","1","ios"
"1411","2023-05-25","2","ios"
"1411","2023-06-10","1","ios"
"1411","2023-06-11","1","web"
"1412","2025-04-10","1","android"
"1412","2025-05-11","1","ios"
"1412","2025-05-18","1","ios"
"1412","2026-02-15","1","ios"
"1412","2026-02-16","1","android"
"1413","2022-01-10","1","android"
"1413","2022-03-13","1","web"
"1413","2022-03-23","1","android"
"1413","2022-03-24","1","ios"
"1413","2022-04-09","1","web"
"1413","2022-11-09","1","ios"
"1413","2022-12-10","1","android"
"1413","2022-12-16","2","ios"
"1413","2022-12-17","2","ios"
"1413","2022-12-29","1","ios"
"1413","2023-01-09","2","ios"
"1413","2024-04-06","1","android"
"1414","2024-01-17","1","web"
"1414","2024-01-26","1","web"
"1414","2024-02-21","2","ios"
"1414","2024-08-18","1","ios"
"1414","2024-10-19","1","android"
"1414","2025-03-16","2","web"
"1415","2025-05-10","1","ios"
"1415","2025-05-20","2","android"
"1415","2025-06-16","1","web"
"1415","2025-07-09","1","ios"
"1415","2025-07-23","1","ios"
"1415","2025-08-16","1","ios"
"1415","2025-08-29","1","ios"
"1415","2026-06-01","1","ios"
"1416","2026-04-03","1","ios"
"1416","2026-04-12","1","ios"
"1416","2026-04-17","1","ios"
"1417","2025-06-24","1","ios"
"1417","2025-06-28","1","ios"
"1417","2026-01-29","1","ios"
"1417","2026-02-22","1","ios"
"1418","2020-04-01","1","android"
"1418","2020-04-09","1","ios"
"1418","2021-08-13","1","ios"
"1418","2022-03-19","1","ios"
"1419","2024-06-29","1","ios"
"1419","2025-07-31","1","ios"
"1420","2024-06-15","1","web"
"1421","2023-09-27","1","android"
"1421","2023-10-14","1","ios"
"1421","2023-10-25","1","web"
"1421","2023-10-30","1","ios"
"1421","2023-11-16","2","ios"
"1421","2023-11-29","1","ios"
"1421","2023-12-02","1","android"
"1421","2023-12-06","1","ios"
"1421","2023-12-11","1","android"
"1421","2024-01-14","1","android"
"1422","2020-05-27","1","android"
"1422","2020-06-10","1","web"
"1422","2021-08-11","1","web"
"1422","2021-09-12","1","ios"
"1422","2021-09-16","1","android"
"1422","2021-09-17","1","web"
"1422","2021-10-17","1","ios"
"1422","2021-10-23","2","ios"
"1422","2021-12-06","1","ios"
"1422","2021-12-13","1","android"
"1422","2021-12-17","2","ios"
"1422","2021-12-18","1","ios"
"1422","2021-12-29","2","android"
"1422","2022-01-30","1","web"
"1422","2023-03-09","1","ios"
"1422","2023-03-11","1","ios"
"1422","2023-03-13","1","ios"
"1422","2023-11-13","1","ios"
"1422","2023-11-17","1","ios"
"1422","2023-12-06","1","ios"
"1423","2025-08-19","1","android"
"1423","2025-10-25","1","android"
"1424","2023-06-29","1","web"
"1424","2023-07-11","1","ios"
"1424","2024-03-28","1","android"
"1425","2022-06-06","1","android"
"1425","2022-10-27","1","android"
"1426","2023-01-27","1","ios"
"1426","2023-04-15","1","ios"
"1426","2023-05-07","1","android"
"1426","2023-05-15","1","android"
"1426","2023-12-04","1","web"
"1426","2024-05-13","1","android"
"1427","2022-10-31","1","ios"
"1428","2021-11-21","1","ios"
"1428","2022-01-30","1","ios"
"1429","2023-12-18","1","ios"
"1430","2025-03-30","1","android"
"1430","2025-04-17","1","web"
"1430","2025-04-26","1","android"
"1430","2025-04-27","1","ios"
"1430","2025-06-10","1","web"
"1430","2025-07-14","1","ios"
"1430","2025-10-09","1","ios"
"1431","2019-07-19","1","ios"
"1431","2019-07-20","1","web"
"1431","2020-01-04","1","android"
"1431","2020-10-16","1","ios"
"1431","2021-10-13","1","ios"
"1431","2022-06-24","1","ios"
"1432","2021-03-22","1","ios"
"1432","2021-04-08","1","android"
"1433","2020-05-01","1","web"
"1433","2020-05-24","1","ios"
"1434","2019-04-14","1","ios"
"1434","2019-11-18","1","android"
"1434","2019-12-11","1","web"
"1434","2019-12-13","1","ios"
"1434","2020-01-16","1","android"
"1435","2026-04-24","1","web"
"1435","2026-05-11","1","ios"
"1436","2023-06-23","1","web"
"1437","2026-05-02","1","ios"
"1438","2020-09-13","1","web"
"1438","2020-09-20","1","ios"
"1439","2023-03-27","1","web"
"1439","2023-11-03","1","ios"
"1439","2024-04-08","1","android"
"1440","2025-07-25","1","web"
"1440","2025-08-15","1","ios"
"1441","2023-08-12","1","android"
"1441","2024-04-16","1","ios"
"1441","2024-11-26","1","ios"
"1441","2025-11-25","1","android"
"1442","2024-08-06","1","ios"
"1442","2024-08-16","1","ios"
"1442","2024-08-23","1","android"
"1442","2024-10-20","1","android"
"1442","2024-10-29","1","ios"
"1443","2026-05-19","1","ios"
"1443","2026-05-20","1","android"
"1444","2026-05-07","1","ios"
"1444","2026-05-18","1","web"
"1444","2026-05-25","1","ios"
"1445","2026-06-11","1","ios"
"1446","2026-03-23","1","ios"
"1447","2022-09-21","1","ios"
"1447","2022-09-24","1","ios"
"1447","2022-09-26","1","android"
"1447","2022-11-23","1","ios"
"1447","2022-12-27","1","android"
"1447","2023-01-21","2","android"
"1448","2024-10-03","1","ios"
"1448","2024-10-13","1","ios"
"1448","2024-10-18","1","android"
"1448","2025-02-01","1","ios"
"1448","2025-02-18","1","android"
"1449","2023-04-29","1","android"
"1449","2023-09-18","1","ios"
"1449","2023-10-18","1","web"
"1450","2023-11-18","1","android"
"1450","2024-05-12","1","web"
"1451","2023-05-13","1","web"
"1452","2025-05-30","1","ios"
"1452","2025-06-23","1","ios"
"1453","2021-03-28","1","web"
"1453","2021-04-02","1","ios"
"1454","2020-05-17","1","ios"
"1455","2022-09-06","1","android"
"1455","2024-04-03","1","web"
"1455","2025-01-25","1","ios"
"1456","2026-05-08","1","web"
"1457","2023-12-08","1","android"
"1458","2020-12-05","1","ios"
"1459","2023-09-25","1","android"
"1459","2023-09-27","1","ios"
"1459","2023-11-16","1","android"
"1459","2023-12-19","1","ios"
"1460","2019-05-24","1","android"
"1460","2019-06-09","1","android"
"1460","2019-06-19","1","web"
"1460","2019-06-21","1","android"
"1460","2020-11-15","2","web"
"1460","2020-12-04","1","ios"
"1460","2020-12-07","1","android"
"1460","2022-07-10","1","android"
"1461","2021-01-18","1","ios"
"1461","2021-01-27","1","ios"
"1461","2021-03-19","1","ios"
"1462","2021-03-26","1","ios"
"1462","2021-03-31","1","web"
"1462","2021-04-02","1","web"
"1462","2021-04-08","1","web"
"1463","2024-10-14","1","android"
"1463","2024-10-15","1","ios"
"1463","2024-10-31","1","ios"
"1464","2026-01-15","1","ios"
"1464","2026-01-26","1","ios"
"1465","2024-09-11","1","android"
"1465","2024-11-02","1","ios"
"1466","2023-07-23","1","web"
"1466","2025-08-21","1","ios"
"1466","2025-08-24","1","ios"
"1467","2019-11-11","1","web"
"1467","2022-09-04","1","ios"
"1467","2023-04-24","1","web"
"1468","2023-04-10","1","android"
"1468","2023-04-14","1","ios"
"1468","2023-04-20","1","ios"
"1468","2023-04-21","1","ios"
"1468","2024-01-15","1","ios"
"1468","2026-02-24","1","ios"
"1469","2026-06-20","1","ios"
"1470","2022-06-06","1","android"
"1470","2022-06-09","1","web"
"1470","2022-06-15","1","android"
"1470","2022-06-16","1","ios"
"1470","2022-12-28","1","android"
"1470","2023-01-20","1","android"
"1470","2023-01-27","1","web"
"1470","2023-02-05","1","web"
"1470","2023-02-06","1","ios"
"1470","2023-03-07","1","web"
"1470","2024-03-20","1","web"
"1470","2024-05-03","1","web"
"1470","2024-07-13","1","web"
"1470","2024-08-27","1","web"
"1470","2024-09-19","1","web"
"1470","2024-09-22","1","ios"
"1470","2024-09-27","1","ios"
"1470","2025-10-20","1","web"
"1470","2025-10-21","1","android"
"1471","2023-03-08","1","ios"
"1471","2023-03-28","1","ios"
"1471","2024-06-21","1","ios"
"1471","2025-03-19","1","ios"
"1471","2025-04-19","1","ios"
"1471","2025-04-28","1","android"
"1472","2020-02-28","1","ios"
"1472","2020-03-23","1","ios"
"1472","2020-03-28","1","ios"
"1473","2024-12-02","1","web"
"1473","2024-12-09","1","ios"
"1474","2024-05-01","1","android"
"1474","2024-05-03","1","web"
"1474","2024-06-12","2","ios"
"1474","2025-04-05","1","android"
"1474","2025-04-10","1","android"
"1474","2025-04-12","1","web"
"1474","2025-04-20","2","ios"
"1474","2026-06-03","1","ios"
"1475","2020-05-21","1","ios"
"1475","2021-03-22","1","ios"
"1475","2021-04-10","1","ios"
"1475","2021-05-25","1","android"
"1475","2021-06-18","1","ios"
"1475","2021-12-05","2","ios"
"1475","2022-06-14","1","ios"
"1476","2023-08-03","1","ios"
"1477","2024-10-20","1","ios"
"1477","2024-11-22","1","ios"
"1477","2024-12-02","2","ios"
"1477","2025-03-04","1","ios"
"1477","2025-03-22","1","ios"
"1478","2021-10-07","1","ios"
"1478","2022-04-30","1","android"
"1478","2022-05-22","1","web"
"1478","2022-08-04","1","ios"
"1478","2022-08-16","1","ios"
"1478","2022-08-18","1","ios"
"1478","2022-09-19","1","android"
"1478","2022-10-13","1","ios"
"1479","2022-12-18","1","android"
"1480","2020-01-27","1","ios"
"1480","2020-02-02","1","web"
"1480","2020-02-13","1","ios"
"1480","2020-02-14","1","ios"
"1480","2021-04-16","1","ios"
"1480","2021-04-18","1","web"
"1480","2021-05-12","1","ios"
"1481","2022-05-26","1","ios"
"1481","2023-07-03","1","ios"
"1481","2023-11-02","1","ios"
"1481","2023-12-01","1","ios"
"1482","2023-10-23","1","android"
"1482","2024-11-26","1","ios"
"1483","2025-05-01","1","web"
"1483","2025-10-08","1","web"
"1484","2023-06-28","1","ios"
"1484","2023-12-02","1","ios"
"1484","2023-12-03","1","android"
"1484","2023-12-27","1","ios"
"1484","2025-02-12","1","ios"
"1484","2025-03-24","1","ios"
"1484","2026-05-02","1","web"
"1485","2020-12-11","1","web"
"1485","2020-12-14","1","android"
"1485","2021-06-18","1","ios"
"1485","2022-06-21","1","ios"
"1486","2023-10-16","1","android"
"1487","2021-08-19","1","android"
"1487","2021-09-02","1","ios"
"1487","2021-09-09","1","web"
"1487","2021-09-18","1","ios"
"1487","2021-09-25","1","android"
"1487","2021-10-17","1","android"
"1487","2021-10-19","1","ios"
"1487","2021-12-01","1","web"
"1487","2021-12-03","1","ios"
"1487","2021-12-05","1","android"
"1487","2021-12-06","1","android"
"1487","2021-12-24","2","ios"
"1488","2024-07-25","1","ios"
"1488","2024-07-27","1","ios"
"1488","2025-06-23","1","ios"
"1488","2025-06-28","1","android"
"1488","2025-07-10","1","ios"
"1488","2025-08-02","1","android"
"1488","2025-08-03","1","android"
"1488","2025-10-01","1","ios"
"1489","2021-10-09","1","android"
"1489","2023-03-02","1","web"
"1490","2023-05-15","1","android"
"1490","2024-06-02","1","ios"
"1490","2024-06-19","1","android"
"1490","2024-06-20","1","ios"
"1490","2024-06-28","1","web"
"1490","2024-08-08","1","android"
"1490","2024-08-12","1","android"
"1490","2024-08-16","1","web"
"1490","2025-08-08","1","android"
"1490","2025-08-15","1","web"
"1490","2025-08-24","1","web"
"1490","2025-10-15","1","ios"
"1490","2025-11-16","1","web"
"1490","2026-03-11","1","android"
"1490","2026-04-06","1","android"
"1491","2022-08-01","1","web"
"1491","2022-08-03","1","ios"
"1491","2022-08-15","1","android"
"1491","2022-08-16","1","android"
"1491","2022-09-11","1","android"
"1491","2022-09-12","1","android"
"1491","2024-05-28","1","ios"
"1491","2024-06-04","1","android"
"1491","2024-06-13","1","ios"
"1491","2024-07-16","1","web"
"1491","2025-10-04","1","ios"
"1491","2025-11-16","1","web"
"1492","2023-07-02","1","ios"
"1493","2020-08-07","1","ios"
"1494","2024-01-17","1","android"
"1495","2025-08-27","1","ios"
"1495","2025-09-07","1","ios"
"1495","2025-09-08","1","ios"
"1495","2025-09-11","1","ios"
"1496","2021-12-03","1","android"
"1496","2021-12-04","1","ios"
"1496","2021-12-05","1","ios"
"1496","2021-12-29","1","ios"
"1497","2026-06-03","1","ios"
"1498","2024-05-20","1","web"
"1498","2024-05-24","1","web"
"1498","2024-08-30","2","ios"
"1498","2024-09-27","1","android"
"1498","2026-04-08","1","android"
"1499","2023-01-01","1","ios"
"1500","2021-10-10","1","ios"
"1500","2021-10-31","1","ios"
"1500","2021-11-18","1","ios"
"1500","2021-12-22","2","ios"
"1500","2021-12-24","1","web"
"1500","2022-01-19","1","ios"
"1500","2022-02-02","1","web"
"1500","2022-02-03","1","ios"
"1500","2022-02-15","1","ios"
"1500","2022-03-01","1","web"
"1500","2022-09-12","1","ios"
"1501","2025-06-03","1","ios"
"1501","2025-06-28","1","ios"
"1501","2025-08-04","1","android"
"1502","2024-03-05","1","web"
"1502","2024-03-09","1","ios"
"1502","2025-11-20","1","ios"
"1502","2026-01-12","1","android"
"1502","2026-01-13","1","ios"
"1502","2026-01-16","1","web"
"1502","2026-06-18","1","ios"
"1503","2021-03-07","1","ios"
"1503","2021-04-23","1","ios"
"1503","2023-07-07","1","ios"
"1503","2023-07-27","1","ios"
"1503","2023-07-31","1","ios"
"1503","2025-12-05","1","android"
"1504","2023-12-11","1","android"
"1504","2023-12-20","1","ios"
"1504","2023-12-27","1","android"
"1504","2024-01-05","1","android"
"1504","2024-06-08","1","ios"
"1504","2024-06-09","1","ios"
"1504","2024-06-11","1","android"
"1504","2024-06-25","1","android"
"1504","2025-01-14","1","ios"
"1505","2023-03-14","1","ios"
"1505","2023-03-20","1","android"
"1505","2023-03-25","1","ios"
"1505","2023-04-10","1","ios"
"1505","2023-04-11","1","web"
"1505","2023-05-19","1","android"
"1506","2021-04-19","1","ios"
"1506","2021-04-23","1","web"
"1506","2021-04-24","1","ios"
"1506","2021-05-22","2","web"
"1506","2021-06-19","1","ios"
"1507","2020-11-21","1","ios"
"1507","2020-12-06","1","ios"
"1507","2021-12-14","1","ios"
"1507","2023-09-10","1","ios"
"1507","2024-03-11","1","ios"
"1508","2022-02-16","1","ios"
"1508","2022-02-17","1","android"
"1508","2022-03-12","1","ios"
"1508","2022-03-16","1","ios"
"1508","2023-01-07","1","ios"
"1508","2023-01-08","1","web"
"1508","2023-01-17","1","web"
"1508","2023-01-22","1","ios"
"1508","2023-01-25","1","android"
"1508","2023-03-08","1","ios"
"1508","2024-04-14","1","ios"
"1508","2024-04-15","1","ios"
"1508","2024-05-15","1","android"
"1508","2024-06-01","1","web"
"1508","2024-06-08","1","ios"
"1508","2024-07-06","1","ios"
"1509","2021-10-15","1","web"
"1510","2023-11-29","1","android"
"1510","2024-12-29","1","android"
"1510","2025-01-08","2","ios"
"1511","2025-10-16","1","web"
"1511","2025-10-22","1","ios"
"1512","2021-09-21","1","android"
"1512","2021-09-30","1","android"
"1513","2024-01-31","1","ios"
"1513","2024-02-01","1","ios"
"1513","2024-02-02","1","web"
"1513","2025-03-13","1","ios"
"1513","2025-04-08","1","android"
"1513","2026-02-03","1","ios"
"1514","2022-12-14","1","android"
"1515","2025-06-14","1","ios"
"1515","2026-06-03","1","ios"
"1516","2022-10-01","1","android"
"1516","2022-10-06","1","ios"
"1516","2022-10-08","1","web"
"1516","2024-07-14","1","ios"
"1516","2025-05-27","1","android"
"1516","2025-06-05","1","web"
"1516","2025-08-20","1","android"
"1517","2025-06-17","1","ios"
"1517","2025-08-19","1","android"
"1518","2022-02-05","1","android"
"1519","2025-07-12","1","ios"
"1519","2025-08-03","1","android"
"1519","2026-03-27","2","ios"
"1519","2026-04-11","1","ios"
"1519","2026-04-27","1","ios"
"1519","2026-05-06","1","android"
"1519","2026-05-17","1","web"
"1520","2023-11-05","1","ios"
"1521","2026-02-22","1","ios"
"1521","2026-03-14","1","android"
"1521","2026-04-24","1","ios"
"1521","2026-04-25","1","web"
"1521","2026-05-04","1","ios"
"1522","2023-06-24","1","android"
"1522","2023-07-12","1","android"
"1522","2023-08-11","1","android"
"1522","2023-11-29","1","ios"
"1523","2025-01-17","1","android"
"1523","2025-02-22","1","web"
"1523","2025-03-15","1","ios"
"1523","2025-03-17","2","android"
"1523","2026-01-07","1","ios"
"1524","2023-05-13","1","ios"
"1524","2023-05-20","1","ios"
"1525","2025-04-03","1","android"
"1525","2025-04-04","1","ios"
"1525","2025-04-17","1","web"
"1526","2026-05-08","1","web"
"1526","2026-06-21","1","web"
"1527","2023-10-13","1","ios"
"1527","2024-07-05","1","android"
"1527","2025-07-17","1","ios"
"1527","2025-08-01","1","android"
"1527","2025-09-15","1","android"
"1528","2022-10-06","1","web"
"1528","2022-10-18","1","android"
"1529","2023-05-16","1","ios"
"1529","2023-05-20","1","ios"
"1530","2024-04-22","1","android"
"1530","2024-04-23","1","ios"
"1530","2025-03-17","1","ios"
"1530","2025-07-21","1","ios"
"1530","2025-07-26","1","ios"
"1531","2026-01-27","1","ios"
"1531","2026-02-02","1","ios"
"1531","2026-02-27","1","android"
"1531","2026-03-30","1","android"
"1532","2024-10-28","1","android"
"1532","2024-10-31","2","ios"
"1532","2024-11-04","1","ios"
"1532","2024-11-09","1","android"
"1532","2024-11-21","1","ios"
"1532","2024-11-22","1","android"
"1533","2025-10-25","1","android"
"1533","2025-10-30","1","android"
"1534","2023-12-09","1","android"
"1534","2023-12-16","1","android"
"1534","2024-01-02","1","web"
"1534","2024-08-17","1","android"
"1534","2024-09-07","2","ios"
"1534","2026-03-21","1","ios"
"1534","2026-03-26","1","android"
"1535","2021-10-17","1","ios"
"1536","2025-02-09","1","ios"
"1536","2025-03-11","1","web"
"1536","2026-06-02","1","ios"
"1537","2023-08-03","1","web"
"1537","2023-08-13","1","android"
"1538","2023-12-20","1","ios"
"1538","2024-01-04","1","android"
"1538","2024-01-07","1","ios"
"1538","2024-01-19","1","ios"
"1538","2024-02-18","1","android"
"1538","2024-03-03","1","ios"
"1538","2024-03-24","1","ios"
"1538","2024-04-10","1","web"
"1538","2024-05-03","1","android"
"1538","2024-05-04","1","android"
"1538","2024-06-08","1","web"
"1538","2025-10-26","1","android"
"1538","2025-11-14","1","android"
"1538","2025-12-02","1","ios"
"1538","2025-12-04","1","web"
"1538","2025-12-07","1","ios"
"1539","2025-02-08","1","ios"
"1539","2025-03-18","1","ios"
"1539","2025-03-29","1","android"
"1540","2019-05-23","1","web"
"1540","2019-05-30","1","ios"
"1540","2020-03-02","1","ios"
"1540","2020-03-23","1","ios"
"1540","2020-03-30","1","android"
"1540","2020-04-08","1","ios"
"1540","2020-04-17","1","ios"
"1540","2020-04-20","1","ios"
"1540","2020-04-27","1","android"
"1540","2020-05-08","1","ios"
"1540","2020-06-18","1","web"
"1540","2020-07-27","1","ios"
"1540","2020-09-09","1","ios"
"1540","2020-09-20","1","ios"
"1540","2020-09-22","1","android"
"1540","2021-03-24","1","web"
"1540","2021-05-09","1","android"
"1540","2021-06-09","1","ios"
"1540","2021-06-15","1","web"
"1540","2021-06-28","1","ios"
"1540","2021-07-03","1","ios"
"1540","2021-07-19","1","ios"
"1541","2023-10-13","1","web"
"1541","2023-11-15","1","ios"
"1542","2024-08-02","1","ios"
"1542","2024-08-04","1","android"
"1543","2019-08-20","1","ios"
"1543","2020-04-20","1","ios"
"1543","2020-04-26","1","ios"
"1543","2020-11-25","1","ios"
"1543","2020-12-09","2","android"
"1543","2021-01-06","1","ios"
"1543","2022-10-28","1","ios"
"1543","2022-11-03","1","ios"
"1543","2022-11-14","1","ios"
"1543","2022-12-25","1","android"
"1543","2022-12-27","2","ios"
"1544","2021-09-08","1","android"
"1545","2022-12-09","1","android"
"1545","2023-07-04","1","ios"
"1546","2025-07-31","1","ios"
"1547","2022-12-13","1","android"
"1548","2021-06-06","1","web"
"1548","2021-06-09","1","ios"
"1548","2021-06-10","1","ios"
"1548","2021-06-24","1","ios"
"1548","2022-06-27","1","ios"
"1548","2022-07-25","1","ios"
"1548","2022-08-11","1","android"
"1549","2023-01-09","1","ios"
"1549","2023-02-03","1","android"
"1549","2023-03-17","1","ios"
"1550","2024-11-27","1","ios"
"1551","2025-03-27","1","web"
"1551","2025-03-28","1","ios"
"1551","2025-10-10","1","android"
"1551","2025-10-11","1","android"
"1552","2025-12-27","1","web"
"1552","2026-01-20","1","ios"
"1552","2026-02-13","1","web"
"1552","2026-05-03","1","ios"
"1553","2021-04-12","1","ios"
"1553","2021-04-22","1","android"
"1553","2021-04-25","1","ios"
"1554","2022-08-29","1","ios"
"1555","2022-11-08","1","android"
"1555","2023-09-12","1","android"
"1555","2023-09-24","1","web"
"1556","2025-08-08","1","ios"
"1556","2025-08-23","1","web"
"1556","2025-08-24","1","ios"
"1556","2025-10-18","1","ios"
"1557","2023-09-09","1","ios"
"1557","2024-03-03","1","ios"
"1557","2024-03-27","1","android"
"1558","2020-03-20","1","ios"
"1559","2024-01-16","1","android"
"1559","2024-01-19","1","ios"
"1559","2024-01-31","1","android"
"1559","2024-02-10","1","android"
"1559","2024-02-28","1","android"
"1559","2024-06-01","1","ios"
"1559","2024-06-10","1","ios"
"1559","2024-12-31","1","ios"
"1559","2025-02-02","1","android"
"1559","2025-07-28","1","web"
"1559","2025-08-16","1","ios"
"1559","2025-08-19","1","ios"
"1559","2025-08-21","1","ios"
"1559","2025-08-31","1","ios"
"1560","2022-08-22","1","android"
"1561","2025-10-03","1","ios"
"1561","2025-11-02","1","ios"
"1561","2025-11-14","1","web"
"1561","2025-12-11","1","android"
"1561","2025-12-14","1","ios"
"1561","2026-01-01","1","android"
"1562","2022-01-25","1","web"
"1563","2019-09-30","1","ios"
"1563","2019-10-03","1","ios"
"1563","2019-10-06","1","android"
"1563","2019-11-09","1","ios"
"1563","2020-03-07","1","android"
"1563","2020-03-12","2","android"
"1563","2020-03-16","1","ios"
"1563","2020-04-05","1","ios"
"1563","2020-09-25","1","android"
"1563","2020-10-01","1","ios"
"1563","2020-11-15","1","ios"
"1563","2022-02-12","2","ios"
"1563","2022-02-24","1","web"
"1563","2022-04-21","1","ios"
"1564","2025-07-07","1","android"
"1565","2025-02-24","1","android"
"1565","2025-03-02","1","android"
"1565","2025-03-10","1","web"
"1565","2025-03-21","1","web"
"1566","2021-02-15","1","android"
"1567","2022-08-04","1","android"
"1567","2022-08-10","1","android"
"1567","2022-08-19","1","ios"
"1568","2022-12-03","1","ios"
"1568","2022-12-11","1","ios"
"1568","2023-04-11","1","android"
"1568","2023-04-20","1","ios"
"1568","2025-01-31","1","web"
"1568","2025-02-16","1","android"
"1568","2025-08-02","1","ios"
"1569","2023-10-16","1","android"
"1569","2023-10-27","1","ios"
"1569","2023-11-11","1","android"
"1569","2023-11-28","1","ios"
"1569","2023-12-01","1","ios"
"1569","2023-12-07","1","ios"
"1569","2023-12-09","1","android"
"1569","2024-01-16","1","android"
"1569","2024-01-17","1","web"
"1570","2019-12-08","1","android"
"1570","2020-02-23","1","web"
"1570","2020-02-28","1","android"
"1570","2021-07-07","1","ios"
"1570","2021-08-18","1","android"
"1570","2021-09-02","1","ios"
"1570","2021-09-03","1","ios"
"1570","2021-09-05","2","android"
"1570","2021-09-19","1","android"
"1570","2021-10-27","1","android"
"1570","2021-10-31","1","android"
"1570","2021-12-17","1","android"
"1570","2021-12-31","1","ios"
"1570","2025-03-03","1","ios"
"1571","2023-12-18","1","ios"
"1571","2026-01-19","1","ios"
"1572","2024-03-31","1","ios"
"1573","2025-06-07","1","ios"
"1573","2025-07-16","1","ios"
"1573","2026-04-18","1","ios"
"1574","2021-11-01","1","ios"
"1574","2021-12-11","1","ios"
"1574","2023-01-22","1","ios"
"1574","2023-02-24","1","ios"
"1574","2023-02-26","1","ios"
"1574","2023-03-07","1","web"
"1575","2026-03-01","1","ios"
"1576","2021-03-09","1","web"
"1577","2019-07-19","1","web"
"1577","2019-07-20","1","android"
"1577","2019-07-23","1","ios"
"1577","2021-01-22","1","ios"
"1577","2021-01-30","1","ios"
"1578","2021-06-12","1","android"
"1578","2021-06-23","1","ios"
"1578","2021-07-24","1","ios"
"1578","2021-07-28","1","ios"
"1578","2022-12-08","1","web"
"1578","2024-12-28","1","ios"
"1579","2024-12-02","1","android"
"1579","2025-11-09","1","android"
"1580","2023-11-14","1","android"
"1580","2023-11-26","1","android"
"1580","2024-08-19","1","android"
"1580","2025-02-12","1","android"
"1580","2026-04-25","1","ios"
"1581","2024-06-16","1","ios"
"1581","2025-10-17","1","ios"
"1582","2020-11-15","1","ios"
"1582","2020-12-26","1","ios"
"1582","2020-12-30","1","android"
"1582","2021-01-06","1","android"
"1583","2025-11-21","1","web"
"1583","2025-11-24","1","ios"
"1583","2026-01-17","1","ios"
"1583","2026-02-05","1","web"
"1584","2026-02-17","1","ios"
"1585","2023-09-22","1","android"
"1585","2023-09-23","2","web"
"1585","2026-03-07","1","web"
"1585","2026-03-11","1","ios"
"1585","2026-06-08","1","android"
"1586","2025-01-20","1","android"
"1586","2026-02-15","1","ios"
"1586","2026-02-24","1","android"
"1586","2026-02-26","1","android"
"1586","2026-03-19","1","web"
"1587","2024-08-31","1","ios"
"1587","2024-09-01","1","android"
"1587","2026-04-24","1","ios"
"1587","2026-04-28","1","ios"
"1587","2026-05-02","1","android"
"1587","2026-05-21","1","android"
"1587","2026-05-22","1","ios"
"1587","2026-05-26","1","ios"
"1587","2026-06-27","1","android"
"1588","2022-10-01","1","web"
"1588","2023-02-03","1","ios"
"1588","2023-02-23","1","android"
"1589","2023-03-02","1","android"
"1589","2023-03-08","1","android"
"1590","2021-09-01","1","android"
"1590","2021-09-06","1","ios"
"1591","2019-04-28","1","web"
"1592","2024-10-02","1","android"
"1593","2024-03-25","1","android"
"1593","2024-04-06","1","android"
"1593","2025-03-23","1","web"
"1593","2026-04-06","1","ios"
"1594","2024-08-10","1","ios"
"1595","2023-12-26","1","ios"
"1595","2023-12-30","1","android"
"1595","2024-02-02","1","web"
"1595","2024-02-06","1","ios"
"1595","2024-02-13","1","ios"
"1595","2024-03-17","1","ios"
"1595","2024-05-24","2","android"
"1595","2024-06-04","1","ios"
"1595","2024-06-19","1","ios"
"1595","2024-08-15","2","ios"
"1595","2025-03-06","1","android"
"1596","2023-02-11","1","ios"
"1597","2021-12-13","1","ios"
"1597","2022-01-12","1","ios"
"1598","2023-06-14","1","web"
"1598","2023-12-08","1","ios"
"1598","2024-09-19","1","android"
"1598","2026-02-16","1","android"
"1599","2022-02-19","1","ios"
"1599","2022-12-30","1","android"
"1600","2024-01-24","1","web"
"1600","2024-02-27","1","web"
"1600","2024-09-06","1","android"
"1600","2024-09-16","1","ios"
"1600","2024-09-24","1","web"
"1600","2024-10-28","1","ios"
"1600","2024-11-15","2","web"
"1600","2024-12-09","1","android"
"1601","2020-09-20","1","ios"
"1602","2026-05-30","1","ios"
"1602","2026-06-18","1","ios"
"1603","2024-05-27","1","ios"
"1603","2024-06-20","1","ios"
"1603","2024-07-03","1","ios"
"1603","2024-07-04","1","android"
"1603","2024-07-29","1","ios"
"1604","2023-06-21","1","ios"
"1605","2024-03-20","1","android"
"1606","2025-11-11","1","ios"
"1607","2023-03-19","1","ios"
"1608","2024-07-16","1","ios"
"1608","2025-10-16","1","ios"
"1608","2025-10-17","1","ios"
"1608","2026-06-20","2","android"
"1609","2024-07-02","1","android"
"1610","2022-06-25","1","android"
"1610","2022-07-24","1","android"
"1610","2022-08-16","1","web"
"1610","2022-08-22","1","android"
"1610","2024-07-11","1","android"
"1610","2024-07-15","1","android"
"1610","2024-07-20","1","web"
"1610","2025-10-10","2","ios"
"1611","2021-07-25","1","ios"
"1611","2021-07-26","1","web"
"1611","2021-08-22","1","ios"
"1611","2021-08-24","1","android"
"1611","2021-09-07","1","android"
"1611","2021-09-09","1","android"
"1611","2021-10-12","1","android"
"1611","2022-12-04","1","web"
"1611","2022-12-13","1","web"
"1611","2022-12-26","1","ios"
"1611","2023-01-19","1","ios"
"1611","2023-02-09","1","web"
"1611","2023-06-20","1","ios"
"1611","2023-06-24","1","web"
"1611","2023-08-06","1","ios"
"1611","2023-08-17","1","ios"
"1611","2023-08-24","1","web"
"1611","2024-11-13","1","ios"
"1611","2024-11-15","1","web"
"1612","2022-07-08","1","ios"
"1612","2022-07-10","1","ios"
"1612","2022-07-25","1","ios"
"1613","2022-01-13","1","ios"
"1613","2022-09-13","1","ios"
"1613","2022-12-04","1","web"
"1613","2022-12-17","1","ios"
"1614","2025-02-13","1","android"
"1614","2025-06-20","1","android"
"1614","2026-04-25","1","ios"
"1614","2026-05-15","1","ios"
"1614","2026-05-16","1","android"
"1615","2021-07-11","1","ios"
"1616","2022-09-25","1","android"
"1616","2022-10-01","1","android"
"1616","2022-10-02","1","web"
"1616","2022-10-22","2","android"
"1616","2022-10-30","2","web"
"1616","2022-11-19","1","android"
"1616","2022-11-20","2","ios"
"1616","2022-11-22","1","android"
"1617","2020-01-27","1","android"
"1617","2020-09-22","1","ios"
"1617","2020-10-12","1","ios"
"1618","2023-10-04","1","ios"
"1618","2023-10-13","1","ios"
"1619","2020-02-07","1","ios"
"1619","2020-12-28","1","ios"
"1619","2021-01-11","1","ios"
"1619","2021-02-19","2","ios"
"1620","2022-09-01","1","web"
"1620","2023-10-24","2","ios"
"1621","2021-09-26","1","web"
"1621","2022-10-12","1","android"
"1621","2022-10-20","1","ios"
"1621","2022-11-07","1","ios"
"1621","2023-03-12","1","ios"
"1621","2024-05-31","2","ios"
"1621","2026-04-17","1","ios"
"1621","2026-04-21","1","web"
"1621","2026-04-26","1","android"
"1621","2026-05-21","1","ios"
"1622","2022-11-24","1","ios"
"1622","2022-11-26","1","ios"
"1622","2022-11-27","1","ios"
"1622","2024-05-16","1","ios"
"1622","2024-06-29","1","web"
"1622","2024-06-30","1","ios"
"1622","2024-07-05","1","android"
"1622","2025-05-16","2","android"
"1622","2026-01-02","1","web"
"1623","2020-08-28","1","web"
"1623","2020-09-04","1","ios"
"1623","2021-06-03","1","android"
"1624","2021-10-31","1","web"
"1624","2021-12-03","1","ios"
"1624","2021-12-21","1","android"
"1624","2021-12-29","1","android"
"1624","2022-12-13","1","web"
"1624","2022-12-22","1","android"
"1624","2022-12-31","1","ios"
"1624","2023-02-18","1","ios"
"1624","2023-03-09","1","android"
"1624","2023-04-02","1","ios"
"1624","2024-07-27","1","ios"
"1624","2024-12-29","1","ios"
"1624","2026-05-24","1","ios"
"1625","2023-09-06","1","ios"
"1625","2023-09-28","1","ios"
"1625","2023-10-10","1","android"
"1625","2023-11-17","1","ios"
"1625","2023-11-30","1","ios"
"1625","2023-12-09","1","ios"
"1626","2024-07-12","1","android"
"1626","2025-07-07","1","ios"
"1626","2025-07-23","1","android"
"1626","2025-08-15","1","android"
"1627","2021-08-20","1","ios"
"1628","2025-12-05","1","web"
"1629","2021-12-07","1","web"
"1629","2022-01-22","1","android"
"1629","2022-01-27","1","ios"
"1629","2022-02-01","1","web"
"1629","2022-07-30","1","ios"
"1630","2022-02-11","1","android"
"1630","2022-03-01","1","android"
"1630","2022-03-02","1","ios"
"1630","2022-04-06","1","ios"
"1630","2022-04-21","1","ios"
"1630","2022-05-18","1","ios"
"1630","2022-05-21","1","android"
"1630","2022-05-31","1","ios"
"1631","2022-01-06","1","web"
"1632","2021-10-19","1","android"
"1632","2022-08-15","1","android"
"1633","2023-12-13","1","ios"
"1633","2024-03-17","1","ios"
"1633","2024-04-08","1","ios"
"1634","2025-07-08","1","android"
"1634","2025-07-26","1","ios"
"1634","2025-07-30","1","ios"
"1635","2023-11-07","1","ios"
"1635","2023-11-18","1","web"
"1635","2023-11-26","1","ios"
"1635","2023-12-16","1","ios"
"1636","2026-04-12","1","ios"
"1636","2026-04-23","1","android"
"1636","2026-05-16","1","ios"
"1636","2026-05-23","1","ios"
"1637","2025-02-18","1","ios"
"1637","2025-02-19","1","ios"
"1638","2023-09-09","1","ios"
"1638","2023-09-19","1","android"
"1638","2025-11-17","1","web"
"1638","2025-12-02","1","android"
"1638","2025-12-06","1","android"
"1638","2025-12-23","1","ios"
"1638","2026-01-02","1","ios"
"1639","2025-08-14","1","ios"
"1640","2025-02-04","1","ios"
"1640","2025-02-11","1","web"
"1640","2025-02-15","1","ios"
"1640","2025-02-16","1","web"
"1640","2025-03-02","1","android"
"1640","2025-11-07","1","web"
"1640","2025-11-18","1","ios"
"1641","2026-04-07","1","ios"
"1642","2020-09-05","1","web"
"1642","2020-09-19","1","web"
"1643","2024-04-18","1","web"
"1643","2024-04-20","1","ios"
"1644","2023-11-05","1","web"
"1645","2023-06-14","1","web"
"1645","2023-07-11","1","ios"
"1645","2023-07-14","1","android"
"1645","2023-10-13","1","ios"
"1645","2024-07-13","1","ios"
"1645","2025-04-13","1","android"
"1645","2025-05-10","2","web"
"1646","2023-06-05","1","ios"
"1646","2024-03-01","1","android"
"1646","2024-03-31","2","ios"
"1646","2024-05-08","1","ios"
"1646","2024-06-03","1","android"
"1646","2024-07-03","1","ios"
"1646","2025-09-20","1","ios"
"1647","2025-12-14","1","ios"
"1647","2026-01-05","1","web"
"1647","2026-06-28","1","android"
"1648","2023-10-28","1","android"
"1648","2024-01-20","1","android"
"1648","2025-07-06","1","ios"
"1648","2025-07-11","1","android"
"1649","2026-02-28","1","ios"
"1649","2026-03-03","1","ios"
"1650","2025-11-21","1","android"
"1650","2025-12-05","1","ios"
"1650","2025-12-18","1","android"
"1651","2025-03-08","1","ios"
"1652","2024-06-30","1","android"
"1652","2024-07-12","1","ios"
"1652","2024-07-22","1","ios"
"1652","2024-09-03","1","android"
"1652","2024-09-30","1","android"
"1652","2024-10-10","1","ios"
"1652","2025-04-03","1","ios"
"1652","2025-04-28","1","web"
"1653","2025-09-14","1","android"
"1653","2026-04-22","1","ios"
"1654","2021-01-04","1","ios"
"1654","2021-08-23","1","web"
"1654","2022-05-07","1","ios"
"1654","2022-12-08","1","web"
"1654","2022-12-16","1","web"
"1654","2022-12-27","1","android"
"1654","2023-01-07","1","web"
"1654","2023-02-09","1","ios"
"1655","2024-01-01","1","ios"
"1655","2024-02-08","1","ios"
"1656","2023-11-13","1","web"
"1657","2025-01-13","1","ios"
"1658","2024-04-14","1","ios"
"1658","2024-05-03","1","android"
"1658","2024-05-17","1","ios"
"1658","2024-05-28","1","ios"
"1658","2024-06-23","1","ios"
"1658","2024-07-11","1","ios"
"1659","2023-08-07","1","android"
"1659","2023-08-11","1","ios"
"1659","2023-10-04","1","ios"
"1659","2023-10-21","1","web"
"1659","2023-10-25","1","ios"
"1659","2023-12-17","1","ios"
"1660","2026-04-10","1","ios"
"1660","2026-04-13","1","ios"
"1660","2026-04-14","1","ios"
"1660","2026-04-15","1","android"
"1660","2026-04-22","1","android"
"1661","2024-03-17","1","ios"
"1662","2019-10-24","1","ios"
"1662","2019-10-28","1","ios"
"1663","2024-08-23","1","android"
"1663","2024-08-29","1","ios"
"1663","2024-09-14","2","ios"
"1663","2024-11-16","1","android"
"1663","2024-12-14","1","android"
"1663","2025-07-01","1","android"
"1663","2025-07-24","1","ios"
"1663","2025-08-03","2","ios"
"1663","2025-08-15","1","ios"
"1664","2020-05-22","1","ios"
"1664","2024-02-03","1","ios"
"1665","2019-08-06","1","ios"
"1665","2019-09-07","1","web"
"1665","2019-10-03","1","web"
"1665","2019-10-11","1","web"
"1665","2019-10-12","1","ios"
"1665","2019-10-30","1","ios"
"1665","2019-11-10","1","ios"
"1665","2020-08-14","1","ios"
"1665","2020-08-19","1","ios"
"1665","2020-08-28","1","ios"
"1665","2020-09-19","1","ios"
"1665","2020-10-02","1","android"
"1665","2020-10-17","1","android"
"1665","2020-11-07","1","ios"
"1665","2020-12-07","1","android"
"1665","2021-01-06","1","web"
"1665","2021-10-24","1","ios"
"1665","2022-03-05","1","ios"
"1665","2022-03-20","1","ios"
"1665","2022-05-06","1","ios"
"1665","2022-05-15","1","android"
"1665","2022-06-20","1","ios"
"1665","2022-06-26","1","web"
"1666","2026-06-06","1","android"
"1667","2022-04-23","1","web"
"1667","2022-05-02","1","ios"
"1667","2022-05-04","1","ios"
"1668","2021-10-23","1","web"
"1668","2021-10-31","1","ios"
"1668","2021-11-13","1","ios"
"1668","2023-01-07","1","ios"
"1668","2023-02-03","1","ios"
"1668","2023-02-04","1","ios"
"1668","2023-02-23","1","ios"
"1668","2024-05-23","1","android"
"1669","2021-06-21","1","android"
"1669","2021-06-30","1","android"
"1669","2021-07-13","1","android"
"1669","2025-05-05","1","android"
"1670","2023-05-02","1","ios"
"1670","2023-05-23","1","android"
"1671","2022-11-26","1","android"
"1671","2022-12-04","1","android"
"1672","2023-06-28","1","web"
"1672","2025-06-09","1","android"
"1673","2026-05-20","1","ios"
"1673","2026-05-21","1","ios"
"1674","2022-05-06","1","ios"
"1675","2022-10-20","1","ios"
"1675","2024-03-01","1","ios"
"1675","2024-03-12","1","ios"
"1676","2025-01-25","1","android"
"1676","2025-02-05","1","android"
"1676","2025-04-10","1","ios"
"1676","2025-04-27","1","android"
"1677","2021-08-21","1","web"
"1677","2021-09-07","1","android"
"1677","2021-09-28","1","ios"
"1677","2021-10-01","1","ios"
"1677","2021-10-12","1","android"
"1677","2022-09-27","1","ios"
"1677","2022-10-07","1","web"
"1677","2022-10-09","1","ios"
"1677","2022-10-11","1","android"
"1677","2023-10-15","1","ios"
"1677","2024-01-23","1","ios"
"1677","2024-01-30","1","android"
"1678","2021-05-31","1","ios"
"1679","2024-12-24","1","ios"
"1679","2025-01-25","1","android"
"1679","2025-01-26","1","ios"
"1680","2021-04-25","1","ios"
"1680","2021-05-08","1","web"
"1680","2021-09-21","1","android"
"1680","2021-10-22","1","web"
"1680","2021-11-19","1","android"
"1680","2021-11-24","1","ios"
"1680","2021-12-24","1","android"
"1680","2022-11-06","1","ios"
"1681","2024-09-08","1","ios"
"1681","2024-09-10","1","android"
"1681","2024-09-24","1","android"
"1681","2024-09-29","1","ios"
"1681","2026-05-07","1","ios"
"1682","2023-11-06","1","android"
"1682","2023-11-08","1","ios"
"1682","2023-11-21","1","web"
"1682","2025-01-14","1","ios"
"1683","2020-06-14","1","android"
"1683","2020-06-19","1","web"
"1683","2021-02-20","1","ios"
"1683","2024-02-07","1","android"
"1683","2025-05-15","1","android"
"1684","2024-08-05","1","ios"
"1684","2024-08-17","1","android"
"1684","2024-08-22","1","ios"
"1684","2024-08-26","1","android"
"1684","2024-10-17","1","ios"
"1684","2024-10-19","1","web"
"1684","2026-01-02","1","web"
"1685","2019-05-23","1","ios"
"1685","2019-06-01","1","ios"
"1686","2024-02-21","1","ios"
"1686","2024-03-15","1","ios"
"1686","2024-04-17","1","ios"
"1686","2025-01-06","1","ios"
"1687","2024-12-04","1","ios"
"1687","2025-05-22","1","web"
"1688","2025-07-29","1","ios"
"1688","2025-09-11","1","ios"
"1688","2025-09-12","1","ios"
"1689","2025-04-27","1","web"
"1689","2025-05-31","1","ios"
"1689","2025-07-24","1","ios"
"1689","2025-08-11","1","android"
"1689","2025-08-30","1","ios"
"1689","2025-09-19","1","ios"
"1689","2025-10-03","1","ios"
"1689","2025-10-15","1","ios"
"1690","2025-02-03","1","web"
"1690","2025-02-12","1","ios"
"1690","2025-04-18","1","android"
"1690","2025-06-08","1","ios"
"1690","2025-06-21","2","ios"
"1691","2021-01-05","1","ios"
"1691","2021-01-22","1","android"
"1691","2022-01-29","1","android"
"1692","2022-04-04","1","web"
"1692","2022-04-10","1","web"
"1692","2022-07-02","1","ios"
"1692","2022-11-21","1","web"
"1692","2023-09-17","2","ios"
"1692","2023-09-25","2","web"
"1692","2023-12-23","2","ios"
"1692","2023-12-29","1","web"
"1692","2024-02-04","1","android"
"1693","2023-04-29","1","ios"
"1693","2024-01-28","1","ios"
"1693","2024-02-02","1","ios"
"1693","2024-02-07","1","ios"
"1693","2024-02-09","1","ios"
"1693","2025-04-18","1","ios"
"1693","2025-04-26","1","ios"
"1693","2025-05-04","1","ios"
"1693","2025-05-25","1","android"
"1693","2025-07-19","1","ios"
"1693","2025-08-15","1","ios"
"1693","2025-08-25","1","android"
"1694","2026-01-11","1","ios"
"1695","2025-11-09","1","android"
"1696","2023-10-25","1","android"
"1697","2025-04-05","1","android"
"1698","2026-04-26","1","web"
"1699","2023-11-26","1","ios"
"1699","2024-05-11","1","android"
"1699","2024-05-28","1","android"
"1699","2024-06-17","1","ios"
"1699","2025-05-29","1","ios"
"1699","2025-06-06","1","ios"
"1700","2024-04-03","1","android"
"1700","2024-04-07","1","web"
"1701","2026-03-18","1","web"
"1702","2021-11-20","1","ios"
"1702","2022-04-17","1","web"
"1702","2022-05-05","1","web"
"1703","2022-09-20","1","ios"
"1704","2023-07-07","1","android"
"1704","2024-08-18","1","android"
"1704","2024-10-06","1","android"
"1704","2024-11-13","1","ios"
"1705","2024-06-18","1","ios"
"1705","2024-11-10","1","android"
"1705","2024-11-22","1","ios"
"1705","2025-02-16","1","web"
"1705","2025-06-03","1","android"
"1706","2021-02-25","1","android"
"1706","2024-08-20","1","ios"
"1706","2024-10-23","1","ios"
"1706","2025-10-05","1","ios"
"1706","2025-10-15","1","ios"
"1706","2026-05-28","1","ios"
"1707","2021-01-30","1","ios"
"1707","2021-02-03","1","android"
"1707","2021-09-26","1","android"
"1707","2021-09-27","1","web"
"1707","2021-10-07","1","android"
"1707","2021-10-14","1","android"
"1707","2021-10-18","1","ios"
"1707","2022-11-19","1","android"
"1707","2022-11-27","2","ios"
"1707","2022-11-29","1","android"
"1707","2022-12-06","1","android"
"1707","2023-03-05","1","ios"
"1707","2023-03-07","1","ios"
"1708","2023-01-13","1","android"
"1708","2023-01-26","1","ios"
"1708","2023-12-06","1","android"
"1708","2025-12-09","1","ios"
"1709","2022-01-28","1","android"
"1709","2023-06-03","1","android"
"1709","2023-06-10","1","ios"
"1709","2023-06-13","1","ios"
"1709","2023-06-18","1","ios"
"1710","2023-11-30","1","ios"
"1710","2023-12-01","1","ios"
"1710","2023-12-16","1","android"
"1710","2024-03-30","1","ios"
"1711","2020-09-20","1","web"
"1712","2026-05-06","1","ios"
"1713","2025-01-16","1","android"
"1713","2025-02-08","1","web"
"1714","2022-02-13","1","android"
"1714","2022-03-19","1","android"
"1714","2022-03-20","1","android"
"1714","2022-04-10","1","ios"
"1714","2022-06-05","1","android"
"1714","2022-06-21","1","ios"
"1714","2022-07-02","1","ios"
"1715","2025-02-12","1","ios"
"1715","2025-02-28","1","ios"
"1715","2025-03-04","1","ios"
"1715","2026-02-18","1","android"
"1715","2026-02-19","1","ios"
"1716","2023-10-16","1","android"
"1716","2023-11-03","1","ios"
"1716","2023-11-12","1","android"
"1716","2023-11-23","1","android"
"1716","2024-11-16","1","web"
"1716","2024-12-02","1","ios"
"1716","2024-12-14","1","web"
"1716","2024-12-15","1","ios"
"1716","2024-12-16","1","ios"
"1716","2025-01-03","1","ios"
"1716","2025-01-07","1","ios"
"1717","2023-03-01","1","ios"
"1717","2023-03-18","1","android"
"1717","2023-10-11","1","web"
"1718","2022-06-12","1","ios"
"1719","2025-01-06","1","web"
"1720","2026-05-15","1","android"
"1720","2026-06-18","1","ios"
"1720","2026-06-25","1","web"
"1721","2024-10-19","1","android"
"1722","2023-03-12","1","web"
"1723","2021-03-16","1","ios"
"1724","2024-09-08","1","android"
"1724","2025-06-03","1","ios"
"1724","2025-06-06","1","android"
"1724","2025-06-25","1","ios"
"1724","2025-07-04","1","ios"
"1724","2025-09-03","1","ios"
"1724","2025-10-09","1","android"
"1724","2025-10-24","1","ios"
"1724","2025-12-03","1","web"
"1724","2025-12-04","1","android"
"1725","2023-09-25","1","android"
"1726","2025-09-25","1","web"
"1727","2024-02-02","1","ios"
"1727","2024-03-02","1","ios"
"1727","2024-03-07","1","ios"
"1727","2024-03-12","1","android"
"1727","2024-03-22","1","web"
"1727","2024-04-02","1","ios"
"1727","2025-01-06","1","android"
"1727","2025-02-05","1","android"
"1727","2025-09-24","1","web"
"1727","2025-10-18","1","ios"
"1727","2025-10-22","1","ios"
"1727","2025-11-27","1","android"
"1727","2025-12-29","1","ios"
"1727","2026-01-03","1","ios"
"1727","2026-02-12","1","android"
"1727","2026-02-22","1","ios"
"1727","2026-03-14","1","web"
"1728","2023-03-17","1","ios"
"1728","2023-03-24","1","ios"
"1728","2023-04-08","1","ios"
"1728","2023-05-02","1","android"
"1728","2024-01-02","1","ios"
"1728","2024-01-16","1","ios"
"1729","2022-06-14","1","ios"
"1729","2022-06-28","1","ios"
"1729","2022-07-16","1","ios"
"1729","2022-08-02","1","android"
"1729","2022-08-06","1","ios"
"1729","2023-10-17","1","ios"
"1729","2024-03-15","1","ios"
"1729","2025-07-30","1","web"
"1730","2026-03-20","1","android"
"1730","2026-05-07","1","ios"
"1731","2021-07-22","1","android"
"1732","2021-10-10","1","ios"
"1732","2021-10-14","1","ios"
"1732","2021-10-15","1","ios"
"1732","2021-11-05","1","web"
"1732","2021-11-10","1","ios"
"1732","2021-11-21","1","web"
"1732","2021-12-02","1","android"
"1732","2024-03-05","1","android"
"1732","2024-03-08","1","web"
"1732","2024-03-14","1","web"
"1732","2024-03-19","1","ios"
"1732","2024-03-20","1","ios"
"1732","2024-03-29","1","android"
"1732","2024-04-15","1","android"
"1732","2024-05-07","1","ios"
"1732","2025-11-25","1","ios"
"1732","2026-01-30","1","ios"
"1732","2026-02-02","1","ios"
"1732","2026-02-03","1","ios"
"1733","2020-04-05","1","ios"
"1733","2020-05-09","1","web"
"1734","2024-09-22","1","ios"
"1734","2024-09-23","1","ios"
"1734","2024-09-30","1","web"
"1735","2023-06-19","1","web"
"1735","2023-06-30","1","android"
"1735","2023-07-03","1","ios"
"1735","2025-10-01","1","ios"
"1735","2025-10-28","1","android"
"1735","2025-11-11","1","ios"
"1735","2026-01-21","1","ios"
"1735","2026-01-29","1","ios"
"1736","2023-10-09","1","android"
"1736","2023-10-10","1","ios"
"1736","2023-10-16","1","web"
"1736","2023-10-20","1","web"
"1736","2023-10-31","1","android"
"1736","2023-11-15","1","ios"
"1736","2023-11-16","1","ios"
"1736","2023-12-29","1","web"
"1737","2022-11-04","1","android"
"1737","2022-11-21","1","ios"
"1737","2022-12-07","1","ios"
"1737","2022-12-23","1","android"
"1737","2022-12-25","1","web"
"1737","2023-01-14","1","ios"
"1737","2023-02-06","1","ios"
"1737","2023-02-09","1","android"
"1737","2024-02-11","1","web"
"1737","2024-02-22","1","android"
"1738","2021-10-25","1","web"
"1738","2022-12-30","1","ios"
"1739","2025-01-25","1","android"
"1739","2025-10-08","1","web"
"1740","2022-03-10","1","android"
"1741","2024-01-04","1","ios"
"1741","2024-01-29","1","ios"
"1741","2025-06-23","1","android"
"1741","2025-06-29","1","web"
"1741","2025-07-09","1","ios"
"1741","2025-07-13","1","android"
"1742","2026-01-19","1","ios"
"1742","2026-01-24","1","ios"
"1743","2019-10-18","1","android"
"1743","2019-10-20","1","android"
"1743","2019-12-04","1","android"
"1743","2020-01-27","1","android"
"1744","2025-08-01","1","ios"
"1745","2023-10-13","1","web"
"1745","2024-03-13","1","android"
"1746","2024-04-13","1","android"
"1746","2025-05-30","1","web"
"1746","2025-06-11","2","android"
"1747","2025-06-12","1","ios"
"1747","2025-07-04","1","ios"
"1748","2024-08-09","1","ios"
"1748","2024-09-27","1","ios"
"1748","2024-09-30","1","web"
"1748","2024-10-01","1","ios"
"1749","2023-10-17","1","web"
"1749","2023-10-25","1","ios"
"1749","2023-11-06","1","ios"
"1749","2023-11-10","1","ios"
"1749","2024-08-10","1","web"
"1750","2024-12-29","1","ios"
"1750","2025-01-05","1","android"
"1750","2025-01-13","1","ios"
"1751","2025-04-26","1","ios"
"1752","2025-05-14","1","web"
"1753","2022-12-05","1","web"
"1753","2022-12-06","1","web"
"1754","2023-12-06","1","ios"
"1755","2020-05-03","1","web"
"1755","2020-05-10","1","ios"
"1755","2020-11-07","1","ios"
"1755","2020-12-13","1","ios"
"1755","2020-12-28","1","ios"
"1755","2023-05-21","1","web"
"1755","2024-11-29","1","android"
"1755","2025-04-25","1","ios"
"1755","2026-02-17","1","web"
"1756","2022-05-01","1","ios"
"1757","2024-09-19","1","ios"
"1757","2024-09-28","1","ios"
"1758","2022-05-17","1","ios"
"1758","2022-05-18","1","ios"
"1758","2022-05-28","1","ios"
"1758","2022-07-20","1","web"
"1758","2022-07-28","1","ios"
"1758","2022-08-01","1","ios"
"1758","2023-02-28","1","android"
"1759","2024-10-12","1","android"
"1759","2024-10-15","1","ios"
"1759","2024-11-02","1","android"
"1759","2024-11-03","1","ios"
"1759","2025-06-22","1","web"
"1759","2025-07-03","1","android"
"1759","2025-07-06","1","ios"
"1759","2025-07-11","1","web"
"1760","2026-03-25","1","web"
"1760","2026-04-06","1","ios"
"1760","2026-04-24","1","web"
"1760","2026-06-13","2","ios"
"1760","2026-06-28","1","ios"
"1761","2025-03-30","1","android"
"1761","2025-04-18","1","web"
"1762","2022-01-19","1","android"
"1762","2026-06-16","1","web"
"1763","2024-01-12","1","android"
"1763","2024-01-15","1","ios"
"1763","2024-01-22","1","android"
"1763","2024-02-02","1","ios"
"1763","2025-07-19","1","web"
"1763","2025-09-06","1","web"
"1763","2025-09-18","2","ios"
"1764","2024-06-30","1","ios"
"1764","2024-07-06","1","ios"
"1764","2024-07-07","1","web"
"1764","2024-08-11","1","android"
"1764","2024-08-13","1","web"
"1765","2025-05-30","1","web"
"1765","2025-06-01","1","android"
"1765","2025-06-02","1","android"
"1765","2026-06-10","1","android"
"1766","2021-05-10","1","android"
"1766","2021-05-20","1","ios"
"1766","2021-06-25","1","web"
"1767","2022-09-04","1","ios"
"1768","2025-07-15","1","android"
"1768","2025-07-18","1","android"
"1769","2020-06-21","1","android"
"1770","2024-05-20","1","ios"
"1770","2024-05-21","1","web"
"1770","2024-08-10","1","ios"
"1771","2025-02-28","1","android"
"1771","2025-12-05","1","android"
"1771","2025-12-15","1","ios"
"1772","2026-06-22","1","ios"
"1773","2020-04-03","1","ios"
"1773","2021-01-25","1","web"
"1773","2025-11-23","1","web"
"1774","2025-07-20","1","android"
"1774","2025-07-22","1","web"
"1774","2025-08-21","1","android"
"1774","2025-09-19","1","ios"
"1774","2025-09-21","1","android"
"1775","2025-07-07","1","ios"
"1775","2025-07-24","1","android"
"1775","2025-09-20","1","android"
"1776","2025-08-12","1","android"
"1776","2025-09-09","1","ios"
"1777","2023-07-01","1","web"
"1778","2022-09-12","1","android"
"1778","2023-06-12","1","android"
"1778","2023-06-13","1","web"
"1778","2023-06-16","1","ios"
"1778","2023-06-18","1","web"
"1778","2023-06-24","1","web"
"1779","2026-02-18","1","ios"
"1780","2024-11-23","1","ios"
"1780","2024-12-01","1","android"
"1780","2025-01-11","2","ios"
"1780","2025-01-17","1","android"
"1781","2023-02-10","1","web"
"1781","2023-03-07","1","ios"
"1781","2023-03-29","1","ios"
"1781","2023-12-25","1","web"
"1781","2024-01-04","1","ios"
"1781","2024-07-23","1","android"
"1781","2024-08-04","1","ios"
"1781","2024-09-27","1","ios"
"1782","2024-01-16","1","ios"
"1782","2024-01-19","1","ios"
"1782","2024-01-26","1","ios"
"1782","2025-02-14","1","ios"
"1782","2025-03-01","1","web"
"1782","2025-04-11","1","ios"
"1782","2025-08-08","1","ios"
"1782","2025-08-25","1","ios"
"1782","2025-09-06","1","web"
"1782","2025-09-09","1","ios"
"1783","2025-04-30","1","android"
"1783","2025-05-26","1","android"
"1783","2025-06-20","1","ios"
"1783","2025-06-23","1","ios"
"1784","2023-08-27","1","android"
"1784","2024-12-24","1","ios"
"1785","2025-07-26","1","android"
"1785","2026-01-11","1","ios"
"1786","2023-11-24","1","ios"
"1786","2023-12-09","1","web"
"1786","2023-12-30","1","web"
"1786","2024-12-20","1","ios"
"1786","2025-01-01","1","web"
"1786","2025-01-11","1","android"
"1786","2025-01-26","1","ios"
"1786","2025-01-28","1","web"
"1786","2025-02-01","1","ios"
"1786","2025-02-09","1","android"
"1786","2025-02-28","2","web"
"1786","2025-03-04","1","ios"
"1786","2026-01-13","1","ios"
"1787","2025-10-12","1","ios"
"1787","2026-01-06","1","ios"
"1787","2026-01-08","1","android"
"1787","2026-01-20","1","android"
"1788","2024-08-30","1","ios"
"1789","2025-06-12","1","android"
"1789","2025-06-20","1","web"
"1790","2026-04-03","1","ios"
"1790","2026-04-13","1","android"
"1790","2026-04-23","1","ios"
"1790","2026-04-26","1","ios"
"1790","2026-05-10","1","android"
"1791","2025-10-10","1","android"
"1791","2025-10-23","1","ios"
"1791","2026-03-29","1","ios"
"1791","2026-05-29","1","android"
"1791","2026-05-31","1","android"
"1792","2024-06-22","1","web"
"1792","2024-07-01","1","ios"
"1793","2020-03-29","1","ios"
"1793","2020-03-30","1","ios"
"1793","2022-05-16","2","ios"
"1793","2022-05-18","1","ios"
"1793","2022-05-19","2","ios"
"1793","2022-06-23","1","android"
"1794","2025-07-10","1","android"
"1794","2025-07-26","1","ios"
"1795","2021-06-02","1","ios"
"1795","2021-07-02","1","ios"
"1796","2022-11-08","1","ios"
"1796","2025-06-10","1","android"
"1797","2022-08-27","1","android"
"1797","2022-09-02","1","ios"
"1797","2022-10-05","1","ios"
"1797","2022-10-16","1","android"
"1797","2022-10-22","1","android"
"1797","2023-07-05","1","web"
"1797","2023-07-11","1","ios"
"1797","2024-09-20","2","android"
"1797","2024-10-17","1","web"
"1797","2024-11-18","1","web"
"1797","2025-05-10","1","ios"
"1798","2023-11-16","1","web"
"1799","2025-09-03","1","ios"
"1799","2025-10-17","1","android"
"1799","2026-01-29","1","android"
"1799","2026-02-08","1","ios"
"1799","2026-02-19","1","ios"
"1800","2022-03-18","1","android"
"1800","2022-04-14","1","android"
"1800","2022-05-19","1","ios"
"1800","2022-05-20","1","ios"
"1800","2024-07-12","1","android"
"1800","2025-04-02","1","ios"
"1800","2025-04-25","1","web"
"1800","2025-04-26","1","web"
"1800","2025-05-12","1","android"
"1800","2025-05-17","1","android"
"1800","2026-05-07","1","android"
"1801","2025-10-04","1","android"
"1801","2025-10-09","1","ios"
"1802","2023-08-12","1","ios"
"1802","2024-08-18","1","android"
"1803","2020-05-02","1","ios"
"1803","2020-05-18","1","ios"
"1803","2020-05-20","1","ios"
"1803","2020-05-26","1","android"
"1803","2020-05-31","1","android"
"1803","2020-06-07","1","web"
"1803","2020-06-28","1","web"
"1803","2020-07-07","1","ios"
"1803","2020-07-17","1","web"
"1803","2020-08-14","1","web"
"1803","2020-08-15","1","ios"
"1803","2020-08-25","1","android"
"1803","2023-03-01","1","ios"
"1803","2023-03-18","1","ios"
"1804","2020-12-23","1","android"
"1804","2021-12-06","1","web"
"1804","2022-07-03","1","web"
"1804","2022-07-16","1","android"
"1804","2022-08-01","1","android"
"1804","2022-08-04","1","ios"
"1805","2022-05-10","1","ios"
"1805","2022-05-14","1","ios"
"1805","2022-05-15","1","web"
"1806","2025-07-02","1","ios"
"1806","2025-07-22","1","android"
"1807","2024-06-20","1","ios"
"1807","2024-06-21","1","ios"
"1808","2021-09-06","1","android"
"1808","2021-10-09","1","android"
"1809","2026-06-24","1","ios"
"1810","2026-04-28","1","web"
"1811","2020-10-08","1","ios"
"1811","2020-10-16","1","android"
"1812","2024-02-17","1","android"
"1813","2023-10-05","1","ios"
"1814","2023-09-18","1","android"
"1814","2023-09-23","1","ios"
"1814","2023-10-10","1","ios"
"1814","2024-12-25","1","android"
"1814","2024-12-26","2","ios"
"1814","2025-01-12","1","ios"
"1815","2024-09-04","1","web"
"1815","2025-06-02","1","web"
"1816","2024-06-11","1","ios"
"1816","2024-06-23","1","ios"
"1817","2025-07-19","1","web"
"1818","2025-08-29","1","android"
"1818","2025-08-30","1","android"
"1818","2026-05-21","1","ios"
"1819","2025-10-22","1","ios"
"1820","2023-03-17","1","ios"
"1820","2023-04-07","1","android"
"1820","2025-04-15","1","ios"
"1820","2025-05-13","1","ios"
"1820","2025-05-17","2","ios"
"1820","2025-05-26","1","android"
"1821","2021-03-23","1","ios"
"1821","2021-04-06","1","android"
"1821","2021-12-23","1","ios"
"1821","2021-12-27","1","android"
"1821","2022-01-10","1","android"
"1821","2022-11-17","1","web"
"1822","2025-03-11","1","web"
"1822","2025-03-13","1","ios"
"1822","2025-03-21","1","android"
"1823","2026-05-14","1","ios"
"1823","2026-05-17","1","ios"
"1824","2024-07-21","1","ios"
"1824","2024-07-28","1","android"
"1824","2026-02-08","1","ios"
"1825","2024-11-04","1","android"
"1825","2025-10-30","1","ios"
"1826","2025-11-28","1","ios"
"1827","2024-11-09","1","ios"
"1828","2022-10-12","1","ios"
"1828","2023-04-29","1","android"
"1828","2023-05-15","1","web"
"1828","2023-05-17","1","web"
"1828","2024-02-09","1","ios"
"1828","2024-02-12","1","android"
"1828","2024-02-20","1","web"
"1828","2025-05-05","2","android"
"1829","2026-03-31","1","ios"
"1829","2026-04-04","1","android"
"1830","2024-09-17","1","web"
"1830","2025-05-27","1","android"
"1831","2025-07-04","1","ios"
"1831","2025-09-07","1","ios"
"1831","2025-09-14","1","ios"
"1831","2025-09-23","1","ios"
"1832","2023-07-23","1","android"
"1832","2023-09-16","1","ios"
"1832","2023-09-23","2","ios"
"1832","2025-02-28","1","web"
"1832","2025-03-03","1","android"
"1833","2021-04-11","1","ios"
"1833","2022-04-23","1","web"
"1833","2022-05-02","1","ios"
"1833","2022-05-16","1","android"
"1833","2022-05-25","1","android"
"1833","2022-05-26","2","ios"
"1834","2023-08-29","1","ios"
"1834","2023-09-02","1","android"
"1834","2023-09-12","1","ios"
"1834","2023-09-17","1","web"
"1834","2024-02-19","1","ios"
"1834","2024-02-20","1","android"
"1834","2024-03-18","1","android"
"1834","2024-04-14","1","android"
"1834","2025-07-10","1","web"
"1834","2025-07-12","1","android"
"1835","2024-03-03","1","ios"
"1835","2024-04-18","1","web"
"1836","2019-09-26","1","android"
"1836","2019-10-11","1","ios"
"1836","2019-11-14","1","android"
"1836","2019-11-26","1","ios"
"1836","2019-12-24","1","ios"
"1836","2020-01-03","1","ios"
"1836","2022-06-07","2","ios"
"1836","2022-06-09","1","ios"
"1836","2022-06-29","1","ios"
"1837","2024-05-27","1","android"
"1837","2024-06-11","1","ios"
"1837","2026-04-28","1","ios"
"1838","2023-05-09","1","web"
"1838","2025-04-26","1","web"
"1838","2025-05-16","1","ios"
"1838","2026-04-22","1","web"
"1838","2026-05-16","1","ios"
"1839","2021-12-26","1","web"
"1840","2022-09-10","1","ios"
"1840","2022-09-14","1","android"
"1840","2023-03-23","1","android"
"1840","2023-03-24","1","ios"
"1841","2023-02-27","1","ios"
"1842","2024-10-13","1","web"
"1842","2024-10-23","1","ios"
"1842","2025-06-19","1","ios"
"1842","2026-04-02","1","ios"
"1842","2026-04-26","1","web"
"1842","2026-05-30","1","ios"
"1842","2026-06-16","1","web"
"1842","2026-06-24","1","ios"
"1842","2026-06-26","1","android"
"1843","2022-10-25","1","ios"
"1843","2022-11-11","1","ios"
"1843","2023-08-11","1","ios"
"1843","2024-10-15","1","web"
"1844","2022-10-08","1","android"
"1845","2022-06-15","1","android"
"1845","2022-06-28","1","ios"
"1846","2025-12-06","1","android"
"1847","2026-06-01","1","ios"
"1847","2026-06-06","1","android"
"1848","2025-09-01","1","ios"
"1848","2025-10-03","1","web"
"1848","2025-11-01","1","android"
"1849","2021-04-17","1","android"
"1849","2021-05-06","1","ios"
"1849","2021-05-13","1","ios"
"1849","2021-12-06","1","android"
"1850","2024-07-13","1","ios"
"1850","2024-07-15","1","ios"
"1850","2024-08-03","1","ios"
"1850","2024-08-04","1","ios"
"1850","2024-09-25","1","ios"
"1850","2024-09-27","1","android"
"1850","2024-11-06","1","ios"
"1850","2024-11-26","1","ios"
"1850","2025-03-22","1","android"
"1850","2025-11-28","1","web"
"1850","2025-11-29","1","ios"
"1851","2025-08-17","1","web"
"1852","2025-11-09","1","ios"
"1852","2025-11-13","1","web"
"1852","2025-11-17","1","android"
"1853","2022-12-27","1","ios"
"1854","2020-09-21","1","ios"
"1855","2023-09-13","1","ios"
"1856","2023-12-04","1","android"
"1856","2023-12-17","1","web"
"1857","2023-06-12","1","ios"
"1857","2023-06-15","1","android"
"1857","2023-07-15","1","ios"
"1857","2023-07-16","1","ios"
"1857","2023-08-11","1","ios"
"1857","2023-08-19","1","web"
"1857","2023-09-10","1","ios"
"1858","2026-01-30","1","web"
"1858","2026-02-14","1","android"
"1859","2022-04-05","1","android"
"1859","2022-05-17","1","android"
"1859","2022-05-21","1","ios"
"1859","2022-11-24","1","ios"
"1859","2022-11-29","1","ios"
"1859","2022-12-01","1","ios"
"1859","2023-01-07","1","ios"
"1859","2023-01-16","1","ios"
"1859","2023-02-15","1","android"
"1860","2025-08-22","1","ios"
"1861","2026-04-08","1","android"
"1862","2022-05-25","1","ios"
"1863","2025-02-09","1","ios"
"1863","2025-04-04","1","ios"
"1863","2025-05-12","1","android"
"1863","2025-05-23","1","android"
"1863","2025-08-30","1","ios"
"1863","2025-08-31","1","ios"
"1863","2025-09-18","1","ios"
"1863","2025-10-03","1","ios"
"1864","2025-03-14","1","android"
"1864","2025-03-31","1","ios"
"1864","2025-06-25","1","ios"
"1864","2025-08-06","1","ios"
"1864","2025-08-12","1","ios"
"1864","2025-08-16","1","ios"
"1865","2025-12-15","1","ios"
"1866","2026-03-01","1","ios"
"1866","2026-03-16","1","android"
"1866","2026-03-19","1","android"
"1866","2026-05-07","1","web"
"1866","2026-05-12","1","ios"
"1867","2024-05-18","1","ios"
"1867","2024-07-13","1","android"
"1867","2026-03-04","1","android"
"1867","2026-03-25","1","ios"
"1867","2026-03-30","1","android"
"1867","2026-03-31","1","web"
"1867","2026-04-15","1","android"
"1868","2021-01-06","1","android"
"1868","2021-06-11","1","web"
"1868","2022-03-14","1","ios"
"1868","2022-09-13","1","ios"
"1869","2025-03-01","1","ios"
"1869","2025-03-03","1","web"
"1869","2025-08-30","1","android"
"1869","2025-09-12","1","web"
"1870","2026-06-06","1","android"
"1870","2026-06-19","1","android"
"1870","2026-06-27","2","android"
"1871","2020-04-25","1","web"
"1871","2021-01-18","1","ios"
"1872","2025-05-29","1","android"
"1872","2025-06-23","1","ios"
"1872","2025-06-29","1","ios"
"1872","2025-08-09","1","ios"
"1872","2025-08-17","1","ios"
"1872","2025-09-12","1","android"
"1872","2026-01-01","1","ios"
"1872","2026-02-01","1","android"
"1872","2026-02-14","1","ios"
"1872","2026-02-15","1","web"
"1872","2026-02-25","1","android"
"1873","2023-07-05","1","web"
"1873","2023-07-29","1","web"
"1873","2023-08-23","1","android"
"1874","2019-08-27","1","ios"
"1875","2025-05-23","1","ios"
"1875","2025-06-07","1","ios"
"1875","2025-06-29","1","ios"
"1875","2025-07-08","1","web"
"1875","2026-06-17","1","android"
"1875","2026-06-21","1","ios"
"1876","2026-02-28","1","ios"
"1877","2024-10-05","1","android"
"1877","2025-05-30","1","android"
"1877","2026-01-10","2","android"
"1877","2026-05-11","1","android"
"1878","2022-11-15","1","ios"
"1878","2024-09-26","1","ios"
"1878","2024-10-02","1","ios"
"1879","2024-08-23","1","web"
"1880","2022-04-10","1","android"
"1880","2022-04-20","1","web"
"1881","2026-05-10","1","ios"
"1882","2023-01-17","1","ios"
"1882","2023-01-27","1","ios"
"1882","2023-03-18","1","ios"
"1882","2023-03-21","1","ios"
"1882","2024-05-13","1","ios"
"1882","2024-06-14","1","ios"
"1883","2020-09-17","1","ios"
"1883","2020-09-24","1","ios"
"1883","2020-10-03","1","ios"
"1883","2022-07-23","2","ios"
"1883","2022-08-13","1","android"
"1883","2024-11-20","1","ios"
"1883","2025-06-28","1","android"
"1884","2025-04-28","1","ios"
"1884","2025-05-07","1","web"
"1884","2025-05-08","1","ios"
"1885","2024-07-26","1","android"
"1885","2025-07-30","1","ios"
"1885","2025-08-02","1","web"
"1885","2025-08-03","1","ios"
"1886","2025-11-30","1","ios"
"1887","2023-01-21","1","ios"
"1887","2024-06-16","1","android"
"1887","2024-07-27","1","web"
"1887","2025-10-08","1","ios"
"1888","2023-07-19","1","web"
"1888","2023-08-05","1","web"
"1888","2023-08-08","1","android"
"1888","2023-08-09","1","android"
"1888","2024-09-03","1","android"
"1888","2024-09-04","1","ios"
"1888","2024-09-12","1","ios"
"1888","2025-02-05","1","android"
"1888","2025-02-14","1","ios"
"1889","2025-02-23","1","web"
"1889","2025-03-03","1","android"
"1889","2025-04-17","1","ios"
"1889","2025-04-18","1","ios"
"1889","2025-06-08","1","android"
"1889","2025-06-15","1","ios"
"1890","2025-07-24","1","android"
"1890","2025-07-26","1","ios"
"1890","2025-08-13","1","ios"
"1891","2023-07-18","1","ios"
"1891","2023-08-18","1","ios"
"1892","2024-05-10","1","android"
"1892","2025-03-20","1","ios"
"1892","2025-07-22","1","android"
"1892","2025-11-21","1","android"
"1893","2024-07-15","1","web"
"1893","2024-08-20","1","android"
"1893","2024-10-10","1","ios"
"1893","2026-06-17","1","ios"
"1894","2025-08-26","1","ios"
"1894","2025-09-20","1","android"
"1894","2025-12-19","1","web"
"1894","2026-01-23","1","ios"
"1894","2026-02-12","1","ios"
"1894","2026-03-12","1","ios"
"1894","2026-04-01","1","ios"
"1894","2026-04-03","1","android"
"1894","2026-04-17","1","web"
"1895","2025-02-01","1","ios"
"1896","2019-06-27","1","android"
"1896","2019-08-06","1","android"
"1896","2019-08-15","1","ios"
"1897","2021-10-17","1","ios"
"1898","2019-08-12","1","ios"
"1899","2025-08-10","1","android"
"1899","2025-08-16","1","web"
"1900","2026-02-07","1","ios"
"1900","2026-02-22","1","web"
"1900","2026-02-28","1","web"
"1901","2026-03-01","1","ios"
"1902","2023-06-28","1","ios"
"1903","2023-01-23","1","ios"
"1903","2023-01-25","1","ios"
"1903","2025-05-19","1","web"
"1903","2025-05-26","1","android"
"1903","2026-01-01","1","android"
"1904","2022-02-23","1","ios"
"1904","2022-02-26","1","android"
"1904","2022-10-23","1","android"
"1905","2026-04-13","1","android"
"1906","2026-03-20","1","web"
"1906","2026-03-28","1","ios"
"1907","2021-05-31","1","ios"
"1908","2023-09-06","1","web"
"1909","2022-11-21","1","android"
"1910","2024-05-26","1","ios"
"1910","2024-05-28","1","web"
"1910","2024-10-29","1","ios"
"1910","2024-11-14","1","ios"
"1910","2024-11-18","1","android"
"1910","2024-12-12","1","android"
"1911","2024-01-02","1","ios"
"1911","2024-02-02","1","ios"
"1912","2024-09-08","1","ios"
"1913","2025-01-09","1","ios"
"1913","2026-04-15","1","android"
"1914","2024-03-11","1","ios"
"1915","2024-09-11","1","android"
"1915","2024-09-15","1","android"
"1916","2024-07-22","1","ios"
"1916","2025-05-28","1","ios"
"1917","2023-02-05","1","ios"
"1917","2023-02-09","1","web"
"1917","2023-04-10","1","ios"
"1917","2023-05-04","1","ios"
"1917","2023-05-25","1","android"
"1918","2021-08-13","1","ios"
"1918","2021-08-19","1","android"
"1918","2022-01-14","1","ios"
"1918","2022-03-16","1","android"
"1918","2022-04-15","1","web"
"1918","2022-04-22","1","android"
"1918","2022-04-30","1","web"
"1918","2022-05-21","1","ios"
"1918","2022-05-22","1","ios"
"1918","2022-10-20","1","ios"
"1918","2022-10-22","1","android"
"1918","2022-12-23","1","web"
"1918","2023-02-19","1","android"
"1918","2023-02-25","1","android"
"1918","2023-02-28","1","ios"
"1918","2024-03-30","1","android"
"1918","2025-03-26","1","android"
"1918","2025-04-26","1","ios"
"1918","2025-04-27","1","android"
"1918","2025-05-12","1","android"
"1918","2025-07-17","1","android"
"1919","2019-03-17","1","android"
"1919","2019-04-06","1","ios"
"1920","2022-08-21","1","ios"
"1920","2022-09-12","1","ios"
"1920","2024-03-18","2","web"
"1920","2024-03-21","1","android"
"1920","2025-09-16","1","android"
"1920","2026-06-17","1","ios"
"1921","2021-06-02","1","ios"
"1921","2021-06-08","1","ios"
"1921","2022-01-05","1","android"
"1921","2022-11-13","1","android"
"1921","2023-04-17","1","ios"
"1922","2019-06-25","1","web"
"1922","2019-06-26","1","ios"
"1923","2024-12-31","1","ios"
"1923","2025-01-06","1","ios"
"1924","2021-11-28","1","ios"
"1924","2023-01-08","1","ios"
"1925","2022-07-01","1","web"
"1926","2025-12-31","1","ios"
"1927","2026-03-22","1","ios"
"1927","2026-04-05","1","web"
"1928","2026-05-23","1","ios"
"1929","2021-03-03","1","ios"
"1929","2021-03-05","1","android"
"1930","2022-12-03","1","android"
"1930","2022-12-07","1","ios"
"1930","2022-12-19","1","web"
"1931","2026-01-29","1","android"
"1932","2023-10-24","1","ios"
"1932","2024-06-26","1","android"
"1932","2024-11-03","1","ios"
"1932","2025-07-23","1","ios"
"1932","2026-04-07","1","ios"
"1933","2026-04-02","1","ios"
"1934","2021-11-29","1","web"
"1934","2021-11-30","1","ios"
"1934","2021-12-03","1","android"
"1934","2021-12-16","1","web"
"1934","2022-01-12","1","ios"
"1934","2022-01-16","1","ios"
"1934","2023-02-04","1","ios"
"1934","2023-02-18","1","ios"
"1934","2023-02-21","1","android"
"1934","2023-03-04","1","web"
"1935","2023-04-18","1","android"
"1935","2023-04-24","1","ios"
"1935","2023-05-28","1","ios"
"1936","2020-10-14","1","web"
"1937","2022-12-22","1","android"
"1937","2024-01-09","1","ios"
"1937","2024-01-22","1","android"
"1937","2024-01-26","1","web"
"1938","2021-04-14","1","ios"
"1938","2021-04-19","1","ios"
"1938","2022-03-27","1","ios"
"1938","2022-08-24","1","android"
"1938","2023-09-06","1","ios"
"1939","2021-05-13","1","web"
"1939","2022-06-26","1","ios"
"1939","2022-08-05","1","android"
"1939","2022-08-22","1","android"
"1939","2022-08-23","1","android"
"1939","2022-09-07","1","android"
"1940","2025-08-03","1","ios"
"1941","2026-03-07","1","android"
"1942","2019-11-13","1","ios"
"1942","2019-11-14","1","android"
"1942","2020-03-07","1","ios"
"1942","2020-03-08","1","android"
"1942","2020-04-05","1","ios"
"1942","2020-04-15","1","ios"
"1942","2020-05-22","1","web"
"1942","2021-01-01","1","android"
"1943","2021-02-20","1","ios"
"1943","2021-02-21","1","ios"
"1943","2021-03-02","1","ios"
"1943","2021-03-15","1","ios"
"1943","2021-04-15","1","android"
"1943","2021-04-22","2","android"
"1943","2021-04-24","1","ios"
"1943","2021-04-25","1","web"
"1944","2024-08-19","1","ios"
"1945","2021-06-21","1","android"
"1945","2021-06-25","1","ios"
"1945","2021-08-12","1","web"
"1946","2025-07-19","1","ios"
"1946","2025-07-30","1","web"
"1946","2025-08-10","1","android"
"1946","2025-08-15","1","android"
"1946","2025-09-05","1","android"
"1946","2025-09-08","2","ios"
"1946","2025-09-24","1","ios"
"1946","2025-09-29","1","android"
"1946","2025-10-26","1","ios"
"1946","2025-11-01","1","android"
"1946","2025-11-11","1","android"
"1946","2025-11-14","2","ios"
"1947","2020-12-25","1","ios"
"1947","2021-01-06","1","android"
"1947","2021-04-12","1","ios"
"1947","2021-04-25","1","ios"
"1947","2021-06-02","1","ios"
"1947","2021-06-12","1","android"
"1948","2021-09-05","1","ios"
"1949","2025-06-20","1","android"
"1950","2025-08-24","1","ios"
"1950","2025-09-12","1","ios"
"1950","2025-09-15","1","ios"
"1950","2025-09-18","1","ios"
"1951","2024-01-17","1","web"
"1951","2024-03-17","1","ios"
"1951","2024-04-07","1","ios"
"1951","2024-04-25","1","web"
"1951","2024-05-11","1","web"
"1951","2024-05-28","1","ios"
"1951","2024-08-12","1","ios"
"1951","2024-08-17","1","ios"
"1951","2024-09-28","1","ios"
"1951","2025-02-09","1","ios"
"1951","2025-02-23","1","ios"
"1951","2025-04-12","1","ios"
"1952","2026-01-20","1","android"
"1953","2020-07-21","1","ios"
"1953","2020-07-23","1","ios"
"1953","2020-08-22","1","android"
"1954","2025-03-18","1","ios"
"1954","2025-04-04","1","ios"
"1954","2025-04-10","1","ios"
"1954","2025-05-11","1","android"
"1954","2025-05-14","1","ios"
"1954","2025-08-01","1","ios"
"1954","2026-05-20","1","web"
"1954","2026-05-26","1","ios"
"1955","2025-10-24","1","ios"
"1956","2025-03-30","1","ios"
"1956","2025-04-02","1","ios"
"1956","2026-05-15","1","android"
"1956","2026-05-21","1","android"
"1956","2026-06-17","1","web"
"1957","2021-11-01","1","ios"
"1957","2022-05-12","1","ios"
"1957","2022-06-09","1","android"
"1957","2024-04-27","1","ios"
"1958","2023-10-30","1","ios"
"1958","2023-11-06","1","android"
"1959","2019-06-20","1","ios"
"1959","2020-08-21","1","ios"
"1960","2023-10-17","1","android"
"1960","2023-12-07","1","ios"
"1960","2023-12-08","1","ios"
"1960","2024-01-11","1","ios"
"1960","2024-01-24","1","android"
"1960","2024-02-01","1","ios"
"1961","2023-12-08","1","ios"
"1961","2023-12-30","1","ios"
"1962","2020-10-25","1","android"
"1962","2021-01-08","1","web"
"1962","2022-03-11","1","android"
"1963","2023-02-13","1","ios"
"1963","2023-09-08","1","android"
"1963","2024-06-28","1","android"
"1963","2025-04-03","1","android"
"1963","2026-03-25","1","web"
"1964","2025-05-31","1","android"
"1964","2025-06-20","1","ios"
"1964","2025-06-30","1","ios"
"1964","2025-07-10","1","web"
"1964","2025-07-30","1","ios"
"1964","2025-08-12","1","web"
"1964","2025-09-26","1","web"
"1965","2022-08-06","1","web"
"1965","2023-09-18","1","ios"
"1965","2024-10-23","1","web"
"1966","2023-03-27","1","ios"
"1967","2026-05-19","1","ios"
"1967","2026-06-11","1","web"
"1968","2025-03-02","1","ios"
"1968","2025-03-22","1","android"
"1968","2026-04-02","1","android"
"1969","2026-01-06","1","android"
"1969","2026-01-09","1","ios"
"1970","2022-09-24","1","android"
"1971","2024-08-01","1","web"
"1971","2026-01-08","1","ios"
"1971","2026-01-09","1","ios"
"1972","2025-10-13","1","web"
"1972","2025-10-25","1","android"
"1972","2025-11-07","1","android"
"1972","2025-11-20","1","web"
"1973","2019-10-16","1","ios"
"1973","2019-10-26","1","ios"
"1973","2019-11-05","1","android"
"1973","2020-11-27","1","ios"
"1973","2022-01-17","1","ios"
"1974","2024-06-18","1","web"
"1974","2024-06-22","1","ios"
"1974","2024-08-08","1","android"
"1974","2024-08-18","1","android"
"1974","2025-07-13","1","ios"
"1975","2024-09-28","1","ios"
"1976","2024-06-13","1","android"
"1976","2024-06-23","1","android"
"1976","2025-05-28","1","ios"
"1976","2025-05-30","1","ios"
"1976","2026-02-11","1","web"
"1976","2026-02-12","1","ios"
"1976","2026-02-16","1","ios"
"1976","2026-02-26","1","android"
"1976","2026-03-28","1","web"
"1977","2020-08-29","1","ios"
"1977","2020-09-13","1","ios"
"1977","2020-09-19","1","ios"
"1977","2020-09-27","1","ios"
"1977","2020-10-07","1","android"
"1978","2022-09-09","1","android"
"1978","2022-09-16","1","android"
"1978","2023-05-17","1","ios"
"1978","2023-05-23","1","ios"
"1978","2023-06-04","1","android"
"1979","2025-05-01","1","android"
"1979","2025-05-04","1","ios"
"1979","2025-05-28","1","ios"
"1979","2025-06-07","1","web"
"1979","2025-06-30","1","android"
"1980","2022-05-09","1","ios"
"1981","2023-05-24","1","android"
"1981","2023-07-22","1","ios"
"1982","2020-01-19","1","web"
"1982","2021-01-23","1","ios"
"1982","2022-10-15","1","ios"
"1982","2022-11-02","1","android"
"1982","2024-02-03","1","android"
"1982","2024-05-07","1","ios"
"1982","2024-05-11","1","ios"
"1982","2024-05-24","1","ios"
"1982","2025-09-05","1","android"
"1982","2025-09-12","1","android"
"1983","2023-03-30","1","ios"
"1983","2023-04-20","1","android"
"1983","2023-04-26","1","android"
"1984","2022-07-17","1","ios"
"1984","2022-07-21","1","ios"
"1985","2020-02-04","1","android"
"1985","2020-03-07","1","android"
"1985","2021-04-09","1","android"
"1986","2023-09-25","1","android"
"1987","2021-07-12","1","android"
"1988","2025-11-24","1","ios"
"1988","2025-12-07","1","ios"
"1988","2025-12-17","1","android"
"1988","2025-12-22","1","android"
"1988","2026-05-09","1","ios"
"1988","2026-06-17","1","android"
"1989","2020-11-05","1","ios"
"1989","2020-12-05","1","android"
"1990","2025-07-04","1","android"
"1990","2025-07-06","1","ios"
"1990","2025-08-07","1","ios"
"1991","2022-09-23","1","web"
"1991","2024-11-24","1","android"
"1991","2024-12-06","1","android"
"1992","2020-05-29","1","ios"
"1992","2020-05-31","1","ios"
"1993","2026-04-10","1","ios"
"1993","2026-04-18","1","ios"
"1993","2026-04-24","1","android"
"1993","2026-04-25","1","ios"
"1993","2026-04-27","1","ios"
"1993","2026-05-01","1","ios"
"1993","2026-05-13","1","android"
"1993","2026-05-16","1","ios"
"1993","2026-05-17","1","web"
"1994","2026-05-22","1","android"
"1994","2026-05-27","1","ios"
"1994","2026-06-28","1","android"
"1995","2025-06-15","1","android"
"1995","2025-06-26","1","web"
"1995","2025-07-06","1","ios"
"1996","2021-05-16","1","android"
"1996","2021-10-07","1","ios"
"1996","2021-11-02","1","ios"
"1996","2022-11-26","1","ios"
"1996","2022-12-31","1","android"
"1996","2023-08-21","1","ios"
"1996","2023-09-16","1","android"
"1996","2023-10-11","1","ios"
"1996","2025-03-20","1","web"
"1997","2025-01-28","1","android"
"1997","2025-04-23","1","ios"
"1997","2025-05-28","1","ios"
"1997","2025-06-02","1","ios"
"1997","2025-06-06","1","android"
"1997","2025-07-04","1","android"
"1997","2025-08-30","1","ios"
"1997","2025-09-01","1","web"
"1997","2025-10-04","1","ios"
"1998","2025-10-30","1","ios"
"1999","2024-02-17","1","ios"
"1999","2024-02-18","1","ios"
"1999","2024-02-26","1","android"
"2000","2025-11-25","1","android"
"2000","2025-12-04","1","ios"
"2001","2021-11-08","1","ios"
"2001","2023-03-30","1","web"
"2001","2023-04-02","1","android"
"2001","2023-05-28","1","android"
"2001","2023-10-18","1","android"
"2001","2023-10-26","1","ios"
"2001","2023-12-12","1","ios"
"2001","2023-12-17","1","android"
"2001","2024-01-05","1","ios"
"2001","2024-01-12","1","android"
"2002","2023-10-01","1","ios"
"2002","2024-07-31","1","ios"
"2002","2024-08-16","1","ios"
"2002","2024-09-02","1","ios"
"2003","2024-03-09","1","ios"
"2004","2024-11-10","1","web"
"2004","2024-11-12","1","android"
"2004","2024-11-27","1","ios"
"2005","2022-10-14","1","web"
"2005","2022-10-22","1","android"
"2005","2022-11-12","2","ios"
"2006","2023-08-17","1","ios"
"2006","2023-09-19","1","web"
"2006","2023-09-30","1","ios"
"2007","2022-03-21","1","ios"
"2007","2022-03-23","1","ios"
"2008","2024-05-10","1","ios"
"2008","2024-06-13","1","web"
"2008","2024-06-30","1","ios"
"2008","2024-07-22","1","ios"
"2008","2024-07-28","1","android"
"2008","2024-08-01","1","web"
"2008","2025-06-08","1","android"
"2009","2022-12-05","1","ios"
"2009","2022-12-09","1","ios"
"2010","2025-06-22","1","web"
"2010","2025-07-02","1","android"
"2011","2024-03-02","1","android"
"2012","2024-04-13","1","web"
"2012","2025-08-30","1","ios"
"2013","2024-10-05","1","ios"
"2013","2024-10-08","2","ios"
"2013","2025-07-13","1","ios"
"2013","2025-08-05","2","ios"
"2014","2024-03-31","1","ios"
"2014","2024-04-30","1","android"
"2014","2024-05-09","1","web"
"2014","2025-11-16","1","ios"
"2015","2022-05-02","1","android"
"2015","2024-05-02","1","web"
"2015","2024-10-22","1","ios"
"2016","2022-03-20","1","ios"
"2016","2022-04-07","2","android"
"2016","2022-04-08","1","ios"
"2017","2019-10-05","1","android"
"2017","2019-10-13","1","android"
"2018","2020-04-18","1","web"
"2018","2020-05-19","1","ios"
"2018","2020-10-24","1","android"
"2019","2021-02-12","1","web"
"2019","2021-03-07","1","android"
"2019","2021-03-08","1","web"
"2019","2021-11-09","2","android"
"2019","2022-03-30","1","ios"
"2019","2022-08-27","1","ios"
"2020","2021-09-16","1","ios"
"2020","2021-10-18","1","ios"
"2020","2021-10-30","1","android"
"2020","2021-10-31","1","ios"
"2020","2021-11-12","1","web"
"2020","2023-05-01","1","android"
"2020","2023-05-05","1","ios"
"2020","2025-01-09","1","ios"
"2020","2026-03-15","1","ios"
"2021","2026-06-18","1","ios"
"2021","2026-06-25","1","ios"
"2021","2026-06-26","1","android"
"2022","2025-12-07","1","android"
"2022","2025-12-10","1","ios"
"2023","2023-07-21","1","ios"
"2024","2021-03-20","1","web"
"2024","2022-08-30","1","ios"
"2025","2025-10-14","1","android"
"2026","2024-07-27","1","android"
"2026","2024-07-31","1","ios"
"2026","2024-10-23","1","android"
"2026","2024-11-29","1","ios"
"2026","2025-11-19","1","ios"
"2027","2024-11-02","1","ios"
"2027","2024-11-14","1","web"
"2028","2024-09-03","1","ios"
"2028","2024-09-23","1","ios"
"2028","2024-11-22","1","android"
"2029","2024-09-04","1","web"
"2029","2024-09-22","1","web"
"2029","2024-09-28","1","android"
"2029","2025-06-20","1","web"
"2030","2022-08-08","1","android"
"2030","2022-12-24","1","android"
"2030","2023-12-06","1","ios"
"2030","2024-11-11","1","android"
"2030","2025-08-09","1","android"
"2031","2025-09-22","1","ios"
"2032","2025-01-19","1","ios"
"2032","2025-02-06","1","android"
"2032","2025-02-27","1","android"
"2033","2026-05-04","1","android"
"2033","2026-05-06","1","android"
"2033","2026-05-13","1","ios"
"2033","2026-05-14","1","ios"
"2033","2026-05-15","1","web"
"2033","2026-05-22","1","ios"
"2033","2026-05-24","2","web"
"2033","2026-05-25","1","ios"
"2034","2020-03-30","1","android"
"2034","2020-04-13","1","android"
"2034","2020-04-15","1","web"
"2034","2020-05-02","1","ios"
"2034","2020-05-26","1","ios"
"2034","2020-06-06","1","ios"
"2034","2020-10-14","1","android"
"2034","2020-11-19","1","android"
"2035","2023-10-23","1","web"
"2035","2023-12-29","1","ios"
"2035","2024-01-08","1","ios"
"2035","2024-01-21","1","ios"
"2035","2025-03-02","1","ios"
"2036","2021-04-21","1","ios"
"2036","2021-05-16","1","android"
"2036","2021-06-19","1","ios"
"2036","2021-07-06","1","android"
"2036","2021-07-16","1","ios"
"2036","2021-08-05","1","ios"
"2036","2022-12-07","1","ios"
"2036","2022-12-09","1","ios"
"2036","2023-01-16","1","ios"
"2036","2023-01-25","1","ios"
"2036","2023-02-03","1","ios"
"2036","2023-10-20","1","ios"
"2036","2023-10-24","1","ios"
"2036","2024-12-19","1","ios"
"2036","2025-01-02","1","ios"
"2036","2025-01-07","1","ios"
"2036","2026-01-13","1","web"
"2036","2026-02-13","1","ios"
"2037","2021-06-13","1","ios"
"2037","2022-02-27","1","ios"
"2037","2023-03-09","1","ios"
"2037","2023-08-29","1","ios"
"2037","2024-04-08","1","ios"
"2038","2025-10-10","1","android"
"2039","2021-03-24","1","ios"
"2039","2021-03-28","1","ios"
"2039","2021-04-17","1","ios"
"2039","2021-05-04","1","ios"
"2039","2021-05-07","1","ios"
"2039","2021-05-09","1","ios"
"2039","2022-09-22","1","android"
"2039","2023-05-24","1","android"
"2039","2024-09-11","1","ios"
"2039","2025-10-24","1","web"
"2040","2023-04-12","1","android"
"2040","2023-04-21","1","ios"
"2040","2023-05-12","2","android"
"2040","2023-06-30","1","ios"
"2040","2023-07-15","1","ios"
"2040","2023-12-24","1","android"
"2041","2023-11-27","1","web"
"2041","2023-12-09","1","android"
"2041","2024-02-26","1","ios"
"2041","2024-03-01","1","ios"
"2041","2024-04-03","1","ios"
"2041","2024-04-24","1","web"
"2041","2024-09-20","1","web"
"2041","2025-10-30","1","ios"
"2042","2025-05-08","1","web"
"2043","2024-05-13","1","ios"
"2043","2024-10-27","1","ios"
"2043","2024-11-23","1","android"
"2043","2024-12-17","1","android"
"2043","2025-01-09","1","ios"
"2044","2023-07-20","1","web"
"2044","2023-07-29","1","android"
"2044","2024-05-04","1","ios"
"2044","2024-05-11","1","android"
"2044","2024-05-27","1","ios"
"2045","2024-11-14","1","android"
"2045","2024-11-19","1","ios"
"2045","2024-12-22","1","android"
"2045","2025-12-19","1","android"
"2046","2022-02-18","1","ios"
"2046","2022-04-03","1","android"
"2046","2022-11-12","1","android"
"2047","2020-06-14","1","web"
"2047","2020-07-22","1","web"
"2047","2020-07-30","1","android"
"2047","2020-07-31","1","web"
"2047","2020-08-01","1","android"
"2047","2020-08-05","1","ios"
"2047","2023-09-28","1","ios"
"2048","2020-10-04","1","ios"
"2048","2021-09-04","1","ios"
"2049","2023-10-10","1","ios"
"2049","2023-10-18","1","ios"
"2049","2023-12-08","1","web"
"2049","2024-01-20","1","ios"
"2049","2024-05-13","1","ios"
"2049","2024-09-23","1","ios"
"2049","2025-04-16","1","ios"
"2049","2025-04-29","2","android"
"2049","2026-04-01","1","web"
"2050","2025-04-20","1","android"
"2050","2025-05-25","1","ios"
"2050","2025-06-06","1","android"
"2050","2025-08-28","1","ios"
"2050","2025-08-31","1","ios"
"2050","2025-09-22","1","ios"
"2050","2025-09-27","1","android"
"2050","2026-05-20","1","ios"
"2051","2025-06-05","1","web"
"2051","2025-06-07","1","ios"
"2051","2025-06-10","1","ios"
"2051","2025-06-11","1","android"
"2052","2024-06-05","1","android"
"2052","2026-01-30","1","ios"
"2053","2024-12-08","1","android"
"2053","2025-01-16","1","ios"
"2054","2023-05-23","1","ios"
"2055","2024-01-29","1","ios"
"2055","2024-02-12","1","android"
"2055","2024-02-17","1","ios"
"2056","2020-04-08","1","ios"
"2056","2022-11-27","2","android"
"2057","2025-01-03","1","android"
"2057","2025-01-15","1","web"
"2057","2025-01-16","1","ios"
"2058","2024-07-09","1","web"
"2058","2024-07-10","1","android"
"2058","2024-08-14","1","ios"
"2058","2024-12-25","1","ios"
"2058","2025-08-21","1","android"
"2058","2026-05-05","1","ios"
"2058","2026-05-20","1","ios"
"2058","2026-06-11","1","ios"
"2058","2026-06-12","2","ios"
"2058","2026-06-24","1","ios"
"2058","2026-06-26","2","android"
"2059","2025-12-26","1","web"
"2059","2026-01-09","1","android"
"2059","2026-02-16","1","ios"
"2059","2026-02-17","1","ios"
"2059","2026-02-22","1","ios"
"2060","2025-12-02","1","ios"
"2060","2026-01-12","1","android"
"2060","2026-01-27","1","ios"
"2060","2026-01-29","1","web"
"2060","2026-02-04","1","ios"
"2060","2026-02-08","1","android"
"2061","2020-02-18","1","ios"
"2061","2020-05-09","1","web"
"2061","2020-05-10","1","android"
"2061","2021-05-21","1","android"
"2061","2021-07-17","1","android"
"2061","2021-07-29","1","web"
"2061","2022-03-02","1","web"
"2061","2022-03-04","1","ios"
"2061","2022-05-21","1","ios"
"2062","2022-07-20","1","android"
"2062","2022-07-25","1","ios"
"2062","2022-08-02","1","web"
"2062","2023-07-23","1","ios"
"2062","2023-08-25","1","ios"
"2062","2023-09-17","1","web"
"2062","2023-09-18","1","android"
"2062","2024-05-19","1","ios"
"2063","2026-05-20","1","ios"
"2063","2026-05-29","1","android"
"2063","2026-05-31","1","android"
"2064","2025-12-12","1","web"
"2065","2026-04-30","1","ios"
"2066","2024-06-03","1","ios"
"2066","2024-06-16","1","android"
"2067","2024-08-09","1","ios"
"2067","2025-04-23","1","ios"
"2067","2025-05-07","1","ios"
"2068","2021-09-18","1","ios"
"2068","2023-04-09","1","android"
"2069","2021-07-17","1","ios"
"2069","2021-08-09","1","android"
"2070","2025-07-06","1","android"
"2071","2021-09-04","1","android"
"2071","2021-09-08","1","android"
"2071","2021-09-11","1","ios"
"2071","2021-09-17","1","ios"
"2071","2021-11-12","1","ios"
"2071","2021-12-24","1","ios"
"2071","2022-01-06","1","android"
"2071","2022-01-29","1","android"
"2071","2022-02-20","1","android"
"2071","2022-02-28","1","web"
"2071","2022-03-05","1","android"
"2071","2022-03-14","1","android"
"2071","2024-02-20","1","android"
"2071","2024-08-30","1","web"
"2072","2023-03-07","1","ios"
"2072","2023-06-23","1","ios"
"2073","2019-02-11","1","ios"
"2073","2019-02-16","1","web"
"2073","2020-07-23","1","ios"
"2073","2020-08-22","1","ios"
"2073","2020-09-26","1","ios"
"2073","2020-11-21","1","ios"
"2073","2020-12-22","1","android"
"2073","2020-12-23","1","android"
"2073","2021-01-17","1","ios"
"2074","2025-08-12","1","android"
"2074","2025-08-17","1","ios"
"2074","2025-08-24","1","ios"
"2074","2025-09-20","1","ios"
"2075","2020-01-02","1","ios"
"2075","2020-01-03","1","ios"
"2075","2020-03-19","1","android"
"2076","2022-05-24","1","android"
"2077","2021-05-15","1","android"
"2077","2021-05-28","1","ios"
"2077","2021-06-01","1","web"
"2077","2021-06-11","1","ios"
"2077","2021-06-19","1","ios"
"2078","2025-12-22","1","web"
"2079","2023-01-09","1","web"
"2079","2023-01-14","1","ios"
"2079","2023-06-17","1","ios"
"2079","2024-01-20","1","ios"
"2080","2024-12-26","1","android"
"2080","2025-12-04","1","ios"
"2080","2025-12-21","1","ios"
"2080","2026-01-18","1","ios"
"2081","2022-04-21","1","ios"
"2081","2022-04-23","1","ios"
"2081","2022-04-30","1","web"
"2081","2022-05-10","1","ios"
"2081","2023-06-17","1","web"
"2081","2023-07-02","1","ios"
"2081","2023-07-16","1","ios"
"2081","2024-07-18","1","ios"
"2081","2024-07-31","2","ios"
"2081","2024-08-03","1","ios"
"2082","2024-11-15","1","android"
"2082","2024-11-23","1","ios"
"2083","2023-08-15","1","android"
"2084","2022-06-05","1","android"
"2084","2022-06-08","1","android"
"2084","2024-03-10","1","web"
"2084","2024-04-19","1","ios"
"2084","2024-05-02","1","ios"
"2084","2024-05-12","2","ios"
"2085","2025-02-08","1","ios"
"2085","2025-02-11","1","ios"
"2085","2025-03-01","1","web"
"2085","2025-03-11","1","ios"
"2085","2025-11-08","1","web"
"2085","2025-11-28","1","ios"
"2085","2025-12-05","1","ios"
"2085","2025-12-13","1","ios"
"2086","2026-05-26","1","android"
"2086","2026-05-29","1","ios"
"2087","2023-11-12","1","ios"
"2087","2023-11-18","1","android"
"2087","2023-12-09","1","web"
"2087","2023-12-19","1","ios"
"2087","2023-12-27","1","android"
"2087","2024-01-11","1","ios"
"2087","2024-01-12","1","android"
"2087","2024-03-09","1","android"
"2088","2025-08-23","1","ios"
"2088","2026-04-03","1","ios"
"2089","2022-05-31","1","ios"
"2090","2026-02-13","1","android"
"2090","2026-02-14","1","web"
"2090","2026-05-25","1","ios"
"2091","2024-10-04","1","web"
"2091","2024-12-08","1","android"
"2092","2025-05-02","1","ios"
"2092","2025-05-09","1","web"
"2092","2025-05-26","1","ios"
"2092","2025-05-27","1","web"
"2092","2025-06-11","1","android"
"2092","2025-06-27","1","ios"
"2092","2025-07-03","1","ios"
"2092","2025-07-04","2","ios"
"2093","2020-02-04","1","android"
"2093","2020-02-28","1","android"
"2094","2024-04-20","1","ios"
"2094","2024-04-24","1","android"
"2095","2025-07-21","1","android"
"2096","2025-08-21","1","ios"
"2096","2026-01-18","1","ios"
"2097","2024-10-24","1","ios"
"2097","2025-02-28","1","android"
"2098","2024-12-23","1","ios"
"2098","2025-01-02","1","ios"
"2099","2024-06-29","1","ios"
"2099","2024-08-03","1","ios"
"2099","2024-08-04","1","android"
"2100","2021-04-11","1","ios"
"2100","2021-04-20","1","ios"
"2101","2022-04-07","1","web"
"2101","2023-04-07","1","ios"
"2101","2023-04-16","1","android"
"2101","2023-04-18","1","ios"
"2102","2023-10-26","1","ios"
"2102","2023-11-09","1","android"
"2102","2023-12-01","1","ios"
"2103","2019-04-01","1","web"
"2103","2021-12-31","1","ios"
"2103","2022-01-25","1","web"
"2103","2022-08-29","1","android"
"2104","2022-05-13","1","ios"
"2105","2025-01-14","1","android"
"2105","2026-01-23","1","ios"
"2105","2026-06-16","1","android"
"2105","2026-06-24","1","android"
"2105","2026-06-25","1","ios"
"2106","2024-10-18","1","ios"
"2106","2024-10-19","1","ios"
"2106","2024-11-01","1","android"
"2106","2024-12-18","1","web"
"2106","2025-01-04","1","android"
"2106","2025-02-01","1","android"
"2106","2025-07-10","1","android"
"2106","2025-07-27","1","ios"
"2107","2024-10-16","1","web"
"2107","2025-08-24","2","android"
"2107","2025-09-07","1","ios"
"2108","2025-12-15","1","web"
"2109","2026-04-11","1","android"
"2109","2026-05-04","2","android"
"2109","2026-05-09","1","web"
"2110","2021-03-14","1","ios"
"2110","2021-04-25","1","web"
"2111","2022-09-06","1","web"
"2111","2023-05-09","1","web"
"2111","2023-06-09","2","ios"
"2111","2023-06-28","1","android"
"2111","2024-11-13","1","web"
"2111","2024-12-08","1","web"
"2111","2024-12-10","1","ios"
"2111","2024-12-25","1","android"
"2111","2025-06-17","1","ios"
"2111","2025-06-22","1","android"
"2112","2020-04-27","1","android"
"2112","2020-09-22","1","android"
"2113","2020-09-11","1","web"
"2113","2020-09-23","1","android"
"2113","2020-09-27","1","ios"
"2114","2023-01-15","1","web"
"2114","2023-04-03","1","android"
"2115","2020-07-26","1","android"
"2115","2021-11-17","1","web"
"2115","2021-11-25","1","web"
"2116","2024-12-25","1","ios"
"2117","2025-02-09","1","android"
"2117","2026-04-22","1","ios"
"2117","2026-04-29","1","android"
"2117","2026-05-02","1","android"
"2117","2026-05-03","1","ios"
"2118","2021-02-09","1","android"
"2118","2021-03-11","1","ios"
"2118","2021-03-31","1","android"
"2118","2022-01-01","1","ios"
"2118","2022-02-18","1","ios"
"2119","2022-04-30","1","ios"
"2120","2023-06-28","1","ios"
"2120","2024-06-19","1","ios"
"2120","2024-06-25","1","ios"
"2120","2024-07-10","1","android"
"2120","2024-07-13","1","ios"
"2120","2024-07-17","1","ios"
"2121","2020-11-15","1","ios"
"2121","2020-11-18","1","ios"
"2121","2020-11-19","1","ios"
"2122","2021-08-23","1","web"
"2122","2021-09-04","1","ios"
"2122","2021-09-24","2","ios"
"2122","2021-09-27","1","ios"
"2123","2024-06-17","1","android"
"2124","2022-09-03","1","ios"
"2124","2023-05-03","1","ios"
"2124","2023-05-06","1","web"
"2124","2023-05-18","1","ios"
"2124","2024-11-20","1","ios"
"2124","2025-12-28","1","android"
"2125","2025-10-26","1","android"
"2126","2023-12-05","1","android"
"2126","2023-12-15","1","ios"
"2126","2025-10-17","1","ios"
"2127","2024-08-09","1","web"
"2127","2024-08-28","1","ios"
"2127","2024-08-30","1","android"
"2127","2024-09-22","1","ios"
"2127","2024-10-01","1","android"
"2127","2025-08-30","1","ios"
"2127","2025-10-09","1","ios"
"2128","2026-06-09","1","android"
"2128","2026-06-17","1","android"
"2129","2022-05-04","1","android"
"2130","2025-07-15","1","web"
"2131","2025-04-27","1","android"
"2131","2025-07-21","1","ios"
"2131","2025-07-26","1","android"
"2132","2019-11-26","1","ios"
"2132","2019-11-29","1","web"
"2132","2020-01-11","1","ios"
"2132","2020-01-26","1","android"
"2132","2021-08-13","1","ios"
"2132","2021-08-17","1","ios"
"2132","2021-09-04","1","web"
"2132","2021-09-11","1","web"
"2132","2023-02-15","1","ios"
"2133","2025-09-07","1","android"
"2133","2026-01-25","1","android"
"2134","2022-08-29","1","ios"
"2134","2022-09-06","1","android"
"2134","2022-10-01","1","android"
"2134","2022-10-27","1","web"
"2134","2022-12-02","2","web"
"2134","2022-12-16","1","android"
"2134","2022-12-23","1","android"
"2134","2022-12-30","1","android"
"2134","2022-12-31","1","ios"
"2134","2023-01-24","1","android"
"2134","2023-01-25","1","android"
"2134","2023-02-04","1","ios"
"2134","2023-10-20","1","ios"
"2134","2023-10-21","1","ios"
"2134","2023-10-23","1","ios"
"2134","2023-11-19","1","ios"
"2134","2023-11-24","1","ios"
"2135","2024-07-19","1","android"
"2135","2026-05-08","1","android"
"2136","2026-03-09","1","ios"
"2137","2022-06-18","1","ios"
"2137","2022-06-23","1","web"
"2137","2022-08-14","1","android"
"2137","2022-09-02","1","ios"
"2137","2022-09-04","1","ios"
"2138","2020-09-07","1","web"
"2138","2021-04-01","1","ios"
"2138","2021-04-11","1","ios"
"2138","2022-05-17","1","ios"
"2138","2022-05-30","1","ios"
"2138","2022-08-18","1","android"
"2138","2022-09-09","1","android"
"2138","2024-01-21","1","ios"
"2139","2023-04-29","1","ios"
"2139","2023-04-30","1","ios"
"2139","2023-05-06","1","ios"
"2139","2023-07-01","2","ios"
"2139","2023-08-10","1","android"
"2140","2023-06-26","1","android"
"2140","2026-03-01","1","android"
"2141","2023-08-31","1","web"
"2142","2021-06-30","1","ios"
"2142","2022-06-03","1","web"
"2142","2022-06-21","1","ios"
"2142","2022-07-07","1","ios"
"2142","2022-09-16","1","android"
"2142","2024-04-29","1","android"
"2143","2025-11-09","1","android"
"2143","2025-12-09","1","ios"
"2143","2025-12-19","1","android"
"2143","2026-03-04","1","web"
"2143","2026-03-06","1","ios"
"2143","2026-03-07","1","android"
"2144","2025-07-05","1","web"
"2144","2025-07-13","1","ios"
"2144","2025-07-22","1","ios"
"2145","2023-07-19","1","ios"
"2146","2022-02-13","1","android"
"2146","2022-02-19","1","ios"
"2146","2022-02-20","2","web"
"2147","2024-08-29","1","ios"
"2147","2024-09-28","1","web"
"2148","2023-06-09","1","ios"
"2148","2023-10-24","1","ios"
"2148","2026-01-02","1","android"
"2148","2026-06-08","1","web"
"2149","2023-02-16","1","ios"
"2149","2023-02-18","1","android"
"2149","2023-02-25","1","ios"
"2149","2023-03-16","1","android"
"2150","2026-05-30","1","web"
"2151","2025-02-02","1","android"
"2151","2025-02-12","1","android"
"2151","2025-02-25","1","android"
"2151","2025-02-28","1","ios"
"2151","2025-05-24","1","android"
"2151","2025-06-14","1","android"
"2151","2025-06-27","1","ios"
"2151","2026-06-30","1","ios"
"2152","2021-06-17","1","ios"
"2152","2023-07-26","1","android"
"2153","2022-10-07","1","android"
"2153","2022-11-02","1","web"
"2153","2023-12-02","1","ios"
"2153","2023-12-06","1","web"
"2153","2023-12-17","1","android"
"2154","2024-12-18","1","ios"
"2154","2024-12-22","1","android"
"2154","2025-01-07","1","ios"
"2154","2025-02-16","1","web"
"2154","2025-02-18","1","android"
"2155","2023-06-26","1","ios"
"2155","2024-06-19","1","android"
"2155","2024-07-19","1","ios"
"2155","2024-07-30","1","ios"
"2155","2024-07-31","1","web"
"2156","2025-12-26","1","android"
"2156","2025-12-27","1","web"
"2156","2026-01-23","1","android"
"2156","2026-02-28","1","ios"
"2157","2025-03-28","1","ios"
"2158","2022-06-27","1","android"
"2158","2022-07-17","1","ios"
"2158","2022-07-19","1","android"
"2159","2021-08-05","1","ios"
"2159","2021-08-06","1","web"
"2160","2021-03-15","1","web"
"2160","2021-03-25","1","ios"
"2161","2024-12-26","1","android"
"2161","2025-01-14","1","web"
"2161","2025-01-15","1","android"
"2161","2025-01-23","1","ios"
"2161","2025-01-24","1","ios"
"2162","2022-07-18","1","android"
"2163","2025-02-17","1","ios"
"2163","2025-02-26","1","web"
"2163","2026-02-20","1","ios"
"2163","2026-02-22","1","ios"
"2164","2023-03-21","1","ios"
"2164","2023-04-07","1","ios"
"2164","2023-04-13","1","ios"
"2164","2024-03-31","1","android"
"2164","2024-04-02","1","ios"
"2164","2024-04-13","1","ios"
"2165","2022-09-23","1","ios"
"2166","2020-06-19","1","ios"
"2166","2024-09-26","1","android"
"2167","2023-09-16","1","android"
"2168","2022-06-15","1","ios"
"2169","2022-10-20","1","ios"
"2169","2022-10-30","1","ios"
"2169","2022-11-27","1","android"
"2169","2022-12-06","1","ios"
"2169","2022-12-16","1","ios"
"2169","2025-01-22","1","web"
"2169","2025-01-30","1","ios"
"2169","2025-02-20","1","ios"
"2169","2025-02-27","1","ios"
"2170","2023-06-12","1","android"
"2170","2023-10-23","1","android"
"2171","2024-10-18","1","ios"
"2171","2025-06-11","1","android"
"2171","2026-06-22","1","android"
"2172","2020-03-13","1","ios"
"2172","2020-03-21","2","android"
"2172","2020-03-30","1","android"
"2172","2020-04-07","1","ios"
"2172","2020-04-15","1","ios"
"2172","2020-04-22","1","android"
"2172","2020-05-12","2","ios"
"2172","2020-05-19","1","web"
"2173","2025-12-22","1","ios"
"2174","2025-02-09","1","android"
"2174","2025-02-27","1","android"
"2174","2025-03-27","1","android"
"2174","2025-03-28","1","ios"
"2174","2025-04-09","1","ios"
"2174","2025-05-17","2","android"
"2174","2025-05-26","1","android"
"2174","2025-07-07","1","ios"
"2174","2025-07-14","2","ios"
"2174","2025-07-26","1","android"
"2174","2025-08-06","2","ios"
"2174","2025-09-11","1","android"
"2174","2025-09-14","1","android"
"2175","2025-12-13","1","ios"
"2176","2021-12-24","1","ios"
"2177","2025-10-05","1","ios"
"2177","2025-11-22","2","ios"
"2177","2025-11-24","1","web"
"2177","2025-11-25","1","ios"
"2177","2025-12-24","2","ios"
"2177","2026-03-03","1","ios"
"2177","2026-03-21","1","ios"
"2178","2021-11-24","1","web"
"2178","2021-11-26","1","ios"
"2178","2021-12-04","1","ios"
"2178","2021-12-09","1","web"
"2178","2021-12-14","1","android"
"2178","2022-01-01","1","ios"
"2178","2022-01-11","1","ios"
"2178","2022-01-21","1","android"
"2178","2022-03-16","1","android"
"2178","2022-03-19","1","ios"
"2179","2021-01-17","1","ios"
"2179","2021-01-30","1","android"
"2179","2021-02-08","1","android"
"2179","2021-02-09","1","android"
"2179","2021-03-18","1","web"
"2179","2021-05-03","1","android"
"2179","2021-05-11","1","web"
"2179","2021-05-26","1","ios"
"2179","2021-08-01","1","ios"
"2179","2021-08-06","1","android"
"2179","2021-08-08","1","android"
"2179","2022-08-15","1","ios"
"2179","2022-09-03","1","ios"
"2179","2022-09-29","1","ios"
"2180","2025-02-12","1","ios"
"2180","2026-02-15","1","android"
"2180","2026-03-01","1","android"
"2180","2026-03-20","1","android"
"2181","2021-08-27","1","ios"
"2181","2021-08-28","1","ios"
"2181","2022-05-02","1","android"
"2182","2022-01-14","1","ios"
"2182","2024-03-06","1","ios"
"2183","2024-08-29","1","android"
"2183","2025-12-16","1","android"
"2184","2026-04-04","1","ios"
"2184","2026-04-21","1","ios"
"2185","2025-05-24","1","android"
"2185","2025-05-25","1","web"
"2186","2026-05-12","1","ios"
"2186","2026-06-11","1","web"
"2187","2021-08-16","1","ios"
"2187","2021-11-11","1","web"
"2187","2021-11-18","1","ios"
"2188","2025-10-19","1","ios"
"2189","2022-03-06","1","web"
"2189","2022-03-11","1","web"
"2189","2022-04-08","1","ios"
"2189","2022-05-07","1","ios"
"2189","2023-05-08","1","web"
"2189","2024-09-15","1","android"
"2189","2026-02-08","1","ios"
"2190","2026-06-22","1","ios"
"2191","2024-12-04","1","ios"
"2192","2023-09-26","1","ios"
"2193","2023-12-07","1","ios"
"2194","2026-01-14","1","ios"
"2195","2020-12-29","1","android"
"2196","2020-06-02","1","web"
"2196","2020-07-16","1","ios"
"2196","2020-10-24","1","web"
"2196","2020-12-14","1","ios"
"2197","2024-03-03","1","ios"
"2197","2024-03-20","1","ios"
"2197","2025-07-04","1","ios"
"2197","2026-01-14","1","android"
"2198","2024-11-20","1","ios"
"2198","2025-10-03","1","ios"
"2199","2022-11-06","1","android"
"2200","2024-01-16","1","android"
"2200","2026-02-18","1","ios"
"2200","2026-03-03","1","web"
"2200","2026-03-04","1","android"
"2200","2026-04-04","1","android"
"2200","2026-05-10","1","web"
"2200","2026-06-10","1","ios"
"2201","2021-02-18","1","android"
"2201","2021-02-27","1","android"
"2201","2021-03-18","1","ios"
"2202","2023-05-26","1","ios"
"2203","2019-12-27","1","ios"
"2203","2020-01-21","1","android"
"2203","2020-02-10","1","ios"
"2203","2020-03-15","1","ios"
"2203","2020-06-06","1","ios"
"2203","2020-06-25","1","ios"
"2203","2020-07-09","1","web"
"2204","2023-09-20","1","ios"
"2205","2022-03-31","1","ios"
"2205","2022-12-11","1","android"
"2206","2019-11-09","1","ios"
"2206","2019-12-04","1","android"
"2206","2020-01-09","1","android"
"2206","2020-01-18","1","ios"
"2206","2022-07-25","1","ios"
"2206","2023-07-27","1","android"
"2206","2024-08-17","1","ios"
"2207","2020-09-28","1","ios"
"2207","2020-10-18","1","ios"
"2207","2023-07-31","1","ios"
"2207","2023-08-05","1","android"
"2208","2020-03-09","1","ios"
"2208","2020-03-11","1","android"
"2208","2020-03-21","1","ios"
"2208","2021-01-13","1","android"
"2209","2026-04-18","1","android"
"2209","2026-04-19","1","android"
"2210","2024-10-05","1","android"
"2211","2026-06-05","1","android"
"2212","2025-01-22","1","web"
"2212","2025-01-26","1","ios"
"2213","2023-04-20","1","web"
"2213","2023-06-22","1","android"
"2213","2025-04-05","1","ios"
"2213","2025-12-11","2","ios"
"2214","2023-10-01","1","android"
"2214","2025-09-20","2","ios"
"2215","2022-01-21","1","ios"
"2215","2022-02-11","1","ios"
"2215","2023-07-01","1","android"
"2215","2023-07-10","1","android"
"2216","2022-05-14","1","android"
"2216","2024-05-13","1","web"
"2216","2024-05-30","1","ios"
"2216","2024-06-05","1","android"
"2216","2024-08-21","1","web"
"2216","2024-08-28","1","web"
"2216","2024-09-15","1","android"
"2216","2025-04-21","1","web"
"2217","2022-01-09","1","web"
"2218","2022-04-15","1","ios"
"2218","2022-04-23","1","ios"
"2218","2022-05-08","1","ios"
"2218","2022-06-04","1","ios"
"2218","2022-06-25","1","android"
"2219","2021-12-26","1","web"
"2219","2022-01-14","1","web"
"2219","2024-05-16","1","ios"
"2219","2024-10-27","1","ios"
"2220","2025-03-21","1","android"
"2220","2026-01-20","1","ios"
"2221","2021-06-15","1","ios"
"2221","2021-08-14","1","android"
"2221","2021-08-15","2","ios"
"2222","2024-10-23","1","ios"
"2223","2019-11-19","1","ios"
"2223","2020-10-01","1","android"
"2223","2020-10-02","1","ios"
"2223","2020-10-18","1","ios"
"2224","2020-12-19","1","android"
"2225","2023-08-07","1","ios"
"2225","2023-09-20","1","ios"
"2226","2019-11-25","1","android"
"2226","2020-04-28","1","ios"
"2227","2021-10-01","1","ios"
"2227","2021-10-02","1","ios"
"2227","2022-05-01","1","android"
"2227","2022-08-20","1","android"
"2227","2022-08-21","1","ios"
"2227","2023-06-30","1","web"
"2227","2023-08-03","1","android"
"2227","2025-01-02","1","web"
"2227","2025-01-04","1","ios"
"2227","2025-01-07","1","android"
"2228","2022-08-06","1","web"
"2228","2022-09-23","1","web"
"2228","2023-03-24","1","ios"
"2229","2021-07-17","1","android"
"2229","2021-07-18","1","android"
"2229","2022-12-07","1","web"
"2229","2023-02-10","2","ios"
"2229","2023-02-15","1","ios"
"2230","2023-11-14","1","android"
"2230","2023-11-15","1","ios"
"2230","2023-12-09","1","android"
"2230","2023-12-19","1","ios"
"2231","2022-09-21","1","ios"
"2231","2022-09-30","1","ios"
"2232","2023-03-15","1","ios"
"2232","2024-08-23","1","ios"
"2232","2026-01-14","1","ios"
"2233","2023-04-10","1","ios"
"2234","2025-03-06","1","ios"
"2234","2025-08-31","1","android"
"2234","2025-09-06","1","web"
"2234","2025-09-07","1","web"
"2234","2025-09-08","1","ios"
"2234","2026-02-03","1","ios"
"2235","2023-02-28","1","android"
"2236","2021-04-26","1","ios"
"2236","2021-05-15","1","android"
"2236","2022-01-02","1","ios"
"2236","2022-12-18","1","android"
"2236","2023-09-03","1","android"
"2237","2021-01-19","1","ios"
"2237","2021-06-18","1","web"
"2237","2021-08-04","1","ios"
"2237","2022-04-15","1","android"
"2237","2022-04-21","1","ios"
"2237","2022-05-06","1","ios"
"2237","2022-05-20","1","android"
"2237","2023-07-23","2","android"
"2237","2023-08-30","1","android"
"2237","2023-09-01","1","android"
"2237","2023-10-05","1","web"
"2237","2025-04-03","1","ios"
"2237","2025-09-26","1","web"
"2238","2026-04-22","1","android"
"2238","2026-05-09","1","web"
"2238","2026-05-15","1","ios"
"2239","2021-01-14","1","ios"
"2239","2021-01-20","1","android"
"2239","2022-03-25","1","ios"
"2239","2022-04-22","1","ios"
"2239","2022-05-18","1","ios"
"2239","2022-05-21","1","android"
"2239","2022-05-28","1","android"
"2239","2022-06-17","1","android"
"2240","2023-10-11","1","ios"
"2241","2025-11-14","1","web"
"2242","2025-11-29","1","web"
"2242","2025-12-26","1","web"
"2242","2026-05-17","1","ios"
"2242","2026-05-22","1","android"
"2242","2026-05-28","2","android"
"2243","2024-05-14","1","ios"
"2243","2025-07-17","1","web"
"2243","2025-08-20","1","ios"
"2243","2026-04-28","1","ios"
"2243","2026-05-18","1","android"
"2243","2026-06-16","1","web"
"2243","2026-06-21","1","ios"
"2243","2026-06-23","1","ios"
"2244","2022-04-05","1","ios"
"2244","2023-12-28","1","ios"
"2244","2024-01-01","1","web"
"2244","2025-02-01","1","web"
"2244","2025-02-12","1","ios"
"2244","2025-03-02","1","ios"
"2245","2025-10-26","1","web"
"2246","2023-05-07","1","android"
"2246","2023-05-22","1","android"
"2246","2023-06-18","1","ios"
"2246","2023-07-07","1","ios"
"2246","2023-07-08","1","web"
"2246","2023-07-14","1","android"
"2246","2023-08-02","1","ios"
"2246","2023-08-16","1","ios"
"2246","2023-09-11","1","web"
"2246","2023-10-09","1","android"
"2246","2023-10-14","1","android"
"2246","2024-11-09","1","ios"
"2246","2024-11-18","1","android"
"2246","2024-11-26","1","ios"
"2247","2021-01-05","1","ios"
"2247","2021-05-27","1","ios"
"2247","2021-06-02","1","ios"
"2247","2021-06-18","1","ios"
"2247","2022-08-09","1","ios"
"2247","2023-01-20","1","android"
"2247","2023-02-05","1","android"
"2247","2023-02-14","1","web"
"2247","2023-02-16","1","ios"
"2248","2022-11-19","1","ios"
"2248","2022-11-29","1","web"
"2248","2023-06-04","1","android"
"2248","2024-08-27","1","ios"
"2248","2025-12-29","1","ios"
"2249","2025-07-31","1","android"
"2249","2025-11-08","1","ios"
"2250","2021-06-16","1","ios"
"2250","2021-06-24","1","ios"
"2251","2024-05-25","1","android"
"2252","2023-07-03","1","web"
"2252","2024-03-31","1","android"
"2252","2024-04-01","1","android"
"2252","2024-04-02","1","ios"
"2252","2024-04-05","1","ios"
"2252","2024-04-28","1","android"
"2252","2024-05-15","2","android"
"2252","2024-05-20","1","android"
"2252","2024-05-21","1","android"
"2252","2024-11-07","1","android"
"2252","2024-11-15","2","ios"
"2252","2024-11-24","1","web"
"2252","2024-12-13","1","web"
"2253","2022-11-29","1","web"
"2253","2023-05-23","2","android"
"2253","2023-06-06","1","android"
"2253","2023-12-08","1","ios"
"2253","2023-12-21","1","android"
"2253","2023-12-29","1","ios"
"2253","2024-01-10","1","android"
"2253","2025-01-03","1","ios"
"2253","2025-01-04","1","ios"
"2253","2025-01-11","1","ios"
"2253","2025-01-24","1","ios"
"2253","2025-03-08","1","android"
"2253","2026-04-15","1","ios"
"2254","2026-01-02","1","ios"
"2254","2026-01-05","1","ios"
"2254","2026-01-06","1","ios"
"2255","2025-11-07","1","ios"
"2256","2025-05-21","1","web"
"2256","2025-06-21","1","ios"
"2256","2025-09-21","1","android"
"2256","2025-09-23","1","ios"
"2257","2023-08-03","1","ios"
"2258","2026-01-04","1","android"
"2259","2024-06-25","1","android"
"2259","2025-02-28","1","ios"
"2260","2025-01-27","1","ios"
"2260","2025-02-06","1","android"
"2261","2025-12-26","1","web"
"2261","2026-01-24","1","ios"
"2261","2026-03-07","1","ios"
"2262","2022-02-19","1","web"
"2262","2022-03-29","1","android"
"2262","2022-09-20","1","web"
"2262","2022-10-08","1","web"
"2262","2023-11-27","1","android"
"2263","2024-09-30","1","ios"
"2263","2024-10-12","1","android"
"2264","2025-07-05","1","web"
"2265","2025-12-24","1","ios"
"2265","2025-12-29","1","android"
"2266","2024-11-07","1","ios"
"2266","2024-11-24","1","android"
"2266","2025-05-21","1","android"
"2266","2025-06-12","1","ios"
"2267","2022-06-02","1","ios"
"2267","2022-06-18","1","web"
"2268","2025-06-03","1","ios"
"2268","2025-06-12","1","web"
"2268","2025-06-13","1","web"
"2268","2025-06-14","1","android"
"2268","2025-06-18","1","web"
"2268","2025-07-04","1","android"
"2268","2025-07-22","1","ios"
"2268","2025-09-21","1","ios"
"2268","2025-10-08","1","ios"
"2269","2021-03-07","1","android"
"2269","2021-03-12","1","ios"
"2270","2026-06-08","1","ios"
"2271","2025-03-05","1","ios"
"2271","2026-04-21","1","web"
"2271","2026-05-30","1","ios"
"2271","2026-06-13","1","web"
"2272","2021-06-29","1","android"
"2273","2026-06-22","1","web"
"2274","2024-12-23","1","web"
"2274","2024-12-24","1","ios"
"2275","2025-01-31","1","android"
"2276","2023-04-01","1","ios"
"2276","2023-05-29","1","android"
"2277","2023-01-15","1","android"
"2277","2023-01-28","1","web"
"2277","2023-05-07","1","ios"
"2277","2023-05-09","1","android"
"2277","2023-05-31","1","ios"
"2277","2023-06-04","1","android"
"2277","2024-07-05","1","android"
"2277","2024-07-13","1","web"
"2277","2026-04-03","1","ios"
"2277","2026-04-18","1","android"
"2277","2026-04-19","1","android"
"2278","2022-07-26","1","android"
"2278","2022-12-28","1","android"
"2278","2023-01-15","1","web"
"2278","2023-07-20","1","ios"
"2278","2023-08-06","1","ios"
"2278","2023-08-09","1","android"
"2279","2024-09-09","1","ios"
"2279","2024-09-22","1","android"
"2279","2024-09-25","1","ios"
"2279","2024-10-13","1","android"
"2279","2025-10-31","1","ios"
"2279","2025-11-15","1","android"
"2279","2026-05-24","1","ios"
"2280","2025-09-11","1","web"
"2281","2019-07-29","1","ios"
"2281","2019-08-07","1","ios"
"2281","2021-04-27","2","ios"
"2281","2021-05-13","1","ios"
"2281","2021-05-14","1","android"
"2281","2021-05-19","1","web"
"2281","2022-11-14","2","ios"
"2282","2025-10-08","1","ios"
"2283","2025-09-01","1","ios"
"2283","2026-01-29","1","android"
"2284","2022-02-19","1","ios"
"2284","2024-05-24","1","web"
"2285","2025-12-20","1","ios"
"2286","2023-09-18","1","android"
"2286","2023-11-08","1","ios"
"2286","2024-03-25","1","ios"
"2286","2024-03-27","1","web"
"2286","2024-04-04","1","ios"
"2286","2025-03-16","1","android"
"2286","2025-03-20","1","android"
"2287","2025-04-02","1","ios"
"2287","2025-04-08","1","ios"
"2288","2026-04-03","1","android"
"2289","2023-01-10","1","android"
"2290","2021-08-26","1","ios"
"2291","2023-11-26","1","ios"
"2291","2024-04-06","1","web"
"2291","2024-04-07","1","android"
"2292","2025-07-16","1","ios"
"2292","2025-08-03","1","android"
"2293","2025-03-15","1","ios"
"2293","2025-04-05","1","android"
"2293","2025-04-06","1","ios"
"2294","2023-10-26","1","ios"
"2295","2025-02-20","1","ios"
"2295","2025-03-09","1","ios"
"2295","2025-03-31","1","ios"
"2296","2022-11-08","1","ios"
"2296","2023-12-16","1","web"
"2296","2024-04-27","1","android"
"2296","2024-04-30","1","android"
"2297","2024-06-06","1","ios"
"2297","2026-04-03","1","android"
"2297","2026-04-04","1","ios"
"2298","2025-08-19","1","android"
"2298","2025-08-28","1","ios"
"2298","2025-09-14","1","ios"
"2298","2025-09-18","1","web"
"2299","2025-05-12","1","ios"
"2299","2025-05-27","1","ios"
"2299","2025-06-06","1","android"
"2299","2025-06-22","1","web"
"2299","2026-05-21","1","web"
"2300","2022-03-29","1","web"
"2300","2022-04-19","1","android"
"2301","2026-06-20","1","ios"
"2302","2020-05-28","1","ios"
"2302","2020-06-12","1","ios"
"2302","2020-06-19","2","android"
"2302","2020-07-19","1","ios"
"2302","2020-08-08","2","ios"
"2302","2020-10-05","1","ios"
"2302","2021-12-23","1","android"
"2302","2022-07-10","1","web"
"2302","2022-07-21","1","android"
"2303","2022-09-07","1","android"
"2303","2022-09-11","1","android"
"2303","2022-09-13","1","ios"
"2303","2022-09-15","1","android"
"2303","2022-09-18","1","ios"
"2303","2026-01-23","1","android"
"2304","2019-02-16","1","android"
"2304","2019-03-17","1","ios"
"2305","2021-12-02","1","web"
"2305","2021-12-04","1","ios"
"2305","2021-12-05","1","android"
"2306","2024-02-28","1","web"
"2306","2024-03-15","1","android"
"2306","2024-07-01","1","android"
"2307","2019-07-25","1","android"
"2308","2025-10-28","1","ios"
"2308","2026-04-30","1","ios"
"2308","2026-05-05","1","android"
"2309","2026-06-15","1","ios"
"2310","2025-06-15","1","android"
"2310","2025-06-27","1","ios"
"2310","2025-06-28","1","ios"
"2311","2021-10-31","1","web"
"2312","2025-08-22","1","android"
"2312","2025-09-14","1","android"
"2312","2025-10-22","1","android"
"2312","2025-11-06","1","ios"
"2312","2025-11-09","1","ios"
"2312","2025-11-22","1","ios"
"2312","2025-12-05","1","ios"
"2312","2025-12-19","1","ios"
"2312","2026-01-01","1","ios"
"2312","2026-01-08","1","ios"
"2312","2026-01-14","1","ios"
"2312","2026-01-17","2","web"
"2312","2026-01-18","1","android"
"2312","2026-01-24","1","ios"
"2312","2026-02-12","1","android"
"2312","2026-02-24","1","web"
"2312","2026-02-27","1","ios"
"2313","2026-05-23","1","ios"
"2314","2022-05-14","1","android"
"2314","2022-05-27","1","android"
"2315","2025-02-16","1","ios"
"2315","2026-02-20","1","ios"
"2316","2023-05-03","1","ios"
"2316","2023-05-04","1","android"
"2316","2023-05-20","1","web"
"2316","2023-05-21","1","android"
"2316","2023-05-26","1","ios"
"2316","2023-07-22","1","android"
"2316","2023-08-07","1","ios"
"2316","2023-12-30","1","web"
"2316","2024-01-05","1","android"
"2316","2024-02-02","1","android"
"2316","2024-03-02","1","web"
"2316","2024-04-27","1","web"
"2316","2024-06-01","1","ios"
"2316","2024-06-08","1","ios"
"2316","2025-06-15","1","ios"
"2316","2025-06-18","1","android"
"2316","2025-07-07","1","android"
"2316","2025-07-12","1","ios"
"2317","2025-04-02","1","ios"
"2317","2025-04-16","1","android"
"2317","2025-05-09","1","web"
"2317","2025-12-31","1","ios"
"2317","2026-02-16","1","android"
"2318","2025-04-15","1","web"
"2318","2025-09-29","1","ios"
"2318","2025-11-02","1","ios"
"2319","2025-05-02","1","ios"
"2319","2025-05-10","1","ios"
"2319","2025-05-17","1","ios"
"2320","2025-01-27","1","ios"
"2320","2026-04-04","1","ios"
"2320","2026-04-10","1","ios"
"2320","2026-04-25","1","android"
"2321","2021-05-21","1","android"
"2321","2021-08-01","1","ios"
"2321","2021-08-06","1","android"
"2321","2021-08-19","1","ios"
"2321","2021-09-07","1","web"
"2321","2023-04-05","1","ios"
"2321","2023-04-07","1","ios"
"2321","2023-04-10","1","android"
"2321","2023-04-11","1","ios"
"2321","2024-01-11","1","web"
"2321","2024-05-21","1","web"
"2321","2025-04-05","1","web"
"2322","2025-01-10","1","android"
"2322","2025-02-11","1","web"
"2322","2025-02-20","1","ios"
"2322","2025-03-10","2","ios"
"2323","2024-08-24","1","ios"
"2323","2025-02-25","1","android"
"2323","2025-02-26","1","web"
"2323","2025-06-29","1","ios"
"2324","2025-07-02","1","web"
"2324","2025-08-20","1","ios"
"2324","2025-09-11","1","ios"
"2325","2025-11-23","1","android"
"2325","2025-11-28","1","ios"
"2325","2025-12-17","1","android"
"2325","2026-02-14","1","ios"
"2325","2026-02-22","1","web"
"2325","2026-02-25","1","ios"
"2326","2026-03-25","1","web"
"2326","2026-03-31","1","ios"
"2326","2026-04-10","1","ios"
"2326","2026-04-24","1","ios"
"2326","2026-05-03","1","android"
"2326","2026-05-04","1","web"
"2327","2022-12-15","1","ios"
"2327","2023-01-06","1","ios"
"2327","2023-01-09","1","android"
"2328","2025-11-10","1","android"
"2328","2026-03-25","1","ios"
"2328","2026-03-26","1","android"
"2329","2021-07-24","1","android"
"2329","2021-07-26","1","ios"
"2329","2025-01-10","1","ios"
"2330","2023-08-22","1","ios"
"2330","2023-08-31","1","android"
"2330","2023-09-10","1","ios"
"2330","2023-11-10","1","ios"
"2330","2023-11-19","1","ios"
"2330","2023-11-23","2","ios"
"2330","2023-12-10","1","ios"
"2330","2023-12-19","1","android"
"2330","2024-01-18","1","web"
"2330","2024-03-10","1","ios"
"2330","2024-03-19","1","ios"
"2331","2020-12-31","1","ios"
"2331","2021-01-21","1","ios"
"2332","2022-03-20","1","ios"
"2332","2022-04-08","1","android"
"2333","2026-04-11","1","ios"
"2333","2026-04-12","1","android"
"2333","2026-04-25","2","ios"
"2333","2026-06-05","2","android"
"2334","2020-03-05","1","web"
"2335","2021-10-04","1","ios"
"2335","2021-10-22","1","web"
"2336","2023-04-25","1","ios"
"2337","2025-09-07","1","web"
"2337","2025-09-11","1","android"
"2337","2026-02-10","1","android"
"2337","2026-02-13","1","android"
"2338","2024-03-12","1","ios"
"2338","2024-03-25","1","ios"
"2338","2024-04-12","1","ios"
"2338","2024-04-23","1","ios"
"2338","2024-07-06","1","ios"
"2338","2025-04-16","1","ios"
"2339","2024-11-07","1","android"
"2339","2025-01-15","1","ios"
"2339","2026-02-21","1","android"
"2339","2026-03-09","1","android"
"2339","2026-03-10","1","ios"
"2340","2024-09-25","1","ios"
"2341","2025-07-23","1","android"
"2341","2025-08-14","1","ios"
"2341","2025-08-19","1","ios"
"2341","2025-08-29","1","web"
"2341","2025-10-03","1","android"
"2341","2026-04-29","1","ios"
"2342","2021-10-02","1","android"
"2342","2021-10-06","1","ios"
"2343","2019-05-13","1","ios"
"2343","2019-06-07","1","android"
"2344","2025-01-17","1","android"
"2344","2025-01-22","2","web"
"2345","2023-06-01","1","android"
"2345","2023-06-25","1","web"
"2346","2023-09-02","1","ios"
"2347","2022-01-10","1","ios"
"2348","2022-04-26","1","ios"
"2348","2022-04-29","1","ios"
"2348","2022-05-04","1","web"
"2348","2022-05-29","1","android"
"2348","2022-06-04","1","android"
"2349","2021-02-16","1","android"
"2349","2021-03-04","1","web"
"2349","2021-04-24","1","ios"
"2349","2022-06-25","1","android"
"2349","2024-09-30","1","web"
"2349","2024-10-04","1","android"
"2350","2025-08-11","1","ios"
"2350","2025-09-02","1","android"
"2351","2025-02-06","1","ios"
"2351","2025-02-20","1","web"
"2351","2025-03-14","1","android"
"2351","2025-03-18","1","web"
"2351","2025-04-17","1","ios"
"2351","2025-05-04","1","android"
"2352","2025-08-17","1","android"
"2352","2025-08-18","1","android"
"2352","2025-08-24","1","ios"
"2353","2023-11-04","1","ios"
"2353","2024-01-09","1","ios"
"2353","2024-01-16","1","android"
"2353","2024-09-10","1","ios"
"2353","2024-09-13","1","ios"
"2354","2025-06-23","1","ios"
"2355","2022-07-25","1","ios"
"2355","2022-08-12","1","ios"
"2355","2022-08-16","2","android"
"2355","2022-09-01","1","android"
"2355","2022-09-13","1","ios"
"2355","2023-07-21","1","ios"
"2355","2023-08-07","1","ios"
"2355","2023-08-16","1","android"
"2355","2023-08-20","1","android"
"2355","2023-09-18","1","ios"
"2356","2024-11-23","1","ios"
"2356","2026-01-26","1","ios"
"2357","2023-01-16","1","web"
"2357","2023-01-18","1","web"
"2358","2020-10-03","1","ios"
"2358","2021-09-25","1","android"
"2358","2021-10-29","1","android"
"2358","2022-07-08","1","ios"
"2358","2022-08-31","1","android"
"2358","2024-03-20","1","android"
"2359","2025-07-10","1","ios"
"2360","2021-11-10","1","android"
"2360","2021-11-11","1","android"
"2360","2023-11-06","1","ios"
"2361","2024-09-06","1","ios"
"2362","2022-04-14","1","web"
"2362","2022-04-15","1","ios"
"2362","2022-05-13","1","ios"
"2362","2023-02-25","1","ios"
"2362","2023-03-11","1","ios"
"2362","2023-04-01","1","web"
"2362","2024-02-20","1","ios"
"2362","2024-11-06","2","ios"
"2363","2024-11-04","1","ios"
"2363","2024-11-10","1","android"
"2363","2025-03-15","2","android"
"2363","2025-08-21","1","ios"
"2363","2025-08-23","1","android"
"2363","2025-08-25","1","ios"
"2363","2025-09-05","1","web"
"2363","2025-09-07","1","android"
"2363","2025-09-12","1","ios"
"2363","2025-10-11","1","ios"
"2363","2025-10-31","1","android"
"2363","2025-11-15","1","web"
"2363","2025-11-24","1","ios"
"2363","2025-11-25","1","ios"
"2363","2025-11-27","1","ios"
"2363","2025-11-30","1","ios"
"2364","2021-03-25","1","ios"
"2364","2021-04-22","1","android"
"2364","2021-05-04","1","android"
"2364","2021-05-24","1","android"
"2364","2021-05-25","1","ios"
"2365","2026-01-19","1","ios"
"2365","2026-02-01","1","ios"
"2366","2024-04-26","1","android"
"2366","2025-03-01","1","android"
"2366","2025-03-08","1","android"
"2366","2025-03-11","1","android"
"2366","2025-03-22","1","android"
"2366","2025-03-27","1","ios"
"2367","2020-03-23","1","android"
"2367","2020-04-25","1","android"
"2368","2023-07-19","1","ios"
"2368","2023-08-19","1","android"
"2368","2025-08-27","1","ios"
"2369","2026-02-06","1","ios"
"2369","2026-02-15","1","ios"
"2370","2025-05-29","1","web"
"2371","2025-03-05","1","ios"
"2372","2022-05-27","1","android"
"2372","2022-06-21","1","ios"
"2372","2023-01-05","1","android"
"2373","2025-07-29","1","ios"
"2373","2025-08-04","1","android"
"2374","2024-10-06","1","ios"
"2374","2024-10-26","1","ios"
"2374","2025-09-17","1","ios"
"2375","2021-07-31","1","ios"
"2375","2021-08-22","2","android"
"2375","2021-08-23","1","ios"
"2376","2026-01-24","1","ios"
"2377","2024-05-19","1","web"
"2377","2024-06-04","1","ios"
"2377","2024-07-08","1","web"
"2377","2024-08-09","1","ios"
"2377","2024-11-23","1","android"
"2377","2024-11-26","1","web"
"2377","2025-01-14","1","ios"
"2377","2025-01-15","1","ios"
"2377","2025-01-29","1","android"
"2377","2025-05-29","1","android"
"2377","2025-05-30","1","ios"
"2378","2024-07-31","1","ios"
"2379","2025-08-24","1","android"
"2380","2022-04-04","1","ios"
"2381","2024-10-10","1","web"
"2381","2024-11-15","2","ios"
"2381","2024-11-22","1","web"
"2381","2024-12-17","1","ios"
"2381","2025-05-20","1","ios"
"2381","2025-05-29","1","android"
"2381","2025-06-09","2","web"
"2381","2025-07-09","1","ios"
"2381","2026-02-21","1","ios"
"2382","2025-11-06","1","ios"
"2382","2025-11-29","1","android"
"2382","2025-11-30","1","ios"
"2383","2024-07-03","1","web"
"2383","2025-04-19","1","android"
"2383","2026-06-06","1","ios"
"2383","2026-06-12","1","ios"
"2384","2024-04-30","1","ios"
"2384","2024-05-17","1","android"
"2384","2024-06-03","1","ios"
"2385","2023-01-07","1","ios"
"2385","2023-11-27","1","ios"
"2385","2024-11-12","1","ios"
"2385","2024-12-15","1","ios"
"2386","2024-01-06","1","android"
"2386","2024-01-14","1","ios"
"2386","2024-09-27","1","ios"
"2386","2024-10-19","1","android"
"2387","2020-01-20","1","ios"
"2387","2020-01-24","1","android"
"2388","2020-11-25","1","ios"
"2388","2020-11-26","1","android"
"2389","2025-06-19","1","ios"
"2390","2023-08-19","1","ios"
"2390","2023-08-24","1","ios"
"2390","2023-10-03","1","android"
"2390","2023-10-23","1","ios"
"2390","2024-08-25","1","android"
"2390","2024-10-03","1","ios"
"2390","2024-10-09","1","web"
"2390","2024-10-23","1","ios"
"2390","2024-11-05","1","ios"
"2390","2024-11-19","1","android"
"2390","2025-10-30","1","ios"
"2390","2026-06-14","1","ios"
"2391","2023-02-20","1","web"
"2391","2023-03-19","1","ios"
"2391","2023-04-05","1","web"
"2392","2024-07-23","1","android"
"2392","2025-11-20","1","ios"
"2392","2026-06-05","1","ios"
"2393","2021-07-10","1","android"
"2393","2021-08-03","1","android"
"2393","2021-08-18","1","ios"
"2393","2021-08-23","1","ios"
"2393","2022-06-24","1","android"
"2393","2022-06-28","1","web"
"2393","2022-07-16","1","ios"
"2393","2022-07-17","1","ios"
"2393","2022-08-18","1","ios"
"2393","2022-08-22","1","ios"
"2393","2022-08-29","1","web"
"2393","2022-09-02","1","android"
"2394","2025-11-28","1","web"
"2394","2025-12-06","1","web"
"2394","2025-12-23","1","ios"
"2394","2025-12-25","1","ios"
"2395","2026-03-31","1","ios"
"2395","2026-04-01","1","ios"
"2396","2024-01-21","1","android"
"2396","2024-10-17","1","android"
"2397","2020-04-09","1","web"
"2397","2020-04-26","1","ios"
"2397","2020-05-19","1","ios"
"2397","2020-07-15","1","web"
"2397","2020-07-20","1","android"
"2397","2021-05-01","1","ios"
"2397","2022-03-06","1","android"
"2397","2022-04-02","1","android"
"2397","2022-04-19","1","android"
"2397","2022-07-17","1","ios"
"2397","2022-07-24","1","ios"
"2397","2023-04-28","1","android"
"2397","2023-04-29","1","ios"
"2398","2024-02-28","1","ios"
"2398","2024-11-04","1","ios"
"2398","2025-05-26","1","ios"
"2399","2020-05-18","1","ios"
"2399","2020-07-08","1","ios"
"2399","2020-07-10","1","ios"
"2399","2020-08-15","1","ios"
"2399","2022-04-27","1","web"
"2399","2023-06-03","1","web"
"2399","2023-06-11","1","android"
"2400","2023-09-26","1","web"
"2400","2024-08-27","1","android"
"2400","2024-08-28","1","android"
"2400","2024-08-30","1","ios"
"2400","2025-09-25","1","android"
"2401","2022-10-11","1","ios"
"2402","2023-02-21","1","ios"
"2402","2024-02-08","1","ios"
"2403","2024-09-28","1","ios"
"2404","2022-10-08","1","web"
"2404","2022-10-31","1","android"
"2405","2022-03-08","1","ios"
"2405","2022-04-06","1","ios"
"2405","2022-05-04","1","ios"
"2405","2022-05-05","1","ios"
"2406","2019-05-24","1","ios"
"2406","2019-06-01","1","android"
"2406","2019-12-12","1","android"
"2407","2019-05-11","1","ios"
"2408","2024-12-09","1","ios"
"2408","2024-12-17","1","ios"
"2408","2025-01-06","1","android"
"2408","2025-01-18","1","android"
"2409","2020-11-14","1","android"
"2409","2020-11-15","1","ios"
"2410","2022-03-31","1","android"
"2410","2024-09-23","1","ios"
"2410","2025-01-31","1","web"
"2410","2026-01-01","1","ios"
"2411","2026-03-17","1","ios"
"2411","2026-03-18","1","ios"
"2411","2026-04-19","1","android"
"2412","2025-09-21","1","android"
"2412","2025-09-25","1","ios"
"2412","2025-10-09","1","ios"
"2412","2025-10-12","1","ios"
"2412","2025-10-17","1","web"
"2412","2025-11-03","2","ios"
"2412","2026-02-18","1","ios"
"2412","2026-02-24","1","web"
"2413","2024-09-25","1","ios"
"2414","2023-03-28","1","web"
"2414","2023-03-29","1","ios"
"2414","2023-04-21","1","ios"
"2414","2023-05-02","1","ios"
"2414","2023-06-07","1","android"
"2414","2023-06-09","1","android"
"2414","2024-06-20","1","web"
"2414","2025-08-02","1","ios"
"2415","2022-10-24","1","android"
"2415","2022-11-03","1","android"
"2416","2021-07-11","1","android"
"2416","2021-07-23","2","ios"
"2416","2023-01-31","1","web"
"2416","2023-08-24","1","ios"
"2416","2024-06-01","1","ios"
"2416","2024-06-14","1","android"
"2416","2025-04-04","1","ios"
"2417","2023-01-21","1","ios"
"2417","2023-02-07","1","ios"
"2417","2023-02-10","1","ios"
"2417","2023-04-10","1","android"
"2417","2023-05-16","1","ios"
"2417","2025-01-17","1","ios"
"2417","2026-06-22","1","web"
"2418","2024-01-08","1","web"
"2418","2024-03-30","1","ios"
"2418","2025-02-21","1","ios"
"2419","2025-07-08","1","ios"
"2419","2025-07-18","1","ios"
"2419","2026-06-22","1","android"
"2420","2025-08-10","1","android"
"2421","2021-05-29","1","android"
"2421","2022-01-11","1","ios"
"2421","2022-12-15","1","android"
"2421","2023-07-21","1","android"
"2422","2023-11-13","1","web"
"2422","2024-08-27","1","ios"
"2422","2025-07-12","1","ios"
"2423","2020-04-14","1","web"
"2423","2020-04-18","1","ios"
"2423","2020-04-24","1","ios"
"2423","2020-05-10","1","ios"
"2423","2020-05-21","1","ios"
"2423","2021-01-01","1","ios"
"2423","2021-10-17","1","android"
"2423","2021-10-18","1","ios"
"2423","2021-10-22","1","android"
"2423","2021-11-10","1","web"
"2423","2021-12-05","1","web"
"2424","2021-09-19","1","android"
"2424","2023-10-10","1","ios"
"2425","2024-03-11","1","android"
"2425","2024-03-12","1","web"
"2425","2024-10-14","1","android"
"2425","2025-01-14","1","android"
"2425","2025-10-06","1","android"
"2425","2025-10-23","1","ios"
"2425","2025-11-07","1","ios"
"2426","2022-12-22","1","ios"
"2426","2023-02-02","1","ios"
"2426","2023-02-03","1","ios"
"2426","2023-12-22","1","ios"
"2426","2024-01-11","1","ios"
"2426","2024-01-12","1","android"
"2426","2024-09-24","1","ios"
"2426","2025-02-27","1","android"
"2426","2026-02-16","1","ios"
"2427","2022-12-14","1","ios"
"2427","2022-12-16","1","web"
"2427","2023-11-25","1","ios"
"2428","2022-05-20","1","web"
"2429","2026-04-11","1","ios"
"2429","2026-04-24","1","android"
"2429","2026-04-28","1","ios"
"2430","2025-08-10","1","ios"
"2431","2026-02-16","1","web"
"2431","2026-04-03","1","android"
"2431","2026-04-07","1","android"
"2432","2023-06-24","1","android"
"2433","2026-06-03","1","android"
"2433","2026-06-07","1","android"
"2434","2019-10-07","1","web"
"2434","2019-10-08","1","ios"
"2434","2019-10-12","1","ios"
"2434","2019-11-06","1","android"
"2434","2019-12-06","1","android"
"2434","2019-12-13","1","ios"
"2435","2022-04-01","1","android"
"2436","2022-07-25","1","ios"
"2436","2023-06-28","1","web"
"2437","2021-09-02","1","ios"
"2437","2021-10-14","1","ios"
"2437","2022-02-26","1","ios"
"2437","2022-03-13","1","ios"
"2437","2022-03-28","1","ios"
"2437","2022-03-31","1","ios"
"2437","2022-05-14","1","android"
"2437","2022-07-21","1","android"
"2437","2022-08-12","1","android"
"2437","2022-08-18","1","android"
"2437","2022-08-20","1","android"
"2437","2022-08-25","1","web"
"2437","2022-10-07","1","android"
"2437","2023-11-30","1","android"
"2438","2023-04-01","1","ios"
"2438","2023-04-16","1","ios"
"2438","2023-04-20","1","ios"
"2438","2023-10-12","1","android"
"2439","2025-01-14","1","ios"
"2439","2025-01-23","1","ios"
"2439","2025-02-15","1","android"
"2439","2025-02-21","1","ios"
"2439","2025-02-22","1","web"
"2439","2025-03-28","1","ios"
"2439","2025-04-07","1","web"
"2439","2025-05-20","1","android"
"2439","2025-06-01","1","web"
"2439","2026-01-19","1","android"
"2440","2025-07-01","1","ios"
"2440","2026-02-22","1","ios"
"2440","2026-03-22","1","android"
"2441","2026-03-20","1","web"
"2441","2026-03-31","1","ios"
"2442","2023-07-03","1","web"
"2442","2023-08-20","1","ios"
"2442","2023-09-06","1","ios"
"2442","2023-09-15","1","web"
"2442","2024-08-15","1","web"
"2442","2025-05-05","1","web"
"2443","2022-04-25","1","ios"
"2443","2022-05-20","1","ios"
"2443","2022-06-05","1","ios"
"2444","2022-04-28","1","android"
"2444","2023-07-24","1","android"
"2445","2021-12-19","1","ios"
"2445","2021-12-21","1","ios"
"2445","2022-05-15","1","android"
"2445","2022-09-15","1","ios"
"2445","2025-10-07","1","ios"
"2445","2025-10-15","1","android"
"2445","2025-11-20","1","android"
"2445","2025-12-05","1","android"
"2446","2025-02-25","1","web"
"2446","2025-04-18","1","ios"
"2446","2025-05-11","1","android"
"2446","2025-06-27","1","ios"
"2446","2025-06-29","1","web"
"2447","2020-01-31","1","ios"
"2447","2020-02-01","1","ios"
"2447","2020-02-20","1","ios"
"2447","2020-12-23","1","android"
"2448","2023-08-20","1","ios"
"2448","2023-08-24","1","ios"
"2448","2023-08-28","1","ios"
"2449","2024-10-01","1","ios"
"2449","2024-10-17","1","android"
"2450","2021-08-02","1","android"
"2450","2021-08-07","1","ios"
"2450","2022-12-24","1","android"
"2450","2024-04-09","1","ios"
"2450","2025-03-27","1","ios"
"2451","2023-04-10","1","ios"
"2451","2025-08-27","1","ios"
"2451","2025-09-24","1","android"
"2452","2023-05-12","1","android"
"2452","2023-05-13","1","ios"
"2452","2023-05-17","1","web"
"2453","2025-03-06","1","ios"
"2453","2025-03-26","1","android"
"2453","2025-04-01","1","web"
"2453","2025-07-04","1","ios"
"2453","2025-07-05","1","ios"
"2453","2025-07-06","1","android"
"2453","2025-08-04","1","android"
"2453","2025-08-08","1","web"
"2453","2025-08-16","2","ios"
"2453","2025-08-27","1","android"
"2453","2025-08-31","1","web"
"2453","2025-09-18","1","android"
"2453","2025-09-19","1","android"
"2453","2025-10-05","1","ios"
"2453","2025-10-22","1","android"
"2453","2025-11-09","1","android"
"2453","2025-11-15","1","android"
"2453","2025-11-25","1","web"
"2454","2022-05-01","1","ios"
"2455","2025-12-19","1","android"
"2456","2023-11-12","1","web"
"2456","2025-05-21","1","ios"
"2456","2026-06-24","1","ios"
"2457","2024-03-19","1","ios"
"2457","2024-04-01","1","web"
"2457","2025-02-28","1","ios"
"2458","2020-10-06","1","ios"
"2458","2021-10-17","1","ios"
"2458","2022-02-27","1","android"
"2458","2022-04-17","1","android"
"2459","2025-07-06","1","android"
"2459","2025-08-01","1","ios"
"2459","2025-08-23","1","ios"
"2460","2022-11-04","1","ios"
"2460","2022-11-17","1","ios"
"2460","2022-12-16","1","ios"
"2460","2023-01-19","1","android"
"2460","2023-01-26","1","web"
"2460","2023-02-09","1","web"
"2461","2023-02-10","1","ios"
"2461","2023-03-06","1","ios"
"2461","2024-03-09","1","ios"
"2461","2024-03-29","1","ios"
"2461","2024-04-28","1","ios"
"2461","2024-05-12","1","android"
"2461","2024-06-08","1","ios"
"2462","2025-05-22","1","android"
"2462","2025-06-20","1","ios"
"2462","2025-07-03","1","ios"
"2463","2025-06-09","1","ios"
"2463","2026-03-30","1","ios"
"2464","2023-03-23","1","ios"
"2464","2023-04-30","1","android"
"2464","2023-05-06","1","ios"
"2465","2026-06-21","1","android"
"2466","2026-06-03","1","ios"
"2467","2024-09-06","1","web"
"2467","2024-09-17","1","ios"
"2468","2025-10-28","1","ios"
"2469","2025-12-29","1","web"
"2469","2026-01-22","1","android"
"2469","2026-02-06","1","android"
"2470","2025-01-05","1","web"
"2470","2025-07-24","1","ios"
"2471","2024-05-30","1","ios"
"2471","2024-07-22","1","android"
"2471","2024-08-04","1","web"
"2471","2024-08-05","1","android"
"2472","2023-10-21","1","android"
"2472","2023-10-26","1","ios"
"2472","2024-03-15","1","ios"
"2472","2024-03-30","1","android"
"2473","2021-05-28","1","ios"
"2474","2022-01-12","1","ios"
"2475","2024-06-24","1","android"
"2476","2023-09-06","1","ios"
"2476","2023-10-02","1","android"
"2476","2023-10-08","2","ios"
"2476","2024-09-08","1","android"
"2476","2025-05-06","1","android"
"2477","2023-06-29","1","android"
"2477","2023-07-07","1","android"
"2477","2023-07-11","1","ios"
"2477","2023-07-15","1","android"
"2478","2025-03-22","1","ios"
"2478","2025-04-28","1","ios"
"2479","2024-10-29","1","android"
"2479","2024-11-08","1","ios"
"2479","2024-12-09","1","ios"
"2479","2025-01-12","1","ios"
"2479","2025-02-13","1","ios"
"2479","2025-03-14","1","ios"
"2479","2025-04-19","1","ios"
"2479","2025-04-20","2","ios"
"2479","2025-04-26","1","web"
"2479","2026-06-12","1","ios"
"2479","2026-06-15","1","ios"
"2479","2026-06-27","1","web"
"2480","2025-11-02","1","ios"
"2480","2026-06-01","1","web"
"2481","2024-08-31","1","ios"
"2481","2024-09-05","1","ios"
"2481","2026-04-12","1","android"
"2482","2020-05-26","1","android"
"2482","2020-06-06","1","ios"
"2482","2020-07-03","1","ios"
"2482","2020-07-14","1","ios"
"2482","2020-07-22","2","ios"
"2483","2019-04-28","1","android"
"2483","2020-03-15","1","ios"
"2484","2023-07-07","1","web"
"2484","2024-01-05","1","ios"
"2484","2024-08-03","1","android"
"2484","2025-08-29","1","android"
"2485","2023-04-24","1","ios"
"2485","2024-05-26","1","ios"
"2485","2024-06-09","1","android"
"2485","2024-06-26","1","ios"
"2485","2024-06-28","1","ios"
"2485","2024-07-11","1","android"
"2485","2024-07-14","1","android"
"2485","2024-07-17","1","android"
"2486","2023-05-22","1","web"
"2486","2023-06-18","1","android"
"2486","2023-07-06","1","android"
"2487","2023-01-08","1","web"
"2487","2023-01-15","1","ios"
"2487","2024-03-08","1","ios"
"2487","2024-03-09","1","android"
"2487","2024-03-10","1","ios"
"2487","2024-06-06","1","ios"
"2487","2024-06-19","1","android"
"2487","2024-06-21","1","android"
"2488","2024-09-02","1","web"
"2488","2024-09-06","1","android"
"2488","2025-10-21","1","ios"
"2488","2025-11-13","1","ios"
"2489","2022-01-11","1","ios"
"2489","2022-01-16","1","android"
"2489","2023-09-01","1","android"
"2490","2025-07-24","1","android"
"2490","2025-09-05","1","web"
"2490","2025-09-17","1","android"
"2490","2025-09-20","1","ios"
"2490","2025-09-21","1","ios"
"2490","2025-09-28","1","web"
"2490","2025-10-21","2","ios"
"2490","2025-10-27","1","android"
"2490","2025-11-15","1","ios"
"2490","2025-11-28","2","ios"
"2491","2022-03-07","1","ios"
"2492","2024-04-29","1","ios"
"2493","2026-06-12","1","ios"
"2494","2021-05-02","1","android"
"2495","2022-04-11","1","ios"
"2495","2022-04-17","1","ios"
"2495","2023-06-16","1","android"
"2495","2023-06-23","1","web"
"2495","2023-07-03","1","android"
"2495","2024-07-25","1","ios"
"2495","2024-07-28","1","android"
"2495","2024-08-21","1","ios"
"2496","2023-04-19","1","ios"
"2496","2023-04-24","1","ios"
"2496","2023-04-27","1","ios"
"2496","2023-06-20","1","ios"
"2497","2022-11-10","1","android"
"2497","2022-11-19","1","android"
"2497","2022-11-20","1","ios"
"2498","2023-11-21","1","ios"
"2498","2023-12-15","1","ios"
"2498","2023-12-16","1","ios"
"2498","2023-12-17","1","android"
"2498","2024-07-13","1","ios"
"2499","2024-01-16","1","android"
"2499","2024-01-17","1","ios"
"2499","2024-02-03","1","ios"
"2500","2026-02-23","1","ios"
"2500","2026-05-03","1","android"
"2500","2026-05-11","1","ios"
"2500","2026-06-05","1","web"
"2500","2026-06-06","1","android"
"2501","2026-03-13","1","ios"
"2502","2024-10-06","1","web"
"2502","2024-10-11","1","android"
"2502","2024-10-12","1","android"
"2502","2025-06-15","1","ios"
"2502","2025-06-16","1","ios"
"2503","2024-03-14","1","ios"
"2503","2024-04-20","1","ios"
"2503","2024-04-30","1","ios"
"2503","2024-05-09","1","web"
"2503","2024-05-23","1","web"
"2503","2025-08-08","1","ios"
"2504","2020-11-20","1","ios"
"2504","2020-11-30","1","android"
"2504","2020-12-10","2","android"
"2504","2020-12-15","1","ios"
"2504","2021-03-27","1","android"
"2504","2021-03-28","1","ios"
"2504","2021-04-06","1","ios"
"2504","2021-04-10","1","android"
"2504","2021-04-22","1","android"
"2504","2021-10-18","1","ios"
"2505","2025-09-12","1","web"
"2505","2026-04-11","1","web"
"2505","2026-04-29","1","web"
"2505","2026-05-01","1","web"
"2506","2022-07-06","1","android"
"2506","2022-07-09","1","web"
"2506","2022-07-24","1","web"
"2506","2022-07-31","1","ios"
"2507","2022-07-14","1","ios"
"2508","2026-01-19","1","android"
"2508","2026-01-26","1","ios"
"2509","2022-12-29","1","ios"
"2509","2023-01-18","1","web"
"2509","2023-03-30","1","ios"
"2509","2023-04-16","1","web"
"2509","2023-04-23","2","android"
"2509","2023-04-24","1","ios"
"2510","2025-06-12","1","android"
"2511","2023-11-21","1","ios"
"2511","2023-11-27","1","web"
"2511","2023-12-06","1","ios"
"2511","2023-12-28","1","ios"
"2511","2024-01-11","1","ios"
"2511","2024-10-26","1","web"
"2511","2024-11-10","1","ios"
"2512","2024-08-31","1","web"
"2512","2025-10-13","1","ios"
"2513","2026-04-12","1","ios"
"2513","2026-04-13","1","android"
"2514","2025-09-20","1","ios"
"2514","2025-10-03","1","ios"
"2514","2026-04-14","1","ios"
"2514","2026-05-02","1","android"
"2514","2026-06-14","1","android"
"2514","2026-06-17","1","ios"
"2514","2026-06-27","1","web"
"2515","2025-06-30","1","ios"
"2515","2025-07-05","1","android"
"2515","2025-07-23","1","ios"
"2515","2025-07-24","1","android"
"2516","2026-03-25","1","android"
"2516","2026-06-06","1","android"
"2517","2025-07-10","1","ios"
"2517","2025-07-11","1","web"
"2518","2022-03-19","1","android"
"2518","2022-03-20","1","android"
"2518","2022-04-14","1","ios"
"2519","2024-12-23","1","android"
"2519","2025-06-14","1","android"
"2519","2025-12-07","1","android"
"2519","2025-12-08","1","web"
"2519","2026-01-03","1","ios"
"2520","2023-09-28","1","android"
"2520","2023-12-08","1","ios"
"2520","2024-07-20","1","web"
"2521","2026-06-26","1","ios"
"2522","2023-07-08","1","ios"
"2522","2023-08-28","1","ios"
"2522","2023-09-27","1","web"
"2522","2023-10-21","1","android"
"2522","2023-12-06","1","ios"
"2522","2023-12-17","1","web"
"2523","2025-03-28","1","android"
"2524","2022-12-16","1","web"
"2524","2022-12-17","1","web"
"2524","2022-12-27","1","android"
"2524","2023-01-12","1","ios"
"2524","2023-02-17","1","ios"
"2524","2023-03-11","1","ios"
"2524","2023-03-23","1","web"
"2524","2023-04-03","1","ios"
"2524","2023-04-08","1","android"
"2524","2023-10-18","1","web"
"2524","2023-10-27","1","ios"
"2525","2025-06-13","1","web"
"2526","2024-12-13","1","ios"
"2526","2025-02-18","1","ios"
"2526","2025-03-14","1","ios"
"2526","2025-03-18","1","ios"
"2526","2025-03-23","1","ios"
"2526","2025-05-30","1","ios"
"2526","2025-06-08","1","ios"
"2526","2025-06-12","1","android"
"2526","2025-06-18","1","android"
"2526","2025-08-11","1","web"
"2526","2025-08-13","1","web"
"2526","2025-08-15","1","ios"
"2526","2025-08-25","1","ios"
"2526","2025-09-27","1","ios"
"2526","2025-10-04","1","android"
"2526","2025-11-13","1","android"
"2526","2025-12-04","1","android"
"2527","2022-12-22","1","web"
"2528","2021-09-15","1","android"
"2528","2023-04-29","1","ios"
"2529","2026-05-06","1","ios"
"2530","2023-08-19","1","ios"
"2530","2023-08-26","1","android"
"2530","2023-09-01","1","ios"
"2530","2023-11-01","1","android"
"2530","2023-11-03","1","ios"
"2530","2023-12-17","1","android"
"2531","2022-06-05","1","ios"
"2531","2022-07-02","1","ios"
"2532","2024-06-13","1","web"
"2533","2026-01-30","1","android"
"2533","2026-02-03","1","android"
"2533","2026-02-14","1","android"
"2534","2019-12-21","1","ios"
"2534","2020-06-01","1","web"
"2534","2020-06-10","1","ios"
"2534","2020-07-21","1","ios"
"2534","2020-08-31","1","android"
"2534","2020-09-20","1","ios"
"2534","2020-12-01","1","web"
"2534","2022-06-18","1","android"
"2534","2022-06-23","1","ios"
"2534","2022-06-24","1","ios"
"2534","2024-06-26","1","ios"
"2534","2025-03-05","1","android"
"2534","2025-03-10","1","ios"
"2534","2025-03-20","1","ios"
"2534","2025-03-30","1","ios"
"2534","2025-04-21","1","ios"
"2534","2025-06-17","1","ios"
"2535","2025-04-09","1","android"
"2535","2026-03-29","1","android"
"2536","2022-10-15","1","android"
"2536","2022-10-17","1","ios"
"2536","2022-11-17","1","ios"
"2536","2024-01-05","1","ios"
"2537","2021-09-09","1","ios"
"2537","2023-08-28","1","ios"
"2537","2024-06-15","1","web"
"2537","2025-07-06","1","android"
"2537","2026-01-22","1","ios"
"2538","2022-11-11","1","ios"
"2538","2022-11-15","1","android"
"2538","2024-01-02","1","ios"
"2538","2024-01-05","1","web"
"2539","2025-11-13","1","android"
"2540","2024-10-27","1","android"
"2540","2024-11-21","1","android"
"2540","2024-11-26","1","ios"
"2540","2026-01-25","2","ios"
"2541","2021-11-01","1","android"
"2541","2021-11-07","1","android"
"2541","2021-11-09","1","android"
"2541","2022-02-16","1","web"
"2541","2022-03-30","1","android"
"2541","2022-04-10","1","ios"
"2541","2022-06-16","1","ios"
"2542","2025-02-25","1","ios"
"2542","2025-04-03","1","ios"
"2543","2026-03-21","1","ios"
"2543","2026-03-24","1","ios"
"2543","2026-04-17","1","ios"
"2544","2024-08-15","1","android"
"2544","2025-04-18","1","ios"
"2545","2020-05-01","1","ios"
"2545","2020-11-19","1","android"
"2545","2020-11-22","1","web"
"2545","2020-11-30","2","ios"
"2545","2020-12-03","1","ios"
"2545","2020-12-10","1","android"
"2546","2023-04-26","1","android"
"2547","2022-03-05","1","android"
"2547","2022-06-17","1","android"
"2547","2025-04-20","1","ios"
"2547","2025-05-07","1","android"
"2547","2025-05-08","1","ios"
"2548","2024-10-24","1","ios"
"2548","2025-03-13","1","ios"
"2548","2025-03-20","1","ios"
"2549","2026-03-07","1","ios"
"2549","2026-03-11","1","web"
"2550","2024-04-12","1","ios"
"2550","2025-10-12","1","ios"
"2550","2026-02-24","1","android"
"2551","2026-06-03","1","android"
"2552","2024-04-30","1","ios"
"2552","2024-05-25","1","ios"
"2553","2026-04-20","1","ios"
"2553","2026-04-28","1","ios"
"2554","2026-06-17","1","web"
"2554","2026-06-29","1","android"
"2555","2021-08-30","1","ios"
"2555","2022-02-23","1","ios"
"2555","2022-07-19","1","ios"
"2556","2025-07-09","1","android"
"2557","2020-01-25","1","ios"
"2557","2020-02-22","1","android"
"2557","2020-02-26","1","ios"
"2557","2022-06-08","1","web"
"2557","2022-07-28","1","web"
"2557","2022-08-02","2","ios"
"2557","2022-08-12","1","web"
"2557","2022-08-14","1","android"
"2557","2022-10-01","1","ios"
"2557","2022-10-10","1","android"
"2558","2023-06-13","1","ios"
"2558","2023-06-19","1","ios"
"2558","2023-06-20","1","web"
"2558","2024-06-10","1","android"
"2559","2023-09-03","1","ios"
"2559","2023-09-06","1","android"
"2559","2024-03-31","1","ios"
"2559","2024-11-23","1","ios"
"2560","2023-01-04","1","ios"
"2560","2023-01-20","1","ios"
"2560","2023-02-05","1","android"
"2560","2023-02-06","1","android"
"2560","2025-01-14","1","ios"
"2561","2021-05-08","1","ios"
"2561","2021-05-13","1","ios"
"2561","2021-05-21","1","ios"
"2561","2021-06-19","1","web"
"2561","2021-11-26","1","ios"
"2561","2022-01-20","1","ios"
"2561","2022-01-21","1","android"
"2561","2022-04-22","1","ios"
"2561","2022-05-02","1","web"
"2561","2022-05-27","1","android"
"2561","2022-06-08","1","ios"
"2561","2022-06-18","1","ios"
"2561","2023-08-10","1","ios"
"2561","2023-09-14","1","android"
"2561","2023-09-25","1","android"
"2561","2024-01-29","1","ios"
"2561","2024-11-10","1","ios"
"2561","2025-09-19","1","ios"
"2562","2021-07-26","1","android"
"2562","2021-08-02","1","ios"
"2562","2021-08-10","1","web"
"2562","2021-08-11","1","web"
"2562","2021-08-22","1","web"
"2563","2026-01-09","1","ios"
"2563","2026-02-07","1","web"
"2563","2026-03-12","1","android"
"2563","2026-03-18","1","android"
"2563","2026-03-19","1","ios"
"2563","2026-03-25","1","ios"
"2563","2026-05-14","1","android"
"2563","2026-05-15","1","web"
"2563","2026-06-04","1","ios"
"2564","2021-11-22","1","ios"
"2564","2022-06-27","1","web"
"2564","2022-07-02","1","ios"
"2565","2023-01-05","1","web"
"2565","2023-01-27","1","android"
"2565","2023-02-08","1","android"
"2566","2020-03-21","1","ios"
"2566","2020-04-17","1","ios"
"2566","2021-05-12","1","ios"
"2567","2025-01-10","1","android"
"2567","2025-01-11","1","ios"
"2567","2025-01-29","1","web"
"2567","2026-04-08","1","ios"
"2568","2023-06-17","1","ios"
"2568","2023-06-19","1","ios"
"2568","2023-07-11","1","ios"
"2568","2023-07-21","1","android"
"2568","2023-12-18","1","android"
"2568","2023-12-25","1","ios"
"2568","2024-01-01","1","android"
"2569","2026-04-30","1","ios"
"2570","2021-09-27","1","ios"
"2571","2023-02-14","1","android"
"2571","2023-02-18","1","web"
"2571","2025-10-04","1","ios"
"2571","2025-12-03","1","android"
"2571","2025-12-22","1","android"
"2571","2026-06-09","1","android"
"2572","2024-02-17","1","ios"
"2573","2023-07-08","1","ios"
"2573","2023-07-14","1","web"
"2573","2023-08-15","1","ios"
"2574","2023-05-02","1","ios"
"2574","2023-11-10","1","ios"
"2574","2023-12-24","1","web"
"2574","2024-01-01","1","android"
"2574","2024-03-28","1","ios"
"2574","2024-04-11","1","android"
"2574","2024-04-27","1","android"
"2574","2024-05-03","1","ios"
"2574","2024-05-07","1","ios"
"2574","2024-05-12","1","ios"
"2574","2024-06-02","1","web"
"2574","2024-06-08","1","web"
"2575","2026-05-03","1","ios"
"2575","2026-05-09","1","ios"
"2575","2026-05-19","1","ios"
"2576","2024-10-23","1","android"
"2576","2025-09-24","1","android"
"2576","2026-01-27","1","web"
"2577","2022-06-15","1","web"
"2577","2022-07-02","1","ios"
"2578","2020-03-25","1","web"
"2578","2020-04-06","1","android"
"2578","2020-05-01","1","ios"
"2578","2020-07-01","1","web"
"2578","2020-08-30","1","ios"
"2579","2023-01-28","1","ios"
"2579","2024-01-24","1","web"
"2579","2024-02-02","1","ios"
"2579","2025-02-08","1","web"
"2580","2023-11-10","1","android"
"2580","2024-01-02","1","ios"
"2581","2023-07-30","1","web"
"2581","2023-08-01","1","ios"
"2581","2023-08-02","1","ios"
"2581","2023-08-09","1","ios"
"2581","2023-09-13","1","android"
"2581","2023-09-26","1","android"
"2581","2023-10-03","1","ios"
"2582","2023-03-21","1","android"
"2582","2023-03-31","1","android"
"2582","2024-02-07","1","android"
"2583","2023-11-12","1","ios"
"2583","2023-11-16","1","android"
"2583","2023-12-07","1","ios"
"2583","2024-01-04","1","web"
"2583","2024-01-19","1","ios"
"2583","2024-01-29","1","web"
"2583","2024-02-22","1","ios"
"2583","2024-03-12","1","ios"
"2583","2025-03-12","1","android"
"2583","2025-03-14","1","ios"
"2583","2025-03-16","1","ios"
"2584","2024-09-19","1","android"
"2584","2024-10-22","1","ios"
"2584","2024-11-09","1","android"
"2585","2026-04-16","1","web"
"2586","2025-06-14","1","ios"
"2586","2025-09-21","1","ios"
"2587","2025-10-11","1","android"
"2587","2025-10-14","1","ios"
"2588","2022-12-29","1","web"
"2588","2023-01-05","1","ios"
"2588","2023-02-05","1","ios"
"2588","2023-02-10","1","ios"
"2588","2024-02-27","1","ios"
"2588","2024-03-18","1","android"
"2588","2025-05-11","1","android"
"2588","2025-05-15","1","android"
"2588","2025-06-14","1","android"
"2589","2024-04-10","1","web"
"2589","2024-05-26","1","android"
"2589","2024-06-24","1","ios"
"2589","2024-06-26","2","android"
"2589","2024-06-27","1","ios"
"2589","2024-07-01","1","android"
"2589","2024-07-11","2","ios"
"2589","2024-08-06","2","ios"
"2589","2024-08-11","1","ios"
"2590","2022-11-29","1","android"
"2590","2022-12-23","1","ios"
"2590","2023-02-02","1","ios"
"2591","2024-05-15","1","ios"
"2591","2024-05-28","1","android"
"2592","2020-09-13","1","ios"
"2592","2020-10-01","1","ios"
"2593","2025-02-20","1","ios"
"2594","2022-01-21","1","ios"
"2595","2023-11-17","1","ios"
"2596","2024-05-04","1","android"
"2596","2024-06-03","1","web"
"2596","2024-06-23","1","android"
"2596","2024-06-30","1","web"
"2596","2024-08-03","1","android"
"2596","2025-04-28","1","ios"
"2596","2025-05-24","1","ios"
"2596","2025-06-26","1","ios"
"2596","2025-06-28","1","web"
"2596","2025-07-16","1","ios"
"2596","2025-07-24","2","ios"
"2596","2026-01-14","1","ios"
"2596","2026-01-26","1","web"
"2596","2026-02-12","1","ios"
"2597","2025-08-22","1","android"
"2597","2025-08-27","1","ios"
"2597","2025-12-06","1","android"
"2597","2025-12-27","1","ios"
"2597","2026-01-13","1","ios"
"2597","2026-01-14","1","android"
"2597","2026-02-12","1","web"
"2597","2026-02-13","1","ios"
"2597","2026-04-06","2","android"
"2597","2026-04-08","1","web"
"2597","2026-04-09","1","ios"
"2597","2026-04-13","2","web"
"2597","2026-04-19","1","android"
"2597","2026-04-26","1","web"
"2597","2026-05-14","1","ios"
"2598","2026-02-11","1","android"
"2599","2025-04-18","1","web"
"2599","2025-04-29","1","ios"
"2599","2025-05-02","1","ios"
"2599","2025-07-12","1","web"
"2599","2025-07-15","1","ios"
"2599","2025-08-02","1","ios"
"2599","2026-01-16","1","android"
"2600","2022-10-06","1","ios"
"2601","2024-02-04","1","android"
"2601","2025-07-04","1","android"
"2602","2025-11-17","1","ios"
"2602","2025-12-10","1","web"
"2602","2025-12-29","1","web"
"2602","2026-02-17","1","web"
"2602","2026-06-24","2","ios"
"2603","2024-02-15","1","web"
"2603","2024-02-22","1","ios"
"2603","2024-03-02","1","ios"
"2603","2024-03-13","1","ios"
"2603","2025-05-16","1","ios"
"2603","2025-05-18","2","ios"
"2604","2023-06-24","1","ios"
"2604","2023-07-09","1","android"
"2604","2023-07-17","1","web"
"2604","2023-07-23","1","ios"
"2605","2020-11-20","1","ios"
"2605","2020-12-08","1","android"
"2605","2022-04-30","1","ios"
"2606","2022-06-19","1","android"
"2607","2021-09-01","1","android"
"2607","2021-09-07","1","ios"
"2607","2021-09-19","1","web"
"2607","2021-10-16","1","android"
"2607","2022-10-02","1","web"
"2607","2023-09-22","1","ios"
"2607","2024-04-12","1","android"
"2608","2025-03-23","1","ios"
"2608","2025-04-05","1","ios"
"2608","2025-05-01","1","ios"
"2609","2023-04-28","1","ios"
"2609","2023-05-06","1","ios"
"2609","2023-05-18","1","ios"
"2609","2023-06-02","1","web"
"2609","2023-06-26","2","ios"
"2609","2024-10-14","1","android"
"2610","2023-04-13","1","ios"
"2610","2023-05-17","1","ios"
"2611","2025-08-06","1","web"
"2612","2026-03-06","1","android"
"2612","2026-04-02","1","ios"
"2612","2026-05-21","1","ios"
"2612","2026-06-05","1","ios"
"2612","2026-06-12","1","android"
"2613","2023-06-24","1","android"
"2613","2023-06-25","1","android"
"2613","2024-10-30","1","ios"
"2613","2025-07-01","1","web"
"2613","2025-11-23","1","android"
"2614","2020-06-30","1","web"
"2614","2020-07-03","1","ios"
"2615","2023-05-06","1","android"
"2615","2024-04-08","1","ios"
"2615","2024-05-08","1","android"
"2615","2026-01-03","1","web"
"2615","2026-01-09","1","android"
"2615","2026-02-28","1","android"
"2615","2026-03-08","1","ios"
"2615","2026-05-28","1","android"
"2615","2026-06-04","2","ios"
"2615","2026-06-25","1","android"
"2616","2022-02-06","1","web"
"2617","2026-01-07","1","web"
"2617","2026-03-13","1","ios"
"2618","2025-01-10","1","ios"
"2619","2025-05-04","1","android"
"2619","2025-05-18","1","ios"
"2619","2025-06-05","1","android"
"2619","2025-06-06","1","ios"
"2619","2025-06-10","1","android"
"2619","2026-06-16","1","android"
"2619","2026-06-20","1","ios"
"2620","2020-06-30","1","android"
"2620","2020-07-16","1","web"
"2621","2025-11-05","1","ios"
"2622","2024-09-14","1","android"
"2623","2023-03-29","1","web"
"2623","2023-04-11","1","android"
"2624","2022-03-09","1","web"
"2624","2023-12-18","1","android"
"2624","2024-11-25","1","android"
"2624","2024-11-28","1","android"
"2624","2025-01-18","1","ios"
"2624","2025-02-03","1","ios"
"2624","2025-09-25","1","web"
"2624","2025-09-28","1","ios"
"2624","2025-10-04","1","web"
"2624","2025-10-09","1","ios"
"2625","2025-01-08","1","ios"
"2625","2025-01-28","1","android"
"2625","2026-02-20","1","ios"
"2625","2026-06-19","1","ios"
"2625","2026-06-20","1","ios"
"2626","2022-11-23","1","ios"
"2626","2022-11-24","1","ios"
"2626","2022-11-26","1","web"
"2626","2022-12-04","1","ios"
"2626","2023-01-15","1","web"
"2626","2023-10-04","1","android"
"2626","2023-10-07","1","ios"
"2626","2024-02-23","1","ios"
"2626","2024-02-24","1","web"
"2626","2024-02-26","1","android"
"2626","2024-02-27","1","android"
"2626","2025-12-10","1","ios"
"2627","2022-02-18","1","android"
"2627","2023-06-07","1","web"
"2627","2023-06-12","1","ios"
"2627","2023-06-28","1","ios"
"2627","2023-07-04","1","web"
"2627","2023-07-10","1","android"
"2628","2021-09-21","1","ios"
"2628","2021-10-19","1","android"
"2628","2021-11-07","1","android"
"2628","2021-12-05","1","ios"
"2628","2023-01-30","1","ios"
"2628","2023-02-08","1","ios"
"2628","2023-02-13","1","android"
"2628","2024-05-11","1","ios"
"2629","2019-08-11","1","ios"
"2629","2019-11-06","1","ios"
"2629","2019-11-07","1","ios"
"2629","2020-12-20","1","android"
"2629","2021-12-01","1","android"
"2629","2022-09-08","1","android"
"2630","2025-04-10","1","ios"
"2630","2025-04-13","1","ios"
"2630","2025-06-07","1","ios"
"2630","2025-06-11","1","web"
"2630","2025-06-15","2","android"
"2630","2025-06-28","1","android"
"2630","2025-06-29","1","ios"
"2630","2025-07-04","1","ios"
"2630","2025-07-11","1","android"
"2630","2025-08-07","1","ios"
"2631","2021-12-16","1","android"
"2631","2022-11-12","1","android"
"2631","2023-12-25","1","web"
"2631","2025-02-06","1","ios"
"2632","2022-05-20","1","web"
"2632","2023-01-02","1","ios"
"2632","2024-01-16","1","android"
"2632","2025-05-08","1","android"
"2632","2025-12-03","1","ios"
"2633","2019-04-04","1","web"
"2633","2019-06-09","1","ios"
"2633","2019-06-15","1","ios"
"2633","2021-12-04","1","android"
"2633","2022-07-03","1","android"
"2633","2023-03-10","1","android"
"2633","2023-08-30","1","ios"
"2634","2025-08-26","1","ios"
"2634","2026-01-29","1","ios"
"2635","2020-04-01","1","android"
"2635","2020-04-03","1","ios"
"2636","2025-11-09","1","ios"
"2637","2021-01-03","1","android"
"2637","2021-11-19","1","ios"
"2637","2022-12-17","1","ios"
"2637","2022-12-18","1","ios"
"2637","2023-01-22","1","web"
"2637","2023-11-17","1","ios"
"2637","2023-11-26","1","web"
"2637","2024-05-03","1","ios"
"2637","2024-12-20","1","ios"
"2637","2025-10-30","2","web"
"2638","2025-10-09","1","ios"
"2639","2022-04-06","1","ios"
"2639","2023-07-29","1","android"
"2639","2024-05-26","1","ios"
"2640","2021-10-18","1","ios"
"2640","2024-12-11","1","ios"
"2640","2025-11-03","1","ios"
"2640","2026-06-14","1","android"
"2641","2022-06-21","1","web"
"2641","2023-02-18","1","ios"
"2641","2023-02-19","1","android"
"2641","2023-03-15","1","android"
"2641","2026-05-07","1","ios"
"2641","2026-05-19","1","ios"
"2641","2026-06-04","1","ios"
"2641","2026-06-06","1","android"
"2642","2023-10-18","1","android"
"2643","2022-02-13","1","android"
"2644","2025-03-22","1","ios"
"2645","2020-03-17","1","web"
"2645","2021-02-02","1","ios"
"2645","2021-03-04","1","ios"
"2645","2021-03-20","1","ios"
"2645","2021-03-21","1","ios"
"2645","2021-04-24","1","ios"
"2645","2021-04-26","2","ios"
"2645","2021-05-02","1","android"
"2645","2021-05-03","2","ios"
"2645","2021-09-26","2","web"
"2645","2021-11-06","1","ios"
"2646","2025-06-16","1","web"
"2646","2025-06-21","1","android"
"2647","2024-11-09","1","ios"
"2647","2024-12-17","1","android"
"2647","2025-01-26","1","ios"
"2647","2025-02-21","1","android"
"2647","2025-03-07","1","ios"
"2647","2025-03-13","1","android"
"2647","2025-05-17","1","ios"
"2647","2025-05-20","2","ios"
"2647","2025-05-24","1","ios"
"2647","2025-05-27","1","ios"
"2647","2025-05-29","1","ios"
"2647","2025-05-30","1","ios"
"2647","2025-06-08","1","ios"
"2647","2025-06-19","1","ios"
"2647","2026-05-24","1","ios"
"2647","2026-05-30","1","ios"
"2647","2026-06-17","1","ios"
"2647","2026-06-19","1","ios"
"2648","2024-06-03","1","ios"
"2648","2024-06-05","1","ios"
"2648","2024-06-06","1","web"
"2648","2024-07-01","1","android"
"2648","2024-07-26","1","web"
"2648","2024-07-27","1","ios"
"2649","2025-08-12","1","android"
"2649","2025-08-13","1","ios"
"2649","2025-09-07","1","android"
"2649","2025-09-11","1","android"
"2649","2025-10-24","1","android"
"2650","2025-04-22","1","ios"
"2650","2025-04-27","1","android"
"2650","2025-05-04","1","ios"
"2650","2025-05-20","1","ios"
"2650","2025-06-09","1","ios"
"2650","2025-06-18","1","ios"
"2650","2025-06-20","1","android"
"2650","2026-01-02","1","android"
"2650","2026-01-03","1","android"
"2650","2026-01-10","1","ios"
"2650","2026-01-16","1","android"
"2650","2026-02-24","1","ios"
"2650","2026-04-28","1","android"
"2651","2025-12-30","1","ios"
"2651","2026-02-05","1","web"
"2652","2024-07-17","1","ios"
"2652","2026-06-15","1","ios"
"2652","2026-06-23","1","ios"
"2653","2023-10-31","1","ios"
"2653","2023-11-29","1","web"
"2653","2023-12-03","1","ios"
"2653","2023-12-06","1","ios"
"2653","2023-12-09","2","ios"
"2654","2021-09-01","1","ios"
"2654","2021-11-10","1","web"
"2654","2021-11-13","1","ios"
"2654","2021-12-04","1","ios"
"2654","2023-05-10","1","ios"
"2654","2024-07-05","1","ios"
"2654","2025-03-16","1","ios"
"2654","2026-02-09","1","ios"
"2655","2025-09-22","1","android"
"2656","2025-12-06","1","android"
"2657","2025-04-03","1","ios"
"2657","2025-04-04","1","android"
"2657","2025-04-18","1","android"
"2657","2025-04-29","1","android"
"2658","2021-02-07","1","android"
"2658","2021-02-13","1","ios"
"2658","2021-03-01","1","web"
"2658","2021-03-10","1","web"
"2658","2021-03-16","1","ios"
"2658","2021-03-23","1","ios"
"2658","2021-03-30","1","web"
"2658","2021-04-01","1","web"
"2658","2021-05-02","1","ios"
"2658","2022-08-04","1","android"
"2658","2022-08-20","1","ios"
"2658","2022-08-23","1","android"
"2658","2023-02-12","1","android"
"2658","2023-03-03","1","web"
"2658","2023-03-31","1","ios"
"2658","2023-04-27","1","android"
"2658","2023-05-10","1","web"
"2658","2023-06-07","1","web"
"2659","2025-05-20","1","web"
"2660","2023-05-05","1","ios"
"2660","2023-05-06","1","android"
"2660","2023-05-10","1","android"
"2660","2023-05-12","1","ios"
"2661","2021-01-19","1","android"
"2662","2023-05-24","1","android"
"2662","2023-06-14","1","ios"
"2662","2023-06-16","1","ios"
"2662","2023-07-11","2","web"
"2663","2025-11-29","1","android"
"2663","2026-03-31","1","android"
"2663","2026-04-01","1","android"
"2663","2026-05-06","1","android"
"2663","2026-05-10","1","ios"
"2663","2026-05-11","1","ios"
"2663","2026-06-03","1","web"
"2664","2026-03-19","1","android"
"2664","2026-04-03","1","ios"
"2664","2026-04-04","1","ios"
"2664","2026-04-05","1","ios"
"2664","2026-04-20","1","web"
"2665","2025-09-19","1","ios"
"2665","2025-09-20","1","ios"
"2665","2025-10-09","1","android"
"2665","2025-11-15","1","ios"
"2665","2026-04-29","1","web"
"2666","2023-01-26","1","ios"
"2666","2023-01-27","1","android"
"2666","2023-02-23","1","android"
"2666","2023-03-21","1","ios"
"2666","2023-03-22","1","ios"
"2666","2023-04-03","1","ios"
"2666","2023-04-21","1","ios"
"2666","2024-04-01","1","ios"
"2666","2024-04-28","1","android"
"2666","2025-01-28","1","android"
"2666","2025-02-19","2","android"
"2666","2025-02-24","1","ios"
"2667","2023-02-11","1","android"
"2667","2023-10-18","1","ios"
"2667","2024-05-01","1","android"
"2668","2021-09-05","1","ios"
"2668","2022-02-17","1","android"
"2668","2022-11-04","1","ios"
"2668","2023-12-22","1","android"
"2668","2024-12-24","1","ios"
"2669","2024-05-09","1","web"
"2670","2026-03-03","1","android"
"2671","2024-09-08","1","android"
"2671","2024-09-12","1","web"
"2672","2024-05-03","1","web"
"2672","2024-05-31","1","ios"
"2672","2024-06-06","1","web"
"2672","2024-06-14","1","web"
"2672","2024-06-20","1","android"
"2672","2025-12-21","1","ios"
"2672","2026-01-28","1","web"
"2673","2022-05-17","1","android"
"2673","2022-06-19","1","web"
"2673","2022-07-01","1","ios"
"2673","2022-07-02","1","web"
"2674","2021-01-04","1","android"
"2674","2021-01-05","1","ios"
"2675","2025-08-28","1","android"
"2675","2026-03-31","1","ios"
"2676","2025-03-24","1","ios"
"2676","2026-04-03","1","ios"
"2676","2026-04-25","2","ios"
"2676","2026-05-13","1","ios"
"2677","2021-01-08","1","web"
"2677","2021-01-19","1","android"
"2677","2021-01-20","1","android"
"2677","2021-02-26","2","ios"
"2677","2021-03-01","1","android"
"2677","2021-03-11","1","web"
"2677","2021-03-19","1","ios"
"2677","2021-03-29","1","ios"
"2677","2021-03-30","1","web"
"2677","2021-04-17","2","ios"
"2677","2021-11-25","1","android"
"2677","2021-12-05","1","ios"
"2677","2021-12-07","1","ios"
"2677","2022-01-25","1","ios"
"2677","2023-01-28","1","ios"
"2677","2023-08-25","1","android"
"2677","2024-04-11","1","ios"
"2677","2025-07-02","1","web"
"2678","2025-02-16","1","web"
"2678","2025-07-08","1","ios"
"2678","2025-07-13","1","ios"
"2678","2026-06-21","1","ios"
"2679","2019-05-28","1","android"
"2679","2020-04-05","1","ios"
"2680","2024-02-18","1","android"
"2681","2026-04-04","1","web"
"2681","2026-04-24","1","ios"
"2681","2026-05-01","1","ios"
"2682","2025-06-19","1","android"
"2683","2023-09-10","1","android"
"2684","2020-04-22","1","android"
"2685","2025-08-03","1","web"
"2685","2025-08-27","1","android"
"2686","2022-08-06","1","ios"
"2686","2022-08-07","1","web"
"2686","2022-09-23","1","ios"
"2686","2022-10-19","1","ios"
"2687","2024-08-07","1","ios"
"2688","2024-12-09","1","web"
"2689","2024-08-03","1","web"
"2689","2024-08-07","1","android"
"2689","2024-08-13","1","ios"
"2689","2024-09-12","2","ios"
"2689","2024-09-13","1","web"
"2689","2025-08-02","1","web"
"2689","2026-06-17","1","android"
"2689","2026-06-30","1","ios"
"2690","2024-08-18","1","android"
"2690","2025-09-22","1","ios"
"2690","2025-09-26","1","android"
"2691","2025-03-02","1","web"
"2692","2022-09-03","1","ios"
"2692","2023-11-01","1","ios"
"2692","2024-07-31","1","android"
"2693","2024-08-20","1","web"
"2693","2024-08-22","1","ios"
"2693","2026-06-07","1","android"
"2694","2019-07-01","1","ios"
"2694","2019-07-20","1","ios"
"2695","2021-12-02","1","ios"
"2695","2023-02-02","1","android"
"2695","2023-05-11","1","android"
"2695","2023-05-25","1","ios"
"2695","2023-06-09","1","android"
"2695","2023-06-12","1","android"
"2695","2023-06-29","1","ios"
"2695","2023-07-28","1","ios"
"2696","2026-02-04","1","ios"
"2696","2026-03-02","1","android"
"2697","2024-02-07","1","ios"
"2698","2023-11-05","1","android"
"2698","2024-11-14","1","ios"
"2698","2024-11-19","1","ios"
"2698","2025-08-06","2","web"
"2699","2024-08-11","1","ios"
"2699","2024-08-23","1","android"
"2699","2024-09-17","1","ios"
"2700","2022-12-01","1","ios"
"2700","2023-01-12","1","web"
"2701","2021-04-06","1","ios"
"2701","2022-10-07","1","ios"
"2701","2022-10-19","1","android"
"2701","2022-10-21","1","ios"
"2701","2022-11-03","1","ios"
"2701","2024-09-29","1","ios"
"2701","2025-12-27","1","web"
"2702","2024-02-08","1","ios"
"2703","2025-04-17","1","ios"
"2703","2025-04-22","1","android"
"2703","2025-04-27","1","ios"
"2703","2025-05-01","1","ios"
"2703","2025-05-02","1","ios"
"2703","2025-05-27","1","ios"
"2703","2026-06-19","1","android"
"2704","2025-08-10","1","android"
"2705","2022-09-11","1","android"
"2706","2024-01-05","1","ios"
"2706","2024-01-08","1","web"
"2706","2025-04-13","1","android"
"2706","2025-04-19","1","android"
"2706","2025-05-16","1","android"
"2706","2025-05-30","1","android"
"2706","2025-06-04","1","web"
"2706","2025-06-27","1","android"
"2706","2025-06-28","1","ios"
"2706","2025-07-04","2","ios"
"2706","2025-07-28","1","ios"
"2706","2025-08-17","1","ios"
"2707","2022-05-16","1","web"
"2707","2023-03-28","1","android"
"2708","2023-05-21","1","ios"
"2709","2022-11-19","1","ios"
"2709","2022-11-20","1","ios"
"2709","2022-11-26","1","web"
"2709","2022-12-01","1","web"
"2709","2022-12-05","1","android"
"2709","2023-03-31","1","ios"
"2709","2023-04-09","1","ios"
"2709","2023-04-14","1","android"
"2710","2023-02-22","1","web"
"2710","2023-03-22","1","android"
"2711","2025-06-16","1","web"
"2711","2025-06-25","1","android"
"2711","2025-07-01","1","web"
"2711","2025-07-11","1","android"
"2711","2025-07-17","1","android"
"2711","2025-07-30","1","ios"
"2712","2024-04-12","1","ios"
"2712","2024-04-13","1","android"
"2713","2026-05-22","1","android"
"2714","2026-05-20","1","ios"
"2714","2026-05-29","1","ios"
"2714","2026-05-30","1","web"
"2714","2026-06-05","1","ios"
"2714","2026-06-06","1","ios"
"2715","2022-05-04","1","ios"
"2715","2022-05-12","1","android"
"2716","2023-06-05","1","android"
"2717","2025-03-03","1","ios"
"2717","2025-03-10","1","ios"
"2718","2022-06-07","1","ios"
"2718","2022-07-16","1","ios"
"2718","2022-08-19","1","ios"
"2718","2025-01-30","1","ios"
"2718","2025-02-09","1","ios"
"2718","2025-02-19","1","ios"
"2718","2025-04-02","1","ios"
"2718","2025-05-10","1","ios"
"2718","2025-05-23","1","android"
"2718","2025-05-27","1","ios"
"2718","2025-06-23","1","web"
"2718","2025-07-31","1","ios"
"2719","2020-07-16","1","android"
"2719","2020-09-27","1","ios"
"2719","2020-10-04","1","ios"
"2719","2020-10-24","1","ios"
"2719","2020-10-25","1","ios"
"2719","2020-11-04","1","android"
"2719","2021-07-24","1","ios"
"2719","2021-09-12","2","ios"
"2719","2021-09-13","1","android"
"2719","2022-10-28","1","web"
"2719","2022-11-08","1","android"
"2719","2022-12-15","1","android"
"2719","2022-12-16","1","web"
"2719","2023-09-06","1","android"
"2719","2023-09-09","1","ios"
"2719","2026-01-20","1","android"
"2719","2026-01-25","1","android"
"2720","2023-08-08","1","android"
"2720","2023-09-12","1","ios"
"2720","2023-09-15","1","ios"
"2720","2023-12-19","1","web"
"2720","2024-06-29","1","android"
"2720","2024-07-05","1","ios"
"2720","2024-07-28","1","ios"
"2721","2026-04-06","1","android"
"2721","2026-04-16","1","ios"
"2721","2026-04-30","1","web"
"2721","2026-05-01","1","web"
"2721","2026-05-17","1","web"
"2722","2022-11-17","1","android"
"2722","2022-11-27","1","android"
"2722","2024-05-12","1","web"
"2722","2025-02-02","1","android"
"2722","2025-03-10","2","web"
"2723","2019-12-18","1","ios"
"2723","2021-10-16","1","ios"
"2724","2025-06-08","1","android"
"2724","2025-06-22","1","ios"
"2724","2025-06-28","1","ios"
"2725","2020-01-20","1","ios"
"2726","2023-06-24","1","android"
"2727","2021-01-25","1","android"
"2727","2021-10-18","1","ios"
"2727","2022-03-08","1","ios"
"2727","2022-03-12","1","ios"
"2727","2026-04-02","1","ios"
"2728","2022-08-15","1","android"
"2728","2022-08-21","1","android"
"2728","2022-11-12","1","android"
"2729","2022-08-18","1","web"
"2729","2023-11-18","1","ios"
"2729","2023-11-22","1","web"
"2730","2024-06-05","1","ios"
"2730","2024-06-17","1","ios"
"2730","2024-06-25","2","ios"
"2730","2024-07-01","1","android"
"2730","2026-03-12","1","ios"
"2730","2026-03-23","2","android"
"2730","2026-04-07","1","ios"
"2730","2026-04-24","1","web"
"2730","2026-04-25","2","ios"
"2730","2026-04-26","1","ios"
"2731","2025-10-13","1","android"
"2732","2020-08-27","1","web"
"2732","2020-09-29","1","android"
"2732","2021-05-04","1","ios"
"2732","2021-05-26","1","ios"
"2732","2021-11-16","1","android"
"2732","2022-06-04","1","ios"
"2732","2022-07-02","1","web"
"2732","2022-07-09","1","web"
"2732","2022-10-28","1","android"
"2732","2022-10-29","1","web"
"2732","2022-11-11","1","ios"
"2732","2023-06-01","1","ios"
"2732","2025-08-15","1","android"
"2733","2023-09-06","1","web"
"2733","2023-09-16","1","web"
"2733","2026-03-16","1","ios"
"2733","2026-04-02","1","android"
"2733","2026-05-06","1","ios"
"2733","2026-05-07","1","ios"
"2733","2026-05-08","1","ios"
"2733","2026-05-12","1","android"
"2733","2026-05-19","1","web"
"2734","2026-06-01","1","ios"
"2734","2026-06-07","1","android"
"2734","2026-06-16","1","ios"
"2734","2026-06-27","1","android"
"2735","2020-04-11","1","ios"
"2736","2024-07-11","1","ios"
"2736","2024-07-17","1","ios"
"2736","2025-12-24","1","ios"
"2737","2025-03-24","1","ios"
"2738","2025-09-06","1","android"
"2738","2025-09-24","1","ios"
"2738","2025-09-25","1","ios"
"2738","2025-10-05","1","android"
"2738","2025-10-08","1","ios"
"2738","2025-10-14","1","ios"
"2738","2026-01-25","1","web"
"2738","2026-02-22","1","ios"
"2738","2026-04-26","1","web"
"2738","2026-05-08","1","android"
"2738","2026-05-14","1","ios"
"2738","2026-05-16","1","android"
"2738","2026-05-28","1","android"
"2738","2026-06-12","1","android"
"2738","2026-06-13","1","android"
"2739","2022-10-06","1","ios"
"2739","2022-10-08","1","android"
"2739","2022-11-09","1","android"
"2739","2022-12-02","1","ios"
"2739","2022-12-10","1","web"
"2739","2022-12-31","1","android"
"2739","2023-01-02","1","android"
"2739","2023-02-03","1","web"
"2739","2024-06-07","1","android"
"2740","2023-12-29","1","android"
"2740","2024-01-05","1","android"
"2740","2024-01-27","1","android"
"2741","2025-05-31","1","android"
"2741","2025-07-20","1","android"
"2742","2020-11-04","1","ios"
"2742","2020-11-12","1","ios"
"2742","2020-11-18","1","ios"
"2742","2022-01-14","1","ios"
"2742","2023-06-09","1","web"
"2742","2024-02-05","1","android"
"2742","2025-06-22","1","android"
"2743","2023-10-03","1","android"
"2744","2021-12-05","1","android"
"2744","2021-12-17","1","ios"
"2744","2022-02-10","1","ios"
"2744","2022-08-22","1","ios"
"2744","2022-08-29","1","android"
"2744","2022-09-08","1","android"
"2745","2021-12-11","1","ios"
"2745","2022-01-16","1","ios"
"2745","2022-02-06","1","ios"
"2745","2022-02-19","1","web"
"2745","2022-02-25","1","android"
"2745","2022-03-01","1","android"
"2745","2022-03-05","2","android"
"2745","2022-04-01","1","ios"
"2746","2024-01-23","1","ios"
"2746","2024-02-02","1","ios"
"2746","2024-02-05","1","ios"
"2746","2024-02-24","1","web"
"2746","2024-02-29","1","web"
"2746","2024-03-03","1","ios"
"2746","2024-03-07","1","ios"
"2746","2024-03-23","1","web"
"2746","2024-03-30","2","android"
"2746","2024-04-03","1","android"
"2746","2024-04-12","1","android"
"2746","2024-04-23","1","web"
"2746","2024-04-24","1","web"
"2746","2024-04-29","1","ios"
"2746","2025-12-09","1","ios"
"2746","2025-12-14","1","ios"
"2746","2025-12-18","1","web"
"2747","2025-08-02","1","android"
"2748","2026-02-12","1","ios"
"2748","2026-02-18","1","android"
"2748","2026-02-27","1","web"
"2749","2022-09-23","1","ios"
"2749","2022-09-30","1","ios"
"2749","2022-10-23","1","ios"
"2749","2022-10-24","1","ios"
"2749","2023-10-08","1","web"
"2750","2026-06-16","1","ios"
"2750","2026-06-17","1","ios"
"2751","2021-07-08","1","ios"
"2751","2021-08-06","1","android"
"2751","2021-08-30","1","web"
"2751","2021-08-31","1","android"
"2751","2024-08-23","1","android"
"2752","2024-05-30","1","android"
"2752","2024-06-14","1","ios"
"2752","2024-07-14","1","ios"
"2752","2024-07-16","1","android"
"2752","2024-07-17","2","android"
"2752","2024-07-18","1","ios"
"2752","2024-11-13","2","android"
"2753","2026-06-20","1","web"
"2754","2021-06-06","1","ios"
"2754","2021-06-14","1","android"
"2754","2022-06-18","1","android"
"2754","2022-06-22","1","web"
"2754","2022-07-06","1","ios"
"2754","2022-07-15","1","ios"
"2754","2022-08-08","1","web"
"2755","2025-03-20","1","android"
"2755","2025-03-23","1","ios"
"2755","2025-03-26","1","ios"
"2755","2025-04-22","1","ios"
"2755","2025-04-29","2","android"
"2755","2025-05-04","1","ios"
"2755","2025-05-08","1","ios"
"2755","2025-08-14","1","web"
"2756","2019-06-02","1","android"
"2756","2019-06-07","1","ios"
"2756","2020-10-08","1","ios"
"2757","2026-06-03","1","android"
"2758","2026-04-08","1","android"
"2759","2024-08-26","1","android"
"2759","2024-09-26","1","ios"
"2759","2024-10-26","1","ios"
"2760","2025-12-17","1","ios"
"2760","2025-12-22","1","android"
"2761","2022-05-28","1","android"
"2761","2022-06-10","1","ios"
"2761","2023-07-04","1","web"
"2761","2024-05-25","1","web"
"2762","2026-06-23","1","ios"
"2763","2025-03-08","1","android"
"2763","2025-12-14","1","ios"
"2763","2025-12-18","1","ios"
"2763","2026-02-04","1","android"
"2764","2022-07-31","1","ios"
"2764","2022-08-05","1","ios"
"2764","2024-08-24","1","android"
"2765","2025-06-24","1","ios"
"2766","2020-04-25","1","web"
"2766","2020-05-02","1","ios"
"2766","2020-06-08","1","ios"
"2766","2020-06-09","1","web"
"2766","2020-06-10","1","web"
"2766","2020-11-01","1","ios"
"2766","2020-11-06","1","ios"
"2766","2020-11-12","1","ios"
"2766","2021-05-29","1","ios"
"2766","2022-01-31","1","ios"
"2767","2021-11-14","1","ios"
"2767","2021-12-09","1","android"
"2767","2021-12-16","1","ios"
"2767","2023-02-28","1","web"
"2767","2023-11-08","1","ios"
"2767","2023-11-18","1","web"
"2767","2023-11-26","1","android"
"2767","2023-12-10","1","ios"
"2768","2026-04-22","1","ios"
"2769","2026-01-08","1","ios"
"2769","2026-06-05","1","ios"
"2769","2026-06-28","1","ios"
"2770","2022-07-12","1","ios"
"2771","2024-08-25","1","android"
"2772","2024-11-24","1","ios"
"2772","2025-04-05","1","ios"
"2772","2025-04-06","1","web"
"2773","2021-12-27","1","ios"
"2773","2023-11-15","1","web"
"2773","2023-11-24","1","ios"
"2774","2024-12-07","1","android"
"2774","2025-06-06","1","android"
"2774","2025-12-24","1","android"
"2775","2026-04-12","1","ios"
"2775","2026-04-23","1","ios"
"2775","2026-05-02","1","android"
"2775","2026-05-09","1","ios"
"2776","2022-08-09","1","ios"
"2777","2022-07-23","1","ios"
"2777","2022-08-24","1","android"
"2778","2022-12-07","1","ios"
"2778","2023-12-01","1","android"
"2778","2023-12-12","1","ios"
"2778","2024-07-14","1","android"
"2779","2019-11-13","1","ios"
"2779","2020-05-19","1","ios"
"2779","2020-06-17","2","android"
"2779","2020-12-25","1","ios"
"2779","2022-02-09","1","android"
"2779","2023-10-16","1","android"
"2779","2024-12-27","1","ios"
"2779","2026-05-07","1","android"
"2780","2022-09-17","1","android"
"2780","2023-11-28","2","android"
"2780","2023-12-08","2","android"
"2780","2024-01-29","1","ios"
"2781","2021-12-01","1","ios"
"2782","2020-09-09","1","ios"
"2783","2023-02-04","1","ios"
"2783","2023-02-11","2","ios"
"2784","2026-01-11","1","ios"
"2784","2026-01-28","1","web"
"2784","2026-02-06","2","web"
"2784","2026-02-10","1","web"
"2785","2023-12-12","1","ios"
"2785","2025-05-01","1","ios"
"2786","2023-12-17","1","ios"
"2786","2023-12-18","1","ios"
"2786","2025-10-10","1","android"
"2786","2025-10-30","1","android"
"2787","2023-07-17","1","android"
"2787","2023-07-23","1","android"
"2787","2023-08-18","1","ios"
"2787","2023-09-14","1","android"
"2787","2023-09-21","1","android"
"2787","2025-01-10","1","ios"
"2788","2024-12-26","1","android"
"2789","2024-10-23","1","ios"
"2789","2025-07-13","1","ios"
"2790","2025-11-27","1","ios"
"2791","2023-10-05","1","android"
"2791","2023-11-05","1","ios"
"2791","2023-11-12","1","web"
"2791","2023-11-15","1","ios"
"2791","2023-11-16","2","android"
"2791","2023-11-19","1","android"
"2791","2023-11-20","1","android"
"2791","2023-11-22","2","ios"
"2792","2021-08-30","1","web"
"2792","2021-09-07","1","ios"
"2792","2021-09-09","1","android"
"2793","2020-05-24","1","ios"
"2793","2020-06-01","1","ios"
"2793","2021-03-18","1","android"
"2793","2022-08-19","1","ios"
"2793","2024-01-05","1","ios"
"2793","2025-04-30","1","android"
"2794","2025-12-02","1","web"
"2795","2025-04-12","1","web"
"2796","2022-04-07","1","android"
"2796","2022-04-09","1","android"
"2796","2022-05-03","1","android"
"2796","2022-05-16","1","web"
"2796","2022-05-18","1","android"
"2796","2022-05-30","1","ios"
"2796","2022-06-02","1","web"
"2796","2022-06-28","1","ios"
"2796","2024-09-05","1","android"
"2797","2023-08-20","1","android"
"2797","2023-08-29","1","ios"
"2797","2023-08-31","1","ios"
"2797","2023-09-10","1","android"
"2797","2023-12-27","1","android"
"2797","2023-12-28","1","ios"
"2797","2024-01-02","1","ios"
"2798","2024-11-26","1","ios"
"2799","2025-08-28","1","android"
"2799","2025-09-08","1","android"
"2799","2025-09-12","1","web"
"2800","2024-03-30","1","ios"
"2801","2024-04-24","1","android"
"2801","2024-04-25","1","ios"
"2801","2024-04-28","1","ios"
"2802","2019-09-10","1","ios"
"2802","2019-09-16","1","ios"
"2802","2019-11-03","1","ios"
"2802","2019-11-08","1","android"
"2803","2024-09-08","1","web"
"2803","2024-09-09","1","android"
"2803","2024-09-27","1","android"
"2803","2024-10-11","1","ios"
"2803","2024-10-24","1","android"
"2803","2024-10-25","1","web"
"2803","2025-06-13","1","ios"
"2804","2019-08-25","1","web"
"2804","2020-04-23","1","ios"
"2805","2024-06-12","1","ios"
"2805","2024-07-03","1","ios"
"2805","2025-11-29","1","ios"
"2805","2025-12-13","1","android"
"2806","2023-07-06","1","android"
"2806","2023-07-20","1","web"
"2806","2024-02-18","1","ios"
"2806","2024-02-27","1","ios"
"2806","2024-02-28","1","android"
"2806","2024-02-29","2","ios"
"2806","2024-03-06","1","android"
"2806","2024-03-17","2","ios"
"2806","2024-04-04","1","web"
"2806","2024-04-05","1","web"
"2807","2024-08-30","1","web"
"2808","2025-09-11","1","ios"
"2809","2025-12-09","1","ios"
"2810","2025-09-16","1","ios"
"2810","2025-10-19","1","ios"
"2811","2026-01-20","1","ios"
"2812","2024-03-04","1","ios"
"2812","2024-03-05","1","android"
"2812","2024-03-06","1","ios"
"2813","2023-03-25","1","android"
"2813","2023-03-27","1","ios"
"2814","2024-12-25","1","android"
"2814","2024-12-28","1","ios"
"2814","2025-01-02","1","web"
"2814","2026-04-22","1","ios"
"2815","2023-03-01","1","ios"
"2815","2026-06-10","1","web"
"2815","2026-06-27","1","android"
"2816","2024-12-29","1","web"
"2817","2025-05-26","1","android"
"2817","2025-05-31","1","web"
"2817","2025-12-31","1","ios"
"2817","2026-01-03","1","ios"
"2817","2026-01-05","1","ios"
"2817","2026-02-07","1","ios"
"2818","2025-04-28","1","android"
"2819","2023-03-01","1","android"
"2819","2023-12-07","1","android"
"2820","2023-08-23","1","web"
"2820","2023-08-25","1","ios"
"2820","2023-10-14","1","android"
"2821","2021-11-30","1","web"
"2822","2024-01-02","1","ios"
"2823","2024-02-09","1","web"
"2824","2023-01-15","1","android"
"2824","2023-01-19","1","ios"
"2824","2023-08-01","1","android"
"2824","2023-08-02","1","android"
"2824","2023-08-13","1","android"
"2824","2024-03-15","1","ios"
"2825","2025-06-09","1","web"
"2825","2025-06-18","1","ios"
"2825","2025-07-20","1","web"
"2825","2025-08-07","1","ios"
"2825","2025-09-16","1","web"
"2825","2026-06-01","1","ios"
"2826","2025-06-12","1","android"
"2826","2025-07-08","1","ios"
"2826","2025-07-30","1","ios"
"2826","2025-08-21","1","web"
"2826","2025-09-07","1","ios"
"2826","2025-10-13","1","ios"
"2826","2025-10-17","2","android"
"2826","2026-03-07","2","android"
"2826","2026-05-01","2","ios"
"2827","2025-08-02","1","ios"
"2828","2025-08-25","1","web"
"2828","2025-08-26","1","ios"
"2828","2025-09-03","1","android"
"2829","2021-11-30","1","ios"
"2829","2021-12-14","1","web"
"2829","2023-04-25","1","ios"
"2829","2023-05-15","2","web"
"2829","2023-05-25","1","web"
"2829","2023-05-30","1","ios"
"2829","2024-05-06","1","android"
"2830","2021-03-25","1","android"
"2830","2021-04-11","1","android"
"2830","2022-02-12","1","web"
"2830","2022-02-16","2","ios"
"2830","2022-02-18","1","android"
"2830","2022-02-20","2","ios"
"2830","2022-03-30","1","ios"
"2830","2022-04-30","1","ios"
"2830","2022-05-05","1","android"
"2830","2022-12-03","1","android"
"2830","2023-07-27","1","ios"
"2830","2024-02-04","1","web"
"2831","2020-05-24","1","ios"
"2831","2020-06-01","1","ios"
"2831","2020-12-05","2","ios"
"2831","2021-10-02","1","android"
"2831","2021-12-16","1","android"
"2832","2024-11-25","1","android"
"2832","2024-11-26","1","android"
"2833","2026-03-27","1","android"
"2833","2026-04-03","1","android"
"2833","2026-04-24","1","ios"
"2834","2023-05-19","1","android"
"2835","2023-05-28","1","android"
"2835","2023-05-29","1","android"
"2836","2020-04-27","1","ios"
"2836","2020-05-13","1","ios"
"2836","2020-06-30","1","ios"
"2836","2021-03-30","1","ios"
"2836","2022-02-12","1","ios"
"2836","2022-07-10","1","ios"
"2836","2023-05-03","1","ios"
"2836","2023-12-25","1","android"
"2837","2024-12-13","1","ios"
"2838","2023-12-05","1","android"
"2838","2024-09-19","1","ios"
"2838","2025-02-21","1","ios"
"2839","2020-01-05","1","android"
"2839","2020-01-11","1","android"
"2839","2020-01-25","1","ios"
"2839","2020-02-29","1","android"
"2839","2020-03-15","1","ios"
"2839","2020-03-16","1","web"
"2840","2025-05-04","1","ios"
"2840","2025-06-20","1","android"
"2840","2025-07-01","2","web"
"2840","2025-07-03","1","ios"
"2840","2026-03-26","1","android"
"2841","2024-09-07","1","android"
"2842","2026-02-22","1","web"
"2843","2021-01-27","1","ios"
"2843","2021-02-08","1","ios"
"2843","2021-02-09","1","android"
"2843","2021-02-16","1","web"
"2843","2021-02-18","2","ios"
"2843","2021-02-24","1","ios"
"2843","2021-02-25","2","android"
"2843","2021-03-05","1","ios"
"2843","2021-09-16","1","ios"
"2843","2022-08-02","1","ios"
"2844","2022-08-06","1","android"
"2844","2023-07-23","1","android"
"2845","2021-08-08","1","android"
"2846","2022-07-20","1","web"
"2846","2024-05-05","1","web"
"2846","2025-06-19","1","ios"
"2846","2025-07-13","1","ios"
"2846","2025-07-26","1","ios"
"2847","2022-01-27","1","android"
"2847","2025-12-24","1","ios"
"2847","2025-12-29","1","ios"
"2848","2025-05-23","1","ios"
"2848","2025-06-18","1","ios"
"2848","2025-06-28","1","ios"
"2849","2022-08-06","1","ios"
"2849","2022-08-16","1","web"
"2849","2023-05-15","1","android"
"2849","2023-12-09","2","ios"
"2849","2023-12-10","1","web"
"2849","2024-10-16","1","android"
"2850","2026-06-25","1","web"
"2851","2024-07-25","1","ios"
"2852","2022-12-20","1","ios"
"2852","2022-12-28","1","android"
"2852","2022-12-29","1","ios"
"2853","2022-10-26","1","android"
"2854","2025-01-23","1","android"
"2854","2025-01-24","1","ios"
"2854","2025-01-26","1","web"
"2854","2025-02-23","1","web"
"2855","2025-01-04","1","ios"
"2855","2025-01-10","1","web"
"2855","2025-01-15","1","android"
"2855","2025-02-22","1","ios"
"2855","2025-12-28","1","web"
"2856","2023-06-29","1","android"
"2856","2023-08-13","1","android"
"2856","2023-08-14","1","ios"
"2856","2023-08-23","1","ios"
"2857","2025-08-11","1","ios"
"2858","2024-08-29","1","ios"
"2858","2025-03-04","1","android"
"2858","2025-03-23","1","android"
"2859","2024-12-03","1","android"
"2859","2024-12-09","1","ios"
"2859","2025-01-20","1","android"
"2859","2025-03-08","1","android"
"2859","2025-03-15","1","android"
"2859","2025-04-11","1","ios"
"2859","2026-04-29","1","ios"
"2859","2026-05-25","1","android"
"2859","2026-06-19","1","android"
"2859","2026-06-30","1","ios"
"2860","2023-09-06","1","ios"
"2860","2023-11-04","1","web"
"2860","2023-11-09","1","android"
"2860","2023-11-12","1","android"
"2860","2026-04-14","1","ios"
"2861","2022-03-10","1","web"
"2861","2022-03-13","1","android"
"2862","2020-06-20","1","web"
"2862","2021-01-23","2","ios"
"2862","2021-02-20","1","android"
"2863","2021-02-25","1","ios"
"2863","2024-05-01","1","ios"
"2863","2024-05-07","1","web"
"2863","2024-05-08","1","ios"
"2864","2025-05-19","1","web"
"2864","2025-06-22","1","ios"
"2864","2025-06-24","1","ios"
"2864","2026-04-09","1","ios"
"2865","2021-01-28","1","ios"
"2866","2025-06-14","1","ios"
"2867","2022-08-19","1","android"
"2867","2023-03-06","1","ios"
"2867","2023-04-15","1","ios"
"2868","2024-04-13","1","ios"
"2868","2024-04-17","1","ios"
"2869","2024-09-17","1","web"
"2869","2024-09-18","1","web"
"2870","2023-09-08","1","ios"
"2870","2023-09-19","1","ios"
"2870","2023-09-24","1","ios"
"2870","2023-09-26","1","ios"
"2870","2023-10-04","1","ios"
"2870","2023-10-10","1","ios"
"2870","2023-10-31","1","android"
"2870","2023-11-07","1","web"
"2870","2023-11-11","1","ios"
"2870","2023-11-12","1","ios"
"2870","2023-11-28","1","ios"
"2871","2024-08-29","1","ios"
"2871","2024-09-07","1","android"
"2871","2025-03-27","1","android"
"2871","2025-04-06","1","ios"
"2871","2025-05-18","1","ios"
"2871","2025-08-17","1","web"
"2871","2025-08-26","2","web"
"2871","2025-09-26","1","ios"
"2872","2026-03-11","1","android"
"2873","2024-07-02","1","ios"
"2873","2024-07-03","1","android"
"2873","2025-01-25","1","android"
"2873","2025-02-08","1","ios"
"2873","2025-02-12","1","ios"
"2873","2025-04-07","1","ios"
"2874","2023-03-04","1","web"
"2874","2025-01-11","1","ios"
"2874","2025-01-31","1","ios"
"2874","2025-02-28","1","ios"
"2874","2025-03-07","1","ios"
"2874","2025-03-17","1","ios"
"2874","2025-09-28","1","android"
"2874","2025-10-17","1","android"
"2874","2025-10-27","1","ios"
"2874","2025-10-29","1","web"
"2874","2025-11-07","1","ios"
"2874","2025-11-16","1","ios"
"2874","2025-11-17","1","web"
"2874","2025-11-30","1","android"
"2874","2025-12-03","1","ios"
"2874","2025-12-08","1","ios"
"2874","2025-12-11","1","ios"
"2874","2025-12-21","1","ios"
"2874","2025-12-23","1","android"
"2875","2023-07-11","1","android"
"2875","2024-05-25","1","web"
"2875","2024-06-07","1","ios"
"2875","2024-06-11","1","web"
"2875","2024-06-16","1","ios"
"2875","2025-08-01","1","ios"
"2875","2025-08-25","1","android"
"2875","2025-08-29","2","android"
"2875","2025-09-19","1","ios"
"2875","2025-10-19","1","web"
"2875","2026-02-18","1","ios"
"2875","2026-04-05","1","ios"
"2875","2026-04-08","1","ios"
"2875","2026-04-19","1","ios"
"2876","2020-07-16","1","android"
"2876","2020-08-08","1","ios"
"2876","2022-12-14","1","android"
"2876","2023-07-30","1","web"
"2876","2024-05-25","1","web"
"2877","2021-05-09","1","web"
"2877","2021-06-05","1","ios"
"2877","2021-06-15","1","ios"
"2877","2021-06-25","1","ios"
"2877","2021-06-28","1","android"
"2877","2021-07-30","1","android"
"2877","2022-04-26","1","ios"
"2877","2023-11-03","1","web"
"2877","2023-11-12","1","ios"
"2877","2026-01-29","1","android"
"2878","2026-01-01","1","ios"
"2879","2026-06-25","1","ios"
"2880","2023-06-06","1","web"
"2880","2024-03-05","1","ios"
"2880","2024-04-03","1","web"
"2880","2024-04-13","1","ios"
"2880","2024-04-19","1","ios"
"2880","2024-05-25","1","web"
"2880","2024-06-08","1","ios"
"2881","2024-04-30","1","web"
"2881","2024-05-01","1","web"
"2881","2024-05-16","1","ios"
"2881","2025-02-24","1","ios"
"2881","2025-10-07","1","ios"
"2882","2021-12-01","1","ios"
"2883","2021-12-30","1","ios"
"2883","2022-12-08","1","ios"
"2883","2024-01-20","1","web"
"2884","2023-01-26","1","ios"
"2884","2023-03-03","1","web"
"2884","2023-03-07","2","android"
"2884","2023-03-16","1","android"
"2885","2026-04-04","1","ios"
"2885","2026-04-08","1","web"
"2885","2026-04-12","1","android"
"2886","2025-08-31","1","ios"
"2886","2025-09-14","1","ios"
"2886","2025-09-18","1","web"
"2886","2025-09-19","1","web"
"2887","2025-06-10","1","android"
"2887","2025-06-25","1","android"
"2887","2025-06-26","1","web"
"2887","2025-07-07","2","android"
"2887","2025-07-08","1","web"
"2887","2025-08-21","1","ios"
"2887","2025-12-17","1","android"
"2887","2025-12-20","2","ios"
"2887","2026-01-07","1","ios"
"2888","2024-03-19","1","ios"
"2888","2024-03-29","1","ios"
"2888","2025-01-26","1","web"
"2888","2025-02-07","1","web"
"2888","2026-02-01","1","ios"
"2888","2026-02-17","1","ios"
"2888","2026-02-27","1","ios"
"2889","2025-03-06","1","android"
"2889","2025-07-19","1","web"
"2889","2025-07-21","1","ios"
"2890","2024-05-29","1","ios"
"2890","2024-05-31","1","ios"
"2890","2024-08-28","1","android"
"2891","2024-10-17","1","android"
"2892","2021-03-19","1","ios"
"2892","2022-01-16","1","web"
"2893","2023-06-19","1","ios"
"2893","2023-06-28","1","ios"
"2893","2023-07-21","1","ios"
"2894","2021-07-09","1","android"
"2894","2021-07-11","1","web"
"2894","2021-08-25","1","android"
"2895","2024-07-23","1","android"
"2895","2025-03-27","1","android"
"2895","2025-09-18","1","ios"
"2895","2025-09-26","1","web"
"2895","2025-09-30","2","web"
"2896","2023-11-30","1","android"
"2896","2023-12-10","1","ios"
"2896","2023-12-24","1","android"
"2897","2020-07-31","1","ios"
"2897","2020-08-15","1","ios"
"2897","2020-08-17","1","ios"
"2897","2020-09-08","1","ios"
"2897","2020-10-07","1","ios"
"2897","2022-06-01","1","android"
"2898","2025-10-05","1","ios"
"2898","2025-11-04","1","ios"
"2899","2022-01-27","1","ios"
"2899","2022-03-04","1","ios"
"2900","2019-10-17","1","android"
"2900","2019-11-02","1","ios"
"2900","2019-11-06","1","web"
"2900","2024-02-17","1","web"
"2900","2025-06-19","1","ios"
"2901","2025-11-05","1","android"
"2901","2025-11-13","1","android"
"2902","2023-09-08","1","android"
"2902","2023-09-15","1","ios"
"2902","2023-09-23","1","ios"
"2902","2023-10-01","1","android"
"2903","2024-02-28","1","ios"
"2904","2026-04-29","1","ios"
"2904","2026-04-30","1","ios"
"2905","2022-05-18","1","android"
"2905","2023-02-01","1","web"
"2905","2023-08-04","1","android"
"2905","2023-08-10","2","ios"
"2906","2022-10-28","1","ios"
"2907","2023-11-30","1","web"
"2907","2023-12-14","1","ios"
"2907","2023-12-22","1","ios"
"2907","2024-01-18","1","ios"
"2907","2024-01-19","1","android"
"2907","2024-02-06","1","ios"
"2907","2024-02-10","1","web"
"2907","2026-01-04","1","ios"
"2908","2021-06-24","1","ios"
"2909","2019-09-27","1","ios"
"2909","2019-10-19","1","android"
"2909","2019-10-20","1","android"
"2909","2020-10-19","1","ios"
"2910","2024-02-03","1","ios"
"2911","2024-11-08","1","web"
"2911","2024-12-10","1","ios"
"2911","2024-12-13","1","ios"
"2911","2024-12-26","1","ios"
"2911","2024-12-29","1","web"
"2911","2025-01-10","1","web"
"2912","2020-07-10","1","ios"
"2912","2020-07-14","1","ios"
"2912","2020-07-16","1","android"
"2912","2020-07-24","1","ios"
"2912","2020-07-31","1","ios"
"2912","2020-08-01","1","android"
"2912","2020-08-02","1","ios"
"2912","2020-09-12","1","ios"
"2912","2020-09-27","1","android"
"2912","2020-10-02","1","ios"
"2912","2020-11-15","1","web"
"2912","2021-05-11","1","android"
"2912","2021-06-19","1","android"
"2913","2025-04-29","1","ios"
"2913","2025-04-30","1","android"
"2913","2025-05-01","1","ios"
"2914","2022-01-30","1","ios"
"2914","2022-02-26","1","android"
"2914","2023-02-11","1","android"
"2914","2023-02-20","1","ios"
"2914","2024-09-20","1","web"
"2914","2025-04-27","1","ios"
"2914","2025-04-29","1","android"
"2914","2025-05-02","1","web"
"2914","2025-05-30","1","ios"
"2914","2025-06-19","1","android"
"2914","2025-07-18","1","android"
"2914","2025-08-04","1","web"
"2915","2019-05-29","1","ios"
"2916","2024-05-26","1","web"
"2916","2024-12-26","1","ios"
"2917","2025-10-29","1","ios"
"2918","2025-01-06","1","ios"
"2918","2025-01-10","1","ios"
"2919","2023-03-15","1","ios"
"2919","2023-04-07","1","ios"
"2920","2025-01-23","1","android"
"2920","2026-06-21","1","ios"
"2921","2021-12-22","1","ios"
"2921","2022-01-09","1","ios"
"2921","2022-02-05","1","ios"
"2921","2024-11-12","2","android"
"2922","2023-02-05","1","android"
"2922","2023-02-07","1","android"
"2922","2023-10-12","1","ios"
"2922","2023-10-19","1","ios"
"2922","2024-11-12","1","ios"
"2922","2024-11-21","1","ios"
"2922","2024-11-25","1","ios"
"2922","2024-11-29","1","ios"
"2922","2025-05-24","1","ios"
"2922","2025-06-10","1","ios"
"2923","2022-02-06","1","ios"
"2923","2022-08-22","1","ios"
"2923","2022-09-15","1","android"
"2923","2022-09-28","1","android"
"2923","2022-09-30","1","android"
"2923","2022-10-01","1","ios"
"2923","2022-10-08","1","ios"
"2923","2022-10-25","1","ios"
"2923","2022-11-05","1","ios"
"2923","2023-08-06","1","android"
"2923","2023-09-04","1","web"
"2923","2023-09-05","1","ios"
"2923","2023-09-23","1","android"
"2924","2023-11-13","1","ios"
"2924","2023-11-18","1","ios"
"2924","2023-11-27","1","ios"
"2924","2023-11-28","1","android"
"2925","2026-06-08","1","ios"
"2926","2023-05-19","1","ios"
"2927","2020-08-16","1","android"
"2927","2020-09-18","1","web"
"2927","2021-06-10","1","android"
"2927","2021-06-23","1","web"
"2927","2021-07-02","1","android"
"2927","2022-08-03","1","android"
"2927","2022-08-13","1","android"
"2927","2022-09-03","1","android"
"2927","2022-09-27","1","ios"
"2927","2023-05-04","1","ios"
"2927","2023-05-31","1","ios"
"2928","2019-02-19","1","web"
"2928","2019-02-20","1","ios"
"2928","2019-08-28","1","ios"
"2928","2019-09-28","1","ios"
"2928","2019-10-11","1","ios"
"2928","2019-11-18","2","ios"
"2928","2019-11-19","1","ios"
"2928","2020-03-13","1","ios"
"2928","2020-11-21","1","ios"
"2928","2020-12-12","1","ios"
"2928","2021-05-13","1","ios"
"2929","2020-11-28","1","ios"
"2929","2021-03-06","1","ios"
"2929","2022-04-11","1","android"
"2929","2023-03-16","1","android"
"2929","2024-04-08","1","ios"
"2929","2025-02-06","1","android"
"2930","2025-02-12","1","ios"
"2930","2025-02-16","1","ios"
"2930","2025-07-16","1","ios"
"2930","2025-08-20","1","android"
"2930","2025-09-28","1","android"
"2930","2025-10-04","1","ios"
"2930","2026-03-27","1","ios"
"2930","2026-03-29","1","ios"
"2930","2026-03-30","1","ios"
"2931","2026-03-23","1","android"
"2931","2026-04-15","1","ios"
"2932","2025-07-04","1","android"
"2932","2025-07-11","1","ios"
"2932","2025-12-12","1","android"
"2933","2021-04-20","1","ios"
"2933","2022-02-03","1","ios"
"2933","2022-02-14","1","android"
"2933","2022-03-03","1","web"
"2933","2022-05-13","1","android"
"2933","2022-07-15","1","ios"
"2933","2022-09-02","1","android"
"2933","2025-02-09","1","ios"
"2933","2025-03-06","1","ios"
"2934","2023-02-27","1","web"
"2934","2023-03-07","1","ios"
"2934","2023-03-11","1","web"
"2934","2023-03-31","1","ios"
"2934","2025-07-28","1","android"
"2935","2024-03-31","1","ios"
"2935","2024-04-03","1","ios"
"2935","2024-04-09","1","web"
"2936","2026-01-22","1","ios"
"2936","2026-05-11","1","ios"
"2937","2022-10-02","1","web"
"2937","2022-10-09","1","ios"
"2937","2022-10-10","1","web"
"2937","2022-10-13","1","web"
"2937","2022-10-27","2","web"
"2937","2022-11-04","1","android"
"2937","2024-01-03","1","ios"
"2937","2024-02-02","1","ios"
"2937","2024-02-07","1","web"
"2937","2024-09-15","1","ios"
"2937","2024-09-17","1","ios"
"2937","2024-10-10","1","web"
"2938","2022-05-06","1","web"
"2938","2022-06-02","1","ios"
"2938","2022-06-03","1","android"
"2938","2022-06-13","2","android"
"2938","2022-06-17","1","android"
"2939","2019-10-04","1","android"
"2939","2019-10-15","1","ios"
"2939","2019-10-27","1","web"
"2939","2019-10-31","1","web"
"2939","2019-11-07","1","ios"
"2939","2019-12-12","1","ios"
"2939","2019-12-14","1","android"
"2939","2022-05-06","1","web"
"2939","2022-06-04","1","ios"
"2939","2023-07-26","1","android"
"2939","2024-02-17","1","ios"
"2939","2024-02-18","1","android"
"2939","2024-02-19","1","ios"
"2940","2025-12-10","1","web"
"2941","2026-03-25","1","ios"
"2942","2024-07-04","1","ios"
"2942","2024-07-07","1","web"
"2942","2024-08-11","1","ios"
"2942","2024-08-13","1","android"
"2942","2025-05-19","1","android"
"2942","2025-06-12","1","ios"
"2942","2025-06-16","1","web"
"2942","2025-06-28","1","ios"
"2942","2025-07-01","1","ios"
"2942","2026-06-17","1","android"
"2943","2019-06-16","1","ios"
"2943","2019-06-18","1","ios"
"2943","2019-06-24","1","android"
"2943","2019-07-06","1","web"
"2943","2019-07-09","2","ios"
"2944","2024-09-28","1","ios"
"2944","2024-11-05","1","android"
"2945","2023-01-15","1","android"
"2946","2026-01-02","1","ios"
"2946","2026-01-17","1","ios"
"2946","2026-02-02","1","ios"
"2946","2026-04-24","1","android"
"2947","2024-11-14","1","ios"
"2947","2024-11-19","1","web"
"2947","2024-12-28","1","web"
"2947","2025-01-05","1","ios"
"2947","2025-02-22","1","ios"
"2947","2025-03-03","1","ios"
"2948","2024-10-30","1","android"
"2948","2024-11-17","1","android"
"2948","2026-04-23","1","ios"
"2948","2026-05-02","2","ios"
"2949","2024-01-09","1","ios"
"2949","2025-09-05","1","ios"
"2949","2025-10-25","1","ios"
"2949","2026-01-17","1","ios"
"2949","2026-04-02","1","web"
"2950","2025-12-02","1","ios"
"2950","2025-12-30","1","ios"
"2950","2026-01-10","2","ios"
"2950","2026-02-08","1","ios"
"2950","2026-02-18","1","web"
"2950","2026-03-03","1","ios"
"2950","2026-03-09","1","ios"
"2951","2022-02-17","1","ios"
"2951","2024-08-19","1","android"
"2952","2024-08-07","1","ios"
"2952","2024-08-20","1","ios"
"2952","2025-01-02","1","ios"
"2952","2026-03-09","1","android"
"2952","2026-03-13","1","web"
"2953","2026-01-23","1","web"
"2954","2022-05-14","1","ios"
"2955","2026-04-18","1","ios"
"2955","2026-05-08","1","android"
"2956","2025-04-06","1","ios"
"2957","2023-08-10","1","ios"
"2957","2023-09-12","1","ios"
"2957","2023-09-15","1","ios"
"2958","2024-07-26","1","ios"
"2958","2024-07-27","1","ios"
"2958","2025-02-27","1","ios"
"2958","2025-03-14","1","web"
"2958","2025-09-26","1","ios"
"2958","2025-09-27","1","ios"
"2958","2025-11-28","1","android"
"2958","2025-12-03","1","web"
"2959","2023-03-05","1","ios"
"2960","2022-12-26","1","ios"
"2960","2022-12-30","1","ios"
"2961","2024-05-06","1","android"
"2962","2024-12-18","1","web"
"2962","2025-05-21","1","web"
"2962","2025-05-25","1","android"
"2962","2025-06-25","1","android"
"2963","2024-02-06","1","android"
"2963","2025-02-21","1","ios"
"2963","2025-03-18","1","android"
"2963","2025-03-19","1","android"
"2964","2023-01-25","1","android"
"2964","2023-02-04","1","android"
"2964","2023-02-10","1","web"
"2964","2023-02-25","1","web"
"2964","2026-03-09","1","android"
"2965","2023-05-20","1","web"
"2965","2023-05-26","1","web"
"2965","2023-05-29","1","ios"
"2965","2023-06-03","2","ios"
"2965","2023-06-04","1","ios"
"2965","2023-06-22","1","ios"
"2965","2023-06-30","1","web"
"2965","2023-07-05","2","android"
"2965","2023-07-23","1","ios"
"2965","2023-07-29","1","ios"
"2965","2023-08-12","1","ios"
"2965","2023-08-26","2","android"
"2966","2026-04-13","1","android"
"2966","2026-04-14","1","ios"
"2966","2026-04-16","1","android"
"2966","2026-04-30","1","web"
"2966","2026-05-22","1","ios"
"2966","2026-06-28","1","android"
"2967","2023-11-26","1","ios"
"2967","2023-11-27","1","web"
"2967","2023-12-01","1","ios"
"2967","2023-12-05","1","ios"
"2967","2023-12-27","1","ios"
"2967","2025-11-03","1","ios"
"2967","2025-11-22","1","web"
"2967","2025-11-23","1","ios"
"2968","2023-09-29","1","ios"
"2968","2023-10-31","1","web"
"2969","2022-10-31","1","ios"
"2970","2020-08-27","1","web"
"2971","2023-01-14","1","ios"
"2971","2023-01-26","1","android"
"2972","2025-06-01","1","ios"
"2973","2021-10-03","1","ios"
"2973","2021-10-30","1","ios"
"2973","2021-11-11","1","android"
"2973","2021-12-11","1","ios"
"2973","2023-02-27","1","ios"
"2973","2024-04-21","1","android"
"2973","2024-04-29","1","ios"
"2974","2023-09-15","1","android"
"2974","2023-10-26","1","ios"
"2975","2024-12-16","1","ios"
"2975","2025-07-23","1","ios"
"2976","2025-04-09","1","ios"
"2976","2025-04-22","1","android"
"2977","2024-11-05","1","ios"
"2977","2024-12-03","1","ios"
"2977","2025-01-09","1","web"
"2977","2025-01-19","1","ios"
"2977","2025-02-01","1","ios"
"2977","2025-02-07","2","android"
"2978","2023-08-30","1","ios"
"2978","2023-09-27","1","android"
"2978","2023-10-13","1","android"
"2979","2023-12-12","1","ios"
"2980","2020-03-25","1","ios"
"2980","2020-04-14","1","android"
"2980","2020-04-15","1","ios"
"2980","2020-05-03","1","ios"
"2981","2022-05-17","1","ios"
"2981","2022-05-29","1","ios"
"2981","2022-06-05","1","android"
"2981","2022-06-24","1","ios"
"2982","2024-02-23","1","ios"
"2982","2024-03-04","1","web"
"2982","2024-03-21","1","android"
"2982","2024-03-22","1","web"
"2982","2024-04-02","2","android"
"2982","2024-05-07","1","android"
"2982","2024-05-10","1","ios"
"2982","2025-06-07","1","web"
"2982","2026-02-24","1","ios"
"2983","2025-12-22","1","android"
"2984","2025-08-14","1","android"
"2984","2025-08-25","1","android"
"2984","2026-02-13","1","ios"
"2984","2026-03-20","1","android"
"2984","2026-03-24","1","ios"
"2985","2023-09-05","1","android"
"2985","2026-02-14","1","ios"
"2986","2024-04-11","1","ios"
"2987","2024-04-21","1","ios"
"2987","2024-05-04","1","ios"
"2987","2024-05-27","1","android"
"2987","2024-05-31","1","web"
"2988","2022-02-01","1","web"
"2988","2022-02-14","1","ios"
"2988","2022-03-16","1","ios"
"2988","2025-03-02","1","android"
"2988","2025-04-07","1","android"
"2988","2025-06-20","1","android"
"2988","2025-07-19","1","ios"
"2988","2026-04-04","1","ios"
"2988","2026-04-17","1","ios"
"2988","2026-06-08","1","ios"
"2988","2026-06-16","1","ios"
"2988","2026-06-29","1","ios"
"2989","2025-07-13","1","ios"
"2989","2025-07-14","1","android"
"2989","2025-11-27","1","web"
"2989","2025-12-03","1","ios"
"2990","2022-03-15","1","web"
"2990","2022-03-23","1","ios"
"2990","2022-05-06","1","ios"
"2990","2022-06-11","2","ios"
"2990","2022-06-12","1","android"
"2990","2022-07-13","1","ios"
"2990","2022-10-08","1","ios"
"2990","2022-10-09","1","ios"
"2991","2020-06-16","1","ios"
"2992","2021-11-02","1","ios"
"2992","2022-07-23","1","ios"
"2992","2023-06-24","1","ios"
"2992","2024-01-09","1","ios"
"2993","2026-03-30","1","ios"
"2994","2024-09-16","1","ios"
"2995","2023-03-29","1","ios"
"2995","2023-03-30","1","ios"
"2995","2023-04-03","1","web"
"2995","2023-12-24","1","ios"
"2995","2023-12-27","1","ios"
"2995","2024-01-08","1","android"
"2995","2024-02-18","1","web"
"2995","2024-03-14","1","web"
"2995","2024-04-03","1","ios"
"2995","2024-12-24","1","ios"
"2996","2022-04-12","1","android"
"2997","2026-04-01","1","ios"
"2997","2026-04-07","1","ios"
"2997","2026-05-02","1","web"
"2997","2026-06-15","1","ios"
"2997","2026-06-18","1","android"
"2998","2023-02-17","1","ios"
"2998","2023-02-22","1","ios"
"2998","2023-03-04","1","ios"
"2998","2023-03-25","1","ios"
"2998","2023-03-28","1","android"
"2998","2023-04-04","1","android"
"2998","2024-01-27","1","android"
"2999","2023-06-21","1","web"
"2999","2026-03-26","1","web"
"3000","2024-03-19","1","web"
"3000","2024-04-26","1","ios"
"3000","2025-07-31","1","ios"
"3000","2025-08-05","1","ios"
"3001","2023-07-13","1","web"
"3001","2023-07-20","2","ios"
"3001","2023-07-21","1","android"
"3001","2023-07-28","1","ios"
"3001","2023-08-09","1","android"
"3001","2023-09-12","1","ios"
"3001","2023-10-07","1","ios"
"3001","2023-10-26","1","ios"
"3001","2023-12-01","1","web"
"3001","2023-12-07","1","ios"
"3002","2021-06-06","1","ios"
"3002","2021-06-20","1","android"
"3002","2021-07-09","1","ios"
"3002","2021-07-17","1","ios"
"3002","2021-07-24","1","ios"
"3002","2021-07-27","2","ios"
"3002","2021-08-02","1","android"
"3002","2021-08-12","1","ios"
"3002","2021-10-11","1","android"
"3002","2021-10-23","1","ios"
"3002","2021-11-04","1","android"
"3003","2023-11-09","1","ios"
"3003","2023-11-11","1","android"
"3004","2025-06-08","1","android"
"3004","2025-06-23","1","ios"
"3004","2025-09-20","1","ios"
"3005","2022-10-02","1","ios"
"3005","2023-07-17","1","ios"
"3005","2024-12-17","1","web"
"3006","2025-10-22","1","ios"
"3006","2026-03-29","1","android"
"3007","2021-08-09","1","web"
"3007","2022-08-02","1","android"
"3007","2022-10-01","1","ios"
"3007","2023-10-26","1","ios"
"3007","2024-12-23","1","ios"
"3007","2026-05-14","1","ios"
"3008","2021-05-01","1","ios"
"3008","2023-11-11","1","android"
"3009","2020-02-14","1","ios"
"3010","2022-07-14","1","ios"
"3010","2024-08-23","1","ios"
"3011","2026-02-07","1","ios"
"3011","2026-03-10","1","ios"
"3012","2024-11-11","1","ios"
"3013","2020-02-26","1","android"
"3014","2020-07-28","1","web"
"3015","2021-05-11","1","ios"
"3016","2021-10-01","1","ios"
"3016","2021-10-02","1","android"
"3016","2022-05-29","1","ios"
"3016","2022-06-03","1","ios"
"3016","2022-06-07","1","ios"
"3016","2022-06-13","1","ios"
"3016","2022-06-23","1","web"
"3016","2022-06-24","2","web"
"3016","2022-07-15","1","ios"
"3016","2022-07-25","1","ios"
"3016","2022-10-23","1","web"
"3016","2022-10-24","1","ios"
"3016","2022-11-12","1","ios"
"3016","2022-11-14","1","android"
"3016","2023-07-02","1","android"
"3017","2025-10-07","1","ios"
"3017","2025-10-30","1","ios"
"3018","2025-02-09","1","ios"
"3019","2024-10-09","1","ios"
"3019","2024-10-11","1","web"
"3019","2024-10-20","1","ios"
"3020","2025-11-06","1","android"
"3021","2022-06-30","1","web"
"3022","2024-09-14","1","android"
"3022","2024-09-28","1","ios"
"3022","2025-02-08","1","ios"
"3022","2025-02-20","1","ios"
"3023","2023-08-15","1","ios"
"3023","2023-09-08","1","android"
"3023","2023-09-14","1","android"
"3023","2023-09-17","1","android"
"3023","2023-09-27","1","ios"
"3023","2023-10-15","1","ios"
"3023","2023-11-03","1","web"
"3023","2023-11-11","1","ios"
"3024","2024-02-09","1","web"
"3024","2024-03-27","1","ios"
"3025","2025-08-22","1","ios"
"3025","2025-10-18","1","ios"
"3025","2025-10-22","1","ios"
"3025","2025-10-26","1","ios"
"3025","2025-10-29","1","ios"
"3025","2025-11-07","1","ios"
"3025","2025-11-21","1","android"
"3025","2025-12-29","1","ios"
"3025","2026-02-27","2","android"
"3026","2026-01-11","1","ios"
"3026","2026-02-01","1","ios"
"3027","2022-10-14","1","ios"
"3027","2022-10-27","1","ios"
"3027","2022-11-03","1","android"
"3027","2022-11-04","1","android"
"3027","2022-11-28","1","ios"
"3027","2023-03-04","1","android"
"3028","2020-08-26","1","ios"
"3028","2021-09-08","1","ios"
"3028","2023-05-21","1","web"
"3028","2023-05-27","1","web"
"3029","2025-06-09","1","ios"
"3030","2024-08-09","1","ios"
"3030","2026-01-24","1","ios"
"3031","2023-01-10","1","android"
"3031","2023-06-19","1","android"
"3031","2023-06-26","1","ios"
"3031","2023-07-03","1","android"
"3031","2023-07-29","1","android"
"3031","2023-08-03","1","ios"
"3031","2024-10-10","1","ios"
"3032","2024-11-20","1","ios"
"3032","2024-12-06","1","android"
"3032","2024-12-31","1","ios"
"3032","2025-01-01","1","ios"
"3032","2025-01-08","1","ios"
"3032","2025-01-13","1","android"
"3032","2025-06-12","2","web"
"3032","2025-07-04","1","ios"
"3032","2025-08-22","1","web"
"3033","2024-10-04","1","android"
"3034","2024-12-22","1","web"
"3035","2023-09-29","1","ios"
"3035","2023-09-30","1","ios"
"3036","2025-01-07","1","ios"
"3037","2025-01-10","1","ios"
"3038","2024-02-04","1","web"
"3039","2025-09-20","1","android"
"3040","2021-03-19","1","ios"
"3040","2021-07-09","1","android"
"3041","2023-06-23","1","ios"
"3041","2025-02-22","1","ios"
"3042","2023-05-09","1","android"
"3043","2025-02-13","1","ios"
"3043","2025-02-14","1","web"
"3043","2025-02-15","1","android"
"3044","2023-04-24","1","android"
"3044","2023-05-06","1","android"
"3044","2023-06-21","1","ios"
"3044","2023-07-21","1","android"
"3045","2019-04-29","1","web"
"3045","2019-05-17","1","android"
"3045","2019-06-13","1","ios"
"3046","2022-01-01","1","ios"
"3047","2023-02-14","1","ios"
"3047","2023-02-26","1","ios"
"3047","2023-02-27","1","ios"
"3047","2023-03-05","1","android"
"3047","2023-05-20","1","web"
"3047","2023-05-22","1","ios"
"3047","2023-05-23","1","android"
"3047","2024-07-05","2","ios"
"3047","2024-07-06","1","android"
"3048","2020-04-08","1","ios"
"3048","2020-04-09","1","android"
"3048","2020-04-14","1","ios"
"3049","2024-09-21","1","ios"
"3049","2024-09-26","1","ios"
"3049","2024-11-04","1","android"
"3049","2025-03-17","1","android"
"3049","2025-04-08","1","web"
"3049","2025-04-28","2","android"
"3049","2025-05-04","1","web"
"3049","2025-05-09","1","ios"
"3049","2025-06-10","1","ios"
"3049","2025-06-14","1","web"
"3049","2025-07-19","1","web"
"3049","2025-08-02","1","android"
"3050","2022-06-24","1","ios"
"3050","2022-07-02","1","android"
"3050","2022-07-30","1","web"
"3050","2022-08-05","1","android"
"3050","2022-08-25","1","ios"
"3050","2022-09-04","1","android"
"3050","2023-10-21","2","android"
"3050","2024-12-10","1","android"
"3050","2026-05-17","1","web"
"3050","2026-05-23","1","android"
"3051","2023-03-24","1","ios"
"3051","2023-03-26","1","web"
"3051","2023-04-12","1","ios"
"3051","2023-05-09","1","ios"
"3051","2023-08-18","1","android"
"3052","2024-02-22","1","android"
"3052","2024-02-28","1","web"
"3052","2024-03-17","1","android"
"3052","2024-04-03","1","web"
"3052","2025-05-10","1","ios"
"3053","2023-07-06","1","android"
"3053","2023-07-21","1","ios"
"3053","2023-07-26","1","ios"
"3054","2023-12-20","1","ios"
"3054","2026-01-28","1","android"
"3055","2024-01-02","1","web"
"3055","2024-01-14","1","ios"
"3055","2024-01-25","1","ios"
"3055","2024-01-26","1","web"
"3055","2024-03-21","2","ios"
"3055","2025-06-22","1","ios"
"3056","2025-03-25","1","android"
"3056","2025-05-06","1","ios"
"3056","2025-05-13","1","android"
"3057","2020-11-12","1","ios"
"3057","2020-12-02","1","ios"
"3058","2023-08-03","1","android"
"3059","2020-02-24","1","ios"
"3059","2020-06-02","1","web"
"3059","2021-07-20","1","ios"
"3059","2022-04-10","1","android"
"3060","2024-10-31","1","ios"
"3060","2024-11-15","1","web"
"3061","2025-07-20","1","ios"
"3061","2025-12-29","1","ios"
"3062","2024-01-24","1","android"
"3062","2024-10-05","1","ios"
"3062","2024-11-21","1","ios"
"3062","2025-04-24","1","ios"
"3062","2025-04-29","1","ios"
"3062","2025-05-27","1","android"
"3062","2025-06-06","1","ios"
"3063","2024-12-30","1","ios"
"3064","2023-12-20","1","ios"
"3064","2024-01-06","1","android"
"3064","2024-01-22","1","ios"
"3065","2021-05-13","1","ios"
"3065","2021-05-14","1","ios"
"3065","2021-05-20","1","ios"
"3065","2021-07-08","1","android"
"3065","2021-08-06","2","ios"
"3065","2021-08-30","1","android"
"3065","2021-09-25","1","android"
"3065","2021-10-13","1","ios"
"3065","2023-03-11","1","ios"
"3065","2023-03-23","1","ios"
"3066","2025-09-24","1","android"
"3067","2025-06-28","1","ios"
"3067","2025-07-09","1","android"
"3068","2022-08-16","1","ios"
"3068","2022-08-19","1","ios"
"3068","2022-08-20","1","android"
"3069","2019-11-27","1","android"
"3069","2019-12-07","1","web"
"3069","2019-12-16","1","web"
"3070","2023-10-18","1","android"
"3070","2023-11-11","1","web"
"3070","2023-11-22","1","android"
"3070","2023-12-28","1","web"
"3070","2024-01-01","1","web"
"3070","2024-01-18","1","android"
"3070","2024-02-01","1","ios"
"3070","2024-02-10","1","android"
"3070","2024-02-16","1","ios"
"3070","2024-03-01","1","android"
"3070","2024-04-12","1","ios"
"3070","2024-04-26","1","ios"
"3070","2024-04-28","2","ios"
"3070","2024-09-13","1","ios"
"3070","2025-10-26","1","android"
"3071","2023-02-10","1","web"
"3071","2023-02-11","1","ios"
"3071","2023-02-18","1","ios"
"3071","2023-03-07","1","ios"
"3071","2023-04-02","1","ios"
"3071","2023-04-19","1","ios"
"3071","2023-05-13","1","android"
"3071","2023-05-24","1","android"
"3071","2023-06-15","1","ios"
"3072","2024-07-30","1","ios"
"3072","2024-08-03","1","android"
"3073","2025-03-21","1","android"
"3073","2025-03-29","1","android"
"3073","2025-03-31","2","web"
"3073","2025-04-28","1","ios"
"3073","2025-05-11","1","ios"
"3073","2025-08-11","1","ios"
"3073","2025-08-25","1","android"
"3074","2026-02-17","1","android"
"3074","2026-02-18","1","android"
"3075","2026-06-19","1","web"
"3076","2020-03-30","1","ios"
"3077","2019-03-29","1","web"
"3077","2019-04-18","1","android"
"3077","2019-11-20","1","ios"
"3077","2019-11-21","1","ios"
"3077","2019-11-30","1","android"
"3077","2019-12-06","1","web"
"3078","2025-03-15","1","android"
"3078","2025-03-29","1","android"
"3078","2025-04-01","2","android"
"3079","2023-01-05","1","ios"
"3080","2024-10-04","1","ios"
"3080","2025-09-21","1","android"
"3080","2025-09-30","1","android"
"3080","2025-10-26","1","android"
"3080","2025-10-28","1","ios"
"3081","2025-01-11","1","android"
"3082","2023-09-06","1","ios"
"3082","2025-05-19","1","web"
"3083","2019-11-03","1","ios"
"3084","2024-12-28","1","ios"
"3084","2025-01-21","1","ios"
"3084","2025-07-26","1","ios"
"3085","2022-07-15","1","ios"
"3085","2022-09-02","1","web"
"3085","2022-10-16","1","ios"
"3086","2025-02-27","1","ios"
"3086","2025-03-23","1","android"
"3086","2025-03-27","1","ios"
"3086","2025-11-27","1","ios"
"3086","2026-04-29","1","ios"
"3086","2026-04-30","1","android"
"3087","2022-10-12","1","ios"
"3088","2022-07-31","1","web"
"3088","2022-08-03","1","ios"
"3089","2022-02-22","1","web"
"3090","2025-02-18","1","android"
"3091","2026-05-01","1","ios"
"3091","2026-05-09","1","ios"
"3091","2026-05-21","1","ios"
"3092","2021-01-06","1","ios"
"3092","2021-01-15","1","ios"
"3093","2024-11-13","1","ios"
"3093","2024-11-21","1","ios"
"3094","2023-10-11","1","ios"
"3095","2025-11-15","1","ios"
"3095","2025-12-02","1","ios"
"3095","2025-12-03","1","ios"
"3095","2025-12-19","1","web"
"3095","2025-12-27","1","web"
"3095","2025-12-28","1","ios"
"3095","2026-01-02","1","ios"
"3095","2026-01-07","1","ios"
"3095","2026-01-08","1","android"
"3095","2026-01-12","1","android"
"3096","2021-07-22","1","ios"
"3097","2024-05-05","1","web"
"3098","2025-06-21","1","android"
"3098","2026-01-04","1","ios"
"3099","2023-09-12","1","android"
"3099","2024-07-10","1","android"
"3099","2025-11-09","1","android"
"3100","2023-10-28","1","android"
"3100","2023-10-29","1","ios"
"3100","2023-11-13","1","ios"
"3101","2022-11-04","1","ios"
"3101","2022-11-14","1","ios"
"3101","2022-11-15","1","ios"
"3101","2022-11-25","1","android"
"3101","2022-11-26","1","ios"
"3101","2022-12-03","1","android"
"3101","2022-12-06","1","web"
"3101","2024-01-06","1","android"
"3102","2024-11-14","1","web"
"3102","2025-10-05","1","android"
"3102","2026-02-10","1","ios"
"3102","2026-02-11","1","web"
"3103","2026-01-14","1","android"
"3103","2026-02-14","1","ios"
"3104","2023-06-09","1","android"
"3104","2023-07-11","1","ios"
"3104","2023-08-12","1","android"
"3104","2024-05-07","1","android"
"3104","2025-06-13","2","ios"
"3105","2021-01-04","1","ios"
"3105","2021-01-17","1","web"
"3105","2021-02-05","1","ios"
"3105","2021-02-15","2","ios"
"3105","2021-05-09","2","web"
"3105","2021-05-20","1","android"
"3105","2021-05-30","1","ios"
"3105","2022-02-07","1","ios"
"3106","2024-08-28","1","ios"
"3106","2024-08-31","1","android"
"3106","2024-09-27","1","ios"
"3106","2024-09-28","1","ios"
"3106","2025-02-20","1","android"
"3106","2025-02-28","1","ios"
"3107","2020-05-26","1","web"
"3107","2020-05-31","1","ios"
"3108","2026-04-26","1","ios"
"3108","2026-05-19","1","ios"
"3109","2023-10-19","1","ios"
"3109","2024-10-31","1","ios"
"3110","2022-08-19","1","web"
"3110","2022-08-20","1","android"
"3110","2023-10-24","1","ios"
"3111","2023-06-22","1","ios"
"3111","2023-06-23","1","ios"
"3111","2023-06-24","1","ios"
"3112","2022-11-24","1","ios"
"3112","2022-12-14","1","ios"
"3112","2023-01-09","1","ios"
"3112","2023-01-22","1","ios"
"3112","2023-01-23","2","android"
"3112","2024-05-24","1","web"
"3112","2024-05-27","1","web"
"3113","2025-10-14","1","ios"
"3113","2025-11-03","1","android"
"3113","2025-11-14","1","ios"
"3113","2025-11-28","1","web"
"3114","2021-08-03","1","android"
"3115","2025-09-14","1","android"
"3115","2025-10-16","1","web"
"3115","2025-10-22","1","ios"
"3116","2019-03-30","1","web"
"3116","2020-03-28","1","android"
"3117","2024-08-23","1","ios"
"3117","2024-08-24","1","ios"
"3118","2023-07-31","1","ios"
"3118","2024-12-17","1","android"
"3118","2025-07-13","1","android"
"3118","2025-08-20","1","ios"
"3118","2025-10-01","1","ios"
"3118","2025-10-30","1","ios"
"3118","2025-11-11","1","web"
"3118","2025-11-15","2","ios"
"3118","2025-11-22","1","ios"
"3118","2025-12-02","1","web"
"3118","2025-12-12","1","web"
"3118","2025-12-18","1","android"
"3118","2026-01-02","1","android"
"3118","2026-01-16","1","ios"
"3119","2024-04-02","1","ios"
"3119","2024-04-03","1","ios"
"3119","2024-04-17","1","ios"
"3119","2024-07-08","2","web"
"3119","2024-07-19","1","android"
"3119","2024-08-01","1","android"
"3119","2024-08-16","1","ios"
"3119","2024-08-21","1","web"
"3119","2025-06-15","1","ios"
"3119","2025-12-08","1","ios"
"3119","2025-12-24","1","ios"
"3119","2025-12-28","1","ios"
"3119","2025-12-30","1","android"
"3119","2026-01-10","1","ios"
"3120","2023-01-04","1","ios"
"3120","2023-02-10","1","ios"
"3120","2023-04-09","1","web"
"3120","2023-04-13","1","android"
"3121","2021-09-04","1","web"
"3121","2022-01-18","1","android"
"3121","2022-02-08","1","web"
"3121","2022-02-12","2","web"
"3121","2022-02-25","1","android"
"3121","2022-09-16","1","android"
"3121","2023-09-15","1","web"
"3121","2024-10-01","1","ios"
"3122","2019-10-20","1","ios"
"3122","2020-06-11","1","ios"
"3122","2021-07-27","1","android"
"3122","2022-06-25","1","android"
"3122","2022-11-16","1","web"
"3123","2024-04-22","1","ios"
"3123","2024-05-01","1","web"
"3123","2026-02-20","1","android"
"3124","2024-10-24","1","ios"
"3124","2025-06-13","1","web"
"3124","2025-06-14","1","android"
"3124","2026-04-30","1","ios"
"3124","2026-05-04","1","ios"
"3125","2022-07-22","1","android"
"3125","2022-08-04","1","android"
"3125","2022-08-05","1","android"
"3125","2023-09-25","1","android"
"3126","2021-12-21","1","web"
"3127","2021-06-09","1","ios"
"3127","2021-06-13","1","android"
"3127","2021-06-27","1","ios"
"3128","2021-09-21","1","android"
"3128","2021-10-03","1","android"
"3128","2021-10-16","1","android"
"3128","2021-10-23","1","ios"
"3128","2021-11-27","2","ios"
"3128","2021-12-23","1","android"
"3128","2022-11-30","1","web"
"3128","2023-01-04","1","ios"
"3128","2023-01-26","2","android"
"3128","2023-10-09","1","android"
"3128","2023-11-24","1","android"
"3128","2024-02-22","1","ios"
"3129","2024-03-12","1","ios"
"3129","2024-03-16","1","ios"
"3130","2024-11-07","1","android"
"3131","2021-09-21","1","ios"
"3131","2021-11-17","1","android"
"3131","2021-12-10","1","android"
"3131","2023-11-22","1","ios"
"3131","2024-08-02","1","web"
"3131","2024-08-06","1","android"
"3131","2025-08-22","1","ios"
"3132","2024-06-19","1","android"
"3132","2024-07-07","1","ios"
"3132","2024-11-19","1","android"
"3132","2026-02-25","1","ios"
"3133","2023-11-05","1","web"
"3134","2022-11-23","1","web"
"3134","2022-11-30","1","android"
"3134","2025-01-04","1","android"
"3134","2025-02-07","1","android"
"3134","2025-02-25","1","ios"
"3135","2024-08-05","1","ios"
"3135","2025-08-19","1","android"
"3135","2025-09-09","2","android"
"3135","2025-10-16","1","android"
"3135","2025-10-22","1","ios"
"3135","2025-11-10","2","ios"
"3135","2025-12-24","1","web"
"3136","2024-03-15","1","android"
"3137","2024-04-06","1","ios"
"3137","2026-06-30","1","android"
"3138","2022-09-13","1","ios"
"3139","2021-01-14","1","web"
"3139","2021-02-06","1","ios"
"3139","2021-03-08","1","web"
"3139","2021-03-28","1","web"
"3139","2021-04-02","1","web"
"3139","2021-04-26","1","ios"
"3139","2021-08-24","1","ios"
"3139","2021-09-01","1","android"
"3139","2021-09-02","1","ios"
"3139","2021-09-27","1","web"
"3139","2021-10-15","1","android"
"3139","2021-11-22","1","web"
"3139","2021-11-30","1","android"
"3139","2021-12-10","1","web"
"3139","2021-12-13","1","ios"
"3139","2022-07-30","1","ios"
"3140","2025-08-18","1","ios"
"3140","2025-09-26","1","ios"
"3140","2025-09-29","1","ios"
"3140","2025-11-02","1","ios"
"3140","2025-12-15","1","ios"
"3140","2026-01-24","1","ios"
"3140","2026-02-03","1","android"
"3140","2026-02-10","1","ios"
"3140","2026-02-12","1","android"
"3140","2026-03-22","2","web"
"3141","2020-03-25","1","android"
"3142","2024-03-23","1","ios"
"3143","2023-09-11","1","ios"
"3144","2026-02-22","1","ios"
"3144","2026-03-05","1","web"
"3144","2026-04-26","1","ios"
"3145","2019-12-27","1","android"
"3145","2019-12-28","1","ios"
"3145","2020-01-20","1","android"
"3145","2020-01-24","1","android"
"3145","2020-01-29","1","ios"
"3145","2021-10-10","1","web"
"3145","2021-10-21","1","ios"
"3146","2026-01-04","1","android"
"3147","2025-10-17","1","web"
"3147","2025-10-18","1","ios"
"3147","2025-11-09","1","android"
"3147","2025-11-10","1","android"
"3148","2024-01-19","1","android"
"3148","2024-01-24","1","ios"
"3149","2020-06-14","1","web"
"3149","2020-07-30","1","android"
"3149","2020-08-07","1","android"
"3149","2020-09-26","1","web"
"3149","2020-10-16","1","ios"
"3149","2020-11-11","1","web"
"3149","2020-11-27","1","ios"
"3149","2020-12-01","1","ios"
"3149","2022-04-30","1","ios"
"3149","2022-05-21","1","web"
"3149","2023-08-04","1","ios"
"3149","2023-08-08","1","android"
"3149","2023-10-28","1","ios"
"3149","2023-11-15","1","android"
"3149","2023-11-20","1","ios"
"3150","2020-12-30","1","ios"
"3151","2023-10-27","1","ios"
"3151","2026-03-27","1","web"
"3151","2026-04-05","1","android"
"3151","2026-04-06","1","android"
"3152","2024-04-08","1","web"
"3152","2024-04-19","1","ios"
"3152","2024-05-25","1","web"
"3152","2024-06-19","1","android"
"3152","2024-07-05","1","android"
"3152","2024-08-08","2","android"
"3152","2024-08-09","1","android"
"3152","2024-08-12","1","ios"
"3153","2026-03-30","1","ios"
"3154","2024-05-23","1","ios"
"3154","2024-06-24","1","ios"
"3154","2024-07-05","1","web"
"3154","2024-07-16","1","android"
"3154","2026-02-26","1","ios"
"3154","2026-04-10","1","android"
"3154","2026-04-11","1","ios"
"3155","2021-12-06","1","ios"
"3155","2022-02-13","1","ios"
"3155","2022-03-08","1","android"
"3156","2026-05-19","1","web"
"3156","2026-06-07","1","ios"
"3156","2026-06-10","1","ios"
"3157","2021-09-30","1","web"
"3157","2023-05-09","1","ios"
"3157","2025-12-13","1","ios"
"3157","2026-03-20","1","ios"
"3157","2026-04-02","1","web"
"3158","2021-10-22","1","ios"
"3159","2021-05-17","1","web"
"3159","2023-08-06","1","android"
"3159","2023-08-07","1","ios"
"3159","2023-08-08","1","ios"
"3159","2024-10-13","1","android"
"3160","2025-06-19","1","android"
"3161","2024-02-15","1","ios"
"3162","2023-01-19","1","ios"
"3163","2020-10-10","1","web"
"3163","2020-10-30","1","ios"
"3163","2020-11-14","1","web"
"3163","2020-11-27","1","ios"
"3163","2020-11-28","1","ios"
"3163","2020-12-19","1","android"
"3163","2021-01-02","1","android"
"3163","2021-01-17","1","ios"
"3163","2022-03-05","1","ios"
"3163","2022-03-18","1","ios"
"3163","2022-04-08","1","android"
"3163","2023-06-30","1","ios"
"3164","2024-12-05","1","ios"
"3165","2024-07-20","1","ios"
"3165","2025-07-13","1","android"
"3166","2024-09-02","1","web"
"3166","2024-09-06","1","android"
"3167","2026-05-05","1","ios"
"3167","2026-05-08","1","ios"
"3168","2020-05-04","1","ios"
"3168","2020-07-08","1","android"
"3168","2020-07-18","1","android"
"3168","2020-08-03","1","ios"
"3168","2020-09-01","1","ios"
"3169","2025-01-20","1","ios"
"3169","2025-02-07","1","android"
"3169","2025-02-22","1","ios"
"3169","2025-03-18","1","ios"
"3170","2025-07-18","1","ios"
"3170","2025-08-03","1","ios"
"3170","2025-08-22","1","android"
"3170","2025-09-06","1","android"
"3171","2023-03-07","1","ios"
"3171","2025-05-09","2","ios"
"3171","2025-05-16","1","ios"
"3171","2025-05-24","1","ios"
"3171","2025-06-07","1","web"
"3171","2025-06-08","1","ios"
"3172","2025-08-09","1","ios"
"3172","2026-04-01","1","ios"
"3173","2025-12-25","1","android"
"3173","2026-01-02","1","android"
"3173","2026-01-31","2","web"
"3174","2021-04-03","1","ios"
"3174","2021-04-04","1","android"
"3174","2021-04-11","1","android"
"3174","2021-04-25","1","ios"
"3174","2021-06-11","1","ios"
"3174","2021-06-13","1","ios"
"3174","2021-06-17","1","web"
"3174","2021-06-18","1","ios"
"3174","2021-07-09","1","android"
"3174","2022-07-17","2","web"
"3174","2022-07-25","1","ios"
"3175","2025-10-09","1","ios"
"3176","2020-01-23","1","android"
"3177","2019-10-13","1","ios"
"3177","2019-10-17","1","web"
"3177","2022-02-03","1","android"
"3177","2022-03-04","1","android"
"3178","2021-07-01","1","web"
"3178","2021-07-10","1","web"
"3178","2021-07-13","1","ios"
"3179","2020-08-25","1","android"
"3179","2020-09-08","1","android"
"3179","2022-05-23","1","android"
"3180","2022-02-25","1","ios"
"3180","2025-06-06","1","ios"
"3180","2025-06-07","1","android"
"3181","2020-03-26","1","ios"
"3181","2020-04-26","1","android"
"3182","2021-03-01","1","web"
"3182","2021-03-21","1","web"
"3182","2022-11-15","1","ios"
"3182","2022-11-29","1","android"
"3183","2025-01-12","1","ios"
"3184","2025-07-17","1","android"
"3184","2025-08-20","1","android"
"3184","2025-08-31","2","ios"
"3184","2025-09-11","1","android"
"3185","2025-06-29","1","ios"
"3186","2023-03-06","1","ios"
"3186","2023-10-11","1","ios"
"3186","2025-02-12","1","ios"
"3186","2026-01-28","1","ios"
"3187","2024-09-13","1","web"
"3187","2024-09-14","1","android"
"3187","2024-09-26","1","ios"
"3187","2025-02-27","1","android"
"3187","2025-02-28","1","android"
"3187","2025-04-04","1","android"
"3187","2026-06-09","2","android"
"3187","2026-06-13","1","ios"
"3188","2025-06-26","1","android"
"3188","2026-05-13","1","ios"
"3189","2025-08-04","1","ios"
"3190","2024-09-16","1","android"
"3190","2024-10-01","1","web"
"3190","2024-10-18","2","android"
"3190","2024-11-04","1","android"
"3190","2024-11-09","2","web"
"3190","2024-11-27","1","ios"
"3190","2024-12-16","1","ios"
"3190","2024-12-18","1","web"
"3190","2024-12-22","1","android"
"3190","2025-01-11","1","web"
"3190","2025-01-19","2","ios"
"3191","2024-03-18","1","ios"
"3191","2024-03-20","1","ios"
"3191","2024-04-24","2","ios"
"3191","2024-05-07","1","ios"
"3191","2024-05-08","1","web"
"3191","2025-06-30","1","android"
"3191","2025-07-16","1","ios"
"3191","2025-07-18","1","web"
"3191","2025-08-21","1","android"
"3191","2025-09-07","2","ios"
"3192","2025-05-13","1","ios"
"3192","2025-06-09","1","web"
"3192","2026-03-15","1","android"
"3193","2025-11-10","1","android"
"3194","2022-01-13","1","ios"
"3194","2023-02-08","1","android"
"3194","2023-02-09","1","ios"
"3194","2023-02-10","1","ios"
"3195","2024-10-19","1","android"
"3196","2023-05-05","1","ios"
"3196","2023-05-23","1","ios"
"3196","2023-05-25","1","android"
"3196","2023-06-05","1","android"
"3196","2023-06-16","1","web"
"3196","2023-07-22","1","ios"
"3197","2024-12-18","1","ios"
"3198","2025-09-06","1","web"
"3199","2020-02-29","1","ios"
"3199","2020-03-24","1","android"
"3199","2020-04-02","1","web"
"3199","2020-04-06","1","ios"
"3199","2020-04-10","1","android"
"3199","2020-04-13","2","android"
"3199","2020-04-21","1","android"
"3199","2020-07-04","2","web"
"3199","2020-07-22","1","android"
"3199","2020-08-25","1","ios"
"3199","2020-09-07","1","ios"
"3199","2020-09-16","1","android"
"3199","2020-09-17","1","ios"
"3199","2020-10-14","1","web"
"3199","2020-10-17","2","web"
"3199","2022-01-18","1","android"
"3199","2022-01-20","1","ios"
"3199","2022-01-28","1","android"
"3199","2022-11-07","1","web"
"3199","2023-01-20","1","ios"
"3200","2023-02-21","1","ios"
"3200","2023-02-28","1","ios"
"3201","2022-12-07","1","ios"
"3202","2023-06-09","1","ios"
"3202","2023-07-16","1","ios"
"3202","2023-07-19","1","web"
"3202","2023-09-19","1","android"
"3202","2023-09-29","1","ios"
"3202","2023-10-04","1","ios"
"3202","2024-12-01","1","android"
"3202","2026-02-07","1","ios"
"3202","2026-02-15","1","android"
"3203","2019-11-09","1","ios"
"3203","2019-11-13","1","ios"
"3203","2019-12-10","1","android"
"3204","2025-03-23","1","web"
"3204","2025-04-20","1","web"
"3205","2023-10-27","1","web"
"3205","2025-04-12","1","ios"
"3205","2025-04-26","1","web"
"3205","2026-05-21","1","web"
"3206","2021-03-30","1","android"
"3206","2021-04-01","1","ios"
"3206","2021-04-15","1","ios"
"3206","2021-05-17","1","android"
"3206","2021-05-21","1","android"
"3206","2021-06-02","1","web"
"3206","2022-05-15","1","android"
"3206","2022-05-21","2","ios"
"3206","2023-11-29","1","android"
"3206","2024-06-10","1","android"
"3206","2024-06-28","1","android"
"3206","2025-09-27","1","ios"
"3207","2021-03-13","1","ios"
"3207","2021-03-17","1","ios"
"3207","2021-03-18","1","ios"
"3207","2021-03-26","1","android"
"3207","2021-04-10","1","ios"
"3207","2021-07-07","1","android"
"3207","2021-10-23","1","ios"
"3207","2021-11-20","1","ios"
"3207","2022-10-14","1","android"
"3208","2020-07-01","1","ios"
"3208","2020-09-03","1","android"
"3208","2020-09-12","1","ios"
"3208","2020-09-17","1","android"
"3208","2020-10-26","1","web"
"3208","2021-12-01","1","android"
"3208","2023-01-02","1","ios"
"3208","2023-01-05","1","ios"
"3208","2024-01-06","1","ios"
"3208","2025-01-04","1","ios"
"3208","2025-01-08","1","android"
"3208","2025-03-02","1","android"
"3208","2025-03-05","1","ios"
"3208","2025-03-06","1","ios"
"3208","2026-01-20","1","android"
"3209","2024-03-07","1","ios"
"3209","2024-03-08","1","ios"
"3209","2024-04-01","1","ios"
"3209","2024-10-01","1","android"
"3209","2025-07-22","1","ios"
"3210","2025-12-02","1","android"
"3210","2026-01-27","1","android"
"3210","2026-02-07","1","android"
"3210","2026-02-28","1","ios"
"3210","2026-03-24","1","ios"
"3210","2026-03-25","1","ios"
"3211","2020-07-06","1","ios"
"3212","2025-09-14","1","ios"
"3213","2023-12-21","1","ios"
"3213","2025-02-10","1","ios"
"3214","2024-08-10","1","web"
"3214","2024-08-16","1","web"
"3214","2024-08-21","1","android"
"3214","2025-10-27","1","web"
"3215","2020-09-11","1","android"
"3216","2024-03-27","1","android"
"3216","2025-06-30","1","ios"
"3216","2026-04-16","1","ios"
"3217","2023-11-02","1","ios"
"3218","2020-01-21","1","android"
"3218","2020-02-18","1","ios"
"3218","2020-11-21","1","android"
"3219","2022-09-03","1","ios"
"3219","2022-09-29","1","web"
"3219","2022-10-12","1","ios"
"3219","2023-04-05","1","android"
"3219","2023-04-22","1","web"
"3219","2023-04-28","1","ios"
"3219","2023-05-08","1","ios"
"3219","2023-06-02","1","ios"
"3220","2021-11-21","1","android"
"3220","2022-10-23","1","web"
"3220","2023-09-26","1","ios"
"3220","2025-02-23","1","ios"
"3220","2026-02-13","1","ios"
"3221","2020-03-26","1","ios"
"3221","2020-03-31","1","ios"
"3222","2024-02-17","1","web"
"3222","2024-03-08","1","ios"
"3222","2024-03-15","1","ios"
"3222","2024-03-25","1","ios"
"3222","2024-05-16","1","ios"
"3222","2024-05-18","1","web"
"3222","2024-05-19","1","web"
"3222","2024-06-09","1","web"
"3222","2024-09-05","1","android"
"3222","2024-09-12","1","ios"
"3222","2024-10-06","2","ios"
"3222","2025-01-31","1","web"
"3222","2025-03-25","1","ios"
"3222","2025-04-28","1","ios"
"3223","2024-10-12","1","web"
"3223","2025-10-19","1","android"
"3224","2024-02-08","1","ios"
"3224","2025-06-11","1","web"
"3224","2025-06-12","1","web"
"3225","2021-05-27","1","ios"
"3225","2021-12-28","1","android"
"3225","2021-12-29","1","ios"
"3225","2022-07-04","1","ios"
"3225","2022-08-06","1","web"
"3225","2022-08-11","1","ios"
"3225","2022-08-20","1","ios"
"3225","2022-09-30","1","ios"
"3225","2022-10-01","1","android"
"3226","2023-08-16","1","ios"
"3226","2025-03-12","1","android"
"3226","2025-10-14","1","ios"
"3226","2025-10-18","1","web"
"3227","2019-06-13","1","android"
"3227","2019-06-25","1","ios"
"3227","2019-08-30","1","android"
"3227","2020-01-26","1","android"
"3227","2020-11-17","1","android"
"3227","2020-11-22","1","ios"
"3227","2021-05-15","1","ios"
"3227","2021-06-11","1","ios"
"3227","2021-07-15","2","ios"
"3227","2021-07-22","1","android"
"3227","2021-08-01","1","ios"
"3227","2021-08-03","1","android"
"3227","2021-08-05","1","ios"
"3227","2021-08-13","1","ios"
"3227","2021-09-25","1","ios"
"3227","2021-10-16","1","web"
"3228","2024-01-19","1","ios"
"3228","2024-02-25","1","android"
"3228","2024-03-07","1","web"
"3228","2024-03-31","1","web"
"3228","2024-04-30","1","ios"
"3229","2025-11-03","1","ios"
"3230","2024-02-09","1","ios"
"3230","2024-03-05","1","android"
"3230","2024-03-22","1","ios"
"3230","2024-03-28","1","ios"
"3231","2025-05-22","1","android"
"3232","2025-07-13","1","android"
"3233","2019-08-16","1","android"
"3233","2019-09-10","1","web"
"3233","2021-05-18","1","ios"
"3234","2023-11-15","1","web"
"3235","2026-02-01","1","android"
"3235","2026-02-14","1","ios"
"3236","2025-03-05","1","web"
"3236","2025-03-08","1","web"
"3236","2025-03-31","1","ios"
"3236","2025-08-16","1","ios"
"3237","2025-04-03","1","ios"
"3237","2025-10-13","1","ios"
"3237","2026-02-19","1","android"
"3238","2021-04-26","1","web"
"3238","2021-05-20","1","ios"
"3238","2021-06-09","1","ios"
"3238","2021-12-07","1","ios"
"3238","2021-12-09","1","android"
"3238","2021-12-24","1","web"
"3238","2023-09-19","1","ios"
"3239","2024-08-19","1","web"
"3239","2024-08-22","1","android"
"3239","2025-05-16","1","ios"
"3239","2025-05-30","1","ios"
"3239","2025-06-05","1","android"
"3239","2025-08-15","1","web"
"3239","2025-08-16","1","web"
"3239","2025-08-25","1","ios"
"3239","2025-10-27","1","web"
"3239","2026-01-16","1","ios"
"3239","2026-01-26","2","ios"
"3239","2026-02-11","1","android"
"3240","2022-03-28","1","android"
"3241","2019-05-03","1","ios"
"3241","2019-05-18","1","ios"
"3241","2020-04-10","1","ios"
"3241","2023-03-08","1","android"
"3242","2025-11-13","1","ios"
"3242","2025-11-28","1","web"
"3243","2023-02-02","1","android"
"3243","2023-02-10","1","web"
"3244","2021-11-17","1","android"
"3244","2021-11-19","1","android"
"3244","2021-11-27","1","ios"
"3244","2022-01-03","1","android"
"3244","2022-01-04","1","ios"
"3245","2025-05-18","1","ios"
"3245","2025-07-13","1","android"
"3245","2025-08-23","1","android"
"3246","2019-03-01","1","ios"
"3246","2019-03-11","1","web"
"3246","2019-03-17","1","android"
"3246","2019-03-18","1","ios"
"3246","2019-03-20","1","android"
"3246","2019-03-30","1","ios"
"3246","2019-04-12","1","android"
"3247","2025-05-09","1","ios"
"3247","2025-05-12","1","android"
"3247","2025-05-23","1","ios"
"3248","2022-03-04","1","ios"
"3248","2022-08-31","1","android"
"3248","2024-01-12","1","android"
"3248","2024-12-06","1","android"
"3249","2024-12-07","1","ios"
"3249","2025-01-12","1","ios"
"3249","2025-04-01","1","ios"
"3249","2026-01-19","1","ios"
"3249","2026-03-05","1","ios"
"3249","2026-03-19","1","android"
"3249","2026-03-31","1","ios"
"3249","2026-04-11","1","ios"
"3249","2026-04-14","1","ios"
"3250","2023-10-21","1","android"
"3250","2023-10-29","1","android"
"3251","2024-05-18","1","android"
"3251","2024-06-27","1","web"
"3251","2024-07-05","2","android"
"3251","2025-02-13","1","android"
"3251","2025-02-28","1","web"
"3251","2025-03-03","2","web"
"3251","2025-04-08","1","web"
"3251","2025-04-16","1","web"
"3251","2025-04-20","1","ios"
"3252","2023-05-30","1","ios"
"3252","2023-06-08","1","web"
"3252","2024-03-16","1","android"
"3252","2024-03-22","1","ios"
"3252","2024-03-30","1","android"
"3252","2024-05-03","1","ios"
"3252","2024-05-08","1","android"
"3252","2024-05-14","1","android"
"3252","2024-05-16","1","android"
"3253","2025-08-31","1","ios"
"3254","2024-11-15","1","ios"
"3254","2024-12-15","1","ios"
"3254","2024-12-22","1","android"
"3254","2024-12-24","1","web"
"3254","2024-12-26","1","web"
"3255","2022-09-13","1","android"
"3255","2022-10-06","1","ios"
"3255","2022-10-17","1","android"
"3255","2022-10-22","1","ios"
"3255","2022-10-23","1","web"
"3255","2022-11-07","1","android"
"3255","2022-11-29","1","ios"
"3255","2022-12-26","1","android"
"3255","2023-09-28","1","web"
"3255","2023-10-11","1","ios"
"3255","2024-04-19","1","android"
"3255","2024-08-29","1","ios"
"3255","2024-10-11","1","android"
"3255","2024-10-30","2","android"
"3255","2024-11-01","1","web"
"3256","2024-09-13","1","ios"
"3257","2025-11-27","1","android"
"3257","2025-11-28","1","android"
"3257","2025-12-22","1","ios"
"3258","2020-07-16","1","android"
"3258","2020-09-11","1","ios"
"3258","2021-04-12","1","android"
"3259","2022-09-28","1","android"
"3259","2024-06-13","1","ios"
"3259","2025-03-07","1","android"
"3259","2025-04-22","1","ios"
"3260","2025-04-19","1","web"
"3260","2026-04-18","1","android"
"3261","2023-04-15","1","web"
"3261","2023-09-15","1","android"
"3261","2023-10-19","1","web"
"3261","2024-11-24","1","ios"
"3261","2024-12-03","1","web"
"3261","2024-12-07","1","android"
"3261","2024-12-11","1","ios"
"3261","2025-02-16","1","web"
"3261","2025-03-12","1","ios"
"3261","2025-03-29","1","android"
"3261","2025-03-30","1","web"
"3261","2025-04-06","1","ios"
"3262","2021-05-20","1","ios"
"3262","2021-05-30","1","android"
"3263","2023-10-19","1","ios"
"3263","2023-10-27","1","android"
"3263","2023-10-28","1","android"
"3263","2023-11-12","1","ios"
"3263","2023-11-15","2","ios"
"3264","2026-03-08","1","android"
"3264","2026-04-03","1","android"
"3265","2024-11-27","1","ios"
"3266","2021-09-16","1","ios"
"3267","2022-08-12","1","ios"
"3267","2022-08-14","1","ios"
"3267","2022-08-29","1","ios"
"3267","2023-07-01","1","web"
"3267","2024-10-15","1","ios"
"3267","2025-04-30","1","android"
"3268","2025-05-14","1","android"
"3268","2025-06-08","1","web"
"3269","2024-07-27","1","ios"
"3270","2023-02-09","1","android"
"3270","2023-02-23","1","android"
"3270","2023-09-25","1","android"
"3270","2023-10-12","1","ios"
"3271","2021-09-17","1","ios"
"3272","2025-11-16","1","android"
"3272","2025-11-28","1","ios"
"3272","2025-11-29","1","android"
"3273","2025-10-30","1","web"
"3273","2025-11-13","1","android"
"3274","2021-12-22","1","web"
"3274","2022-01-02","1","ios"
"3274","2022-01-03","1","android"
"3274","2022-01-05","1","ios"
"3275","2020-02-18","1","ios"
"3275","2020-03-27","1","android"
"3275","2020-04-25","1","ios"
"3275","2020-04-30","1","ios"
"3275","2020-05-09","1","android"
"3275","2020-05-10","1","ios"
"3275","2020-11-25","1","android"
"3275","2021-05-30","1","android"
"3275","2022-10-22","1","android"
"3275","2023-11-05","1","ios"
"3276","2023-04-27","1","web"
"3276","2023-04-28","1","ios"
"3276","2023-04-29","1","ios"
"3277","2024-01-10","1","ios"
"3277","2024-01-26","1","ios"
"3278","2025-06-16","1","android"
"3278","2025-07-06","1","ios"
"3278","2025-08-01","1","android"
"3278","2025-08-30","1","ios"
"3278","2026-02-22","1","web"
"3279","2021-11-11","1","ios"
"3279","2021-11-17","1","android"
"3279","2021-12-01","1","android"
"3279","2022-01-04","1","ios"
"3279","2022-08-10","2","ios"
"3279","2022-08-22","1","ios"
"3279","2022-08-24","1","web"
"3279","2022-08-31","2","android"
"3279","2022-09-09","1","web"
"3279","2022-09-18","1","ios"
"3280","2022-09-04","1","ios"
"3280","2022-09-15","1","ios"
"3280","2022-09-23","1","web"
"3280","2023-04-14","1","ios"
"3280","2023-04-26","1","ios"
"3280","2023-04-28","1","ios"
"3280","2024-06-11","1","android"
"3281","2022-05-01","1","ios"
"3281","2022-09-26","1","android"
"3281","2022-10-03","1","ios"
"3281","2022-10-07","1","ios"
"3281","2022-12-23","1","web"
"3281","2023-04-09","1","web"
"3281","2024-02-19","1","ios"
"3281","2024-10-11","1","ios"
"3282","2024-03-16","1","ios"
"3282","2024-05-20","1","ios"
"3282","2026-02-27","1","android"
"3282","2026-03-03","1","ios"
"3283","2025-09-11","1","ios"
"3284","2025-10-22","1","ios"
"3285","2024-04-03","1","ios"
"3285","2024-04-04","1","android"
"3285","2024-11-13","1","android"
"3285","2024-11-24","1","android"
"3285","2024-12-30","1","android"
"3285","2025-06-01","1","ios"
"3285","2025-07-04","1","ios"
"3285","2025-11-11","1","ios"
"3285","2025-11-22","1","web"
"3285","2025-11-23","1","web"
"3285","2025-12-01","1","android"
"3285","2025-12-02","1","ios"
"3285","2025-12-03","1","ios"
"3286","2023-02-10","1","android"
"3286","2023-02-20","1","android"
"3286","2023-03-05","1","android"
"3286","2023-03-15","1","android"
"3286","2023-06-22","1","android"
"3286","2023-06-27","1","android"
"3286","2024-02-25","1","android"
"3287","2023-08-20","1","android"
"3288","2026-03-18","1","ios"
"3288","2026-04-12","1","ios"
"3288","2026-05-19","1","ios"
"3288","2026-05-22","1","web"
"3288","2026-05-28","1","ios"
"3288","2026-05-30","1","web"
"3288","2026-06-02","1","web"
"3289","2021-11-13","1","web"
"3289","2021-12-03","1","android"
"3289","2021-12-04","1","web"
"3290","2026-01-18","1","ios"
"3290","2026-01-25","1","web"
"3291","2023-08-03","1","ios"
"3292","2023-03-24","1","ios"
"3292","2023-04-25","1","ios"
"3292","2023-04-27","1","android"
"3292","2023-05-19","1","ios"
"3292","2023-06-11","1","ios"
"3292","2023-07-07","1","android"
"3292","2023-07-28","1","android"
"3292","2023-09-17","1","ios"
"3292","2023-09-25","1","ios"
"3292","2023-10-09","1","ios"
"3292","2023-10-10","1","android"
"3293","2024-05-01","1","ios"
"3293","2024-05-14","1","android"
"3294","2024-07-24","1","ios"
"3294","2024-12-04","1","ios"
"3294","2025-01-03","2","ios"
"3294","2025-01-11","1","android"
"3294","2025-03-08","1","ios"
"3294","2025-05-24","1","ios"
"3294","2025-07-23","1","web"
"3294","2025-08-11","1","android"
"3294","2025-08-17","1","ios"
"3294","2025-09-06","1","android"
"3294","2025-09-12","1","ios"
"3294","2025-09-26","1","web"
"3294","2025-10-26","1","ios"
"3294","2026-05-29","1","web"
"3294","2026-06-19","1","web"
"3295","2024-08-17","1","android"
"3296","2023-05-09","1","android"
"3296","2023-07-21","1","web"
"3296","2023-08-04","1","android"
"3296","2025-12-28","1","android"
"3297","2024-03-11","1","ios"
"3298","2023-04-15","1","ios"
"3299","2023-02-14","1","android"
"3299","2023-02-20","1","android"
"3299","2025-12-20","1","ios"
"3300","2024-12-03","1","ios"
"3300","2026-04-25","1","android"
"3301","2022-01-24","1","web"
"3301","2022-02-01","1","ios"
"3301","2022-03-07","1","ios"
"3302","2021-05-25","1","android"
"3302","2021-11-23","1","android"
"3303","2024-05-12","1","ios"
"3303","2025-10-09","1","web"
"3304","2025-02-08","1","ios"
"3304","2026-01-27","1","ios"
"3304","2026-02-24","1","ios"
"3305","2025-03-19","1","ios"
"3306","2024-09-29","1","android"
"3306","2024-10-18","1","ios"
"3307","2026-01-28","1","ios"
"3308","2024-09-19","1","android"
"3308","2024-09-22","1","ios"
"3308","2024-09-29","1","ios"
"3309","2024-12-30","1","android"
"3309","2025-02-13","1","ios"
"3310","2020-08-11","1","android"
"3310","2020-09-03","1","ios"
"3310","2021-04-06","1","ios"
"3310","2022-07-15","1","android"
"3310","2022-08-21","1","android"
"3310","2022-08-30","1","android"
"3310","2022-09-04","1","ios"
"3310","2022-09-08","1","web"
"3310","2022-09-11","1","ios"
"3310","2022-09-22","1","ios"
"3310","2022-10-05","1","ios"
"3310","2022-10-23","2","ios"
"3310","2023-09-07","1","ios"
"3310","2023-10-02","1","web"
"3310","2023-10-08","1","ios"
"3311","2026-05-17","1","android"
"3312","2023-02-21","1","ios"
"3313","2022-11-01","1","ios"
"3313","2022-11-08","1","web"
"3313","2022-12-18","1","ios"
"3313","2023-09-10","1","android"
"3313","2024-06-28","1","ios"
"3314","2026-04-03","1","ios"
"3315","2025-04-02","1","web"
"3315","2026-06-08","1","android"
"3316","2024-02-06","1","android"
"3316","2024-02-08","1","android"
"3316","2024-03-01","1","android"
"3316","2024-03-30","1","ios"
"3316","2025-10-17","1","android"
"3317","2025-01-21","1","android"
"3317","2025-04-29","1","ios"
"3317","2025-05-10","1","ios"
"3317","2025-05-11","1","ios"
"3318","2023-10-20","1","ios"
"3319","2022-11-05","1","android"
"3319","2022-12-23","1","android"
"3319","2022-12-24","1","ios"
"3319","2023-09-06","2","ios"
"3319","2023-11-17","1","android"
"3319","2023-11-18","1","android"
"3319","2025-04-08","1","ios"
"3320","2025-07-13","1","web"
"3321","2022-10-02","1","android"
"3321","2022-10-03","1","web"
"3321","2022-11-04","1","web"
"3321","2022-11-27","1","android"
"3321","2023-10-15","1","ios"
"3321","2023-10-27","1","ios"
"3321","2024-06-16","1","ios"
"3322","2025-08-14","1","ios"
"3323","2024-09-05","1","android"
"3323","2024-09-09","1","android"
"3323","2024-09-23","1","web"
"3323","2024-09-25","1","web"
"3323","2024-10-04","1","android"
"3323","2026-01-16","1","ios"
"3324","2020-01-19","1","android"
"3324","2020-01-31","1","ios"
"3324","2020-02-09","1","android"
"3324","2020-02-12","2","ios"
"3324","2020-02-28","1","android"
"3325","2026-03-14","1","ios"
"3326","2024-01-29","1","ios"
"3326","2024-02-04","1","android"
"3326","2024-03-01","1","ios"
"3326","2024-03-06","1","android"
"3327","2023-05-27","1","web"
"3327","2024-11-11","1","android"
"3328","2026-01-08","1","web"
"3328","2026-01-25","1","ios"
"3329","2026-04-16","1","android"
"3330","2025-04-02","1","ios"
"3330","2025-08-21","1","ios"
"3331","2020-01-21","1","android"
"3331","2020-03-09","1","android"
"3331","2020-03-18","1","android"
"3332","2024-08-20","1","ios"
"3333","2023-07-31","1","ios"
"3333","2023-08-02","1","android"
"3334","2021-10-13","1","ios"
"3334","2022-09-08","1","android"
"3334","2022-09-26","1","ios"
"3334","2023-07-02","1","ios"
"3334","2024-11-08","1","ios"
"3334","2025-12-27","1","android"
"3335","2020-11-02","1","web"
"3335","2020-12-22","1","ios"
"3335","2021-01-19","1","ios"
"3335","2021-01-20","1","android"
"3335","2021-01-21","1","web"
"3335","2021-01-24","1","android"
"3335","2021-02-09","1","ios"
"3335","2021-02-18","1","android"
"3335","2021-02-21","1","web"
"3335","2021-03-13","1","android"
"3335","2021-04-24","1","web"
"3335","2021-10-07","1","web"
"3335","2022-12-30","1","android"
"3336","2026-01-23","1","ios"
"3336","2026-02-01","1","ios"
"3336","2026-02-11","1","web"
"3336","2026-02-17","1","ios"
"3336","2026-03-29","1","android"
"3336","2026-04-15","2","ios"
"3336","2026-05-27","1","android"
"3336","2026-06-09","2","android"
"3336","2026-06-13","1","web"
"3337","2021-07-26","1","ios"
"3337","2022-06-12","1","android"
"3337","2022-07-27","1","ios"
"3337","2022-08-26","1","ios"
"3337","2022-09-23","1","web"
"3337","2022-10-12","1","ios"
"3337","2022-10-20","1","web"
"3337","2022-11-03","1","web"
"3337","2022-11-06","1","ios"
"3337","2022-11-09","1","ios"
"3337","2022-11-26","1","android"
"3337","2022-12-19","1","android"
"3337","2022-12-20","1","ios"
"3337","2022-12-21","1","android"
"3337","2022-12-24","1","ios"
"3337","2023-01-04","1","web"
"3337","2023-01-07","1","ios"
"3337","2023-02-18","1","ios"
"3337","2023-03-01","1","web"
"3337","2024-11-17","1","android"
"3337","2024-11-20","1","web"
"3337","2025-05-07","2","web"
"3337","2025-05-28","1","android"
"3338","2022-07-10","1","ios"
"3338","2022-07-11","1","android"
"3338","2022-08-05","1","ios"
"3338","2022-08-11","1","ios"
"3338","2022-08-20","1","web"
"3338","2022-08-25","1","ios"
"3338","2023-07-18","1","android"
"3338","2023-07-19","1","android"
"3338","2023-07-28","1","ios"
"3338","2023-08-16","1","ios"
"3338","2023-08-17","1","ios"
"3339","2025-05-29","1","android"
"3339","2025-10-17","1","ios"
"3340","2025-04-17","1","web"
"3340","2025-11-24","1","web"
"3341","2023-04-17","1","ios"
"3341","2023-04-29","1","ios"
"3341","2023-05-27","1","ios"
"3341","2023-12-19","1","web"
"3342","2024-03-12","1","ios"
"3342","2024-04-17","1","ios"
"3342","2024-04-18","1","ios"
"3342","2024-12-22","1","android"
"3342","2025-01-03","1","android"
"3342","2025-01-05","1","ios"
"3342","2025-01-12","2","web"
"3342","2025-06-21","1","web"
"3342","2026-03-13","1","ios"
"3342","2026-04-26","1","android"
"3343","2022-12-23","1","ios"
"3343","2023-01-07","1","ios"
"3344","2022-03-13","1","android"
"3344","2022-03-16","1","android"
"3344","2022-12-31","1","android"
"3344","2023-01-15","2","android"
"3344","2024-02-23","1","ios"
"3345","2022-12-21","1","android"
"3345","2022-12-22","1","ios"
"3345","2024-01-15","1","android"
"3345","2024-01-27","2","ios"
"3346","2022-05-13","1","android"
"3347","2023-05-19","1","android"
"3347","2024-01-10","1","ios"
"3347","2024-01-14","1","web"
"3347","2024-01-26","1","ios"
"3347","2024-03-22","2","android"
"3348","2026-04-28","1","web"
"3349","2023-06-16","1","android"
"3349","2023-07-30","1","web"
"3350","2020-05-02","1","android"
"3350","2020-05-07","1","web"
"3350","2020-05-08","1","android"
"3350","2022-02-19","1","ios"
"3350","2022-02-28","1","android"
"3350","2022-03-13","2","ios"
"3350","2022-03-20","1","android"
"3350","2024-12-18","1","web"
"3351","2026-01-02","1","web"
"3352","2026-03-19","1","ios"
"3352","2026-03-28","1","ios"
"3352","2026-04-17","1","android"
"3353","2025-05-11","1","ios"
"3353","2025-05-22","1","ios"
"3353","2025-06-26","1","ios"
"3353","2025-06-29","1","ios"
"3353","2025-07-09","1","android"
"3353","2025-07-10","1","android"
"3354","2020-06-15","1","ios"
"3354","2020-06-18","1","ios"
"3355","2025-09-10","1","android"
"3356","2023-06-11","1","android"
"3356","2025-03-28","1","ios"
"3356","2025-03-31","1","android"
"3356","2025-04-22","1","ios"
"3356","2025-06-01","1","ios"
"3356","2025-06-10","1","ios"
"3357","2023-03-29","1","web"
"3357","2023-04-07","1","android"
"3357","2023-04-24","1","ios"
"3357","2023-04-26","1","android"
"3357","2025-10-29","1","ios"
"3358","2023-10-12","1","ios"
"3358","2023-10-27","1","web"
"3358","2023-11-27","1","ios"
"3358","2023-12-07","1","web"
"3359","2024-04-04","1","ios"
"3359","2024-04-14","1","android"
"3359","2025-02-26","1","ios"
"3359","2025-02-28","1","ios"
"3359","2025-07-08","1","ios"
"3359","2025-07-12","1","ios"
"3359","2025-08-07","1","ios"
"3359","2026-05-07","1","ios"
"3360","2023-02-14","1","ios"
"3360","2023-10-08","1","ios"
"3361","2024-02-19","1","android"
"3362","2025-02-17","1","ios"
"3362","2025-03-22","1","web"
"3363","2023-09-29","1","ios"
"3364","2023-04-20","1","android"
"3365","2023-03-16","1","ios"
"3365","2023-03-31","1","android"
"3365","2024-05-23","1","ios"
"3365","2024-06-29","1","ios"
"3365","2024-07-06","1","ios"
"3365","2024-07-10","1","ios"
"3365","2024-07-29","2","android"
"3365","2024-07-30","1","android"
"3365","2024-08-31","1","android"
"3365","2024-10-08","1","android"
"3365","2024-10-11","1","ios"
"3365","2026-02-17","1","web"
"3365","2026-02-18","2","web"
"3366","2020-06-07","1","ios"
"3366","2020-06-26","1","ios"
"3366","2020-07-10","1","android"
"3367","2023-11-08","1","android"
"3368","2021-11-09","1","ios"
"3368","2021-11-12","1","web"
"3368","2022-10-13","1","android"
"3368","2025-08-16","1","ios"
"3368","2025-08-30","1","ios"
"3369","2019-11-19","1","android"
"3369","2019-12-24","1","ios"
"3370","2025-02-07","1","ios"
"3371","2023-03-25","1","web"
"3372","2020-06-23","1","ios"
"3372","2020-06-25","1","ios"
"3372","2020-07-11","1","ios"
"3372","2020-07-17","2","android"
"3372","2020-07-30","1","ios"
"3372","2020-07-31","1","ios"
"3372","2020-08-06","1","ios"
"3373","2021-06-14","1","ios"
"3373","2021-06-18","1","web"
"3374","2024-11-16","1","android"
"3374","2026-02-16","1","ios"
"3375","2022-08-01","1","ios"
"3375","2022-09-22","1","android"
"3375","2022-09-24","1","ios"
"3375","2024-05-25","1","android"
"3375","2024-06-15","2","ios"
"3376","2024-08-01","1","ios"
"3376","2024-08-12","1","android"
"3376","2024-08-22","1","web"
"3376","2025-06-17","1","ios"
"3376","2025-07-08","1","ios"
"3377","2024-03-08","1","ios"
"3377","2024-03-30","1","ios"
"3377","2024-03-31","1","android"
"3378","2021-02-09","1","android"
"3378","2021-02-18","1","ios"
"3378","2021-03-14","1","ios"
"3378","2022-05-18","2","ios"
"3378","2022-05-20","1","ios"
"3379","2024-06-26","1","ios"
"3379","2024-06-27","1","ios"
"3379","2026-02-23","1","android"
"3379","2026-03-22","2","ios"
"3379","2026-04-14","1","ios"
"3380","2020-09-22","1","ios"
"3380","2021-03-19","1","web"
"3380","2021-03-24","1","ios"
"3380","2021-03-29","1","ios"
"3381","2023-09-22","1","android"
"3382","2022-12-26","1","android"
"3382","2022-12-29","1","web"
"3382","2022-12-30","2","android"
"3383","2026-04-02","1","web"
"3383","2026-04-26","1","ios"
"3384","2023-11-04","1","web"
"3385","2025-04-01","1","android"
"3386","2024-07-24","1","ios"
"3386","2024-08-26","1","web"
"3386","2024-08-27","1","ios"
"3386","2024-10-04","1","ios"
"3386","2024-10-27","1","android"
"3386","2024-11-24","1","ios"
"3386","2025-10-31","1","ios"
"3386","2026-06-11","1","android"
"3387","2022-10-22","1","ios"
"3388","2020-06-05","1","ios"
"3388","2020-06-07","1","ios"
"3389","2023-10-01","1","web"
"3389","2025-05-01","1","ios"
"3390","2023-12-09","1","ios"
"3390","2023-12-16","1","ios"
"3390","2025-11-29","1","android"
"3390","2025-12-05","1","android"
"3390","2025-12-12","1","android"
"3390","2025-12-30","1","ios"
"3390","2026-01-10","1","android"
"3391","2026-05-31","1","web"
"3392","2021-10-30","1","ios"
"3392","2021-11-06","1","ios"
"3393","2020-05-26","1","ios"
"3393","2020-05-27","1","web"
"3393","2020-10-23","1","ios"
"3393","2022-07-09","1","web"
"3393","2022-07-18","1","web"
"3393","2022-07-29","1","ios"
"3393","2022-07-30","1","web"
"3394","2026-06-22","1","ios"
"3395","2022-08-19","1","ios"
"3395","2022-09-02","1","ios"
"3395","2022-09-05","1","android"
"3395","2022-09-10","1","ios"
"3395","2022-09-14","1","android"
"3395","2023-08-27","1","ios"
"3395","2024-11-04","1","web"
"3396","2020-10-18","1","ios"
"3396","2020-11-04","1","ios"
"3396","2020-11-17","1","ios"
"3396","2020-12-14","1","android"
"3396","2020-12-26","1","ios"
"3396","2021-08-18","1","ios"
"3397","2021-06-26","1","ios"
"3397","2021-07-01","1","ios"
"3397","2021-07-08","1","android"
"3397","2021-07-15","1","ios"
"3398","2020-06-23","1","web"
"3398","2020-07-16","1","ios"
"3398","2020-07-19","1","ios"
"3398","2020-07-29","1","ios"
"3398","2020-08-06","1","ios"
"3398","2020-08-14","1","android"
"3398","2020-08-15","1","ios"
"3398","2020-08-21","1","ios"
"3398","2020-09-01","1","android"
"3398","2020-09-11","1","ios"
"3398","2020-11-19","1","web"
"3398","2020-12-10","1","android"
"3398","2022-04-07","1","ios"
"3398","2022-04-29","1","android"
"3399","2021-12-17","1","android"
"3399","2022-01-04","1","android"
"3399","2022-01-08","1","web"
"3400","2026-03-02","1","android"
"3401","2024-12-11","1","ios"
"3402","2020-09-06","1","ios"
"3402","2020-09-10","1","ios"
"3402","2025-07-12","1","ios"
"3402","2025-07-24","1","ios"
"3403","2022-06-24","1","web"
"3403","2022-07-13","1","web"
"3403","2022-07-20","1","android"
"3403","2022-08-10","1","ios"
"3403","2022-08-16","2","android"
"3403","2023-09-16","1","ios"
"3403","2024-08-31","1","ios"
"3403","2024-09-01","2","ios"
"3404","2025-11-28","1","web"
"3404","2025-11-29","1","ios"
"3404","2026-01-16","1","android"
"3404","2026-05-23","1","ios"
"3405","2024-01-21","1","web"
"3406","2024-01-09","1","android"
"3407","2024-02-21","1","ios"
"3407","2024-02-27","1","ios"
"3407","2024-03-07","2","web"
"3407","2024-03-21","1","ios"
"3407","2024-03-27","1","ios"
"3407","2024-09-26","1","web"
"3407","2026-01-10","1","android"
"3408","2019-11-17","1","ios"
"3409","2022-11-21","1","android"
"3409","2023-02-11","1","ios"
"3410","2020-07-07","1","ios"
"3411","2025-09-20","1","ios"
"3412","2023-11-09","1","ios"
"3412","2026-05-11","1","ios"
"3413","2021-07-01","1","ios"
"3413","2023-03-04","1","ios"
"3413","2023-03-12","1","ios"
"3413","2023-05-05","1","ios"
"3413","2023-06-21","1","ios"
"3413","2023-06-22","1","web"
"3414","2022-07-20","1","ios"
"3414","2022-07-22","1","ios"
"3414","2024-09-05","2","android"
"3414","2024-09-13","1","android"
"3415","2024-06-18","1","android"
"3415","2025-06-26","1","web"
"3415","2025-07-09","1","android"
"3415","2025-07-19","1","ios"
"3415","2025-08-15","1","web"
"3415","2025-08-19","1","android"
"3416","2023-03-16","1","web"
"3417","2020-02-29","1","ios"
"3417","2021-02-13","1","ios"
"3417","2021-02-15","2","web"
"3417","2021-02-23","1","ios"
"3417","2021-02-27","1","ios"
"3417","2022-01-07","1","ios"
"3417","2022-09-23","1","android"
"3418","2025-08-19","1","ios"
"3419","2023-11-17","1","ios"
"3420","2025-04-20","1","ios"
"3420","2025-04-27","1","web"
"3421","2026-04-08","1","android"
"3421","2026-05-03","1","android"
"3421","2026-05-07","1","ios"
"3421","2026-05-17","1","android"
"3421","2026-05-19","1","android"
"3421","2026-05-28","1","ios"
"3421","2026-06-02","1","android"
"3421","2026-06-07","1","ios"
"3422","2020-12-26","1","android"
"3423","2025-08-25","1","android"
"3424","2026-04-07","1","android"
"3425","2026-02-01","1","android"
"3425","2026-02-04","1","ios"
"3425","2026-05-20","2","android"
"3426","2025-08-15","1","android"
"3426","2025-08-28","1","web"
"3426","2025-08-31","1","ios"
"3426","2025-09-01","1","web"
"3426","2025-09-21","1","android"
"3427","2025-12-24","1","android"
"3427","2026-01-04","1","android"
"3427","2026-02-17","1","ios"
"3427","2026-02-25","2","android"
"3428","2024-02-11","1","ios"
"3428","2024-02-27","1","android"
"3428","2024-03-06","1","web"
"3429","2025-05-05","1","ios"
"3429","2025-05-21","1","web"
"3430","2020-05-15","1","ios"
"3430","2020-05-22","1","web"
"3431","2020-11-17","1","web"
"3431","2020-12-02","1","ios"
"3431","2020-12-13","1","ios"
"3431","2021-02-23","1","ios"
"3431","2021-03-15","1","ios"
"3431","2021-05-02","1","web"
"3431","2021-05-14","1","ios"
"3431","2021-05-27","1","ios"
"3431","2021-06-14","1","web"
"3432","2025-01-09","1","ios"
"3432","2025-02-01","1","android"
"3432","2025-02-07","2","ios"
"3432","2025-02-11","1","android"
"3432","2025-02-19","1","ios"
"3432","2026-03-27","2","ios"
"3433","2023-09-26","1","ios"
"3433","2025-01-04","1","android"
"3433","2025-01-09","1","android"
"3433","2025-01-16","1","ios"
"3433","2025-01-17","1","ios"
"3433","2025-01-31","1","ios"
"3433","2025-02-01","1","ios"
"3433","2025-02-02","1","ios"
"3434","2024-03-15","1","ios"
"3434","2025-07-09","1","web"
"3434","2025-07-15","1","ios"
"3434","2025-10-29","1","ios"
"3435","2024-11-24","1","ios"
"3435","2024-11-25","1","ios"
"3435","2024-11-27","1","ios"
"3435","2024-12-18","1","android"
"3435","2024-12-25","2","ios"
"3435","2024-12-26","1","android"
"3435","2025-01-12","1","android"
"3435","2026-01-20","1","ios"
"3435","2026-01-23","1","android"
"3435","2026-02-09","1","ios"
"3436","2024-10-06","1","web"
"3436","2024-10-13","1","ios"
"3436","2024-10-14","1","ios"
"3437","2024-09-28","1","ios"
"3438","2021-02-27","1","web"
"3439","2024-10-30","1","web"
"3439","2024-11-03","1","android"
"3439","2024-11-20","1","android"
"3439","2025-01-30","1","ios"
"3440","2021-06-23","1","ios"
"3440","2021-07-26","1","web"
"3440","2024-02-05","1","web"
"3440","2024-02-24","1","ios"
"3440","2024-03-05","1","ios"
"3440","2026-02-09","1","android"
"3441","2020-11-25","1","android"
"3441","2020-12-11","1","android"
"3441","2021-01-09","1","ios"
"3441","2021-02-22","1","ios"
"3441","2022-01-29","1","web"
"3442","2020-03-10","1","android"
"3443","2024-06-15","1","ios"
"3443","2024-07-12","1","android"
"3444","2022-12-04","1","android"
"3444","2023-02-19","1","android"
"3444","2024-07-07","1","ios"
"3444","2025-01-17","1","ios"
"3444","2026-03-06","1","ios"
"3445","2025-11-14","1","ios"
"3445","2025-11-19","1","ios"
"3446","2026-02-16","1","ios"
"3446","2026-02-27","1","ios"
"3446","2026-03-06","1","ios"
"3446","2026-03-22","1","ios"
"3447","2024-05-26","1","ios"
"3447","2024-06-07","1","ios"
"3447","2024-06-18","1","web"
"3447","2025-04-01","1","android"
"3448","2025-12-16","1","ios"
"3448","2026-01-03","1","android"
"3448","2026-01-09","1","android"
"3449","2024-03-20","1","ios"
"3449","2024-03-28","2","android"
"3450","2025-05-07","1","android"
"3450","2025-07-20","1","ios"
"3450","2026-02-23","1","ios"
"3451","2021-10-10","1","web"
"3451","2021-10-22","1","android"
"3452","2022-08-08","1","ios"
"3452","2022-08-25","1","ios"
"3452","2022-08-27","1","ios"
"3452","2022-09-02","1","ios"
"3452","2022-09-15","1","android"
"3452","2022-11-03","1","ios"
"3452","2022-11-15","1","web"
"3452","2022-11-30","1","ios"
"3452","2024-01-06","1","ios"
"3453","2026-05-30","1","android"
"3454","2022-08-06","1","ios"
"3454","2022-08-19","1","ios"
"3454","2022-08-22","1","ios"
"3455","2025-05-24","1","android"
"3455","2025-06-07","1","ios"
"3455","2025-06-24","1","ios"
"3455","2025-07-13","1","web"
"3455","2025-07-18","2","ios"
"3455","2025-08-07","1","android"
"3456","2024-11-26","1","ios"
"3456","2024-11-27","1","android"
"3457","2025-03-06","1","ios"
"3458","2025-11-11","1","ios"
"3458","2026-01-12","1","ios"
"3459","2026-03-28","1","android"
"3459","2026-04-24","1","android"
"3459","2026-04-28","1","web"
"3459","2026-05-01","1","android"
"3460","2023-04-12","1","android"
"3460","2023-06-03","1","web"
"3460","2025-04-02","1","android"
"3460","2025-04-12","1","ios"
"3460","2025-04-26","1","web"
"3461","2024-04-19","1","ios"
"3461","2024-05-25","1","ios"
"3461","2025-12-03","1","ios"
"3462","2021-03-20","1","ios"
"3462","2021-03-26","1","android"
"3462","2023-08-24","1","android"
"3462","2023-09-06","1","android"
"3462","2024-10-07","1","ios"
"3462","2026-02-28","1","android"
"3463","2025-11-29","1","web"
"3463","2026-01-02","1","ios"
"3464","2025-01-24","1","ios"
"3464","2025-02-01","1","android"
"3464","2025-02-02","1","android"
"3464","2025-02-09","1","ios"
"3464","2025-02-11","1","web"
"3464","2025-03-21","2","android"
"3465","2025-12-27","1","ios"
"3465","2025-12-28","1","ios"
"3465","2026-02-01","1","android"
"3466","2022-12-24","1","ios"
"3466","2023-01-01","1","ios"
"3466","2023-03-17","1","ios"
"3467","2020-05-30","1","ios"
"3467","2023-01-04","1","android"
"3467","2024-03-05","1","ios"
"3468","2022-05-28","1","ios"
"3468","2022-05-29","1","android"
"3468","2022-07-04","1","android"
"3468","2022-07-27","1","android"
"3468","2022-07-31","1","ios"
"3468","2022-08-07","1","android"
"3468","2022-08-08","1","ios"
"3469","2020-05-22","1","ios"
"3469","2020-05-25","1","android"
"3469","2020-07-11","1","android"
"3469","2020-08-06","1","web"
"3469","2020-08-20","1","ios"
"3469","2020-09-21","1","android"
"3470","2023-01-27","1","ios"
"3470","2023-02-08","1","android"
"3470","2023-02-14","1","android"
"3470","2023-02-25","1","ios"
"3470","2024-08-16","1","ios"
"3470","2024-09-09","1","web"
"3470","2025-09-04","1","ios"
"3470","2026-03-14","1","android"
"3471","2023-06-23","1","ios"
"3471","2023-06-28","1","ios"
"3471","2023-06-29","1","android"
"3471","2024-04-27","1","web"
"3471","2024-05-09","1","ios"
"3471","2024-05-17","1","android"
"3471","2025-02-12","1","web"
"3471","2025-07-27","1","web"
"3471","2026-01-13","1","ios"
"3472","2024-01-02","1","web"
"3473","2025-02-20","1","android"
"3473","2026-03-15","1","web"
"3474","2024-06-23","1","web"
"3475","2024-09-08","1","android"
"3475","2026-01-12","1","web"
"3476","2021-05-08","1","ios"
"3476","2021-06-12","1","ios"
"3476","2023-08-15","1","ios"
"3476","2023-09-02","1","ios"
"3477","2023-12-06","1","ios"
"3478","2025-03-13","1","ios"
"3478","2026-02-11","1","ios"
"3479","2023-10-08","1","web"
"3479","2024-10-22","1","ios"
"3479","2024-10-23","1","android"
"3480","2026-05-28","1","ios"
"3480","2026-06-13","1","android"
"3480","2026-06-14","1","android"
"3480","2026-06-20","1","ios"
"3480","2026-06-25","1","android"
"3481","2021-12-09","1","ios"
"3481","2021-12-22","1","ios"
"3481","2022-01-01","1","android"
"3481","2022-02-06","1","ios"
"3481","2023-05-05","1","web"
"3481","2023-06-01","1","ios"
"3481","2023-06-25","1","ios"
"3481","2023-07-03","1","ios"
"3481","2023-07-16","1","android"
"3481","2023-08-17","1","ios"
"3481","2024-01-03","1","ios"
"3481","2024-02-07","1","android"
"3481","2024-03-11","1","android"
"3481","2024-03-23","1","ios"
"3481","2025-04-05","1","ios"
"3481","2025-05-10","1","ios"
"3481","2025-05-14","1","android"
"3481","2025-05-20","1","ios"
"3481","2025-06-15","1","android"
"3481","2025-06-23","1","ios"
"3482","2024-10-14","1","android"
"3483","2025-10-20","1","ios"
"3483","2026-03-24","1","ios"
"3484","2025-05-31","1","web"
"3484","2025-06-09","1","web"
"3485","2021-12-18","1","ios"
"3485","2021-12-25","1","android"
"3486","2025-12-12","1","ios"
"3486","2025-12-18","1","android"
"3487","2025-10-05","1","ios"
"3487","2025-11-03","1","ios"
"3487","2025-11-08","1","ios"
"3488","2023-04-19","1","android"
"3488","2023-05-15","1","android"
"3488","2023-05-16","1","android"
"3488","2023-05-30","1","android"
"3488","2026-03-18","1","android"
"3488","2026-03-24","1","ios"
"3488","2026-03-31","1","ios"
"3489","2024-09-30","1","ios"
"3489","2026-04-17","1","android"
"3490","2024-08-03","1","ios"
"3490","2025-09-05","1","ios"
"3490","2025-09-17","1","ios"
"3490","2025-09-26","1","ios"
"3490","2025-10-01","1","ios"
"3491","2022-02-27","1","ios"
"3491","2023-02-26","1","ios"
"3491","2023-03-02","1","ios"
"3491","2024-10-02","1","ios"
"3491","2025-06-07","1","android"
"3491","2026-04-11","1","web"
"3492","2025-09-24","1","web"
"3493","2025-07-07","1","ios"
"3494","2023-10-08","1","ios"
"3494","2023-10-23","1","ios"
"3495","2023-12-03","1","ios"
"3495","2023-12-26","1","android"
"3495","2024-11-26","1","ios"
"3495","2024-11-28","1","android"
"3496","2025-05-21","1","android"
"3496","2025-05-22","1","android"
"3497","2025-06-16","1","ios"
"3497","2025-08-14","1","ios"
"3498","2021-08-22","1","android"
"3498","2021-09-19","1","ios"
"3498","2021-09-23","1","ios"
"3498","2022-10-26","2","ios"
"3498","2022-11-02","1","ios"
"3499","2024-03-17","1","ios"
"3499","2024-03-31","1","ios"
"3499","2024-05-04","1","android"
"3500","2024-04-28","1","ios"
"3501","2023-11-25","1","ios"
"3501","2023-12-07","1","android"
"3501","2023-12-19","1","ios"
"3501","2023-12-21","1","ios"
"3501","2024-01-22","1","ios"
"3501","2024-02-06","1","web"
"3502","2025-08-07","1","ios"
"3502","2025-08-19","1","android"
"3502","2025-09-05","1","android"
"3502","2025-09-18","1","web"
"3503","2024-08-22","1","android"
"3503","2024-08-23","1","android"
"3504","2024-07-17","1","web"
"3504","2024-07-25","1","ios"
"3504","2024-08-16","1","web"
"3504","2024-09-14","1","ios"
"3504","2026-02-18","1","ios"
"3505","2025-01-21","1","android"
"3506","2023-04-06","1","web"
"3506","2023-06-08","1","android"
"3506","2024-01-20","1","web"
"3506","2024-07-19","1","web"
"3506","2025-10-31","1","ios"
"3507","2020-12-19","1","ios"
"3507","2021-10-29","1","android"
"3507","2021-11-06","1","android"
"3507","2021-11-09","1","ios"
"3507","2021-11-13","1","ios"
"3507","2021-12-13","2","android"
"3507","2022-01-15","1","android"
"3507","2022-01-22","1","android"
"3507","2022-02-14","1","android"
"3508","2026-02-19","1","ios"
"3509","2024-01-04","1","web"
"3509","2024-01-13","1","ios"
"3509","2025-01-30","1","ios"
"3510","2025-04-30","1","android"
"3510","2025-05-08","1","web"
"3510","2025-08-04","1","ios"
"3510","2025-10-26","1","ios"
"3511","2025-08-13","1","android"
"3512","2024-03-26","1","web"
"3512","2025-09-22","1","web"
"3512","2026-05-01","1","web"
"3512","2026-06-14","1","ios"
"3513","2019-09-22","1","ios"
"3513","2019-10-03","1","android"
"3514","2025-09-24","1","ios"
"3515","2023-01-17","1","android"
"3515","2023-06-13","1","android"
"3515","2023-07-01","1","ios"
"3515","2023-07-29","2","ios"
"3515","2023-08-07","1","android"
"3515","2023-08-18","1","android"
"3515","2024-04-29","1","ios"
"3515","2024-05-10","1","web"
"3516","2024-08-10","1","ios"
"3517","2021-05-10","1","android"
"3517","2022-03-09","1","ios"
"3517","2022-03-16","1","ios"
"3517","2022-03-17","1","ios"
"3517","2022-04-01","1","web"
"3517","2022-04-07","1","web"
"3517","2022-04-08","1","ios"
"3517","2022-06-27","1","android"
"3518","2021-06-25","1","ios"
"3518","2021-07-23","1","web"
"3518","2021-08-25","1","ios"
"3518","2021-08-29","1","ios"
"3518","2022-04-07","1","ios"
"3518","2022-04-29","1","ios"
"3518","2022-05-03","1","ios"
"3518","2022-05-09","2","android"
"3518","2022-05-19","1","ios"
"3518","2022-06-02","1","ios"
"3518","2022-06-17","1","android"
"3519","2024-01-21","1","ios"
"3519","2024-02-10","1","android"
"3519","2024-02-26","1","ios"
"3519","2024-03-01","2","web"
"3519","2024-03-15","1","ios"
"3519","2026-01-26","2","ios"
"3519","2026-02-13","1","android"
"3519","2026-02-18","1","android"
"3519","2026-03-13","1","ios"
"3519","2026-04-07","1","android"
"3519","2026-05-01","1","ios"
"3520","2025-04-07","1","ios"
"3520","2025-05-25","1","ios"
"3520","2025-06-13","1","ios"
"3520","2025-06-14","1","ios"
"3521","2023-02-20","1","ios"
"3521","2024-02-01","1","ios"
"3521","2024-09-05","1","android"
"3521","2024-10-02","1","ios"
"3521","2024-11-17","1","android"
"3522","2020-12-02","1","ios"
"3522","2020-12-09","1","ios"
"3522","2021-06-07","1","web"
"3522","2022-07-18","1","ios"
"3522","2022-11-13","1","ios"
"3522","2023-01-06","1","ios"
"3522","2023-01-25","1","ios"
"3522","2023-02-08","1","android"
"3522","2023-02-09","1","ios"
"3522","2024-04-08","1","android"
"3522","2025-05-22","1","web"
"3522","2025-06-14","1","ios"
"3522","2025-06-25","1","android"
"3522","2025-08-03","1","android"
"3522","2025-10-25","1","android"
"3522","2026-05-01","1","ios"
"3523","2025-01-29","1","ios"
"3524","2022-01-24","1","ios"
"3524","2022-02-08","1","ios"
"3524","2022-07-18","1","android"
"3525","2021-01-16","1","ios"
"3526","2023-03-18","1","ios"
"3526","2023-04-13","1","ios"
"3526","2023-05-04","1","ios"
"3526","2023-05-07","1","ios"
"3526","2023-05-18","1","web"
"3526","2023-06-09","1","ios"
"3526","2023-08-04","1","web"
"3526","2023-08-30","1","ios"
"3526","2023-09-04","1","android"
"3527","2020-12-23","1","android"
"3527","2022-05-08","1","ios"
"3527","2023-03-17","1","ios"
"3527","2023-07-30","1","android"
"3528","2024-05-28","1","web"
"3529","2022-03-12","1","ios"
"3529","2024-02-26","1","ios"
"3529","2024-12-27","1","web"
"3529","2024-12-29","1","ios"
"3529","2026-03-25","1","web"
"3530","2022-09-04","1","android"
"3530","2022-12-06","1","android"
"3530","2022-12-18","1","android"
"3530","2024-06-16","1","ios"
"3530","2024-06-23","1","android"
"3530","2024-08-14","1","android"
"3530","2024-09-29","1","android"
"3530","2024-10-08","1","ios"
"3530","2024-10-09","1","ios"
"3530","2025-04-27","1","android"
"3530","2026-01-07","1","web"
"3531","2025-08-17","1","android"
"3531","2025-09-12","1","android"
"3531","2025-09-17","1","android"
"3531","2025-11-21","1","android"
"3531","2025-12-12","1","ios"
"3531","2025-12-21","1","ios"
"3532","2022-09-19","1","ios"
"3532","2022-10-10","1","ios"
"3532","2022-10-21","1","android"
"3532","2022-11-14","1","ios"
"3532","2022-11-16","1","ios"
"3532","2022-11-18","2","android"
"3532","2022-12-01","1","android"
"3532","2022-12-30","1","web"
"3532","2023-08-05","1","android"
"3532","2023-08-15","1","ios"
"3532","2023-08-17","1","ios"
"3532","2023-08-18","1","ios"
"3532","2024-01-11","1","ios"
"3532","2024-01-12","1","ios"
"3533","2024-01-31","1","android"
"3533","2024-02-25","1","android"
"3533","2024-09-06","1","web"
"3534","2023-09-07","1","web"
"3534","2023-09-20","1","ios"
"3534","2023-10-15","1","android"
"3534","2023-10-28","1","ios"
"3534","2023-11-11","1","android"
"3534","2024-09-15","1","android"
"3535","2022-12-02","1","ios"
"3535","2023-11-03","2","ios"
"3535","2024-09-10","1","android"
"3535","2024-10-09","1","android"
"3535","2024-10-23","1","web"
"3535","2025-04-11","1","ios"
"3535","2025-04-12","1","android"
"3535","2025-05-02","1","android"
"3535","2025-05-18","1","ios"
"3535","2026-05-13","1","android"
"3535","2026-05-18","1","ios"
"3536","2022-01-22","1","ios"
"3536","2022-02-01","1","android"
"3537","2026-04-20","1","android"
"3537","2026-06-12","1","ios"
"3537","2026-06-19","1","ios"
"3538","2025-06-26","1","android"
"3539","2021-03-29","1","ios"
"3539","2024-08-30","1","web"
"3540","2024-02-19","1","android"
"3540","2025-08-17","1","ios"
"3541","2023-12-23","1","ios"
"3542","2024-04-06","1","web"
"3542","2024-04-19","1","android"
"3542","2024-05-16","1","ios"
"3542","2024-07-25","1","ios"
"3542","2024-08-19","1","web"
"3542","2024-09-14","1","android"
"3542","2024-09-15","1","android"
"3542","2024-09-30","1","ios"
"3542","2024-10-02","1","ios"
"3542","2024-10-08","1","ios"
"3542","2025-04-12","1","ios"
"3542","2025-04-27","1","ios"
"3542","2025-05-27","1","web"
"3542","2025-06-06","1","android"
"3542","2025-09-08","1","ios"
"3542","2025-09-25","1","android"
"3543","2024-07-26","1","ios"
"3543","2024-08-24","1","android"
"3543","2025-09-28","1","web"
"3543","2025-10-20","1","android"
"3543","2026-02-02","1","android"
"3543","2026-03-28","1","android"
"3543","2026-04-16","1","android"
"3544","2024-08-30","1","ios"
"3544","2025-03-08","1","ios"
"3544","2025-03-31","1","web"
"3544","2026-06-14","1","web"
"3544","2026-06-16","1","android"
"3545","2026-03-24","1","ios"
"3546","2021-05-09","1","android"
"3546","2022-01-18","1","android"
"3547","2021-02-10","1","web"
"3548","2023-12-07","1","android"
"3548","2024-09-18","1","ios"
"3548","2024-09-23","1","ios"
"3549","2022-01-14","1","ios"
"3550","2022-06-29","1","web"
"3550","2023-03-20","1","ios"
"3551","2024-04-25","1","ios"
"3551","2025-01-20","1","ios"
"3551","2025-01-29","1","web"
"3551","2026-01-27","1","ios"
"3552","2025-03-18","1","ios"
"3552","2025-04-04","1","ios"
"3552","2025-04-15","1","web"
"3552","2025-05-16","1","ios"
"3552","2025-06-13","1","ios"
"3552","2025-07-03","1","ios"
"3552","2026-06-25","1","ios"
"3553","2025-12-18","1","android"
"3553","2026-03-28","1","ios"
"3554","2025-09-17","1","ios"
"3555","2023-04-16","1","android"
"3556","2021-09-12","1","ios"
"3556","2021-09-22","1","ios"
"3557","2026-06-23","1","ios"
"3557","2026-06-30","1","android"
"3558","2024-11-05","1","ios"
"3558","2024-11-24","1","web"
"3558","2024-11-28","1","android"
"3558","2025-04-28","1","ios"
"3558","2025-04-29","1","ios"
"3558","2025-05-11","1","ios"
"3559","2024-06-01","1","ios"
"3559","2024-06-04","1","ios"
"3559","2024-06-07","1","web"
"3559","2024-07-27","1","android"
"3560","2023-08-19","1","android"
"3561","2026-02-20","1","android"
"3562","2025-03-02","1","ios"
"3563","2023-04-18","1","android"
"3564","2025-03-07","1","web"
"3565","2025-10-04","1","web"
"3566","2024-06-02","1","android"
"3566","2024-07-12","1","ios"
"3566","2024-12-13","1","android"
"3566","2025-11-09","1","ios"
"3567","2022-03-13","1","ios"
"3567","2024-12-27","1","ios"
"3567","2025-09-11","1","ios"
"3567","2025-09-13","1","android"
"3568","2023-10-11","1","android"
"3568","2023-10-20","1","ios"
"3568","2023-10-21","1","ios"
"3568","2025-02-07","1","android"
"3568","2025-03-20","1","ios"
"3569","2022-05-01","1","android"
"3569","2022-09-05","1","web"
"3569","2024-01-14","1","android"
"3569","2024-02-29","1","ios"
"3569","2025-06-07","1","ios"
"3569","2025-06-28","1","web"
"3569","2025-06-29","1","android"
"3569","2025-06-30","1","ios"
"3569","2025-07-03","1","web"
"3569","2025-07-12","1","ios"
"3569","2025-08-05","1","ios"
"3569","2025-08-16","1","android"
"3569","2025-09-27","1","android"
"3569","2025-10-04","1","web"
"3569","2025-10-06","1","ios"
"3569","2026-06-06","1","web"
"3569","2026-06-11","1","ios"
"3569","2026-06-14","1","android"
"3570","2026-06-12","1","ios"
"3571","2026-03-11","1","ios"
"3571","2026-03-15","1","web"
"3571","2026-03-20","2","web"
"3571","2026-03-24","1","android"
"3571","2026-03-26","1","ios"
"3571","2026-04-11","1","ios"
"3571","2026-04-14","1","ios"
"3571","2026-04-21","1","ios"
"3572","2022-07-03","1","ios"
"3572","2022-07-04","1","ios"
"3572","2023-03-14","1","ios"
"3572","2023-03-25","1","ios"
"3572","2023-03-29","1","android"
"3572","2023-06-13","2","ios"
"3572","2023-07-05","1","ios"
"3572","2024-08-08","2","ios"
"3572","2024-09-24","1","ios"
"3572","2024-10-13","1","web"
"3572","2026-04-06","1","ios"
"3572","2026-04-16","1","web"
"3572","2026-04-19","1","ios"
"3572","2026-04-25","1","android"
"3572","2026-05-03","1","android"
"3573","2021-01-27","1","ios"
"3574","2022-10-11","1","ios"
"3574","2022-10-21","1","android"
"3575","2025-11-01","1","ios"
"3576","2025-10-16","1","ios"
"3576","2025-10-22","1","android"
"3577","2024-04-23","1","ios"
"3578","2021-08-06","1","ios"
"3578","2021-09-15","1","ios"
"3579","2025-11-18","1","web"
"3579","2026-01-30","1","ios"
"3580","2026-03-19","1","web"
"3580","2026-03-20","1","ios"
"3580","2026-05-01","1","ios"
"3581","2025-05-23","1","ios"
"3582","2025-10-28","1","ios"
"3582","2026-04-14","1","ios"
"3582","2026-04-23","1","web"
"3583","2023-06-11","1","ios"
"3583","2023-06-16","1","android"
"3583","2023-06-18","1","ios"
"3584","2025-06-20","1","ios"
"3584","2025-07-18","1","ios"
"3585","2026-02-19","1","web"
"3586","2019-05-10","1","ios"
"3586","2020-04-14","1","android"
"3586","2020-06-16","1","android"
"3586","2020-07-12","1","ios"
"3586","2020-07-30","1","ios"
"3586","2020-08-05","1","ios"
"3587","2023-09-15","1","ios"
"3587","2023-10-06","1","web"
"3587","2023-10-13","1","android"
"3587","2025-03-08","1","web"
"3587","2025-03-28","1","web"
"3587","2025-04-02","1","ios"
"3587","2025-06-25","1","web"
"3587","2026-01-07","1","android"
"3588","2023-08-11","1","ios"
"3588","2023-08-15","1","ios"
"3588","2024-09-04","1","web"
"3588","2025-02-26","1","ios"
"3589","2025-07-24","1","android"
"3590","2022-07-15","1","ios"
"3591","2022-06-19","1","ios"
"3591","2022-06-27","2","android"
"3591","2022-07-09","1","ios"
"3591","2022-07-14","1","ios"
"3591","2023-08-26","1","android"
"3591","2025-12-07","1","ios"
"3591","2026-02-10","1","web"
"3591","2026-03-11","1","web"
"3591","2026-03-14","1","android"
"3591","2026-03-29","1","android"
"3592","2024-12-06","1","ios"
"3592","2024-12-25","1","ios"
"3592","2024-12-31","1","web"
"3592","2026-05-04","1","android"
"3593","2023-02-27","1","ios"
"3593","2023-04-16","2","ios"
"3593","2024-05-09","1","web"
"3593","2025-09-09","1","ios"
"3593","2025-10-09","1","ios"
"3593","2026-05-31","1","ios"
"3594","2025-07-22","1","android"
"3595","2023-04-02","1","ios"
"3595","2024-05-03","1","android"
"3595","2024-05-21","1","web"
"3596","2020-08-20","1","ios"
"3596","2020-09-21","1","android"
"3596","2020-09-23","1","ios"
"3596","2020-09-29","2","ios"
"3596","2021-08-05","1","ios"
"3596","2022-06-20","1","web"
"3596","2023-06-30","1","ios"
"3596","2024-03-20","1","web"
"3597","2023-10-13","1","ios"
"3597","2023-11-18","1","android"
"3597","2023-11-26","1","ios"
"3597","2024-07-17","1","android"
"3598","2021-09-08","1","android"
"3598","2021-09-09","1","ios"
"3598","2021-09-11","1","android"
"3598","2021-09-16","1","ios"
"3598","2022-05-27","1","web"
"3598","2022-06-09","1","web"
"3598","2022-07-02","1","web"
"3599","2025-08-02","1","ios"
"3599","2025-08-03","1","ios"
"3599","2025-08-10","1","ios"
"3600","2024-06-04","1","ios"
"3600","2024-06-26","1","android"
"3600","2025-05-02","1","ios"
"3601","2021-04-10","1","ios"
"3601","2021-04-15","1","android"
"3601","2021-04-22","1","ios"
"3601","2023-06-21","1","ios"
"3601","2023-07-18","1","web"
"3601","2024-04-16","1","ios"
"3601","2025-06-10","1","android"
"3602","2026-05-27","1","android"
"3602","2026-05-29","1","web"
"3602","2026-06-11","1","android"
"3602","2026-06-19","1","ios"
"3603","2023-04-27","1","android"
"3604","2023-03-28","1","ios"
"3604","2023-03-31","1","android"
"3604","2024-05-31","1","android"
"3604","2025-06-09","1","android"
"3605","2024-09-08","1","ios"
"3606","2023-04-24","1","ios"
"3607","2024-07-30","1","ios"
"3607","2024-08-05","1","ios"
"3607","2024-09-14","1","ios"
"3608","2021-10-06","1","android"
"3608","2021-11-27","1","web"
"3608","2022-01-10","1","ios"
"3609","2024-10-18","1","ios"
"3609","2024-10-28","1","ios"
"3609","2024-12-21","1","ios"
"3609","2025-12-15","1","ios"
"3609","2025-12-19","1","ios"
"3609","2026-01-02","1","ios"
"3610","2023-09-13","1","web"
"3610","2023-09-30","1","web"
"3610","2023-10-05","1","ios"
"3610","2023-12-18","1","web"
"3610","2023-12-22","1","ios"
"3610","2024-02-01","1","ios"
"3610","2024-03-06","1","ios"
"3610","2024-03-15","1","android"
"3610","2024-06-06","2","android"
"3610","2024-06-13","1","ios"
"3610","2024-06-25","1","ios"
"3610","2024-06-26","1","android"
"3611","2023-07-01","1","ios"
"3611","2023-07-18","1","ios"
"3611","2023-08-04","1","android"
"3612","2022-10-17","1","ios"
"3613","2025-07-17","1","android"
"3613","2025-08-14","1","android"
"3614","2026-02-21","1","ios"
"3614","2026-02-25","1","ios"
"3614","2026-03-07","1","web"
"3615","2023-07-27","1","web"
"3615","2023-08-04","1","ios"
"3615","2025-02-04","1","web"
"3615","2025-02-07","1","ios"
"3615","2025-02-08","1","ios"
"3615","2025-02-19","1","ios"
"3615","2025-05-10","1","ios"
"3615","2025-05-25","2","ios"
"3615","2025-05-26","1","android"
"3616","2020-08-19","1","web"
"3616","2020-09-16","1","android"
"3616","2020-10-16","1","android"
"3616","2020-11-05","1","ios"
"3617","2025-11-29","1","ios"
"3618","2025-05-10","1","ios"
"3618","2025-05-23","1","ios"
"3618","2025-05-30","1","ios"
"3618","2025-07-06","1","ios"
"3618","2025-07-21","1","web"
"3618","2025-08-01","1","android"
"3618","2025-08-07","1","ios"
"3618","2025-10-31","1","ios"
"3618","2025-11-02","1","android"
"3619","2025-06-28","1","ios"
"3619","2025-11-30","1","web"
"3619","2025-12-05","1","web"
"3620","2023-01-27","1","ios"
"3620","2024-02-29","1","ios"
"3620","2024-03-31","1","android"
"3620","2024-10-18","1","ios"
"3620","2025-11-13","1","ios"
"3620","2025-12-06","1","ios"
"3621","2024-02-17","1","android"
"3621","2024-02-29","1","android"
"3621","2025-02-15","1","android"
"3621","2025-02-27","1","ios"
"3621","2026-01-01","1","android"
"3622","2025-01-22","1","ios"
"3623","2021-04-30","1","android"
"3623","2022-03-10","1","ios"
"3623","2022-03-11","1","web"
"3623","2022-04-15","1","ios"
"3623","2022-06-28","1","ios"
"3623","2024-01-17","1","android"
"3624","2023-03-18","1","ios"
"3624","2023-03-21","1","ios"
"3624","2023-03-25","1","ios"
"3624","2023-04-22","1","ios"
"3624","2023-08-14","1","ios"
"3624","2023-08-24","1","ios"
"3624","2023-08-28","1","ios"
"3624","2024-03-14","1","web"
"3625","2023-10-10","1","android"
"3625","2025-02-03","1","android"
"3625","2025-02-13","1","web"
"3625","2025-03-17","1","ios"
"3626","2023-09-10","1","ios"
"3626","2023-09-23","1","ios"
"3626","2023-10-04","1","ios"
"3626","2023-10-08","1","android"
"3626","2026-02-11","1","web"
"3626","2026-03-02","2","ios"
"3626","2026-03-14","1","ios"
"3627","2026-06-25","1","web"
"3628","2024-12-20","1","ios"
"3628","2024-12-21","1","ios"
"3628","2024-12-29","1","ios"
"3628","2025-01-06","1","android"
"3628","2025-03-02","1","ios"
"3628","2025-03-03","1","android"
"3629","2020-11-23","1","ios"
"3629","2023-03-14","1","ios"
"3629","2023-03-26","1","android"
"3629","2023-04-06","1","ios"
"3630","2025-12-07","1","android"
"3631","2023-05-28","1","ios"
"3631","2023-06-22","1","web"
"3631","2023-07-23","1","android"
"3631","2023-08-14","1","ios"
"3631","2023-12-20","1","android"
"3631","2024-01-18","1","ios"
"3632","2025-03-03","1","android"
"3632","2025-03-16","1","ios"
"3632","2025-04-05","1","ios"
"3633","2022-06-21","1","web"
"3633","2022-07-01","1","ios"
"3633","2022-07-02","1","android"
"3633","2022-12-31","1","android"
"3633","2023-01-02","1","ios"
"3633","2023-01-14","1","ios"
"3633","2023-10-03","1","ios"
"3633","2024-08-20","1","web"
"3633","2025-11-17","1","web"
"3633","2026-06-26","1","android"
"3634","2023-07-18","1","ios"
"3634","2023-07-26","1","ios"
"3634","2023-08-01","1","android"
"3634","2023-08-10","1","ios"
"3634","2025-09-06","1","ios"
"3634","2025-09-08","1","ios"
"3634","2025-09-17","1","ios"
"3634","2025-10-03","1","android"
"3634","2025-10-09","1","android"
"3635","2025-08-21","1","web"
"3635","2025-08-22","1","web"
"3635","2025-11-17","1","android"
"3635","2026-01-21","1","ios"
"3635","2026-01-27","1","web"
"3635","2026-05-05","1","ios"
"3635","2026-05-20","1","android"
"3635","2026-05-29","1","web"
"3635","2026-06-09","1","ios"
"3636","2024-01-19","1","ios"
"3636","2024-03-30","1","ios"
"3636","2024-10-17","1","ios"
"3636","2025-11-17","1","ios"
"3636","2025-12-02","1","ios"
"3636","2025-12-20","1","web"
"3636","2026-01-22","1","android"
"3636","2026-01-28","1","ios"
"3637","2023-08-03","1","ios"
"3637","2023-08-11","1","ios"
"3637","2023-09-10","1","ios"
"3637","2023-10-06","1","android"
"3637","2023-10-09","1","android"
"3637","2023-10-12","1","android"
"3637","2023-10-13","1","web"
"3638","2023-03-12","1","web"
"3638","2023-03-16","1","android"
"3638","2023-04-02","1","web"
"3638","2024-04-13","1","android"
"3638","2024-05-03","1","android"
"3639","2023-09-19","1","ios"
"3639","2023-10-04","1","ios"
"3639","2023-10-10","1","web"
"3639","2023-10-13","1","web"
"3639","2023-11-22","1","android"
"3639","2024-07-08","1","ios"
"3640","2025-01-12","1","ios"
"3640","2025-02-02","1","web"
"3641","2024-08-09","1","ios"
"3641","2024-08-16","1","android"
"3641","2024-09-02","1","android"
"3641","2025-01-02","1","ios"
"3641","2025-01-15","1","web"
"3641","2025-01-16","1","ios"
"3641","2025-01-31","1","ios"
"3642","2021-07-01","1","ios"
"3642","2021-07-14","1","ios"
"3642","2021-07-20","1","ios"
"3642","2021-08-08","1","ios"
"3642","2021-08-25","1","ios"
"3642","2021-11-07","1","android"
"3642","2021-11-17","1","ios"
"3642","2021-11-25","1","web"
"3643","2023-02-06","1","android"
"3643","2023-08-17","1","android"
"3644","2024-08-02","1","web"
"3645","2024-02-14","1","ios"
"3645","2024-02-15","1","web"
"3645","2025-05-29","1","android"
"3646","2022-10-04","1","android"
"3646","2023-03-11","1","ios"
"3646","2024-03-01","1","ios"
"3647","2022-08-28","1","ios"
"3647","2022-09-21","1","android"
"3647","2022-11-05","1","android"
"3647","2022-11-21","1","android"
"3647","2023-01-07","1","android"
"3647","2023-01-12","2","android"
"3647","2023-01-24","1","ios"
"3647","2023-02-09","2","android"
"3647","2023-02-12","1","web"
"3647","2023-02-17","1","web"
"3647","2023-02-19","1","ios"
"3647","2023-03-01","1","ios"
"3647","2023-03-03","2","ios"
"3647","2023-03-09","1","ios"
"3647","2023-04-08","2","ios"
"3647","2023-06-06","1","ios"
"3647","2025-01-13","1","android"
"3647","2025-01-25","1","android"
"3647","2025-01-31","1","android"
"3647","2025-02-04","1","web"
"3647","2025-02-05","1","web"
"3647","2025-02-08","1","ios"
"3647","2026-05-13","1","android"
"3648","2020-07-01","1","web"
"3648","2021-04-18","1","android"
"3649","2022-06-07","1","ios"
"3650","2020-12-21","1","ios"
"3650","2021-03-20","1","android"
"3650","2022-01-18","1","ios"
"3650","2022-09-22","1","ios"
"3651","2019-09-28","1","android"
"3651","2019-10-20","1","ios"
"3651","2019-11-02","1","ios"
"3651","2019-12-20","1","web"
"3651","2020-01-19","1","ios"
"3651","2020-08-16","1","android"
"3651","2020-08-17","1","ios"
"3651","2020-08-21","1","web"
"3651","2020-09-01","1","android"
"3651","2020-09-05","1","web"
"3651","2020-09-27","1","android"
"3651","2020-10-21","1","ios"
"3651","2023-04-29","1","ios"
"3651","2023-05-02","1","ios"
"3651","2024-02-15","2","android"
"3652","2025-12-28","1","ios"
"3652","2025-12-29","1","android"
"3652","2026-01-10","1","ios"
"3652","2026-02-17","1","ios"
"3652","2026-03-07","1","web"
"3652","2026-03-19","1","web"
"3653","2025-09-04","1","ios"
"3653","2025-09-17","1","android"
"3653","2025-09-24","1","android"
"3654","2024-11-25","1","web"
"3654","2025-06-18","1","ios"
"3654","2025-07-05","1","ios"
"3654","2025-08-09","1","android"
"3654","2025-08-10","1","web"
"3654","2025-10-05","1","ios"
"3654","2025-11-28","1","ios"
"3655","2025-09-11","1","ios"
"3655","2025-09-18","1","ios"
"3656","2022-12-20","1","ios"
"3656","2023-01-28","1","web"
"3656","2023-02-11","1","ios"
"3656","2023-02-25","1","ios"
"3656","2023-03-10","1","ios"
"3656","2023-03-17","1","ios"
"3656","2023-04-27","1","android"
"3656","2023-05-12","1","ios"
"3656","2023-05-19","2","ios"
"3656","2024-03-01","1","ios"
"3656","2024-08-07","1","android"
"3656","2025-04-23","1","web"
"3657","2024-07-12","1","ios"
"3658","2021-01-31","1","ios"
"3658","2021-02-01","1","ios"
"3658","2021-02-02","2","ios"
"3659","2023-03-31","1","android"
"3659","2023-04-27","1","ios"
"3659","2023-06-12","1","web"
"3659","2023-06-14","1","web"
"3659","2023-07-26","1","android"
"3659","2023-08-12","1","android"
"3660","2020-08-17","1","web"
"3661","2023-04-17","1","ios"
"3662","2023-12-27","1","android"
"3662","2024-01-01","1","android"
"3662","2024-01-30","1","ios"
"3662","2026-05-17","1","web"
"3662","2026-05-19","1","android"
"3662","2026-05-31","1","ios"
"3662","2026-06-12","1","ios"
"3663","2026-02-26","1","ios"
"3663","2026-03-06","1","android"
"3663","2026-03-17","1","android"
"3663","2026-03-18","1","ios"
"3663","2026-04-10","1","android"
"3664","2023-11-16","1","ios"
"3664","2023-11-26","1","ios"
"3664","2024-01-26","1","android"
"3664","2025-08-15","1","web"
"3664","2025-08-21","1","ios"
"3664","2026-02-10","1","android"
"3664","2026-05-18","1","android"
"3664","2026-05-21","1","ios"
"3665","2025-08-28","1","ios"
"3665","2025-10-08","1","web"
"3665","2025-10-21","1","ios"
"3665","2025-11-24","1","ios"
"3665","2025-11-25","1","android"
"3665","2025-12-24","1","android"
"3665","2025-12-26","1","android"
"3665","2025-12-28","1","ios"
"3666","2022-05-22","1","ios"
"3666","2022-05-25","1","android"
"3666","2022-06-17","2","android"
"3666","2022-11-28","1","web"
"3667","2025-04-19","1","ios"
"3667","2025-05-09","1","ios"
"3667","2025-05-20","1","android"
"3668","2024-01-08","1","ios"
"3669","2024-06-14","1","ios"
"3669","2025-09-17","1","ios"
"3670","2024-01-01","1","android"
"3670","2024-01-12","1","ios"
"3670","2024-01-17","1","android"
"3670","2024-11-30","1","ios"
"3670","2025-01-15","1","android"
"3671","2023-11-15","1","web"
"3671","2023-11-23","1","android"
"3671","2023-12-15","1","web"
"3671","2023-12-30","1","ios"
"3671","2024-01-03","1","android"
"3671","2024-02-25","1","web"
"3671","2024-03-02","1","ios"
"3671","2024-03-03","1","ios"
"3672","2024-02-15","1","ios"
"3672","2024-02-17","1","web"
"3673","2024-09-05","1","android"
"3673","2024-09-08","1","web"
"3673","2025-12-14","1","ios"
"3674","2026-05-20","1","android"
"3674","2026-05-23","1","ios"
"3675","2023-03-26","1","ios"
"3675","2023-04-28","1","android"
"3675","2023-04-29","1","android"
"3675","2023-10-13","1","web"
"3676","2022-05-27","1","ios"
"3676","2022-06-26","2","android"
"3676","2022-07-10","2","ios"
"3676","2023-03-23","1","android"
"3676","2023-03-24","1","android"
"3677","2025-11-27","1","ios"
"3677","2026-01-04","1","android"
"3677","2026-01-16","1","android"
"3677","2026-02-19","1","ios"
"3678","2022-12-02","1","android"
"3678","2023-11-21","1","ios"
"3679","2024-09-15","1","ios"
"3679","2025-08-16","1","ios"
"3679","2025-08-22","1","ios"
"3680","2025-05-29","1","web"
"3681","2023-05-30","1","ios"
"3681","2024-01-13","2","ios"
"3681","2024-01-16","2","android"
"3681","2024-08-22","1","ios"
"3682","2025-11-12","1","ios"
"3682","2025-11-14","1","android"
"3683","2022-07-27","1","android"
"3683","2023-04-05","1","ios"
"3683","2023-08-18","1","ios"
"3683","2024-07-03","1","android"
"3684","2024-12-14","1","android"
"3684","2024-12-22","1","ios"
"3684","2025-01-12","1","ios"
"3685","2025-07-09","1","android"
"3685","2025-07-12","1","android"
"3685","2025-07-16","1","web"
"3685","2025-08-16","1","android"
"3685","2025-08-23","1","ios"
"3685","2025-08-26","1","android"
"3685","2025-09-17","2","ios"
"3685","2026-03-09","1","web"
"3686","2020-04-19","1","ios"
"3686","2020-04-20","1","ios"
"3686","2020-06-08","1","ios"
"3686","2021-03-07","1","android"
"3686","2021-03-27","1","android"
"3686","2021-05-28","1","android"
"3686","2021-05-30","1","web"
"3686","2021-06-16","1","android"
"3687","2025-12-04","1","android"
"3688","2025-04-06","1","web"
"3688","2025-10-05","1","ios"
"3688","2025-10-26","1","ios"
"3688","2025-11-10","2","android"
"3688","2025-11-19","1","ios"
"3688","2025-12-20","1","android"
"3689","2026-02-12","1","ios"
"3689","2026-02-24","1","ios"
"3690","2024-04-23","1","android"
"3690","2024-05-22","1","ios"
"3690","2024-12-13","1","ios"
"3690","2026-04-06","1","android"
"3691","2026-03-13","1","ios"
"3692","2026-04-11","1","web"
"3692","2026-04-20","1","android"
"3692","2026-05-17","1","ios"
"3692","2026-06-08","1","android"
"3692","2026-06-29","1","ios"
"3693","2023-11-25","1","web"
"3693","2025-08-21","1","web"
"3694","2019-11-13","1","ios"
"3695","2021-03-31","1","web"
"3695","2021-04-09","1","android"
"3695","2021-04-14","1","ios"
"3696","2022-09-03","1","ios"
"3696","2022-10-14","1","web"
"3696","2022-10-22","1","web"
"3696","2022-11-03","1","web"
"3696","2022-11-12","1","ios"
"3696","2024-05-08","1","ios"
"3697","2023-08-22","1","ios"
"3698","2021-11-08","1","ios"
"3698","2022-12-17","1","ios"
"3698","2024-01-05","1","ios"
"3698","2024-01-11","2","web"
"3698","2024-01-25","1","ios"
"3698","2024-02-13","1","ios"
"3698","2024-03-01","1","android"
"3698","2024-03-19","1","web"
"3699","2026-03-15","1","ios"
"3700","2023-08-07","1","ios"
"3700","2023-08-08","1","ios"
"3700","2023-09-06","1","ios"
"3700","2025-08-21","1","ios"
"3701","2024-10-31","1","ios"
"3701","2024-11-03","1","android"
"3701","2024-11-22","1","android"
"3701","2024-12-22","1","ios"
"3701","2024-12-23","1","ios"
"3701","2025-03-21","1","android"
"3701","2025-03-28","1","ios"
"3701","2025-04-01","1","web"
"3702","2022-06-06","1","ios"
"3702","2022-07-01","1","android"
"3702","2022-07-02","1","web"
"3702","2022-07-05","1","ios"
"3702","2022-07-06","1","ios"
"3702","2024-09-24","1","ios"
"3702","2025-06-29","1","web"
"3702","2026-01-22","1","android"
"3703","2024-11-03","1","ios"
"3704","2020-08-25","1","android"
"3705","2021-11-22","1","android"
"3705","2023-11-25","1","ios"
"3706","2024-08-18","1","web"
"3706","2024-08-30","1","ios"
"3706","2024-09-01","1","android"
"3706","2024-09-20","1","ios"
"3706","2024-10-18","1","android"
"3706","2024-10-22","1","android"
"3706","2024-10-27","1","web"
"3706","2025-01-07","1","android"
"3706","2025-01-11","1","ios"
"3706","2025-02-19","1","android"
"3706","2025-03-07","1","android"
"3706","2026-02-26","1","android"
"3707","2024-01-16","1","android"
"3707","2024-01-23","1","ios"
"3707","2024-01-25","1","ios"
"3707","2024-01-27","1","android"
"3708","2025-05-18","1","ios"
"3709","2024-08-06","1","ios"
"3709","2025-01-28","1","android"
"3709","2025-02-04","1","ios"
"3709","2025-02-07","1","ios"
"3709","2025-02-20","1","ios"
"3710","2024-06-25","1","web"
"3711","2020-06-14","1","ios"
"3711","2020-06-16","1","ios"
"3711","2020-06-18","1","ios"
"3711","2020-06-19","1","ios"
"3711","2020-06-26","1","ios"
"3712","2020-06-23","1","ios"
"3713","2024-10-01","1","android"
"3714","2021-01-21","1","ios"
"3714","2024-03-31","1","ios"
"3714","2024-04-07","1","ios"
"3714","2024-05-04","1","ios"
"3714","2025-01-18","1","ios"
"3714","2025-02-28","1","web"
"3714","2025-03-03","1","ios"
"3715","2023-11-09","1","web"
"3715","2023-11-10","1","web"
"3715","2023-12-19","1","web"
"3715","2023-12-28","1","web"
"3715","2025-06-05","1","android"
"3715","2026-04-29","1","android"
"3716","2023-01-13","1","android"
"3716","2023-02-10","1","ios"
"3717","2023-12-19","1","android"
"3717","2024-01-02","1","ios"
"3717","2024-01-17","1","web"
"3717","2024-01-21","1","android"
"3717","2024-02-04","1","android"
"3717","2025-07-17","1","ios"
"3718","2024-12-22","1","ios"
"3718","2024-12-29","1","web"
"3719","2021-09-08","1","android"
"3720","2024-06-30","1","android"
"3720","2024-08-23","1","web"
"3720","2024-08-31","1","web"
"3721","2021-02-14","1","web"
"3721","2021-02-18","1","web"
"3721","2022-03-10","1","ios"
"3721","2022-04-01","1","web"
"3721","2022-05-05","1","ios"
"3721","2022-05-09","1","ios"
"3722","2022-01-10","1","ios"
"3722","2022-01-14","1","android"
"3722","2022-01-20","1","android"
"3722","2023-03-02","1","web"
"3722","2023-04-18","1","ios"
"3722","2023-04-19","1","ios"
"3722","2024-01-23","1","web"
"3722","2025-01-08","1","web"
"3722","2025-08-03","1","ios"
"3723","2022-02-17","1","android"
"3723","2022-03-06","1","ios"
"3724","2024-06-04","1","ios"
"3724","2024-06-08","1","android"
"3724","2024-07-07","1","ios"
"3725","2026-04-30","1","web"
"3726","2019-03-07","1","android"
"3726","2019-03-22","1","android"
"3727","2022-06-07","1","ios"
"3727","2022-06-08","1","android"
"3727","2022-06-27","1","ios"
"3727","2022-07-04","1","ios"
"3727","2022-07-11","1","android"
"3727","2022-07-17","2","web"
"3727","2023-09-18","1","ios"
"3727","2023-09-20","1","android"
"3727","2023-09-24","1","ios"
"3727","2023-10-04","1","ios"
"3727","2023-10-06","1","android"
"3727","2023-11-10","2","ios"
"3727","2023-12-04","1","web"
"3727","2024-01-04","1","ios"
"3727","2024-01-18","1","android"
"3727","2024-01-27","1","ios"
"3727","2024-02-19","1","ios"
"3727","2024-12-20","1","ios"
"3728","2021-06-11","1","ios"
"3728","2021-06-12","1","android"
"3728","2021-06-22","1","web"
"3728","2021-06-24","1","ios"
"3728","2021-07-22","1","android"
"3728","2022-12-01","1","android"
"3728","2022-12-02","1","android"
"3728","2024-09-08","1","ios"
"3728","2026-02-26","1","ios"
"3728","2026-03-08","1","android"
"3729","2025-09-29","1","android"
"3729","2025-10-03","1","ios"
"3729","2025-10-04","1","web"
"3729","2025-12-30","1","ios"
"3729","2026-01-04","1","web"
"3730","2020-10-12","1","ios"
"3730","2020-10-16","1","ios"
"3731","2023-10-02","1","android"
"3732","2024-11-09","1","ios"
"3732","2024-12-01","1","android"
"3733","2023-06-19","1","ios"
"3733","2023-07-16","1","android"
"3733","2023-07-17","1","web"
"3734","2025-02-01","1","ios"
"3734","2025-02-09","1","ios"
"3734","2025-08-02","1","android"
"3735","2025-03-01","1","android"
"3735","2025-03-16","1","ios"
"3735","2025-04-19","1","web"
"3735","2025-05-20","1","android"
"3736","2025-09-20","1","ios"
"3736","2025-09-27","1","ios"
"3736","2025-10-19","1","ios"
"3736","2026-04-04","1","ios"
"3736","2026-04-05","1","ios"
"3737","2024-12-26","1","web"
"3738","2024-08-26","1","android"
"3739","2020-10-20","1","ios"
"3739","2020-10-29","1","ios"
"3739","2021-07-29","1","ios"
"3739","2021-08-14","1","ios"
"3739","2021-09-10","1","web"
"3739","2021-09-11","1","android"
"3740","2022-06-11","1","android"
"3740","2022-06-13","1","ios"
"3740","2022-06-14","1","android"
"3740","2022-06-23","1","ios"
"3740","2022-06-24","1","ios"
"3741","2022-02-17","1","ios"
"3741","2022-03-03","1","ios"
"3742","2022-03-13","1","ios"
"3743","2025-06-03","1","ios"
"3744","2024-09-26","1","android"
"3745","2024-06-16","1","ios"
"3745","2024-08-01","1","web"
"3745","2025-04-12","1","android"
"3745","2025-09-01","1","ios"
"3746","2024-02-07","1","android"
"3746","2024-02-09","1","web"
"3746","2024-03-01","1","ios"
"3747","2025-10-23","1","ios"
"3747","2025-11-18","1","ios"
"3748","2026-05-14","1","android"
"3748","2026-05-29","1","ios"
"3748","2026-06-21","2","android"
"3749","2025-01-10","1","ios"
"3749","2025-01-11","1","web"
"3749","2025-02-02","1","web"
"3750","2021-12-07","1","ios"
"3750","2022-01-18","1","ios"
"3751","2026-02-23","1","ios"
"3751","2026-05-09","1","ios"
"3752","2024-08-18","1","web"
"3753","2020-07-11","1","web"
"3754","2023-05-17","1","ios"
"3754","2023-05-28","1","android"
"3755","2022-10-07","1","android"
"3755","2022-10-18","1","android"
"3755","2023-10-26","1","ios"
"3756","2022-06-30","1","web"
"3756","2022-07-01","1","ios"
"3756","2025-02-10","1","ios"
"3756","2025-08-24","1","android"
"3757","2025-09-07","1","ios"
"3757","2025-10-05","1","ios"
"3757","2025-10-11","1","android"
"3757","2025-11-08","1","android"
"3757","2025-11-21","1","ios"
"3758","2024-07-09","1","web"
"3758","2024-07-11","1","web"
"3758","2024-11-30","1","android"
"3758","2025-01-28","1","ios"
"3758","2025-01-31","1","ios"
"3758","2025-02-04","1","ios"
"3758","2026-06-07","1","web"
"3759","2023-07-15","1","ios"
"3759","2023-07-18","1","android"
"3759","2023-08-17","1","ios"
"3759","2023-09-10","1","web"
"3759","2023-10-22","1","android"
"3759","2023-11-26","1","ios"
"3759","2023-12-31","1","web"
"3759","2024-01-01","1","ios"
"3760","2025-08-03","1","ios"
"3760","2025-08-05","1","ios"
"3760","2026-02-19","1","android"
"3761","2025-07-01","1","ios"
"3761","2025-07-09","1","ios"
"3762","2019-12-17","1","android"
"3762","2019-12-20","1","ios"
"3762","2022-01-24","1","ios"
"3762","2022-02-27","1","android"
"3763","2025-10-08","1","android"
"3763","2025-10-12","1","web"
"3764","2020-03-08","1","ios"
"3764","2020-03-13","1","web"
"3765","2025-09-09","1","web"
"3765","2026-06-08","1","ios"
"3766","2024-02-04","1","android"
"3767","2023-01-15","1","web"
"3767","2023-01-18","1","web"
"3767","2024-11-20","1","android"
"3767","2025-01-31","1","android"
"3767","2025-02-12","2","ios"
"3767","2025-07-30","1","web"
"3768","2023-04-21","1","ios"
"3768","2023-04-25","1","ios"
"3768","2023-06-11","1","android"
"3768","2023-11-15","1","android"
"3769","2022-01-24","1","android"
"3770","2025-05-15","1","ios"
"3770","2026-05-19","1","web"
"3770","2026-06-06","2","ios"
"3771","2025-07-24","1","ios"
"3771","2025-10-08","1","ios"
"3772","2023-06-14","1","ios"
"3772","2023-06-20","1","android"
"3772","2023-06-21","1","android"
"3773","2025-03-05","1","ios"
"3773","2026-06-25","2","ios"
"3774","2022-06-26","1","ios"
"3774","2022-07-05","1","web"
"3774","2022-07-25","1","android"
"3774","2022-08-23","1","ios"
"3774","2022-09-12","1","ios"
"3774","2022-09-13","1","web"
"3774","2022-09-19","1","web"
"3774","2022-11-19","2","web"
"3774","2025-05-31","1","ios"
"3774","2025-11-21","1","ios"
"3775","2022-07-25","1","ios"
"3775","2022-08-14","1","web"
"3775","2022-11-01","1","ios"
"3775","2022-11-17","1","android"
"3775","2023-04-06","1","ios"
"3775","2023-04-10","1","ios"
"3775","2023-04-12","1","web"
"3775","2023-05-05","1","ios"
"3775","2023-05-20","1","android"
"3776","2023-06-14","1","web"
"3776","2023-07-18","1","ios"
"3776","2023-07-19","1","web"
"3776","2024-03-08","1","android"
"3776","2024-03-13","1","web"
"3776","2024-03-19","2","android"
"3776","2024-04-13","1","ios"
"3776","2025-03-01","1","ios"
"3776","2025-03-09","1","ios"
"3776","2025-03-24","1","ios"
"3776","2025-03-31","1","ios"
"3777","2024-01-24","1","android"
"3777","2024-09-10","1","ios"
"3777","2024-09-16","1","ios"
"3777","2024-10-13","2","android"
"3777","2025-02-11","1","web"
"3778","2022-07-23","1","android"
"3778","2022-07-29","1","ios"
"3778","2022-08-11","1","ios"
"3778","2022-08-14","1","android"
"3778","2022-09-07","1","android"
"3778","2022-09-16","1","ios"
"3778","2022-09-29","1","ios"
"3778","2022-11-13","1","android"
"3778","2022-12-07","1","ios"
"3778","2022-12-08","1","android"
"3778","2022-12-21","2","android"
"3778","2023-01-04","1","ios"
"3778","2023-01-30","1","ios"
"3778","2024-11-26","1","android"
"3778","2024-12-01","1","ios"
"3778","2024-12-07","1","ios"
"3779","2022-03-28","1","web"
"3780","2026-05-09","1","android"
"3781","2023-07-05","1","android"
"3782","2023-03-25","1","ios"
"3782","2023-04-12","1","android"
"3782","2023-04-18","1","ios"
"3782","2024-04-30","1","ios"
"3782","2024-12-15","1","web"
"3782","2026-04-09","1","web"
"3783","2026-03-01","1","ios"
"3783","2026-03-22","1","ios"
"3783","2026-05-04","1","web"
"3783","2026-05-11","1","android"
"3783","2026-05-16","1","ios"
"3783","2026-06-01","1","android"
"3783","2026-06-08","1","android"
"3783","2026-06-14","1","android"
"3784","2022-04-24","1","web"
"3784","2022-05-07","1","android"
"3785","2022-01-09","1","ios"
"3785","2022-12-23","1","android"
"3785","2022-12-27","1","ios"
"3785","2023-08-03","1","android"
"3785","2023-10-09","1","android"
"3785","2024-10-23","1","ios"
"3785","2024-10-27","1","android"
"3786","2023-05-23","1","ios"
"3786","2023-05-27","1","android"
"3786","2023-06-08","1","ios"
"3786","2023-07-25","1","android"
"3786","2023-08-05","1","web"
"3787","2024-03-11","1","ios"
"3787","2024-03-25","1","ios"
"3787","2024-11-30","1","android"
"3787","2024-12-06","1","android"
"3787","2024-12-22","1","web"
"3787","2025-01-03","1","android"
"3788","2025-08-15","1","ios"
"3789","2023-10-19","1","web"
"3789","2023-11-11","1","web"
"3789","2026-02-03","1","android"
"3790","2026-04-24","1","android"
"3790","2026-05-14","1","android"
"3791","2022-11-06","1","ios"
"3791","2022-11-07","1","ios"
"3791","2022-11-17","1","web"
"3791","2022-12-15","1","android"
"3791","2022-12-20","1","web"
"3791","2022-12-23","1","android"
"3791","2023-09-17","2","ios"
"3791","2023-10-30","1","ios"
"3791","2023-11-25","1","android"
"3792","2021-01-19","1","ios"
"3792","2021-02-26","1","android"
"3792","2021-03-03","1","ios"
"3792","2021-03-14","2","ios"
"3792","2021-03-30","1","ios"
"3793","2021-03-01","1","ios"
"3793","2021-03-11","1","web"
"3794","2024-07-24","1","ios"
"3794","2024-11-23","1","ios"
"3794","2024-12-11","2","ios"
"3794","2026-02-15","1","ios"
"3794","2026-03-04","1","ios"
"3795","2020-08-08","1","web"
"3796","2025-09-27","1","ios"
"3796","2025-09-28","1","ios"
"3797","2025-06-11","1","ios"
"3798","2024-02-27","1","ios"
"3799","2020-01-05","1","ios"
"3799","2020-01-12","1","android"
"3799","2020-02-20","2","ios"
"3800","2021-11-17","1","ios"
"3800","2021-11-27","1","ios"
"3800","2022-02-13","1","web"
"3800","2022-10-14","1","android"
"3800","2022-10-28","1","ios"
"3800","2022-10-30","1","ios"
"3800","2022-11-03","1","ios"
"3800","2024-03-06","1","ios"
"3800","2025-01-05","1","ios"
"3800","2025-04-15","1","ios"
"3800","2025-04-27","1","web"
"3801","2019-12-22","1","android"
"3801","2022-02-23","1","android"
"3802","2023-07-06","1","ios"
"3802","2023-07-07","1","ios"
"3802","2023-07-26","1","android"
"3803","2022-04-29","1","android"
"3803","2022-05-04","1","web"
"3803","2022-05-22","1","web"
"3803","2022-06-12","1","android"
"3803","2022-06-15","1","ios"
"3803","2022-06-27","1","ios"
"3803","2023-01-02","1","web"
"3803","2023-01-18","2","ios"
"3804","2022-10-01","1","web"
"3804","2022-10-17","1","ios"
"3804","2024-02-05","1","ios"
"3804","2024-02-08","1","ios"
"3804","2024-02-09","1","web"
"3804","2024-02-17","1","web"
"3804","2024-03-21","1","android"
"3804","2024-03-23","1","ios"
"3804","2024-04-04","1","ios"
"3804","2024-06-25","1","ios"
"3804","2024-07-07","1","android"
"3804","2026-06-17","1","android"
"3804","2026-06-30","1","web"
"3805","2022-08-30","1","ios"
"3805","2022-09-06","1","android"
"3805","2022-10-17","1","ios"
"3805","2022-10-25","1","ios"
"3805","2022-11-06","1","ios"
"3805","2022-12-03","1","ios"
"3805","2023-02-18","1","ios"
"3805","2023-02-25","1","android"
"3805","2023-03-04","1","ios"
"3805","2023-03-30","1","ios"
"3806","2020-11-24","1","ios"
"3806","2020-11-25","1","ios"
"3806","2020-12-27","1","android"
"3806","2021-02-04","1","ios"
"3806","2021-02-05","1","ios"
"3806","2021-02-07","1","ios"
"3806","2022-06-11","1","android"
"3806","2022-06-26","1","android"
"3806","2024-06-23","2","ios"
"3806","2024-06-24","1","android"
"3806","2024-06-25","1","ios"
"3807","2024-12-13","1","ios"
"3808","2025-04-09","1","android"
"3808","2025-04-10","1","ios"
"3808","2025-04-21","1","android"
"3808","2025-05-17","1","ios"
"3808","2025-05-30","1","android"
"3809","2023-08-10","1","ios"
"3809","2023-08-27","1","ios"
"3809","2023-09-03","1","ios"
"3809","2023-09-09","1","ios"
"3809","2023-09-25","1","android"
"3810","2022-04-23","1","ios"
"3810","2022-11-11","1","ios"
"3811","2024-05-24","1","ios"
"3812","2022-05-16","1","ios"
"3812","2022-06-05","1","web"
"3812","2022-06-16","1","web"
"3813","2024-11-14","1","web"
"3814","2021-10-10","1","ios"
"3815","2026-06-23","1","android"
"3816","2025-06-17","1","ios"
"3816","2025-06-24","1","ios"
"3817","2024-06-13","1","ios"
"3818","2024-12-19","1","web"
"3818","2024-12-30","1","web"
"3818","2025-01-03","1","ios"
"3818","2025-07-29","1","ios"
"3818","2025-08-09","1","ios"
"3818","2025-08-14","1","ios"
"3819","2022-04-24","1","ios"
"3820","2023-03-17","1","ios"
"3820","2023-03-18","1","android"
"3821","2023-09-20","1","android"
"3822","2024-09-12","1","ios"
"3823","2022-07-26","1","android"
"3823","2022-08-23","1","android"
"3823","2022-09-04","1","ios"
"3823","2023-10-26","1","android"
"3823","2023-10-29","1","web"
"3823","2023-11-16","2","ios"
"3823","2023-12-08","1","android"
"3824","2021-09-24","1","ios"
"3824","2022-07-03","1","web"
"3824","2022-09-04","1","ios"
"3824","2022-10-28","1","ios"
"3825","2021-05-30","1","web"
"3825","2021-07-07","2","ios"
"3825","2021-08-14","2","ios"
"3825","2022-06-19","1","android"
"3825","2022-06-22","1","web"
"3825","2022-07-07","1","android"
"3826","2022-02-16","1","web"
"3826","2022-03-09","1","android"
"3826","2022-05-23","1","android"
"3826","2022-06-12","1","ios"
"3826","2022-07-11","1","ios"
"3826","2022-07-22","1","web"
"3827","2025-05-15","1","web"
"3827","2025-10-18","1","ios"
"3827","2025-10-25","1","android"
"3827","2025-10-28","1","ios"
"3827","2025-11-08","1","ios"
"3828","2022-10-14","1","ios"
"3829","2021-09-23","1","web"
"3829","2022-06-25","1","ios"
"3830","2026-03-19","1","android"
"3830","2026-03-23","1","ios"
"3831","2023-06-24","1","ios"
"3831","2023-12-10","1","android"
"3831","2024-06-29","1","web"
"3831","2024-07-05","1","ios"
"3831","2024-07-07","1","android"
"3831","2024-07-13","1","ios"
"3831","2024-07-18","1","android"
"3831","2025-11-08","1","ios"
"3831","2025-12-20","1","android"
"3832","2020-07-18","1","web"
"3832","2021-04-07","1","web"
"3832","2021-12-25","1","ios"
"3832","2024-09-06","1","web"
"3832","2025-11-02","1","android"
"3833","2026-02-15","1","ios"
"3833","2026-06-28","2","ios"
"3834","2019-08-08","1","web"
"3834","2019-12-12","1","ios"
"3834","2019-12-28","1","ios"
"3834","2020-01-05","1","ios"
"3834","2020-01-18","1","android"
"3834","2020-02-15","1","android"
"3834","2020-02-28","1","ios"
"3834","2021-01-22","1","android"
"3834","2021-07-10","1","android"
"3835","2023-07-23","1","android"
"3835","2023-07-27","1","web"
"3835","2023-08-13","1","android"
"3835","2023-08-15","1","android"
"3835","2025-03-31","1","ios"
"3835","2025-05-07","1","android"
"3835","2025-07-13","1","android"
"3835","2025-07-17","1","web"
"3836","2025-07-07","1","ios"
"3836","2025-07-12","1","android"
"3836","2025-07-25","1","ios"
"3837","2020-02-06","1","ios"
"3837","2021-01-26","1","ios"
"3837","2021-06-19","1","ios"
"3837","2021-10-17","1","android"
"3838","2026-01-29","1","ios"
"3838","2026-02-04","1","ios"
"3839","2021-01-29","1","web"
"3839","2021-02-16","1","android"
"3839","2023-02-26","1","android"
"3839","2023-03-06","1","android"
"3839","2024-05-16","1","ios"
"3839","2024-06-22","1","ios"
"3839","2024-07-02","1","ios"
"3839","2024-07-06","1","android"
"3839","2024-07-09","1","android"
"3839","2025-05-07","2","ios"
"3840","2025-09-27","1","ios"
"3841","2023-04-24","1","ios"
"3841","2023-10-11","1","android"
"3841","2025-02-10","1","android"
"3841","2025-08-26","1","ios"
"3842","2025-01-09","1","web"
"3843","2023-08-27","1","android"
"3844","2023-09-11","1","ios"
"3845","2020-06-02","1","ios"
"3845","2021-06-04","1","web"
"3845","2021-06-14","1","android"
"3845","2021-06-27","1","ios"
"3846","2021-03-22","1","ios"
"3846","2021-04-06","1","android"
"3846","2021-09-27","1","ios"
"3846","2023-01-20","1","android"
"3846","2023-10-27","1","web"
"3847","2022-10-10","1","android"
"3847","2022-11-15","1","web"
"3848","2021-05-29","1","ios"
"3848","2023-01-18","1","ios"
"3848","2023-07-24","2","web"
"3849","2024-10-09","1","ios"
"3850","2026-05-31","1","ios"
"3850","2026-06-02","1","web"
"3850","2026-06-14","1","ios"
"3851","2026-06-07","1","web"
"3851","2026-06-23","1","android"
"3852","2026-02-24","1","ios"
"3853","2025-07-10","1","android"
"3854","2025-10-20","1","web"
"3854","2025-10-26","1","ios"
"3855","2025-04-17","1","ios"
"3856","2023-07-25","1","ios"
"3856","2023-08-10","1","android"
"3857","2020-03-21","1","ios"
"3857","2020-04-03","1","ios"
"3858","2024-12-29","1","ios"
"3859","2023-12-26","1","web"
"3860","2022-05-22","1","ios"
"3860","2022-05-23","1","ios"
"3860","2022-06-21","1","ios"
"3861","2026-05-30","1","android"
"3861","2026-06-03","1","android"
"3861","2026-06-27","1","web"
"3862","2020-09-10","1","ios"
"3862","2020-09-16","1","ios"
"3862","2020-10-04","1","ios"
"3862","2020-10-05","1","ios"
"3862","2020-10-06","1","android"
"3862","2021-08-05","1","ios"
"3862","2022-05-08","1","android"
"3862","2023-09-08","1","ios"
"3862","2024-06-01","1","ios"
"3862","2024-10-19","1","ios"
"3862","2026-03-01","1","ios"
"3863","2024-11-17","1","ios"
"3863","2024-11-30","1","ios"
"3863","2024-12-06","1","android"
"3864","2020-10-31","1","ios"
"3864","2024-08-23","1","android"
"3865","2022-02-26","1","android"
"3866","2024-05-16","1","ios"
"3866","2024-08-03","1","ios"
"3866","2024-08-17","1","ios"
"3866","2025-07-11","1","web"
"3866","2025-07-18","1","ios"
"3867","2023-07-23","1","ios"
"3867","2023-07-24","1","ios"
"3867","2023-08-03","1","ios"
"3867","2024-04-30","1","android"
"3867","2024-10-30","1","ios"
"3867","2025-08-17","2","ios"
"3867","2025-11-11","1","android"
"3868","2022-11-10","1","web"
"3868","2022-12-02","1","android"
"3869","2026-03-10","1","android"
"3869","2026-03-15","1","web"
"3869","2026-04-01","1","android"
"3869","2026-05-16","1","ios"
"3869","2026-05-25","1","android"
"3869","2026-05-29","1","ios"
"3870","2019-06-16","1","web"
"3870","2019-07-06","1","android"
"3870","2019-07-21","1","ios"
"3870","2019-08-19","1","ios"
"3870","2019-09-19","2","android"
"3870","2023-01-07","1","ios"
"3870","2023-02-01","1","ios"
"3871","2024-03-29","1","web"
"3871","2024-04-21","1","ios"
"3871","2024-09-23","1","ios"
"3871","2024-09-25","1","ios"
"3871","2024-09-30","1","ios"
"3872","2026-03-16","1","web"
"3873","2023-02-28","1","ios"
"3873","2023-03-01","1","ios"
"3873","2023-04-06","1","web"
"3873","2023-04-23","2","ios"
"3873","2023-05-04","1","web"
"3873","2023-05-05","1","web"
"3873","2023-05-06","1","ios"
"3873","2023-05-07","1","ios"
"3874","2022-12-17","1","android"
"3874","2022-12-30","1","ios"
"3874","2023-03-02","1","android"
"3874","2023-03-05","1","android"
"3874","2023-03-25","1","android"
"3874","2023-04-11","1","web"
"3874","2023-04-12","1","android"
"3874","2023-08-24","1","ios"
"3874","2023-09-04","1","android"
"3875","2023-12-30","1","ios"
"3875","2024-07-29","1","web"
"3875","2024-08-02","1","android"
"3875","2024-08-17","1","ios"
"3875","2024-08-28","2","web"
"3875","2024-08-31","1","android"
"3875","2024-09-14","1","android"
"3876","2025-05-27","1","ios"
"3876","2025-06-10","1","android"
"3876","2025-06-22","1","ios"
"3876","2025-07-18","1","ios"
"3876","2025-08-17","1","web"
"3877","2025-07-24","1","ios"
"3877","2025-08-13","1","ios"
"3877","2025-08-27","1","ios"
"3877","2025-09-01","1","ios"
"3878","2025-12-30","1","web"
"3879","2022-01-06","1","ios"
"3879","2023-01-15","1","ios"
"3879","2025-12-27","1","android"
"3880","2024-08-19","1","ios"
"3880","2025-04-11","1","ios"
"3880","2025-04-14","1","ios"
"3880","2025-04-22","2","ios"
"3880","2025-04-29","2","android"
"3880","2025-07-15","2","web"
"3880","2025-08-08","1","android"
"3881","2026-06-11","1","ios"
"3881","2026-06-14","1","android"
"3881","2026-06-20","2","ios"
"3881","2026-06-21","1","web"
"3882","2023-09-17","1","android"
"3882","2023-10-07","1","ios"
"3882","2023-10-22","1","android"
"3882","2023-10-27","1","android"
"3882","2023-11-12","1","web"
"3882","2023-11-21","1","android"
"3882","2023-11-22","1","ios"
"3882","2023-11-23","1","ios"
"3882","2023-11-24","1","ios"
"3882","2023-12-07","1","ios"
"3882","2024-05-25","1","ios"
"3883","2021-07-01","1","ios"
"3883","2022-08-16","1","android"
"3883","2022-09-05","2","ios"
"3884","2025-03-12","1","ios"
"3884","2025-03-24","1","ios"
"3884","2025-03-29","1","android"
"3885","2022-09-16","1","ios"
"3885","2022-09-21","1","ios"
"3885","2022-10-12","1","android"
"3885","2023-11-25","1","web"
"3885","2023-12-14","1","android"
"3885","2024-01-12","1","android"
"3885","2024-01-23","2","ios"
"3885","2024-01-31","1","ios"
"3885","2025-04-14","1","ios"
"3886","2020-09-22","1","web"
"3887","2026-04-17","1","web"
"3887","2026-05-03","1","ios"
"3887","2026-05-07","1","ios"
"3888","2024-03-17","1","ios"
"3888","2024-03-20","2","ios"
"3888","2024-08-11","1","ios"
"3889","2023-08-01","1","ios"
"3889","2023-08-10","1","ios"
"3889","2023-08-24","1","web"
"3889","2024-07-25","1","web"
"3889","2024-07-28","1","ios"
"3889","2024-08-05","2","android"
"3889","2024-08-27","1","ios"
"3890","2021-07-10","1","ios"
"3890","2021-08-16","1","ios"
"3890","2021-08-29","1","ios"
"3890","2024-09-30","1","ios"
"3890","2024-12-28","1","web"
"3890","2025-01-12","1","android"
"3890","2025-01-19","1","android"
"3890","2025-11-10","1","ios"
"3890","2026-01-15","1","ios"
"3890","2026-03-08","1","android"
"3891","2024-05-07","1","ios"
"3891","2024-05-10","1","ios"
"3892","2019-06-15","1","android"
"3892","2019-07-07","1","web"
"3892","2020-10-18","1","android"
"3893","2024-09-18","1","ios"
"3893","2024-09-28","1","ios"
"3894","2022-10-28","1","ios"
"3894","2022-11-02","1","android"
"3894","2022-11-12","1","android"
"3894","2022-11-15","1","ios"
"3894","2022-11-16","1","ios"
"3894","2022-12-11","1","web"
"3894","2023-01-29","1","ios"
"3894","2023-02-04","1","android"
"3894","2023-02-05","1","ios"
"3894","2023-03-01","1","ios"
"3894","2025-12-19","1","web"
"3895","2021-04-24","1","ios"
"3896","2021-04-07","1","ios"
"3896","2021-04-18","1","android"
"3896","2023-03-19","1","ios"
"3897","2023-12-11","1","android"
"3898","2025-03-13","1","android"
"3899","2026-01-29","1","ios"
"3900","2021-03-29","1","ios"
"3900","2021-12-24","1","ios"
"3901","2020-04-24","1","ios"
"3901","2020-04-28","1","ios"
"3901","2020-06-27","1","android"
"3901","2020-07-05","1","android"
"3901","2020-07-14","1","android"
"3901","2020-07-19","1","web"
"3901","2020-07-31","1","ios"
"3902","2023-08-17","1","web"
"3902","2024-01-26","1","ios"
"3902","2024-02-18","1","android"
"3902","2024-02-19","2","ios"
"3902","2024-03-23","1","ios"
"3902","2024-04-13","1","android"
"3903","2024-03-09","1","ios"
"3904","2024-07-29","1","ios"
"3904","2024-08-12","1","ios"
"3904","2024-09-01","1","ios"
"3904","2024-09-10","1","android"
"3904","2024-09-11","1","ios"
"3904","2024-10-09","1","ios"
"3904","2024-10-19","1","ios"
"3904","2024-11-07","1","web"
"3904","2025-05-12","1","web"
"3905","2025-09-05","1","android"
"3905","2025-10-17","1","ios"
"3905","2025-10-24","1","web"
"3906","2025-01-26","1","ios"
"3906","2025-11-13","1","android"
"3906","2026-04-01","1","android"
"3907","2020-04-11","1","ios"
"3907","2020-04-22","1","web"
"3907","2020-04-25","1","ios"
"3907","2022-03-21","1","ios"
"3907","2023-02-09","1","android"
"3907","2023-02-18","2","web"
"3907","2023-02-19","1","ios"
"3907","2023-02-20","1","ios"
"3908","2025-03-02","1","ios"
"3908","2025-03-03","1","android"
"3909","2022-09-19","1","ios"
"3909","2022-09-25","1","ios"
"3909","2022-09-26","1","ios"
"3909","2023-07-21","2","android"
"3909","2023-08-04","2","web"
"3909","2024-06-27","2","ios"
"3909","2024-06-29","1","android"
"3909","2024-07-10","1","ios"
"3909","2025-03-04","1","ios"
"3910","2023-10-29","1","android"
"3910","2023-11-01","1","android"
"3910","2023-12-16","1","ios"
"3910","2023-12-18","1","ios"
"3910","2024-12-18","1","ios"
"3910","2025-04-29","1","android"
"3910","2026-04-13","1","android"
"3911","2025-09-20","1","ios"
"3912","2026-01-25","1","android"
"3913","2022-01-09","1","web"
"3914","2024-04-27","1","ios"
"3914","2024-12-11","1","ios"
"3915","2020-08-18","1","ios"
"3915","2020-08-23","1","ios"
"3915","2022-06-26","1","ios"
"3915","2022-06-27","1","android"
"3915","2023-04-08","1","web"
"3915","2023-04-20","1","ios"
"3915","2025-07-27","1","ios"
"3915","2025-07-29","1","ios"
"3916","2022-09-14","1","ios"
"3917","2021-09-09","1","ios"
"3917","2021-09-10","1","ios"
"3917","2022-09-18","1","ios"
"3917","2025-09-21","1","android"
"3918","2024-10-09","1","android"
"3918","2025-11-15","1","ios"
"3918","2025-11-20","1","ios"
"3918","2025-11-21","2","ios"
"3918","2025-11-23","1","ios"
"3918","2025-11-29","1","ios"
"3919","2019-07-05","1","android"
"3919","2019-08-15","1","ios"
"3919","2019-08-16","1","ios"
"3919","2020-07-03","1","android"
"3919","2020-07-05","1","android"
"3919","2020-07-19","1","web"
"3919","2020-08-15","1","ios"
"3919","2020-10-23","1","android"
"3919","2022-02-17","1","android"
"3919","2022-02-20","1","web"
"3919","2022-03-12","1","ios"
"3919","2022-04-13","1","android"
"3919","2022-05-01","1","web"
"3919","2022-05-06","1","web"
"3920","2026-03-19","1","ios"
"3920","2026-03-30","1","ios"
"3921","2021-03-27","1","ios"
"3921","2021-04-05","1","ios"
"3921","2021-04-09","1","web"
"3921","2021-05-07","1","android"
"3921","2021-06-15","1","ios"
"3921","2021-06-18","1","ios"
"3921","2021-06-24","1","ios"
"3921","2021-06-27","1","web"
"3922","2024-08-07","1","android"
"3923","2025-10-23","1","android"
"3924","2024-11-17","1","ios"
"3924","2025-12-10","1","android"
"3924","2025-12-20","1","ios"
"3924","2025-12-29","1","web"
"3925","2025-04-16","1","android"
"3925","2025-04-17","1","ios"
"3925","2025-12-17","1","android"
"3926","2024-11-08","1","android"
"3926","2026-01-09","1","web"
"3927","2022-01-30","1","android"
"3928","2026-04-24","1","web"
"3929","2022-11-03","1","web"
"3929","2022-12-12","1","web"
"3929","2022-12-16","1","ios"
"3929","2023-01-08","1","android"
"3929","2023-01-09","1","android"
"3929","2023-04-19","1","web"
"3929","2023-04-20","1","ios"
"3930","2025-03-07","1","ios"
"3930","2025-03-08","1","ios"
"3930","2025-03-24","1","web"
"3930","2025-07-04","1","ios"
"3930","2025-08-10","1","web"
"3930","2026-06-13","1","android"
"3931","2021-05-18","1","android"
"3931","2021-06-11","1","android"
"3931","2021-06-12","1","android"
"3931","2021-09-12","1","android"
"3931","2021-09-15","1","android"
"3931","2021-09-27","1","ios"
"3931","2021-11-30","1","ios"
"3931","2021-12-04","1","web"
"3931","2021-12-06","1","ios"
"3931","2021-12-12","1","android"
"3931","2021-12-13","1","android"
"3931","2022-12-23","1","android"
"3931","2023-10-14","2","ios"
"3931","2023-11-05","1","ios"
"3931","2023-11-11","1","android"
"3931","2023-12-02","1","android"
"3931","2025-05-07","1","ios"
"3931","2026-01-07","1","ios"
"3932","2022-02-17","1","ios"
"3932","2023-11-18","2","ios"
"3932","2023-11-23","1","web"
"3932","2023-12-05","1","ios"
"3932","2023-12-29","1","android"
"3932","2024-01-17","1","ios"
"3932","2024-02-24","1","ios"
"3932","2024-03-24","2","ios"
"3932","2024-04-02","1","ios"
"3932","2024-04-05","1","android"
"3932","2024-05-01","1","web"
"3932","2024-05-07","1","ios"
"3932","2024-05-08","1","ios"
"3932","2024-05-16","1","ios"
"3932","2024-05-18","1","web"
"3933","2025-03-01","1","ios"
"3933","2025-03-11","1","web"
"3933","2026-03-06","1","web"
"3934","2024-08-20","1","ios"
"3935","2020-10-12","1","android"
"3936","2022-10-29","1","ios"
"3937","2024-05-28","1","ios"
"3937","2025-10-15","1","ios"
"3937","2025-10-24","1","ios"
"3937","2025-11-21","1","android"
"3937","2025-11-28","1","ios"
"3937","2025-12-22","1","ios"
"3937","2026-01-01","1","web"
"3938","2024-09-02","1","ios"
"3938","2024-09-06","1","android"
"3938","2024-09-13","1","android"
"3938","2024-09-24","1","android"
"3938","2024-09-28","1","android"
"3938","2024-10-02","1","ios"
"3939","2019-10-16","1","ios"
"3939","2020-08-08","1","android"
"3939","2020-09-29","1","android"
"3939","2020-10-26","1","ios"
"3940","2021-10-08","1","web"
"3940","2022-11-01","1","ios"
"3941","2024-02-16","1","android"
"3941","2024-03-03","1","web"
"3942","2023-05-04","1","ios"
"3942","2023-06-15","1","ios"
"3942","2024-01-12","1","android"
"3942","2024-11-12","1","android"
"3943","2023-07-19","1","ios"
"3943","2023-07-21","1","ios"
"3943","2023-07-23","1","web"
"3943","2023-07-28","1","ios"
"3943","2023-08-10","1","web"
"3943","2024-05-27","1","ios"
"3944","2024-11-02","1","ios"
"3945","2022-07-10","1","android"
"3945","2023-01-26","1","android"
"3946","2025-07-19","1","android"
"3946","2025-10-18","1","ios"
"3947","2020-11-12","1","ios"
"3947","2021-09-14","1","android"
"3947","2021-10-05","1","ios"
"3948","2026-03-01","1","ios"
"3948","2026-03-23","1","android"
"3949","2024-04-15","1","ios"
"3949","2024-05-01","1","ios"
"3949","2024-05-17","1","android"
"3950","2020-08-03","1","ios"
"3950","2020-08-19","1","android"
"3951","2023-02-26","1","ios"
"3952","2024-03-27","1","android"
"3952","2024-03-31","1","ios"
"3952","2024-04-01","1","web"
"3952","2025-12-06","1","ios"
"3953","2020-11-24","1","android"
"3953","2020-12-21","1","android"
"3953","2021-01-13","1","ios"
"3953","2021-01-19","1","web"
"3953","2021-01-20","1","ios"
"3953","2022-03-09","1","android"
"3953","2022-04-08","1","android"
"3953","2022-04-09","1","android"
"3954","2025-11-06","1","android"
"3955","2024-04-24","1","android"
"3956","2024-10-24","1","ios"
"3956","2024-10-25","1","ios"
"3956","2024-11-02","1","android"
"3957","2025-11-24","1","web"
"3957","2025-12-20","1","ios"
"3957","2026-06-11","1","android"
"3957","2026-06-15","1","ios"
"3957","2026-06-16","1","android"
"3958","2023-11-27","1","android"
"3958","2023-12-18","1","android"
"3959","2022-11-28","1","ios"
"3960","2020-03-18","1","ios"
"3961","2023-04-09","1","android"
"3961","2023-04-11","1","ios"
"3961","2023-04-23","1","ios"
"3961","2025-12-07","1","android"
"3962","2021-05-19","1","ios"
"3963","2023-05-09","1","android"
"3963","2023-06-25","1","web"
"3963","2023-11-24","1","ios"
"3963","2024-05-10","1","ios"
"3963","2024-08-15","1","ios"
"3963","2024-08-21","1","ios"
"3963","2024-09-12","1","ios"
"3964","2024-02-29","1","android"
"3964","2024-04-02","1","ios"
"3964","2024-04-17","1","web"
"3964","2024-04-18","1","android"
"3965","2020-11-30","1","web"
"3965","2020-12-03","1","android"
"3965","2020-12-04","1","web"
"3966","2026-02-22","1","ios"
"3967","2021-05-13","1","ios"
"3967","2022-05-21","1","android"
"3967","2022-05-25","1","android"
"3968","2024-07-24","1","web"
"3968","2024-08-14","1","ios"
"3968","2024-08-17","1","ios"
"3968","2025-06-29","1","android"
"3968","2025-07-12","1","ios"
"3968","2025-08-05","1","ios"
"3968","2025-08-21","1","ios"
"3968","2025-08-23","1","android"
"3968","2025-08-24","1","android"
"3968","2025-08-26","1","web"
"3969","2023-11-27","1","ios"
"3970","2022-03-14","1","android"
"3971","2025-06-24","1","android"
"3972","2024-03-13","1","android"
"3972","2024-03-14","1","web"
"3972","2024-04-05","1","web"
"3972","2024-04-08","1","ios"
"3972","2024-04-12","1","android"
"3973","2020-11-21","1","android"
"3973","2020-11-29","1","android"
"3973","2020-12-04","1","web"
"3973","2020-12-12","1","web"
"3974","2023-11-12","1","ios"
"3975","2022-06-21","1","ios"
"3975","2022-08-16","1","android"
"3975","2023-05-16","1","ios"
"3976","2021-04-05","1","android"
"3976","2022-03-26","1","android"
"3976","2022-04-09","1","ios"
"3976","2022-04-13","1","ios"
"3976","2022-05-08","1","web"
"3976","2022-05-27","1","ios"
"3976","2022-06-11","2","android"
"3976","2022-06-22","1","android"
"3977","2023-06-25","1","web"
"3977","2023-08-02","1","ios"
"3978","2021-07-05","1","web"
"3978","2021-07-13","1","ios"
"3978","2021-07-19","1","ios"
"3978","2021-07-27","1","ios"
"3978","2022-06-05","1","web"
"3979","2025-03-19","1","ios"
"3980","2022-08-24","1","ios"
"3980","2022-09-21","1","ios"
"3980","2022-10-16","1","android"
"3980","2022-11-09","1","web"
"3980","2022-11-10","1","ios"
"3980","2023-12-12","1","ios"
"3980","2024-01-08","1","ios"
"3980","2024-01-11","1","android"
"3980","2024-01-29","1","android"
"3980","2024-02-03","1","ios"
"3980","2024-02-10","1","ios"
"3980","2024-02-17","1","ios"
"3980","2024-02-23","1","ios"
"3980","2024-03-10","1","android"
"3981","2024-08-04","1","ios"
"3981","2024-08-05","1","ios"
"3982","2021-08-01","1","android"
"3982","2021-08-15","1","ios"
"3982","2022-04-09","1","android"
"3982","2023-05-16","2","android"
"3982","2023-05-24","1","web"
"3982","2023-06-06","1","ios"
"3982","2023-10-07","1","web"
"3982","2023-10-11","1","web"
"3982","2023-11-01","1","android"
"3983","2023-01-03","1","web"
"3983","2023-12-06","1","android"
"3984","2025-09-29","1","android"
"3984","2025-10-06","1","android"
"3984","2026-02-02","1","ios"
"3984","2026-02-11","1","web"
"3985","2025-02-19","1","android"
"3986","2022-08-28","1","android"
"3986","2024-03-11","1","android"
"3986","2024-05-18","1","ios"
"3986","2024-05-19","2","android"
"3986","2024-06-01","1","ios"
"3986","2024-07-19","1","android"
"3987","2024-12-04","1","ios"
"3988","2023-06-07","1","web"
"3988","2023-06-22","1","ios"
"3988","2023-11-11","1","ios"
"3988","2023-11-20","1","ios"
"3988","2025-03-12","1","web"
"3988","2025-09-25","2","ios"
"3988","2025-10-13","1","android"
"3988","2025-10-16","1","android"
"3988","2025-10-18","1","android"
"3989","2025-01-21","1","ios"
"3989","2025-02-28","1","android"
"3990","2026-04-01","1","android"
"3991","2021-10-04","1","ios"
"3991","2021-10-17","1","android"
"3991","2024-01-10","1","android"
"3991","2025-04-23","1","ios"
"3991","2025-12-22","1","ios"
"3992","2026-04-18","1","ios"
"3993","2023-07-21","1","ios"
"3993","2023-07-22","1","ios"
"3993","2023-07-26","1","ios"
"3993","2023-09-08","1","web"
"3993","2023-09-15","1","ios"
"3993","2024-10-24","1","ios"
"3993","2024-11-15","1","ios"
"3994","2023-12-17","1","android"
"3994","2024-01-03","1","web"
"3994","2024-01-13","2","android"
"3995","2025-07-02","1","android"
"3996","2021-03-18","1","ios"
"3996","2022-10-26","1","ios"
"3996","2022-10-28","1","web"
"3997","2022-05-13","1","ios"
"3997","2022-06-03","1","ios"
"3998","2020-06-08","1","ios"
"3999","2026-06-01","1","web"
"3999","2026-06-19","1","android"
"4000","2022-02-18","1","android"
"4000","2022-02-27","1","ios"
"4001","2023-04-12","1","android"
"4001","2023-04-29","1","web"
"4001","2023-08-17","1","web"
"4001","2024-07-28","1","ios"
"4001","2024-08-02","1","web"
"4001","2024-09-20","1","android"
"4001","2024-10-25","1","ios"
"4001","2024-12-11","2","android"
"4001","2025-01-19","1","ios"
"4001","2025-11-02","1","web"
"4001","2026-03-04","1","web"
"4001","2026-03-17","1","ios"
"4001","2026-03-30","1","ios"
"4002","2022-02-20","1","android"
"4002","2022-02-28","1","web"
"4002","2022-03-30","1","ios"
"4002","2022-04-01","1","ios"
"4002","2022-04-14","1","android"
"4002","2022-04-28","1","ios"
"4002","2022-05-09","1","ios"
"4002","2022-05-14","1","android"
"4002","2022-07-04","1","ios"
"4002","2022-07-11","1","ios"
"4002","2022-07-20","1","web"
"4002","2022-12-27","2","android"
"4002","2023-10-23","1","web"
"4002","2025-02-17","1","ios"
"4003","2022-04-26","1","android"
"4003","2022-05-24","1","ios"
"4003","2022-06-09","1","android"
"4003","2022-07-05","1","ios"
"4003","2022-07-13","1","ios"
"4003","2023-04-08","1","ios"
"4003","2023-04-09","1","web"
"4003","2023-05-20","1","android"
"4003","2023-06-02","1","ios"
"4003","2023-06-04","1","web"
"4003","2023-06-13","1","ios"
"4003","2023-07-11","1","android"
"4003","2025-03-11","1","web"
"4004","2022-03-20","1","android"
"4004","2022-04-07","1","web"
"4004","2022-04-10","1","ios"
"4004","2022-04-20","1","web"
"4004","2022-04-27","1","ios"
"4004","2022-04-29","1","ios"
"4004","2022-05-03","1","ios"
"4004","2022-05-27","1","web"
"4004","2022-06-26","1","ios"
"4004","2022-07-23","1","ios"
"4004","2022-07-31","1","ios"
"4004","2022-08-02","1","ios"
"4004","2023-01-08","1","ios"
"4004","2023-01-27","1","android"
"4004","2023-02-02","1","ios"
"4004","2023-02-08","1","ios"
"4004","2023-02-15","1","android"
"4004","2023-05-28","1","ios"
"4004","2023-05-29","1","android"
"4004","2023-06-09","1","ios"
"4004","2023-06-16","1","android"
"4004","2023-06-29","1","web"
"4004","2023-07-04","1","ios"
"4005","2026-02-22","1","ios"
"4005","2026-03-05","1","ios"
"4006","2020-07-04","1","ios"
"4006","2022-01-18","1","android"
"4006","2023-12-14","1","android"
"4006","2023-12-30","1","ios"
"4006","2023-12-31","1","ios"
"4006","2024-05-25","2","android"
"4006","2025-02-15","1","ios"
"4007","2024-02-02","1","web"
"4007","2024-02-03","1","ios"
"4008","2025-05-12","1","ios"
"4008","2026-02-14","1","ios"
"4008","2026-02-17","1","ios"
"4008","2026-03-13","1","android"
"4009","2022-02-21","1","ios"
"4009","2023-03-08","1","ios"
"4009","2023-03-15","1","android"
"4009","2024-03-11","1","ios"
"4009","2025-06-05","1","ios"
"4009","2025-06-15","1","android"
"4009","2025-06-21","1","android"
"4010","2025-02-20","1","ios"
"4010","2025-05-15","1","android"
"4010","2025-05-16","1","web"
"4010","2025-05-18","1","ios"
"4010","2026-01-11","1","ios"
"4010","2026-01-30","2","android"
"4011","2022-05-04","1","ios"
"4011","2022-05-13","1","ios"
"4011","2022-05-28","1","ios"
"4012","2022-04-21","1","android"
"4013","2023-04-05","1","ios"
"4014","2025-01-05","1","android"
"4015","2025-05-08","1","android"
"4015","2025-05-15","1","web"
"4015","2025-05-26","1","android"
"4016","2024-09-25","1","ios"
"4016","2024-10-06","1","android"
"4016","2024-12-06","1","ios"
"4016","2026-01-31","1","android"
"4017","2025-02-26","1","ios"
"4017","2025-03-23","1","android"
"4017","2025-04-03","2","web"
"4018","2021-05-01","1","android"
"4018","2021-08-21","2","android"
"4018","2021-09-20","1","android"
"4019","2024-04-13","1","ios"
"4019","2024-04-17","1","android"
"4019","2024-04-20","1","ios"
"4019","2024-09-07","1","web"
"4020","2021-12-20","1","ios"
"4020","2021-12-21","1","android"
"4020","2023-05-04","1","ios"
"4020","2023-09-30","1","web"
"4021","2024-05-21","1","ios"
"4021","2024-06-18","1","android"
"4022","2025-03-27","1","android"
"4022","2025-03-28","1","android"
"4022","2026-05-13","1","ios"
"4022","2026-06-21","1","ios"
"4022","2026-06-23","1","android"
"4023","2025-05-05","1","android"
"4024","2021-03-29","1","ios"
"4024","2021-03-30","1","android"
"4025","2019-10-31","1","web"
"4025","2019-11-10","1","web"
"4025","2021-06-24","1","ios"
"4025","2021-08-05","1","ios"
"4025","2022-05-09","1","ios"
"4025","2022-05-23","1","android"
"4025","2022-05-24","1","ios"
"4025","2022-05-26","1","web"
"4026","2019-02-26","1","ios"
"4026","2020-04-04","1","android"
"4026","2021-08-17","1","ios"
"4026","2022-04-25","1","web"
"4026","2023-02-16","1","ios"
"4027","2022-10-09","1","android"
"4027","2022-10-10","1","android"
"4027","2022-10-12","1","ios"
"4027","2022-10-15","1","web"
"4027","2022-10-17","1","android"
"4027","2022-10-24","1","ios"
"4027","2022-11-10","1","ios"
"4027","2024-08-29","1","ios"
"4028","2024-05-01","1","ios"
"4028","2024-05-19","1","ios"
"4028","2024-06-01","1","ios"
"4028","2025-02-21","1","android"
"4028","2025-03-21","1","ios"
"4028","2025-03-24","1","android"
"4029","2023-02-22","1","ios"
"4029","2023-03-26","1","web"
"4029","2024-04-14","1","ios"
"4029","2024-08-28","1","android"
"4029","2024-08-31","1","web"
"4030","2024-07-07","1","ios"
"4030","2024-07-08","1","android"
"4031","2025-04-12","1","android"
"4031","2025-04-18","1","ios"
"4031","2025-05-03","2","ios"
"4031","2025-05-13","1","android"
"4031","2026-01-06","1","ios"
"4032","2023-09-24","1","ios"
"4032","2023-09-29","1","android"
"4032","2023-10-19","1","ios"
"4033","2025-02-10","1","ios"
"4033","2025-02-16","1","ios"
"4033","2026-04-25","1","android"
"4034","2024-05-06","1","web"
"4034","2025-05-11","1","ios"
"4035","2025-12-08","1","ios"
"4036","2025-12-30","1","ios"
"4037","2023-05-04","1","ios"
"4037","2023-05-05","1","ios"
"4037","2023-05-10","1","android"
"4038","2024-04-25","1","ios"
"4038","2025-02-08","1","ios"
"4039","2022-07-03","1","ios"
"4040","2021-08-05","1","ios"
"4040","2021-08-08","1","ios"
"4040","2021-08-13","1","ios"
"4040","2021-11-18","1","web"
"4040","2021-12-15","1","android"
"4040","2021-12-24","2","ios"
"4040","2022-08-14","1","android"
"4040","2022-09-02","1","web"
"4040","2022-09-30","1","android"
"4040","2022-10-07","1","android"
"4040","2022-10-26","1","android"
"4040","2022-11-29","1","ios"
"4040","2022-12-03","1","ios"
"4040","2023-01-05","2","ios"
"4040","2023-01-07","1","android"
"4040","2023-01-08","1","ios"
"4040","2023-03-01","1","android"
"4040","2024-03-29","1","ios"
"4041","2022-08-12","1","ios"
"4041","2022-08-14","1","android"
"4041","2022-09-05","1","ios"
"4041","2022-09-19","1","ios"
"4041","2022-10-19","1","ios"
"4041","2023-04-15","1","ios"
"4041","2023-04-20","2","ios"
"4041","2023-05-05","1","android"
"4042","2025-05-21","1","ios"
"4042","2025-06-29","1","android"
"4043","2025-08-30","1","android"
"4044","2024-11-29","1","android"
"4044","2025-02-01","1","ios"
"4044","2025-02-21","1","ios"
"4044","2025-05-13","1","web"
"4044","2025-05-31","1","ios"
"4045","2026-03-15","1","android"
"4046","2021-04-23","1","ios"
"4046","2022-04-05","1","ios"
"4046","2022-04-09","1","ios"
"4046","2022-04-12","1","android"
"4046","2022-05-25","1","android"
"4046","2022-06-18","1","android"
"4046","2022-07-04","1","android"
"4046","2022-07-22","1","ios"
"4046","2022-08-05","1","ios"
"4046","2022-08-25","1","ios"
"4046","2022-10-19","1","android"
"4046","2022-10-22","1","ios"
"4046","2022-11-18","1","ios"
"4046","2022-12-25","1","web"
"4046","2023-01-10","1","ios"
"4046","2023-01-14","1","web"
"4047","2025-01-19","1","ios"
"4047","2025-07-02","1","android"
"4048","2019-09-16","1","web"
"4049","2023-02-21","1","android"
"4050","2022-04-26","1","ios"
"4050","2022-05-03","1","ios"
"4051","2021-10-27","1","web"
"4051","2021-11-28","1","ios"
"4051","2022-02-04","1","web"
"4051","2022-02-05","1","ios"
"4051","2022-03-05","1","ios"
"4052","2023-07-31","1","web"
"4052","2023-08-01","1","android"
"4052","2023-08-06","1","android"
"4052","2023-08-13","1","android"
"4052","2023-08-21","1","ios"
"4052","2023-08-31","1","ios"
"4052","2024-01-05","1","web"
"4052","2024-01-11","1","web"
"4052","2024-01-13","1","web"
"4052","2024-02-04","1","ios"
"4052","2024-02-10","1","ios"
"4053","2020-03-05","1","ios"
"4053","2022-06-26","1","ios"
"4054","2019-12-27","1","android"
"4055","2020-12-22","1","android"
"4055","2021-04-01","1","ios"
"4055","2021-04-16","2","ios"
"4055","2021-04-23","1","web"
"4055","2021-04-24","1","android"
"4055","2023-02-03","1","ios"
"4055","2024-05-21","1","web"
"4055","2025-08-01","1","web"
"4056","2026-03-01","1","web"
"4057","2025-02-27","1","android"
"4057","2025-03-18","1","ios"
"4057","2025-05-08","1","web"
"4057","2025-05-24","1","web"
"4058","2024-02-08","1","web"
"4058","2024-02-22","1","ios"
"4058","2024-02-26","1","ios"
"4058","2024-05-29","1","android"
"4058","2024-06-11","1","ios"
"4058","2025-12-03","1","ios"
"4058","2025-12-07","1","ios"
"4058","2026-01-05","1","ios"
"4058","2026-01-18","1","ios"
"4058","2026-01-28","1","web"
"4059","2026-06-23","1","ios"
"4060","2020-09-28","1","ios"
"4061","2025-05-16","1","ios"
"4061","2025-07-26","1","ios"
"4061","2025-07-31","1","ios"
"4062","2023-11-21","1","android"
"4062","2024-12-26","1","android"
"4062","2024-12-27","1","android"
"4062","2025-01-01","1","web"
"4062","2025-01-22","1","ios"
"4063","2026-03-14","1","android"
"4063","2026-03-18","1","android"
"4064","2023-07-27","1","ios"
"4064","2023-09-22","1","android"
"4064","2023-09-23","1","android"
"4064","2023-09-29","1","android"
"4064","2023-10-01","1","web"
"4064","2023-10-02","1","ios"
"4064","2023-11-23","1","android"
"4064","2024-10-15","2","ios"
"4065","2019-10-30","1","web"
"4065","2019-11-15","1","web"
"4065","2021-03-07","1","web"
"4065","2021-07-22","1","web"
"4065","2021-07-30","1","android"
"4066","2025-02-07","1","android"
"4066","2025-02-11","1","ios"
"4067","2026-02-26","1","ios"
"4067","2026-04-01","2","android"
"4068","2021-06-22","1","ios"
"4068","2021-07-01","1","ios"
"4068","2021-07-10","1","ios"
"4069","2020-09-09","1","android"
"4069","2020-10-05","1","ios"
"4069","2022-02-19","1","web"
"4069","2022-03-12","1","android"
"4070","2024-12-13","1","android"
"4070","2026-05-05","2","web"
"4070","2026-05-06","1","ios"
"4070","2026-05-10","1","ios"
"4071","2024-06-06","1","ios"
"4071","2024-06-15","1","android"
"4072","2024-05-27","1","android"
"4073","2023-07-24","1","ios"
"4073","2023-07-30","1","ios"
"4073","2023-08-21","1","android"
"4073","2024-06-18","2","ios"
"4073","2024-06-25","1","ios"
"4073","2024-06-26","1","ios"
"4073","2024-07-01","1","ios"
"4073","2024-07-02","2","ios"
"4074","2023-02-11","1","ios"
"4074","2023-03-16","1","ios"
"4074","2023-03-20","1","ios"
"4074","2023-04-15","2","ios"
"4074","2023-04-16","1","android"
"4074","2023-05-24","1","ios"
"4074","2023-05-26","1","ios"
"4074","2024-05-25","2","ios"
"4074","2024-05-31","1","ios"
"4075","2026-05-18","1","ios"
"4075","2026-05-22","1","ios"
"4076","2022-02-03","1","web"
"4077","2020-09-10","1","web"
"4078","2020-12-03","1","web"
"4078","2020-12-07","1","android"
"4078","2020-12-24","1","android"
"4078","2021-01-17","1","web"
"4078","2022-07-05","1","ios"
"4078","2022-08-05","1","web"
"4078","2022-09-12","1","ios"
"4078","2022-09-13","1","android"
"4078","2024-08-15","1","ios"
"4078","2024-08-16","1","web"
"4078","2024-08-21","1","android"
"4078","2025-10-17","1","ios"
"4078","2025-11-08","1","android"
"4078","2025-11-30","2","web"
"4078","2026-06-17","1","android"
"4079","2020-07-13","1","web"
"4079","2020-07-14","1","android"
"4079","2020-07-15","1","android"
"4079","2020-08-04","1","web"
"4080","2024-02-09","1","android"
"4081","2023-02-25","1","web"
"4081","2023-10-13","2","android"
"4081","2023-10-24","1","ios"
"4081","2023-12-08","1","android"
"4081","2023-12-17","1","ios"
"4081","2024-02-23","1","ios"
"4081","2025-02-12","1","ios"
"4081","2025-02-15","1","ios"
"4081","2025-02-19","1","ios"
"4081","2025-02-22","1","web"
"4081","2025-03-02","1","ios"
"4081","2025-03-22","1","android"
"4081","2025-03-23","1","android"
"4081","2025-03-24","1","web"
"4082","2022-09-29","1","android"
"4082","2023-04-10","1","android"
"4083","2021-04-07","1","ios"
"4083","2021-04-27","1","ios"
"4083","2021-05-14","1","web"
"4083","2021-05-16","1","ios"
"4083","2022-03-08","1","web"
"4083","2023-02-10","1","android"
"4083","2023-02-12","1","web"
"4084","2024-08-27","1","web"
"4085","2022-06-03","1","ios"
"4086","2021-04-16","1","ios"
"4086","2021-05-06","1","ios"
"4086","2021-05-14","1","ios"
"4086","2021-05-19","1","web"
"4087","2019-06-04","1","ios"
"4087","2019-06-15","1","ios"
"4087","2019-06-20","1","android"
"4088","2025-02-17","1","ios"
"4088","2025-05-01","1","android"
"4088","2026-06-09","1","android"
"4088","2026-06-25","1","web"
"4089","2025-12-27","1","ios"
"4090","2022-09-22","1","ios"
"4090","2022-10-04","1","android"
"4091","2023-04-19","1","web"
"4091","2023-05-05","1","ios"
"4091","2023-06-25","1","ios"
"4091","2023-08-23","1","ios"
"4091","2024-02-10","1","ios"
"4092","2026-01-18","1","ios"
"4092","2026-02-13","1","web"
"4093","2025-08-14","1","ios"
"4093","2025-08-17","1","ios"
"4093","2025-08-18","1","web"
"4094","2025-03-07","1","ios"
"4094","2025-03-28","1","ios"
"4094","2025-03-30","1","android"
"4094","2025-04-06","1","web"
"4094","2025-05-03","1","ios"
"4094","2025-05-04","1","ios"
"4095","2020-11-27","1","web"
"4095","2021-08-10","1","web"
"4095","2021-08-12","1","ios"
"4095","2022-10-26","1","ios"
"4095","2024-03-15","1","ios"
"4096","2023-10-26","1","web"
"4097","2023-08-21","1","android"
"4097","2023-09-16","1","ios"
"4097","2023-09-20","1","android"
"4098","2024-08-07","1","android"
"4098","2025-03-27","1","ios"
"4098","2025-03-28","1","ios"
"4098","2025-05-02","1","ios"
"4098","2025-05-25","1","ios"
"4098","2026-04-06","1","android"
"4099","2020-08-10","1","android"
"4100","2024-03-06","1","android"
"4100","2024-03-17","1","web"
"4101","2022-11-18","1","ios"
"4101","2023-02-23","1","web"
"4101","2023-03-01","1","ios"
"4101","2023-03-05","1","android"
"4102","2019-08-16","1","web"
"4102","2020-02-13","1","ios"
"4102","2020-03-04","1","android"
"4102","2020-03-18","1","ios"
"4102","2020-03-23","1","ios"
"4102","2020-03-29","1","web"
"4102","2020-04-23","1","android"
"4102","2020-05-10","1","ios"
"4102","2020-06-15","1","android"
"4102","2020-06-21","1","ios"
"4102","2020-07-06","1","web"
"4102","2020-07-12","1","android"
"4102","2020-07-13","1","android"
"4102","2020-08-08","1","ios"
"4102","2020-10-10","1","web"
"4102","2020-10-11","1","ios"
"4102","2021-12-19","1","ios"
"4102","2022-08-29","1","ios"
"4102","2022-09-27","1","web"
"4102","2022-10-02","1","web"
"4102","2022-10-28","1","ios"
"4103","2024-01-27","1","ios"
"4104","2023-08-06","1","ios"
"4104","2023-08-13","1","ios"
"4104","2023-08-20","1","android"
"4104","2023-09-19","1","ios"
"4104","2023-09-26","1","android"
"4105","2024-11-01","1","android"
"4105","2025-07-13","1","android"
"4105","2025-08-01","1","ios"
"4105","2025-08-10","2","ios"
"4106","2024-10-21","1","android"
"4106","2024-11-28","1","android"
"4106","2024-11-29","1","ios"
"4106","2024-12-07","1","ios"
"4106","2024-12-14","1","ios"
"4106","2025-01-13","2","android"
"4106","2025-01-24","1","android"
"4106","2025-02-09","1","ios"
"4106","2025-04-02","1","ios"
"4106","2025-05-04","1","android"
"4106","2025-05-08","1","ios"
"4106","2025-05-10","1","ios"
"4106","2026-04-17","1","ios"
"4106","2026-04-30","1","android"
"4107","2025-08-22","1","ios"
"4107","2025-09-11","1","android"
"4108","2024-07-16","1","web"
"4108","2024-07-22","1","web"
"4108","2024-07-24","1","ios"
"4109","2025-10-25","1","ios"
"4110","2024-10-05","1","ios"
"4110","2025-03-10","1","web"
"4111","2022-06-11","1","ios"
"4111","2022-07-07","1","ios"
"4111","2022-07-16","1","ios"
"4111","2022-07-28","1","web"
"4111","2022-07-30","1","android"
"4111","2022-09-01","1","web"
"4111","2022-09-28","1","web"
"4112","2025-11-12","1","ios"
"4112","2025-11-17","1","web"
"4113","2025-03-27","1","ios"
"4114","2022-04-05","1","ios"
"4114","2022-12-19","1","web"
"4115","2020-03-25","1","web"
"4116","2022-09-01","1","web"
"4117","2024-12-21","1","web"
"4117","2025-01-02","1","ios"
"4118","2022-12-07","1","android"
"4119","2024-04-08","1","ios"
"4119","2024-04-13","1","android"
"4119","2024-04-14","1","web"
"4119","2024-04-17","1","android"
"4119","2024-05-26","1","android"
"4120","2024-02-15","1","web"
"4121","2026-05-15","1","ios"
"4121","2026-06-19","1","web"
"4121","2026-06-20","1","android"
"4122","2024-02-03","1","android"
"4123","2025-03-20","1","ios"
"4123","2025-05-11","1","android"
"4123","2025-05-13","2","ios"
"4123","2025-05-16","1","android"
"4123","2025-07-31","2","ios"
"4123","2025-08-10","1","android"
"4123","2025-11-04","1","ios"
"4123","2025-11-07","1","android"
"4123","2025-11-18","1","ios"
"4123","2025-11-25","2","web"
"4124","2019-10-29","1","ios"
"4124","2019-11-22","1","web"
"4124","2019-12-06","1","ios"
"4124","2019-12-09","1","ios"
"4124","2019-12-26","1","web"
"4124","2020-11-17","1","ios"
"4124","2022-02-18","1","ios"
"4124","2025-08-17","1","ios"
"4125","2019-07-13","1","android"
"4126","2025-06-18","1","android"
"4127","2022-05-04","1","ios"
"4127","2023-08-19","1","ios"
"4127","2024-11-22","1","ios"
"4127","2024-11-30","1","ios"
"4127","2024-12-12","1","ios"
"4127","2024-12-15","2","ios"
"4127","2024-12-29","1","ios"
"4127","2025-01-10","1","ios"
"4127","2025-02-06","1","web"
"4127","2025-02-13","1","ios"
"4128","2022-05-30","1","ios"
"4128","2022-07-12","1","ios"
"4128","2023-03-28","2","android"
"4129","2022-03-14","1","android"
"4129","2022-03-23","1","ios"
"4130","2020-07-07","1","ios"
"4130","2020-08-01","1","android"
"4130","2020-08-18","1","android"
"4131","2025-04-07","1","web"
"4131","2025-05-12","1","web"
"4131","2025-05-31","1","android"
"4131","2026-02-13","1","ios"
"4132","2026-01-12","1","ios"
"4132","2026-01-18","1","android"
"4132","2026-02-24","1","ios"
"4133","2023-05-27","1","ios"
"4134","2026-03-14","1","ios"
"4134","2026-03-24","1","android"
"4134","2026-04-17","1","ios"
"4134","2026-04-28","1","android"
"4135","2024-09-06","1","android"
"4136","2022-03-21","1","ios"
"4136","2023-11-02","1","ios"
"4136","2023-11-10","1","android"
"4136","2023-12-30","1","ios"
"4136","2024-01-16","1","ios"
"4137","2026-02-05","1","ios"
"4137","2026-02-06","1","web"
"4138","2026-06-03","1","android"
"4138","2026-06-09","1","android"
"4138","2026-06-12","1","ios"
"4138","2026-06-13","1","web"
"4139","2020-09-28","1","ios"
"4139","2020-12-05","1","ios"
"4139","2022-09-09","1","android"
"4140","2026-05-19","1","ios"
"4141","2024-08-10","1","web"
"4142","2026-01-25","1","ios"
"4143","2022-09-29","1","web"
"4144","2024-06-30","1","ios"
"4144","2024-07-12","1","ios"
"4144","2026-06-22","1","ios"
"4145","2024-11-24","1","ios"
"4146","2024-06-14","1","android"
"4146","2025-01-17","1","android"
"4147","2024-03-21","1","ios"
"4147","2024-04-04","1","ios"
"4147","2025-12-19","1","android"
"4147","2025-12-20","1","android"
"4147","2026-01-01","1","ios"
"4148","2026-03-01","1","web"
"4148","2026-03-02","1","web"
"4148","2026-03-03","1","web"
"4148","2026-03-21","1","android"
"4149","2021-03-30","1","android"
"4150","2025-01-17","1","ios"
"4150","2025-01-23","1","android"
"4151","2025-11-30","1","android"
"4152","2019-09-14","1","ios"
"4152","2019-09-20","1","ios"
"4152","2019-10-11","1","android"
"4153","2026-04-13","1","ios"
"4154","2022-06-26","1","ios"
"4154","2022-07-07","1","web"
"4155","2025-11-04","1","ios"
"4156","2020-05-18","1","ios"
"4156","2022-11-30","1","ios"
"4156","2023-10-16","1","android"
"4156","2024-11-30","1","android"
"4157","2025-08-02","1","android"
"4157","2025-10-07","1","android"
"4157","2025-10-08","1","ios"
"4157","2025-10-15","1","ios"
"4157","2025-10-24","1","android"
"4157","2025-11-20","1","android"
"4157","2026-01-19","1","web"
"4157","2026-02-25","1","web"
"4158","2024-10-10","1","ios"
"4158","2024-10-24","1","ios"
"4159","2024-06-29","1","ios"
"4159","2024-06-30","2","ios"
"4159","2024-07-12","1","android"
"4159","2024-07-18","2","ios"
"4159","2024-07-22","1","ios"
"4159","2024-08-08","1","android"
"4159","2024-09-03","1","ios"
"4159","2025-11-08","2","android"
"4159","2025-12-22","1","android"
"4160","2023-11-30","1","ios"
"4161","2020-08-20","1","ios"
"4161","2020-08-26","1","ios"
"4161","2020-12-07","1","web"
"4161","2021-05-02","1","web"
"4161","2021-05-05","1","web"
"4161","2021-05-06","1","ios"
"4161","2021-05-26","1","android"
"4161","2021-05-27","1","ios"
"4161","2021-06-14","1","ios"
"4161","2021-07-18","1","ios"
"4161","2021-08-09","1","android"
"4161","2021-09-15","1","ios"
"4161","2021-09-19","1","android"
"4161","2022-03-20","1","android"
"4161","2022-04-16","1","ios"
"4161","2022-04-17","1","ios"
"4161","2024-02-21","1","android"
"4162","2025-10-13","1","ios"
"4162","2025-10-19","1","ios"
"4163","2024-07-15","1","ios"
"4163","2026-03-03","1","android"
"4164","2022-05-10","1","ios"
"4164","2022-06-06","1","android"
"4164","2023-02-24","1","android"
"4164","2023-02-25","2","ios"
"4165","2024-11-28","1","android"
"4165","2024-12-21","1","web"
"4165","2025-02-21","1","ios"
"4165","2025-07-24","2","ios"
"4165","2025-07-25","1","android"
"4166","2022-02-23","1","web"
"4166","2024-03-09","1","ios"
"4166","2024-03-24","2","android"
"4167","2019-11-11","1","ios"
"4167","2019-11-30","1","web"
"4167","2019-12-04","1","ios"
"4167","2019-12-12","1","ios"
"4167","2019-12-21","1","android"
"4167","2019-12-28","1","ios"
"4167","2019-12-30","1","ios"
"4167","2020-01-01","1","android"
"4167","2020-09-08","1","android"
"4167","2020-10-01","1","android"
"4168","2022-12-15","1","android"
"4168","2022-12-18","1","web"
"4169","2025-01-26","1","android"
"4169","2025-02-03","1","ios"
"4170","2024-12-07","1","android"
"4170","2025-05-04","1","android"
"4170","2025-05-09","1","ios"
"4170","2026-01-24","1","web"
"4170","2026-01-25","1","ios"
"4170","2026-01-27","1","ios"
"4170","2026-02-05","1","web"
"4170","2026-03-07","1","android"
"4170","2026-03-16","1","ios"
"4171","2026-04-27","1","android"
"4171","2026-04-30","1","ios"
"4171","2026-05-06","1","ios"
"4172","2021-10-20","1","ios"
"4172","2021-10-22","1","android"
"4172","2026-03-11","1","android"
"4173","2026-01-04","1","web"
"4174","2025-07-06","1","ios"
"4174","2025-07-18","1","android"
"4175","2024-07-24","1","ios"
"4175","2024-07-28","1","ios"
"4175","2024-08-15","1","web"
"4176","2026-02-10","1","android"
"4176","2026-03-18","1","android"
"4176","2026-03-26","1","android"
"4177","2022-10-10","1","ios"
"4178","2026-04-29","1","web"
"4178","2026-05-29","1","android"
"4178","2026-05-31","1","ios"
"4178","2026-06-16","1","ios"
"4179","2023-10-20","1","web"
"4179","2023-10-23","1","ios"
"4179","2023-12-02","1","android"
"4179","2023-12-30","1","ios"
"4179","2024-01-22","1","ios"
"4179","2024-02-09","1","ios"
"4179","2024-02-11","1","ios"
"4179","2024-02-23","1","ios"
"4179","2024-03-02","1","android"
"4179","2024-03-27","1","android"
"4179","2024-10-12","1","ios"
"4179","2024-10-22","1","ios"
"4179","2024-11-08","1","android"
"4179","2024-12-01","1","ios"
"4179","2024-12-09","2","android"
"4179","2024-12-13","1","ios"
"4179","2025-01-13","1","ios"
"4180","2021-01-31","1","ios"
"4180","2021-02-03","1","ios"
"4180","2022-01-23","1","android"
"4180","2022-02-13","1","ios"
"4180","2023-07-15","1","ios"
"4181","2022-06-07","1","ios"
"4181","2022-07-08","1","ios"
"4182","2020-03-08","1","ios"
"4182","2020-03-20","1","android"
"4182","2020-03-31","1","android"
"4183","2019-10-09","1","web"
"4184","2026-06-15","1","ios"
"4185","2025-11-19","1","ios"
"4186","2024-06-26","1","ios"
"4187","2022-04-04","1","ios"
"4187","2023-06-14","1","android"
"4187","2023-07-04","1","ios"
"4187","2023-07-26","1","web"
"4188","2023-07-23","1","ios"
"4189","2025-02-03","1","ios"
"4189","2025-02-04","1","ios"
"4189","2025-02-16","1","android"
"4189","2025-02-21","1","android"
"4189","2025-02-24","1","android"
"4189","2025-03-27","1","ios"
"4190","2026-02-22","1","ios"
"4190","2026-02-25","1","android"
"4190","2026-03-18","1","android"
"4190","2026-03-21","1","web"
"4190","2026-03-22","1","ios"
"4190","2026-04-15","2","web"
"4190","2026-04-30","1","web"
"4191","2025-02-05","1","android"
"4191","2025-10-15","2","android"
"4191","2025-11-14","2","android"
"4191","2025-11-22","1","ios"
"4191","2026-02-20","1","web"
"4191","2026-02-22","1","android"
"4191","2026-03-07","1","ios"
"4191","2026-03-29","1","web"
"4191","2026-04-04","1","android"
"4191","2026-04-15","2","web"
"4192","2023-11-22","1","ios"
"4192","2023-11-30","1","ios"
"4192","2023-12-01","1","ios"
"4193","2025-05-04","1","ios"
"4193","2025-05-31","1","ios"
"4193","2025-07-25","1","ios"
"4193","2025-08-08","1","android"
"4193","2025-08-27","1","ios"
"4194","2023-02-18","1","ios"
"4194","2023-11-27","1","ios"
"4194","2023-12-01","1","ios"
"4194","2023-12-09","1","ios"
"4194","2023-12-16","1","android"
"4194","2023-12-27","1","android"
"4194","2024-01-10","1","ios"
"4194","2024-01-12","1","ios"
"4194","2024-02-07","1","ios"
"4195","2023-08-22","1","ios"
"4196","2021-10-26","1","ios"
"4197","2022-08-05","1","android"
"4198","2025-05-21","1","android"
"4199","2024-10-03","1","web"
"4199","2025-11-14","1","android"
"4200","2024-08-28","1","web"
"4201","2022-11-24","1","android"
"4201","2022-12-09","1","android"
"4201","2023-03-28","1","web"
"4202","2021-02-19","1","ios"
"4202","2021-03-02","1","android"
"4202","2021-03-18","1","web"
"4202","2021-03-21","1","ios"
"4202","2023-07-20","1","android"
"4203","2025-11-10","1","android"
"4203","2025-12-09","1","ios"
"4203","2026-01-10","1","ios"
"4203","2026-01-17","1","ios"
"4204","2025-04-29","1","web"
"4204","2025-05-12","1","android"
"4204","2025-05-22","1","android"
"4204","2025-06-09","1","android"
"4205","2023-12-07","1","ios"
"4206","2024-09-17","1","ios"
"4206","2024-09-23","1","android"
"4206","2024-12-27","1","ios"
"4206","2026-06-10","1","ios"
"4206","2026-06-23","1","ios"
"4207","2024-05-10","1","android"
"4207","2025-06-17","1","android"
"4207","2025-06-23","1","ios"
"4207","2025-11-16","1","android"
"4207","2025-12-03","1","web"
"4207","2026-01-17","1","android"
"4207","2026-01-31","2","android"
"4207","2026-02-09","1","android"
"4207","2026-02-22","1","android"
"4208","2019-11-03","1","ios"
"4208","2019-11-04","1","ios"
"4209","2023-05-13","1","android"
"4209","2023-05-19","1","web"
"4209","2023-06-07","1","ios"
"4210","2022-10-25","1","android"
"4210","2023-04-27","1","ios"
"4210","2024-08-05","1","ios"
"4210","2025-09-04","1","web"
"4210","2026-05-09","1","ios"
"4211","2024-06-18","1","ios"
"4211","2024-12-06","1","ios"
"4212","2025-03-27","1","android"
"4213","2025-05-29","1","ios"
"4214","2022-11-22","1","android"
"4214","2022-12-19","1","ios"
"4214","2022-12-22","1","ios"
"4214","2022-12-23","1","ios"
"4214","2023-09-25","1","ios"
"4214","2023-09-27","1","ios"
"4214","2023-10-05","1","ios"
"4214","2024-12-24","1","android"
"4214","2025-08-06","1","web"
"4215","2023-05-08","1","web"
"4215","2025-01-26","1","android"
"4215","2025-03-04","1","ios"
"4215","2025-04-05","1","web"
"4215","2026-04-07","1","ios"
"4216","2023-10-27","1","ios"
"4216","2023-10-28","1","android"
"4216","2024-02-02","1","android"
"4216","2024-02-03","1","web"
"4216","2024-03-02","1","web"
"4216","2025-12-31","1","ios"
"4217","2024-03-15","1","web"
"4217","2024-03-30","1","ios"
"4217","2024-04-25","1","android"
"4218","2023-06-22","1","android"
"4218","2023-06-23","1","ios"
"4218","2023-08-03","1","android"
"4218","2023-08-08","1","ios"
"4218","2023-08-09","1","ios"
"4218","2023-08-12","2","ios"
"4218","2025-01-06","1","android"
"4218","2026-03-30","1","android"
"4219","2025-02-14","1","ios"
"4219","2025-03-21","1","android"
"4219","2025-04-04","1","ios"
"4219","2025-04-10","1","android"
"4219","2025-12-29","1","ios"
"4219","2026-01-06","1","android"
"4219","2026-01-10","1","android"
"4220","2023-03-28","1","web"
"4220","2024-04-07","1","web"
"4220","2024-05-06","1","ios"
"4220","2025-03-12","1","android"
"4220","2025-05-10","1","android"
"4220","2025-06-16","1","ios"
"4220","2026-02-10","1","ios"
"4221","2022-11-02","1","ios"
"4221","2022-11-03","1","ios"
"4222","2022-07-04","1","android"
"4222","2023-07-21","1","android"
"4222","2023-09-09","1","ios"
"4222","2023-09-12","2","android"
"4223","2022-01-16","1","ios"
"4223","2022-01-20","1","ios"
"4223","2022-01-22","1","ios"
"4223","2022-02-17","1","web"
"4223","2022-03-03","1","ios"
"4223","2022-03-13","1","android"
"4224","2022-02-10","1","ios"
"4224","2022-02-28","1","ios"
"4224","2022-03-02","1","ios"
"4224","2023-02-06","1","ios"
"4224","2023-05-14","1","ios"
"4224","2023-06-08","1","ios"
"4224","2023-07-04","1","ios"
"4224","2023-08-18","2","ios"
"4224","2023-09-08","1","ios"
"4224","2023-09-22","1","ios"
"4224","2023-10-02","1","android"
"4224","2023-10-08","1","ios"
"4224","2024-06-18","1","android"
"4224","2024-07-23","1","ios"
"4224","2024-07-31","1","web"
"4224","2024-08-08","2","ios"
"4224","2024-08-15","1","android"
"4224","2025-05-29","1","ios"
"4224","2025-05-30","2","web"
"4224","2026-01-28","1","ios"
"4224","2026-01-31","1","ios"
"4224","2026-02-02","1","web"
"4225","2020-02-28","1","ios"
"4225","2020-03-13","1","ios"
"4226","2023-08-26","1","android"
"4226","2023-08-27","1","ios"
"4227","2024-10-26","1","web"
"4227","2024-10-27","1","ios"
"4228","2024-01-16","1","ios"
"4228","2024-01-19","1","web"
"4228","2024-11-08","1","android"
"4228","2025-04-12","1","android"
"4229","2025-04-01","1","ios"
"4230","2022-03-01","1","android"
"4230","2022-03-21","1","ios"
"4231","2024-09-28","1","ios"
"4231","2024-10-04","1","ios"
"4231","2024-10-27","1","ios"
"4232","2021-04-03","1","ios"
"4233","2023-04-27","1","android"
"4233","2023-06-03","1","ios"
"4234","2025-07-11","1","ios"
"4235","2026-03-26","1","web"
"4235","2026-04-01","2","ios"
"4235","2026-04-16","1","android"
"4235","2026-05-05","1","ios"
"4236","2024-04-20","1","android"
"4236","2024-06-11","1","web"
"4236","2024-10-09","1","ios"
"4236","2025-07-30","1","ios"
"4237","2023-06-16","1","android"
"4237","2023-06-29","1","android"
"4237","2023-07-19","1","ios"
"4238","2021-12-05","1","ios"
"4238","2021-12-19","1","ios"
"4238","2021-12-22","1","android"
"4238","2021-12-26","1","android"
"4238","2022-01-19","1","android"
"4238","2022-02-01","1","ios"
"4238","2022-03-03","1","android"
"4238","2022-03-19","1","ios"
"4238","2022-04-16","1","android"
"4238","2022-04-21","1","ios"
"4238","2022-04-23","2","android"
"4238","2022-05-05","1","ios"
"4238","2022-05-22","1","web"
"4238","2022-08-28","2","ios"
"4238","2022-08-29","1","android"
"4238","2023-01-20","1","ios"
"4238","2023-02-11","1","ios"
"4238","2023-12-12","1","android"
"4239","2019-07-29","1","android"
"4240","2025-03-29","1","ios"
"4240","2025-04-01","1","web"
"4241","2025-12-30","1","android"
"4241","2026-01-10","1","android"
"4242","2023-09-08","1","ios"
"4242","2023-09-14","1","android"
"4242","2023-09-19","1","ios"
"4242","2024-04-12","1","web"
"4242","2024-10-13","1","android"
"4242","2025-09-11","1","web"
"4242","2025-09-27","1","ios"
"4243","2024-10-28","1","ios"
"4243","2024-10-31","1","web"
"4243","2024-11-20","1","web"
"4243","2024-12-15","1","ios"
"4244","2025-03-18","1","android"
"4244","2025-05-03","1","android"
"4244","2025-06-02","1","android"
"4244","2026-06-04","1","web"
"4244","2026-06-05","1","web"
"4245","2025-06-14","1","ios"
"4246","2021-08-17","1","web"
"4246","2021-08-21","1","android"
"4246","2021-08-27","1","ios"
"4246","2021-09-10","1","android"
"4246","2024-01-29","1","ios"
"4246","2024-09-21","1","ios"
"4246","2024-09-28","2","ios"
"4246","2024-10-02","1","ios"
"4247","2024-02-23","1","ios"
"4247","2024-03-01","1","ios"
"4247","2024-03-19","1","ios"
"4247","2025-05-23","1","ios"
"4247","2026-03-09","1","ios"
"4247","2026-03-16","1","ios"
"4247","2026-04-04","1","web"
"4247","2026-05-15","1","android"
"4248","2022-09-04","1","android"
"4249","2024-11-16","1","ios"
"4250","2022-09-21","1","ios"
"4250","2022-09-27","1","ios"
"4250","2022-10-01","1","ios"
"4250","2022-10-17","1","android"
"4250","2022-11-04","1","android"
"4251","2023-05-07","1","android"
"4251","2023-05-30","1","ios"
"4252","2025-01-08","1","android"
"4252","2025-01-21","1","android"
"4252","2025-01-25","1","ios"
"4253","2025-12-02","1","ios"
"4253","2025-12-18","1","ios"
"4254","2021-01-28","1","android"
"4254","2022-06-06","1","android"
"4254","2022-06-10","1","android"
"4254","2022-06-16","1","ios"
"4255","2026-04-18","1","web"
"4256","2022-04-20","1","ios"
"4256","2023-07-13","1","ios"
"4257","2026-05-30","1","android"
"4257","2026-06-15","1","ios"
"4257","2026-06-24","1","ios"
"4258","2023-11-22","1","web"
"4258","2023-12-10","1","ios"
"4258","2024-01-05","1","ios"
"4258","2024-01-07","1","ios"
"4258","2024-01-21","1","ios"
"4258","2024-02-06","2","ios"
"4258","2024-02-23","1","ios"
"4258","2025-06-28","1","ios"
"4258","2025-08-06","1","ios"
"4259","2023-10-21","1","ios"
"4260","2023-12-09","1","ios"
"4261","2026-05-03","1","android"
"4261","2026-05-04","1","android"
"4261","2026-05-15","1","ios"
"4261","2026-05-30","1","android"
"4262","2024-07-28","1","ios"
"4262","2024-08-03","1","web"
"4263","2022-10-14","1","android"
"4263","2023-06-05","1","web"
"4263","2023-06-26","1","ios"
"4263","2023-07-30","1","web"
"4263","2023-08-03","1","ios"
"4263","2023-08-15","1","android"
"4264","2021-09-23","1","ios"
"4264","2021-11-10","2","web"
"4264","2021-11-29","1","ios"
"4264","2023-05-26","1","web"
"4265","2022-02-01","1","ios"
"4265","2023-06-26","1","web"
"4265","2024-02-01","1","ios"
"4265","2024-05-24","1","ios"
"4266","2023-01-19","1","android"
"4266","2023-01-20","1","ios"
"4266","2023-01-28","1","ios"
"4266","2026-02-09","1","android"
"4266","2026-02-25","1","android"
"4266","2026-02-28","1","ios"
"4266","2026-03-11","1","web"
"4266","2026-03-12","1","android"
"4267","2022-10-10","1","android"
"4267","2022-10-17","1","ios"
"4268","2024-09-09","1","ios"
"4268","2024-10-28","1","ios"
"4268","2024-12-14","1","web"
"4268","2025-01-03","1","android"
"4268","2025-02-09","2","ios"
"4268","2025-02-10","1","android"
"4268","2025-02-21","1","ios"
"4268","2025-03-07","1","android"
"4269","2025-12-03","1","ios"
"4269","2025-12-09","1","ios"
"4270","2023-04-08","1","android"
"4270","2024-07-20","1","web"
"4270","2025-07-23","1","ios"
"4270","2025-08-09","1","android"
"4271","2023-07-28","1","ios"
"4271","2023-08-04","1","android"
"4272","2021-12-12","1","android"
"4272","2022-01-06","1","ios"
"4272","2022-01-26","1","ios"
"4272","2022-02-09","1","web"
"4272","2022-02-12","1","ios"
"4272","2022-03-08","1","web"
"4272","2022-03-11","1","ios"
"4272","2022-04-16","1","ios"
"4272","2022-04-19","1","ios"
"4272","2022-04-27","1","android"
"4273","2021-02-01","1","android"
"4273","2021-02-06","1","ios"
"4273","2021-02-24","1","ios"
"4273","2021-04-02","1","ios"
"4273","2021-04-11","1","ios"
"4273","2021-04-17","1","ios"
"4273","2022-06-14","1","ios"
"4273","2026-01-01","1","ios"
"4274","2023-11-19","1","ios"
"4274","2023-11-21","1","ios"
"4275","2026-03-14","1","web"
"4275","2026-03-26","1","ios"
"4275","2026-04-05","1","android"
"4276","2024-07-03","1","ios"
"4276","2024-07-05","1","android"
"4276","2024-07-26","1","android"
"4276","2024-09-11","2","ios"
"4276","2024-10-01","1","android"
"4277","2026-01-22","1","android"
"4277","2026-02-27","1","web"
"4277","2026-06-20","1","android"
"4278","2025-12-14","1","ios"
"4278","2026-01-24","1","ios"
"4278","2026-02-22","1","web"
"4278","2026-02-26","1","ios"
"4279","2020-09-03","1","android"
"4279","2020-09-21","1","android"
"4279","2021-09-10","2","ios"
"4279","2022-04-01","1","android"
"4279","2022-04-03","1","android"
"4279","2022-12-01","1","web"
"4279","2024-02-18","1","android"
"4279","2025-05-18","1","android"
"4279","2025-12-10","1","ios"
"4280","2024-11-09","1","android"
"4280","2024-11-19","1","ios"
"4280","2024-11-30","1","ios"
"4280","2024-12-10","1","android"
"4280","2024-12-13","1","ios"
"4280","2024-12-18","1","android"
"4280","2024-12-22","1","ios"
"4280","2024-12-27","1","android"
"4280","2024-12-28","1","ios"
"4281","2023-08-14","1","ios"
"4281","2023-09-22","1","ios"
"4281","2023-10-20","1","web"
"4281","2023-11-04","1","android"
"4281","2023-12-22","1","android"
"4282","2021-05-03","1","ios"
"4282","2022-01-20","1","ios"
"4283","2020-08-28","1","ios"
"4283","2020-10-02","1","ios"
"4283","2020-10-05","1","web"
"4284","2025-09-21","1","ios"
"4284","2026-01-23","1","android"
"4285","2025-07-06","1","android"
"4285","2025-07-11","1","ios"
"4286","2022-02-07","1","android"
"4286","2022-08-10","1","android"
"4287","2025-08-30","1","ios"
"4287","2025-09-14","1","android"
"4287","2025-09-20","1","ios"
"4287","2025-09-23","1","android"
"4288","2022-05-18","1","android"
"4288","2023-01-03","1","android"
"4288","2023-11-01","1","ios"
"4288","2023-11-05","1","ios"
"4288","2023-11-29","1","ios"
"4288","2023-12-10","1","ios"
"4288","2024-11-09","1","ios"
"4288","2025-03-27","1","ios"
"4289","2019-10-08","1","ios"
"4289","2019-11-09","1","android"
"4289","2019-11-18","1","ios"
"4289","2020-04-05","1","android"
"4289","2021-02-16","1","ios"
"4289","2021-02-21","1","ios"
"4290","2021-09-23","1","android"
"4290","2021-10-27","1","ios"
"4291","2023-06-22","1","android"
"4291","2023-06-29","1","android"
"4291","2023-06-30","1","android"
"4291","2023-07-21","1","ios"
"4291","2023-07-22","1","web"
"4291","2023-07-28","1","android"
"4292","2026-02-06","1","android"
"4293","2025-10-22","1","web"
"4293","2025-10-23","1","android"
"4293","2025-11-13","1","android"
"4293","2025-11-14","1","web"
"4293","2025-11-18","1","ios"
"4293","2025-11-28","1","ios"
"4293","2026-01-10","1","android"
"4293","2026-01-11","1","ios"
"4293","2026-01-24","1","ios"
"4293","2026-02-11","1","android"
"4294","2026-03-20","1","ios"
"4295","2026-01-17","1","web"
"4295","2026-02-08","1","web"
"4296","2024-08-28","1","ios"
"4297","2020-02-18","1","ios"
"4297","2020-02-20","1","web"
"4298","2023-03-19","1","ios"
"4299","2024-03-25","1","android"
"4299","2024-04-18","1","android"
"4299","2024-04-23","1","ios"
"4299","2024-05-10","1","android"
"4299","2024-05-25","1","ios"
"4299","2024-07-21","1","android"
"4299","2024-08-13","1","ios"
"4299","2025-05-18","1","android"
"4299","2025-05-31","1","ios"
"4299","2025-06-07","1","ios"
"4300","2025-04-02","1","ios"
"4300","2025-04-03","1","web"
"4300","2025-04-07","1","ios"
"4301","2024-11-27","1","ios"
"4301","2025-09-30","1","android"
"4301","2025-10-30","1","android"
"4302","2025-10-30","1","android"
"4302","2025-11-05","1","android"
"4302","2025-12-10","1","ios"
"4303","2024-01-12","1","ios"
"4303","2024-01-16","1","android"
"4303","2025-01-15","1","web"
"4303","2025-08-15","1","android"
"4303","2026-04-06","1","ios"
"4304","2024-04-17","1","ios"
"4305","2022-05-16","1","ios"
"4306","2022-05-22","1","ios"
"4306","2022-07-23","1","ios"
"4306","2022-08-03","1","web"
"4306","2022-08-04","1","ios"
"4306","2023-01-01","1","android"
"4306","2023-01-06","1","web"
"4306","2023-02-17","1","ios"
"4306","2023-10-18","1","android"
"4306","2024-05-24","1","android"
"4306","2024-09-22","1","web"
"4307","2025-05-28","1","android"
"4307","2025-07-14","1","android"
"4308","2024-07-30","1","ios"
"4308","2024-09-28","1","web"
"4308","2024-09-29","1","android"
"4309","2025-07-04","1","android"
"4309","2025-09-04","1","ios"
"4309","2025-09-13","1","ios"
"4310","2026-05-06","1","ios"
"4311","2020-02-16","1","android"
"4311","2021-06-13","1","ios"
"4312","2025-07-25","1","android"
"4312","2025-08-09","1","android"
"4312","2025-09-08","1","android"
"4312","2025-09-28","1","ios"
"4312","2025-11-08","1","android"
"4313","2019-09-12","1","ios"
"4313","2020-10-21","1","android"
"4313","2020-11-03","1","android"
"4313","2022-02-20","1","ios"
"4313","2024-09-14","1","web"
"4313","2024-09-17","1","web"
"4313","2026-05-15","1","ios"
"4313","2026-06-05","1","android"
"4314","2020-09-06","1","ios"
"4315","2025-03-27","1","ios"
"4315","2025-04-10","1","ios"
"4316","2019-12-09","1","ios"
"4316","2019-12-14","1","android"
"4316","2021-01-26","1","android"
"4316","2021-02-28","1","web"
"4317","2022-06-26","1","web"
"4317","2022-07-05","1","ios"
"4317","2022-07-15","1","ios"
"4317","2022-07-23","1","web"
"4317","2022-08-29","1","android"
"4317","2025-09-20","1","ios"
"4318","2023-05-08","1","web"
"4318","2023-09-12","1","ios"
"4318","2023-09-20","1","web"
"4318","2023-10-06","1","ios"
"4318","2023-10-13","1","web"
"4318","2023-10-19","1","web"
"4319","2025-09-13","1","ios"
"4319","2025-10-11","1","web"
"4320","2024-02-13","1","android"
"4320","2024-04-11","2","web"
"4321","2023-04-12","1","ios"
"4321","2025-03-21","1","android"
"4321","2026-02-20","1","ios"
"4322","2024-01-15","1","ios"
"4322","2024-02-10","1","android"
"4322","2024-05-17","1","ios"
"4322","2024-05-24","1","android"
"4322","2024-06-06","1","android"
"4322","2024-06-10","1","android"
"4322","2024-06-16","1","ios"
"4322","2024-07-09","1","ios"
"4322","2024-07-10","1","android"
"4322","2024-10-22","1","android"
"4322","2024-10-26","1","web"
"4322","2024-11-13","1","android"
"4322","2024-11-14","1","ios"
"4322","2024-11-18","1","android"
"4322","2024-11-29","1","web"
"4322","2024-12-19","1","ios"
"4322","2024-12-22","1","ios"
"4323","2020-09-30","1","android"
"4323","2020-10-24","1","ios"
"4323","2023-01-20","1","ios"
"4323","2023-02-20","1","android"
"4324","2022-12-03","1","web"
"4324","2022-12-14","1","ios"
"4324","2024-05-17","1","android"
"4324","2024-09-14","1","android"
"4324","2025-02-05","1","ios"
"4324","2025-06-17","1","ios"
"4325","2023-07-04","1","android"
"4326","2023-04-07","1","ios"
"4327","2020-07-29","1","ios"
"4327","2020-08-30","1","ios"
"4327","2020-09-01","1","ios"
"4327","2021-07-16","1","ios"
"4327","2021-08-18","1","android"
"4327","2021-08-31","1","ios"
"4327","2022-05-28","1","ios"
"4327","2022-10-28","1","android"
"4327","2023-04-20","1","ios"
"4327","2024-03-17","1","ios"
"4327","2025-03-13","1","android"
"4328","2024-03-21","1","ios"
"4329","2025-07-18","1","ios"
"4330","2023-10-22","1","android"
"4330","2023-11-02","1","ios"
"4331","2023-05-01","1","ios"
"4331","2023-05-06","1","web"
"4331","2023-05-16","1","web"
"4332","2021-07-27","1","ios"
"4333","2026-04-08","1","ios"
"4333","2026-04-17","1","android"
"4333","2026-04-25","1","ios"
"4333","2026-06-10","2","ios"
"4333","2026-06-29","1","android"
"4334","2026-05-28","1","android"
"4335","2022-10-29","1","web"
"4336","2026-02-09","1","ios"
"4337","2023-05-20","1","ios"
"4337","2023-06-09","1","ios"
"4338","2020-12-31","1","ios"
"4338","2021-05-01","1","web"
"4338","2021-05-26","1","android"
"4338","2023-04-29","1","ios"
"4338","2023-05-14","1","ios"
"4339","2021-09-06","1","ios"
"4339","2022-06-06","1","ios"
"4339","2023-06-25","1","ios"
"4340","2021-07-03","1","ios"
"4341","2023-11-11","1","ios"
"4342","2022-07-20","1","ios"
"4342","2022-07-29","1","ios"
"4342","2022-08-12","1","web"
"4342","2023-08-30","1","android"
"4343","2021-04-05","1","ios"
"4343","2021-04-09","1","android"
"4343","2021-04-16","1","ios"
"4343","2022-12-10","1","web"
"4344","2026-04-04","1","android"
"4345","2026-03-07","1","android"
"4346","2023-01-25","1","web"
"4346","2023-03-11","2","ios"
"4346","2023-11-02","1","ios"
"4346","2025-10-24","1","android"
"4346","2025-11-09","1","ios"
"4347","2022-07-27","1","android"
"4347","2022-09-02","1","ios"
"4347","2022-09-12","1","ios"
"4348","2023-09-01","1","web"
"4348","2023-09-03","1","ios"
"4348","2023-09-08","1","android"
"4348","2025-02-08","1","android"
"4348","2025-02-17","1","ios"
"4349","2025-04-22","1","web"
"4349","2025-04-23","1","ios"
"4349","2025-05-11","1","web"
"4350","2026-05-06","1","android"
"4351","2025-07-02","1","ios"
"4351","2025-08-29","1","web"
"4352","2026-06-07","1","ios"
"4352","2026-06-29","1","ios"
"4353","2022-01-18","1","android"
"4354","2023-03-21","1","ios"
"4354","2023-05-07","1","ios"
"4354","2023-05-29","1","android"
"4355","2024-09-19","1","android"
"4356","2025-01-08","1","android"
"4357","2025-05-28","1","android"
"4357","2025-11-22","1","ios"
"4357","2025-12-09","1","android"
"4357","2025-12-22","1","ios"
"4357","2026-01-27","1","android"
"4357","2026-03-10","1","ios"
"4358","2025-01-27","1","ios"
"4358","2025-02-06","1","android"
"4358","2025-02-27","1","ios"
"4358","2025-04-05","1","ios"
"4358","2025-05-05","1","android"
"4358","2025-05-15","1","android"
"4358","2025-05-17","1","ios"
"4358","2025-09-06","1","ios"
"4358","2025-09-20","1","ios"
"4358","2025-09-24","2","web"
"4358","2025-09-28","1","ios"
"4358","2025-10-05","1","web"
"4359","2024-03-14","1","ios"
"4359","2025-02-12","1","android"
"4359","2025-11-14","1","android"
"4359","2025-11-15","1","android"
"4359","2025-12-21","1","android"
"4359","2025-12-27","1","android"
"4359","2025-12-28","1","android"
"4359","2025-12-30","1","ios"
"4360","2020-10-18","1","ios"
"4360","2022-11-07","1","ios"
"4361","2025-10-22","1","web"
"4361","2025-11-22","1","web"
"4361","2025-12-06","2","web"
"4361","2025-12-18","1","android"
"4361","2026-04-29","1","android"
"4362","2025-09-22","1","ios"
"4362","2025-10-10","1","android"
"4362","2025-11-10","1","web"
"4363","2026-05-29","1","android"
"4363","2026-06-01","1","web"
"4363","2026-06-15","1","web"
"4364","2022-04-02","1","ios"
"4364","2022-09-28","1","ios"
"4365","2020-03-18","1","ios"
"4366","2022-05-10","1","android"
"4367","2026-05-16","1","ios"
"4367","2026-05-19","2","ios"
"4367","2026-05-29","1","ios"
"4367","2026-06-08","1","ios"
"4368","2024-12-10","1","android"
"4368","2025-01-09","1","android"
"4368","2025-02-09","1","android"
"4368","2025-02-14","1","web"
"4368","2025-02-22","1","ios"
"4368","2025-07-25","2","ios"
"4368","2025-07-26","1","ios"
"4368","2026-04-19","1","ios"
"4369","2020-10-26","1","android"
"4369","2021-07-27","1","ios"
"4369","2022-01-04","1","ios"
"4370","2025-03-26","1","ios"
"4371","2023-11-22","1","ios"
"4372","2019-02-10","1","ios"
"4372","2020-09-20","1","web"
"4373","2021-05-06","1","android"
"4373","2021-06-06","1","android"
"4373","2021-06-28","1","web"
"4373","2021-08-27","1","android"
"4373","2021-09-04","1","android"
"4373","2021-09-05","1","ios"
"4373","2021-09-10","2","web"
"4373","2022-01-08","2","ios"
"4373","2022-01-29","1","ios"
"4373","2022-02-06","1","ios"
"4373","2022-02-07","1","android"
"4373","2022-03-13","1","android"
"4374","2025-08-14","1","ios"
"4374","2026-01-04","1","android"
"4375","2023-02-07","1","ios"
"4375","2023-12-28","1","android"
"4375","2024-05-30","1","ios"
"4376","2026-05-03","1","android"
"4377","2026-04-22","1","ios"
"4378","2024-11-01","1","ios"
"4378","2024-11-03","1","ios"
"4378","2024-12-02","1","ios"
"4379","2022-02-19","1","web"
"4379","2022-07-22","1","android"
"4380","2026-03-01","1","ios"
"4380","2026-03-17","1","ios"
"4380","2026-03-29","1","ios"
"4380","2026-04-01","1","ios"
"4380","2026-04-18","1","ios"
"4380","2026-04-29","1","ios"
"4380","2026-05-02","1","android"
"4380","2026-05-07","1","ios"
"4380","2026-05-11","1","android"
"4381","2023-01-13","1","android"
"4381","2025-12-08","1","android"
"4381","2025-12-19","1","web"
"4382","2024-11-02","1","ios"
"4382","2024-11-07","1","android"
"4382","2025-10-25","1","ios"
"4382","2025-12-14","1","web"
"4382","2025-12-20","1","web"
"4382","2025-12-28","1","ios"
"4382","2025-12-30","1","android"
"4383","2024-01-27","1","android"
"4384","2023-07-24","1","web"
"4385","2019-04-22","1","android"
"4385","2019-08-30","1","android"
"4385","2021-01-23","1","android"
"4385","2021-01-24","1","web"
"4385","2021-02-09","1","ios"
"4385","2021-03-08","1","web"
"4385","2021-03-22","1","web"
"4385","2021-04-24","1","ios"
"4385","2021-04-25","1","ios"
"4385","2021-05-03","1","android"
"4385","2022-01-15","1","ios"
"4386","2026-05-31","1","web"
"4386","2026-06-10","1","ios"
"4386","2026-06-23","1","android"
"4387","2023-07-02","1","web"
"4387","2023-07-17","1","android"
"4388","2025-05-25","1","android"
"4389","2025-10-23","1","ios"
"4389","2025-11-04","1","android"
"4390","2022-11-12","1","ios"
"4390","2023-04-01","1","ios"
"4390","2023-04-22","1","ios"
"4390","2023-04-23","1","web"
"4391","2023-06-18","1","ios"
"4391","2023-06-30","1","ios"
"4392","2024-02-07","1","ios"
"4392","2024-02-08","1","web"
"4392","2024-03-01","1","android"
"4392","2024-03-10","1","ios"
"4393","2025-07-15","1","ios"
"4393","2025-07-17","1","ios"
"4393","2025-07-21","1","android"
"4393","2025-08-01","1","web"
"4393","2025-08-03","1","android"
"4393","2025-10-23","2","web"
"4393","2025-11-13","1","ios"
"4394","2020-01-05","1","ios"
"4394","2020-12-03","1","web"
"4394","2021-06-15","1","ios"
"4394","2022-06-20","1","web"
"4395","2023-06-20","1","android"
"4395","2023-06-27","1","ios"
"4395","2023-07-06","1","ios"
"4395","2023-07-11","1","web"
"4396","2022-06-18","1","android"
"4396","2022-06-25","1","web"
"4396","2022-06-27","1","ios"
"4396","2022-12-07","1","android"
"4396","2023-01-13","1","web"
"4396","2023-01-22","1","android"
"4396","2023-01-26","1","android"
"4397","2025-04-10","1","ios"
"4398","2025-09-15","1","ios"
"4399","2026-01-28","1","android"
"4400","2023-04-02","1","web"
"4400","2023-04-16","1","ios"
"4401","2025-10-07","1","ios"
"4401","2025-10-23","1","web"
"4401","2025-11-02","1","ios"
"4401","2025-11-05","1","ios"
"4401","2025-11-24","1","web"
"4401","2026-03-14","1","android"
"4401","2026-03-17","1","android"
"4401","2026-03-27","1","android"
"4401","2026-04-09","1","ios"
"4401","2026-04-21","1","ios"
"4402","2023-05-13","1","ios"
"4402","2023-05-19","2","ios"
"4402","2024-09-06","1","ios"
"4402","2024-10-06","2","ios"
"4402","2024-11-02","1","android"
"4403","2021-01-11","1","android"
"4403","2021-11-10","1","android"
"4403","2021-11-27","1","ios"
"4404","2020-08-13","1","ios"
"4404","2020-08-29","1","android"
"4404","2020-11-06","1","ios"
"4405","2023-02-06","1","ios"
"4405","2023-02-11","1","ios"
"4405","2023-10-03","1","android"
"4406","2026-04-30","1","ios"
"4406","2026-05-05","1","ios"
"4406","2026-05-11","1","android"
"4406","2026-05-24","1","ios"
"4406","2026-06-07","1","ios"
"4407","2024-09-12","1","android"
"4407","2024-09-29","1","ios"
"4408","2025-05-05","1","android"
"4408","2025-05-14","1","ios"
"4408","2025-05-24","1","android"
"4408","2025-05-28","1","android"
"4408","2025-06-01","1","ios"
"4408","2025-06-13","1","ios"
"4408","2025-06-21","1","web"
"4408","2025-06-26","2","ios"
"4408","2025-07-05","1","android"
"4408","2025-08-03","1","ios"
"4408","2025-08-31","1","ios"
"4408","2025-09-03","1","android"
"4408","2026-01-12","1","android"
"4408","2026-01-16","1","ios"
"4408","2026-01-20","1","ios"
"4408","2026-02-02","1","web"
"4408","2026-02-21","1","android"
"4408","2026-03-07","1","android"
"4409","2019-11-18","1","android"
"4409","2019-11-28","1","android"
"4409","2019-12-08","1","android"
"4410","2023-01-22","1","android"
"4410","2023-04-18","1","ios"
"4410","2023-04-28","1","android"
"4410","2023-05-05","1","ios"
"4410","2023-06-15","1","android"
"4410","2023-06-22","1","ios"
"4410","2023-06-23","1","ios"
"4410","2024-11-17","1","ios"
"4411","2023-05-05","1","web"
"4411","2023-05-06","1","android"
"4411","2024-07-09","1","ios"
"4411","2024-08-03","1","ios"
"4412","2022-04-05","1","web"
"4412","2022-05-27","1","web"
"4412","2024-02-07","1","ios"
"4412","2024-11-12","1","ios"
"4413","2019-05-29","1","ios"
"4413","2019-06-06","1","ios"
"4413","2019-06-11","1","android"
"4414","2020-12-14","1","ios"
"4414","2020-12-18","1","ios"
"4414","2021-01-04","1","android"
"4414","2021-01-29","1","android"
"4414","2021-02-13","1","ios"
"4414","2021-10-22","1","web"
"4414","2023-08-10","1","ios"
"4414","2023-08-12","1","android"
"4415","2022-07-01","1","web"
"4416","2025-07-20","1","ios"
"4416","2025-07-21","1","ios"
"4417","2026-01-17","1","ios"
"4417","2026-02-15","1","ios"
"4417","2026-03-01","1","web"
"4418","2023-05-02","1","ios"
"4418","2023-05-05","1","ios"
"4418","2025-06-15","1","android"
"4418","2025-08-27","1","android"
"4419","2023-05-01","1","android"
"4419","2023-05-13","1","ios"
"4420","2024-06-09","1","ios"
"4421","2021-02-28","1","android"
"4421","2022-08-26","1","web"
"4422","2026-02-01","1","ios"
"4422","2026-02-11","1","ios"
"4422","2026-02-12","1","ios"
"4423","2022-06-10","1","web"
"4423","2022-07-03","2","ios"
"4423","2022-08-06","1","android"
"4423","2022-08-12","1","android"
"4423","2022-12-03","1","ios"
"4423","2022-12-17","1","ios"
"4423","2022-12-26","1","android"
"4423","2023-09-18","1","android"
"4423","2023-09-24","2","ios"
"4423","2023-10-04","1","android"
"4423","2023-10-05","1","ios"
"4423","2023-10-14","1","android"
"4423","2023-10-23","1","web"
"4423","2024-11-05","1","ios"
"4423","2024-11-09","1","android"
"4423","2024-11-26","2","ios"
"4423","2025-03-21","1","web"
"4423","2025-03-30","1","ios"
"4423","2026-02-01","1","android"
"4424","2026-06-20","1","ios"
"4424","2026-06-25","1","android"
"4424","2026-06-26","1","ios"
"4425","2020-01-20","1","ios"
"4425","2025-04-01","1","ios"
"4425","2025-04-14","1","android"
"4425","2025-05-03","1","web"
"4425","2025-05-04","1","web"
"4425","2025-06-20","1","ios"
"4425","2025-06-24","1","ios"
"4425","2025-07-18","1","android"
"4426","2020-09-22","1","android"
"4426","2020-10-07","1","ios"
"4426","2020-10-21","1","web"
"4427","2024-03-09","1","android"
"4428","2021-07-07","1","android"
"4428","2021-12-10","1","android"
"4428","2022-01-18","1","ios"
"4428","2022-02-17","1","web"
"4429","2023-03-29","1","android"
"4429","2023-04-04","1","ios"
"4429","2023-04-21","1","web"
"4429","2023-05-06","1","android"
"4430","2022-11-29","1","android"
"4430","2023-11-01","1","web"
"4430","2023-11-13","1","ios"
"4430","2024-05-23","1","ios"
"4430","2024-08-07","1","web"
"4430","2024-09-20","2","ios"
"4430","2024-10-04","1","ios"
"4430","2024-12-27","2","ios"
"4430","2024-12-28","1","web"
"4430","2025-11-22","1","web"
"4430","2025-12-05","1","web"
"4430","2026-01-15","1","android"
"4430","2026-01-22","1","ios"
"4430","2026-03-03","1","ios"
"4430","2026-03-05","1","web"
"4431","2024-10-27","1","android"
"4431","2024-11-01","1","android"
"4432","2024-12-08","1","ios"
"4432","2026-05-24","1","android"
"4433","2026-01-01","1","web"
"4433","2026-02-09","1","android"
"4433","2026-02-25","1","android"
"4433","2026-03-04","1","android"
"4433","2026-03-17","1","ios"
"4433","2026-03-22","1","ios"
"4434","2021-01-13","1","ios"
"4434","2023-07-13","1","ios"
"4434","2024-12-04","1","ios"
"4434","2025-11-05","1","ios"
"4435","2022-11-25","1","android"
"4436","2025-06-17","1","ios"
"4436","2025-07-23","1","ios"
"4437","2025-08-08","1","android"
"4437","2025-08-17","1","android"
"4438","2023-07-11","1","android"
"4438","2025-05-30","1","web"
"4439","2022-04-13","1","ios"
"4439","2022-04-22","1","android"
"4439","2022-05-09","1","ios"
"4439","2022-05-26","1","android"
"4439","2024-10-07","1","ios"
"4439","2025-11-27","2","android"
"4440","2023-12-30","1","ios"
"4440","2024-10-22","1","ios"
"4441","2019-12-15","1","ios"
"4441","2019-12-22","1","ios"
"4442","2021-01-30","1","android"
"4442","2021-11-11","1","web"
"4443","2025-04-05","1","ios"
"4443","2025-04-10","1","web"
"4443","2025-05-03","1","ios"
"4444","2024-08-13","1","ios"
"4445","2026-02-18","1","ios"
"4445","2026-03-07","1","web"
"4446","2022-05-19","1","ios"
"4446","2022-06-15","1","ios"
"4446","2022-08-05","1","android"
"4446","2022-08-07","1","ios"
"4446","2022-08-19","1","ios"
"4446","2022-09-02","1","ios"
"4446","2022-09-16","1","web"
"4446","2022-09-22","1","ios"
"4446","2022-09-27","1","ios"
"4446","2023-10-11","1","android"
"4446","2023-10-13","1","ios"
"4446","2023-11-21","1","ios"
"4446","2023-11-22","1","ios"
"4446","2023-12-26","1","ios"
"4446","2024-01-07","1","web"
"4446","2024-02-02","1","ios"
"4446","2024-02-23","1","ios"
"4446","2024-02-25","1","ios"
"4446","2024-04-09","1","ios"
"4446","2025-03-17","1","android"
"4446","2025-03-23","1","ios"
"4446","2025-06-06","1","web"
"4446","2025-11-04","1","android"
"4447","2020-12-02","1","android"
"4448","2021-10-27","1","ios"
"4448","2021-11-24","1","android"
"4448","2021-12-03","1","android"
"4448","2021-12-04","1","android"
"4448","2021-12-14","1","ios"
"4448","2022-01-07","1","ios"
"4449","2019-10-03","1","ios"
"4450","2026-06-20","1","android"
"4451","2024-07-11","1","ios"
"4452","2025-04-02","1","ios"
"4452","2025-04-11","1","ios"
"4453","2024-10-28","1","web"
"4453","2024-11-02","1","ios"
"4453","2025-09-24","1","ios"
"4453","2025-10-25","1","ios"
"4453","2025-11-18","1","ios"
"4453","2025-11-20","1","ios"
"4453","2025-11-23","1","ios"
"4453","2025-11-24","1","ios"
"4453","2025-12-06","1","ios"
"4454","2019-06-10","1","ios"
"4454","2019-06-14","1","android"
"4454","2019-06-15","1","android"
"4454","2019-06-27","1","android"
"4454","2019-07-24","1","ios"
"4454","2019-11-26","1","android"
"4454","2019-11-28","1","android"
"4454","2019-12-18","1","ios"
"4454","2020-01-12","1","ios"
"4454","2020-02-29","1","ios"
"4454","2020-03-12","1","ios"
"4454","2020-03-14","1","ios"
"4454","2020-04-17","1","ios"
"4454","2020-05-24","1","ios"
"4454","2020-05-28","1","ios"
"4454","2020-06-03","1","web"
"4454","2021-01-31","1","android"
"4454","2021-02-24","1","web"
"4454","2023-03-25","1","ios"
"4454","2023-06-05","1","android"
"4455","2019-09-25","1","ios"
"4456","2022-12-19","1","android"
"4457","2022-04-19","1","web"
"4458","2022-08-11","1","android"
"4458","2023-02-06","1","web"
"4458","2024-11-11","1","ios"
"4458","2024-11-15","1","ios"
"4458","2024-11-17","1","android"
"4458","2024-11-21","1","web"
"4458","2024-11-29","1","web"
"4459","2024-01-07","1","ios"
"4459","2024-01-25","1","web"
"4460","2022-08-05","1","android"
"4460","2022-08-06","1","ios"
"4460","2023-01-14","1","ios"
"4461","2022-04-22","1","android"
"4461","2023-08-06","1","ios"
"4461","2024-11-29","1","ios"
"4461","2025-09-16","1","ios"
"4462","2020-04-27","1","ios"
"4462","2020-05-05","1","web"
"4462","2020-05-11","1","ios"
"4463","2023-02-04","1","ios"
"4463","2023-03-11","1","ios"
"4463","2023-03-14","1","web"
"4463","2023-03-26","1","ios"
"4463","2023-04-09","1","ios"
"4463","2023-04-23","1","ios"
"4463","2023-05-14","1","ios"
"4463","2023-05-21","1","ios"
"4463","2023-05-23","1","android"
"4463","2023-05-24","2","android"
"4463","2023-06-23","1","web"
"4463","2024-06-15","1","web"
"4463","2024-06-19","1","android"
"4463","2024-10-07","1","ios"
"4464","2024-07-07","1","ios"
"4465","2024-04-05","1","ios"
"4465","2024-04-11","1","ios"
"4466","2021-04-29","1","ios"
"4466","2021-04-30","1","android"
"4466","2021-05-11","1","ios"
"4467","2021-11-20","1","android"
"4467","2021-12-11","1","android"
"4467","2021-12-15","1","ios"
"4467","2023-03-09","2","android"
"4467","2023-03-10","1","ios"
"4468","2021-07-09","1","ios"
"4468","2021-07-31","1","android"
"4468","2021-08-11","1","android"
"4468","2021-09-12","1","android"
"4468","2021-09-18","1","ios"
"4468","2022-04-02","1","ios"
"4468","2023-06-07","1","android"
"4468","2023-11-19","1","android"
"4469","2020-08-10","1","android"
"4469","2020-11-12","1","web"
"4469","2020-11-26","1","ios"
"4470","2024-01-04","1","android"
"4470","2024-01-13","1","android"
"4470","2024-01-14","1","ios"
"4470","2024-09-07","1","ios"
"4470","2024-09-13","2","ios"
"4470","2024-12-31","1","android"
"4470","2025-01-11","1","ios"
"4470","2025-02-25","1","ios"
"4470","2025-02-28","1","ios"
"4471","2023-06-09","1","ios"
"4471","2023-07-03","1","web"
"4471","2023-12-31","1","ios"
"4471","2024-01-31","1","android"
"4471","2024-02-07","2","web"
"4472","2021-05-13","1","ios"
"4472","2022-06-05","1","ios"
"4473","2021-12-17","1","android"
"4473","2021-12-25","1","android"
"4473","2022-01-01","1","ios"
"4473","2022-01-25","1","ios"
"4473","2022-02-17","1","web"
"4473","2023-03-10","1","ios"
"4473","2023-07-23","1","android"
"4474","2024-08-05","1","android"
"4474","2024-08-24","1","ios"
"4474","2024-08-25","1","android"
"4474","2024-11-04","1","android"
"4475","2023-07-17","1","ios"
"4475","2023-08-23","1","ios"
"4476","2025-09-01","1","android"
"4476","2025-09-19","1","ios"
"4476","2025-09-30","1","android"
"4476","2025-10-08","1","android"
"4476","2025-10-17","2","ios"
"4477","2022-06-04","1","ios"
"4477","2022-06-14","1","ios"
"4477","2022-07-06","1","android"
"4477","2022-07-18","1","ios"
"4477","2022-07-25","1","android"
"4477","2022-08-20","1","ios"
"4477","2022-08-21","1","web"
"4477","2022-08-24","1","web"
"4477","2025-04-29","1","ios"
"4477","2025-12-07","1","ios"
"4478","2021-02-06","1","ios"
"4478","2021-02-21","1","android"
"4478","2021-02-24","1","android"
"4479","2022-04-06","1","android"
"4480","2025-06-10","1","web"
"4480","2025-08-06","1","web"
"4480","2025-08-14","1","android"
"4480","2025-08-18","1","android"
"4480","2025-08-19","1","ios"
"4480","2025-09-13","2","ios"
"4480","2025-09-26","1","ios"
"4480","2025-10-15","1","web"
"4481","2026-06-13","1","ios"
"4482","2024-04-16","1","ios"
"4482","2025-05-09","1","ios"
"4482","2026-03-01","1","web"
"4483","2020-03-09","1","android"
"4483","2020-07-01","1","ios"
"4483","2020-07-16","1","android"
"4483","2020-08-02","1","ios"
"4483","2020-08-03","1","ios"
"4483","2022-08-12","1","android"
"4483","2023-06-24","1","ios"
"4484","2023-03-09","1","android"
"4484","2023-07-28","1","web"
"4484","2023-09-10","1","ios"
"4484","2023-09-13","1","android"
"4484","2023-10-04","1","ios"
"4484","2023-10-26","1","ios"
"4484","2023-10-27","1","android"
"4485","2020-03-06","1","android"
"4485","2021-03-10","1","android"
"4486","2024-07-16","1","web"
"4486","2024-09-17","1","ios"
"4486","2024-12-31","1","web"
"4486","2025-08-22","1","android"
"4486","2026-05-15","1","ios"
"4486","2026-05-20","1","ios"
"4487","2026-01-02","1","android"
"4488","2022-01-19","1","ios"
"4489","2024-10-03","1","android"
"4489","2024-10-13","1","web"
"4489","2025-01-04","1","ios"
"4489","2025-01-13","1","android"
"4489","2026-01-05","1","ios"
"4489","2026-02-07","1","web"
"4489","2026-02-14","1","ios"
"4490","2025-09-14","1","ios"
"4490","2026-04-25","1","web"
"4490","2026-06-13","1","android"
"4491","2025-11-20","1","ios"
"4491","2025-11-25","1","android"
"4491","2025-12-25","1","ios"
"4492","2025-01-30","1","ios"
"4492","2025-02-19","1","ios"
"4492","2025-03-17","1","web"
"4492","2025-09-28","1","ios"
"4492","2025-10-28","1","android"
"4493","2021-06-20","1","ios"
"4493","2022-01-29","1","android"
"4493","2022-02-04","1","web"
"4493","2023-02-25","1","ios"
"4493","2023-03-20","2","android"
"4493","2023-04-05","1","web"
"4493","2023-05-08","1","android"
"4493","2023-06-25","1","ios"
"4493","2023-06-28","1","android"
"4493","2023-07-08","1","android"
"4493","2023-07-21","1","web"
"4493","2023-08-18","1","android"
"4493","2024-03-11","1","android"
"4493","2024-03-26","1","ios"
"4493","2024-04-05","1","web"
"4494","2019-08-12","1","android"
"4494","2019-09-15","1","ios"
"4494","2019-09-27","1","ios"
"4494","2019-09-29","1","ios"
"4494","2019-10-01","1","ios"
"4494","2020-06-03","2","ios"
"4494","2020-06-26","1","ios"
"4494","2020-07-10","1","android"
"4494","2020-07-18","1","web"
"4494","2021-12-13","1","ios"
"4495","2023-06-17","1","ios"
"4495","2023-07-07","1","ios"
"4495","2023-12-12","1","web"
"4495","2024-01-15","1","ios"
"4495","2024-03-08","1","ios"
"4495","2024-03-26","1","ios"
"4496","2021-01-08","1","web"
"4496","2021-01-31","1","ios"
"4496","2021-08-06","1","ios"
"4496","2022-02-01","1","ios"
"4496","2023-02-22","1","web"
"4496","2024-03-31","1","ios"
"4496","2025-01-27","1","android"
"4497","2026-04-19","1","ios"
"4498","2024-08-07","1","android"
"4498","2024-08-23","1","web"
"4498","2024-08-24","1","android"
"4499","2025-06-16","1","android"
"4499","2025-06-26","1","ios"
"4499","2025-07-16","1","ios"
"4499","2025-07-28","1","ios"
"4499","2025-08-03","1","ios"
"4499","2025-08-18","1","android"
"4500","2021-06-27","1","android"
"4500","2021-07-02","1","android"
"4500","2021-07-18","1","android"
"4500","2021-07-22","2","ios"
"4500","2021-09-14","1","android"
"4500","2021-09-18","1","web"
"4500","2021-10-03","1","ios"
"4500","2021-10-11","1","ios"
"4500","2021-11-01","1","android"
"4500","2022-11-03","1","ios"
"4500","2022-11-12","1","ios"
"4500","2023-01-01","1","android"
"4500","2023-01-02","2","android"
"4500","2023-01-13","1","android"
"4500","2023-01-28","1","ios"
"4500","2023-02-20","1","android"
"4500","2023-06-11","1","ios"
"4500","2023-06-21","2","android"
"4500","2023-06-25","1","android"
"4501","2026-06-01","1","ios"
"4501","2026-06-09","1","android"
"4501","2026-06-26","1","ios"
"4501","2026-06-29","1","android"
"4502","2020-10-23","1","ios"
"4503","2019-04-23","1","android"
"4503","2020-12-12","1","ios"
"4503","2020-12-26","1","ios"
"4503","2021-01-09","1","android"
"4503","2021-10-15","1","android"
"4503","2023-10-15","1","web"
"4503","2023-10-21","1","ios"
"4504","2026-02-11","1","ios"
"4505","2024-11-04","1","ios"
"4506","2023-09-24","1","ios"
"4506","2023-11-04","1","android"
"4507","2025-11-12","1","android"
"4508","2024-10-27","1","ios"
"4508","2024-11-14","1","android"
"4509","2022-04-13","1","android"
"4509","2022-11-13","1","web"
"4509","2022-11-19","1","ios"
"4509","2022-12-03","1","web"
"4509","2022-12-04","1","ios"
"4510","2020-04-25","1","ios"
"4510","2020-06-07","1","android"
"4510","2020-06-19","1","web"
"4510","2021-06-21","1","android"
"4510","2021-07-10","1","ios"
"4510","2021-07-11","1","android"
"4510","2021-07-14","1","ios"
"4510","2022-08-08","1","ios"
"4510","2023-07-13","1","ios"
"4510","2023-07-20","2","ios"
"4510","2023-08-06","1","ios"
"4511","2023-12-12","1","ios"
"4511","2024-01-27","1","ios"
"4512","2019-11-18","1","web"
"4513","2024-05-21","1","ios"
"4513","2024-06-14","1","ios"
"4514","2023-10-24","1","ios"
"4514","2023-10-29","1","ios"
"4514","2023-11-01","1","web"
"4514","2023-11-10","1","web"
"4514","2023-11-19","1","android"
"4514","2023-12-14","1","ios"
"4514","2025-01-22","1","ios"
"4515","2024-10-17","1","android"
"4515","2024-10-31","1","ios"
"4515","2024-11-23","1","ios"
"4515","2024-12-02","1","ios"
"4515","2024-12-10","2","ios"
"4515","2025-01-10","1","ios"
"4515","2025-04-17","1","web"
"4515","2025-04-21","1","android"
"4515","2025-04-24","2","ios"
"4515","2025-05-25","1","ios"
"4515","2025-06-07","1","ios"
"4515","2025-06-09","1","ios"
"4515","2025-07-10","1","ios"
"4515","2025-07-15","1","ios"
"4515","2026-02-22","1","ios"
"4516","2022-05-15","1","web"
"4517","2021-08-27","1","ios"
"4517","2021-09-01","1","android"
"4518","2020-01-13","1","android"
"4518","2020-08-19","1","ios"
"4518","2020-08-28","1","ios"
"4518","2020-09-02","1","web"
"4518","2020-09-08","1","android"
"4518","2020-09-13","1","android"
"4518","2020-10-20","1","android"
"4518","2020-10-28","1","web"
"4518","2020-11-16","2","ios"
"4518","2020-12-01","1","android"
"4518","2023-02-14","1","android"
"4518","2023-04-26","1","android"
"4518","2023-12-06","1","android"
"4518","2023-12-08","1","ios"
"4519","2025-02-11","1","ios"
"4519","2025-03-06","1","ios"
"4519","2025-03-07","1","web"
"4520","2026-06-06","1","android"
"4521","2022-01-27","1","web"
"4521","2022-01-28","1","ios"
"4522","2024-08-17","1","ios"
"4523","2020-05-23","1","ios"
"4523","2020-06-16","1","ios"
"4523","2020-06-25","1","web"
"4523","2020-06-30","1","web"
"4523","2020-07-02","1","web"
"4524","2025-04-27","1","ios"
"4524","2025-05-01","1","ios"
"4524","2026-02-22","1","android"
"4524","2026-03-12","1","ios"
"4525","2019-03-04","1","web"
"4525","2019-03-06","1","android"
"4525","2019-03-13","1","ios"
"4525","2019-03-27","1","ios"
"4525","2019-04-08","1","android"
"4525","2019-05-07","1","android"
"4525","2019-05-09","1","ios"
"4525","2019-05-29","2","web"
"4525","2019-05-30","1","ios"
"4525","2019-06-05","1","ios"
"4525","2019-10-15","1","android"
"4525","2020-07-23","1","android"
"4525","2020-07-30","2","ios"
"4525","2020-11-04","1","ios"
"4525","2021-07-21","1","ios"
"4525","2022-08-18","1","web"
"4525","2023-03-30","1","ios"
"4525","2023-11-04","1","android"
"4526","2021-05-01","1","ios"
"4526","2022-03-08","1","ios"
"4526","2023-04-20","1","ios"
"4526","2024-09-18","1","ios"
"4526","2025-08-03","1","ios"
"4527","2026-01-10","1","android"
"4528","2024-11-14","1","ios"
"4528","2025-02-03","1","web"
"4528","2025-02-13","1","web"
"4528","2025-03-01","1","ios"
"4528","2025-03-06","1","web"
"4528","2025-03-14","2","android"
"4528","2025-03-16","1","ios"
"4528","2025-03-19","1","ios"
"4528","2025-04-06","1","ios"
"4528","2025-04-10","1","web"
"4528","2025-04-12","1","android"
"4529","2025-10-15","1","android"
"4530","2025-06-05","1","ios"
"4530","2025-06-10","1","ios"
"4530","2025-08-13","1","android"
"4530","2025-08-29","1","ios"
"4530","2026-04-03","1","ios"
"4531","2024-06-08","1","ios"
"4531","2024-07-01","1","android"
"4531","2024-10-25","2","ios"
"4532","2023-07-13","1","ios"
"4532","2023-12-14","1","web"
"4532","2024-09-07","1","ios"
"4532","2024-09-21","1","android"
"4532","2024-09-27","2","web"
"4532","2025-02-15","1","web"
"4533","2022-11-11","1","android"
"4533","2022-12-07","1","ios"
"4533","2022-12-08","1","ios"
"4533","2023-10-22","1","android"
"4533","2023-11-12","1","ios"
"4533","2024-09-21","2","android"
"4533","2024-09-28","1","ios"
"4533","2024-10-10","1","web"
"4533","2025-08-16","1","android"
"4533","2025-09-19","1","ios"
"4534","2020-06-05","1","ios"
"4534","2020-06-13","1","ios"
"4534","2020-06-30","1","web"
"4534","2021-06-01","1","android"
"4534","2021-06-30","1","web"
"4534","2021-07-06","1","ios"
"4534","2021-07-29","1","ios"
"4534","2021-08-14","1","ios"
"4534","2021-09-18","1","web"
"4534","2021-09-26","1","ios"
"4535","2020-10-02","1","ios"
"4535","2021-03-24","1","android"
"4536","2022-09-29","1","android"
"4537","2020-02-06","1","web"
"4537","2020-02-11","1","ios"
"4537","2020-03-10","1","ios"
"4538","2019-10-23","1","ios"
"4538","2019-11-03","1","android"
"4538","2019-11-13","1","ios"
"4539","2024-01-13","1","android"
"4539","2024-01-24","1","ios"
"4540","2024-04-08","1","ios"
"4540","2024-04-14","1","android"
"4540","2025-09-15","1","ios"
"4541","2025-06-24","1","ios"
"4541","2025-08-08","1","ios"
"4542","2025-09-22","1","android"
"4543","2023-03-09","1","ios"
"4544","2025-08-29","1","ios"
"4544","2025-09-25","1","android"
"4544","2025-10-02","1","ios"
"4545","2025-07-02","1","ios"
"4546","2024-10-16","1","ios"
"4546","2024-10-17","1","android"
"4546","2025-11-23","1","ios"
"4546","2026-03-26","1","android"
"4546","2026-04-01","1","ios"
"4547","2019-11-03","1","android"
"4547","2019-11-05","1","android"
"4547","2019-11-09","1","android"
"4547","2019-11-12","1","web"
"4548","2020-07-14","1","ios"
"4548","2021-11-28","1","ios"
"4548","2021-12-07","1","ios"
"4548","2021-12-09","1","ios"
"4549","2024-05-25","1","ios"
"4549","2024-10-11","1","android"
"4549","2024-10-12","1","android"
"4549","2025-11-29","1","android"
"4550","2026-02-17","1","ios"
"4550","2026-02-28","1","android"
"4551","2019-01-02","1","ios"
"4551","2019-01-03","1","ios"
"4551","2019-03-03","1","android"
"4552","2024-08-05","1","web"
"4552","2025-02-05","1","android"
"4553","2024-03-07","1","ios"
"4554","2025-04-08","1","ios"
"4555","2024-11-01","1","ios"
"4555","2024-11-04","1","android"
"4555","2025-02-14","1","ios"
"4555","2025-03-01","1","ios"
"4555","2025-03-28","1","android"
"4555","2026-05-11","1","ios"
"4555","2026-05-19","1","ios"
"4555","2026-06-07","1","ios"
"4556","2025-10-16","1","ios"
"4557","2021-01-07","1","web"
"4557","2021-01-20","1","android"
"4557","2021-01-22","1","ios"
"4557","2022-01-23","1","ios"
"4557","2023-03-09","1","android"
"4557","2023-03-15","1","android"
"4557","2023-04-19","1","ios"
"4558","2023-05-11","1","android"
"4558","2023-05-24","1","ios"
"4558","2024-04-28","1","android"
"4558","2024-04-29","1","android"
"4558","2024-08-02","1","ios"
"4558","2024-08-11","1","ios"
"4558","2024-12-20","1","ios"
"4558","2025-01-16","1","ios"
"4558","2025-01-25","1","android"
"4558","2025-01-26","1","ios"
"4558","2025-02-16","1","ios"
"4558","2025-02-18","1","android"
"4558","2025-02-22","1","ios"
"4558","2025-04-16","2","android"
"4558","2025-06-04","1","ios"
"4558","2025-08-03","1","ios"
"4558","2025-08-16","1","web"
"4558","2025-08-30","1","ios"
"4558","2025-08-31","1","android"
"4558","2025-09-12","1","ios"
"4559","2026-05-04","1","android"
"4560","2023-11-28","1","ios"
"4560","2023-12-04","1","ios"
"4560","2023-12-07","1","ios"
"4561","2026-06-20","1","ios"
"4561","2026-06-29","1","web"
"4562","2023-07-09","1","web"
"4562","2024-05-04","1","ios"
"4562","2024-09-28","1","ios"
"4562","2025-04-20","1","ios"
"4563","2023-02-22","1","ios"
"4564","2022-10-30","1","web"
"4564","2022-11-29","1","ios"
"4564","2022-12-04","1","web"
"4564","2023-01-19","2","ios"
"4564","2023-02-03","2","web"
"4565","2022-12-28","1","android"
"4565","2023-01-11","1","android"
"4565","2023-01-17","1","android"
"4565","2023-01-19","1","web"
"4565","2023-01-20","1","web"
"4565","2023-01-21","1","ios"
"4565","2023-01-27","1","ios"
"4565","2024-07-01","1","ios"
"4565","2025-04-28","1","android"
"4565","2026-01-17","1","ios"
"4566","2025-06-16","1","android"
"4566","2025-07-04","1","android"
"4566","2025-07-23","1","android"
"4567","2021-05-26","1","web"
"4567","2021-06-07","1","android"
"4568","2021-05-09","1","ios"
"4568","2021-05-12","1","android"
"4568","2021-05-13","1","android"
"4568","2022-05-21","1","web"
"4568","2022-05-28","1","ios"
"4568","2022-06-02","1","android"
"4568","2022-06-11","1","ios"
"4568","2022-06-12","1","android"
"4568","2022-10-30","1","web"
"4568","2022-12-03","1","ios"
"4568","2022-12-04","1","android"
"4568","2022-12-19","1","ios"
"4568","2022-12-31","1","ios"
"4568","2023-01-04","1","web"
"4568","2024-01-26","1","android"
"4568","2024-01-27","1","web"
"4569","2023-07-02","1","ios"
"4570","2022-09-27","1","ios"
"4570","2022-09-30","1","ios"
"4570","2022-10-01","1","android"
"4570","2022-10-09","2","ios"
"4570","2023-07-28","1","ios"
"4570","2023-08-02","1","ios"
"4570","2023-08-19","1","ios"
"4570","2023-09-02","1","ios"
"4570","2023-10-02","1","ios"
"4570","2023-10-18","1","ios"
"4570","2023-10-19","1","ios"
"4570","2023-11-19","2","web"
"4570","2023-12-14","1","android"
"4570","2024-01-10","2","ios"
"4570","2024-01-12","1","android"
"4570","2024-01-15","1","web"
"4570","2024-08-29","2","ios"
"4570","2024-09-02","1","ios"
"4570","2024-09-06","1","ios"
"4570","2024-09-08","1","ios"
"4570","2024-10-10","1","web"
"4570","2024-11-05","1","android"
"4570","2024-11-08","1","ios"
"4571","2021-07-06","1","android"
"4572","2023-09-12","1","ios"
"4572","2023-09-23","1","ios"
"4572","2023-10-12","1","ios"
"4572","2025-04-30","1","ios"
"4573","2022-11-29","1","android"
"4573","2025-07-14","1","ios"
"4574","2021-05-28","1","web"
"4574","2021-06-11","1","web"
"4574","2021-06-30","1","web"
"4574","2021-07-19","1","android"
"4574","2021-07-28","1","ios"
"4574","2021-08-11","2","ios"
"4574","2021-08-12","1","ios"
"4574","2021-08-23","1","android"
"4574","2021-10-01","1","android"
"4575","2024-01-03","1","android"
"4576","2025-07-24","1","web"
"4577","2021-10-25","1","web"
"4578","2022-06-01","1","ios"
"4578","2022-06-05","1","web"
"4579","2024-05-22","1","web"
"4579","2024-06-09","1","ios"
"4579","2024-06-13","1","android"
"4579","2025-12-23","1","web"
"4580","2025-10-25","1","ios"
"4581","2024-12-01","1","android"
"4581","2024-12-25","1","android"
"4581","2025-01-06","1","ios"
"4581","2025-01-12","1","android"
"4582","2024-03-29","1","web"
"4582","2024-04-26","1","ios"
"4583","2020-02-09","1","ios"
"4583","2020-02-14","1","ios"
"4583","2020-03-02","1","web"
"4583","2020-03-08","1","web"
"4583","2020-03-19","1","ios"
"4583","2020-04-30","1","ios"
"4583","2020-06-10","1","ios"
"4583","2021-05-11","1","ios"
"4583","2022-01-01","1","ios"
"4584","2024-08-06","1","ios"
"4585","2025-02-17","1","ios"
"4585","2025-02-18","1","ios"
"4585","2025-03-16","1","ios"
"4585","2025-03-22","1","ios"
"4585","2025-04-14","1","web"
"4586","2025-02-12","1","ios"
"4586","2025-02-16","1","ios"
"4586","2025-10-01","1","ios"
"4587","2026-05-10","1","android"
"4588","2024-05-22","1","android"
"4588","2024-05-24","1","android"
"4588","2025-10-29","1","ios"
"4589","2025-05-06","1","android"
"4589","2025-05-17","1","android"
"4589","2025-08-05","1","android"
"4589","2025-09-10","1","ios"
"4590","2023-12-25","1","ios"
"4590","2024-01-02","1","android"
"4590","2024-02-04","1","android"
"4590","2024-02-07","2","ios"
"4590","2024-02-08","1","ios"
"4590","2024-02-10","2","android"
"4591","2026-02-19","1","web"
"4591","2026-03-07","1","ios"
"4591","2026-03-14","1","ios"
"4592","2022-10-29","1","ios"
"4592","2022-11-04","1","ios"
"4592","2022-11-07","1","ios"
"4592","2024-03-04","1","ios"
"4593","2026-04-22","1","ios"
"4593","2026-04-25","1","android"
"4593","2026-04-30","1","android"
"4594","2021-02-04","1","ios"
"4595","2025-07-18","1","ios"
"4595","2025-08-09","1","android"
"4595","2025-08-30","1","ios"
"4595","2025-09-26","1","ios"
"4596","2025-08-09","1","android"
"4596","2026-03-20","1","ios"
"4596","2026-03-25","1","ios"
"4597","2025-11-25","1","ios"
"4598","2021-04-25","1","web"
"4598","2021-10-06","1","web"
"4599","2024-09-20","1","ios"
"4599","2024-11-11","1","android"
"4599","2024-12-03","1","ios"
"4599","2024-12-14","1","ios"
"4599","2024-12-21","1","android"
"4599","2025-01-13","1","android"
"4600","2022-04-14","1","ios"
"4600","2024-03-15","1","ios"
"4600","2024-03-22","1","ios"
"4601","2021-06-15","1","ios"
"4601","2021-10-17","1","android"
"4601","2021-12-07","1","ios"
"4601","2023-03-25","1","android"
"4601","2023-04-06","1","ios"
"4601","2023-04-28","1","ios"
"4602","2021-09-01","1","ios"
"4602","2021-10-14","1","android"
"4602","2022-05-11","1","android"
"4602","2022-05-28","1","ios"
"4602","2024-07-15","1","web"
"4603","2021-02-14","1","ios"
"4604","2025-09-30","1","web"
"4604","2025-10-05","1","ios"
"4604","2025-10-11","1","ios"
"4604","2025-10-30","1","android"
"4604","2025-11-06","1","android"
"4604","2025-11-25","1","ios"
"4604","2025-12-04","1","ios"
"4604","2026-01-04","1","ios"
"4604","2026-01-12","1","ios"
"4605","2024-02-14","1","ios"
"4605","2024-03-05","1","ios"
"4605","2024-10-29","1","web"
"4605","2025-09-07","1","ios"
"4606","2024-04-25","1","web"
"4606","2024-05-09","1","ios"
"4606","2024-05-13","1","ios"
"4606","2024-05-28","1","android"
"4606","2024-06-07","1","ios"
"4606","2024-07-12","1","ios"
"4606","2024-07-14","2","ios"
"4606","2024-08-01","1","ios"
"4606","2024-08-12","1","ios"
"4606","2024-08-31","1","ios"
"4607","2024-09-18","1","ios"
"4608","2024-07-26","1","android"
"4608","2024-08-02","1","android"
"4608","2024-08-19","1","android"
"4608","2024-08-30","1","web"
"4608","2024-09-08","1","ios"
"4608","2024-09-09","1","android"
"4608","2025-06-03","1","ios"
"4609","2021-09-29","1","ios"
"4609","2022-11-25","1","web"
"4609","2023-01-03","1","web"
"4609","2023-01-16","1","android"
"4609","2023-01-18","1","android"
"4609","2024-11-04","1","web"
"4609","2025-09-22","1","ios"
"4610","2026-04-09","1","ios"
"4611","2024-12-06","1","web"
"4611","2024-12-29","1","ios"
"4611","2025-01-10","1","ios"
"4611","2025-01-31","1","ios"
"4611","2025-05-10","1","web"
"4611","2025-05-21","1","ios"
"4612","2026-06-06","1","android"
"4612","2026-06-11","1","android"
"4613","2026-04-04","1","android"
"4614","2023-04-16","1","ios"
"4614","2023-05-02","1","ios"
"4614","2023-05-21","1","ios"
"4615","2024-03-22","1","ios"
"4615","2024-03-26","1","android"
"4615","2024-04-06","1","ios"
"4616","2023-03-15","1","ios"
"4616","2023-03-27","1","ios"
"4616","2023-05-12","1","web"
"4616","2023-05-13","1","ios"
"4616","2023-05-16","1","android"
"4616","2023-05-17","2","ios"
"4617","2025-11-26","1","ios"
"4617","2025-11-27","1","android"
"4617","2025-12-23","1","ios"
"4617","2025-12-24","1","ios"
"4617","2025-12-26","1","ios"
"4617","2026-02-03","1","ios"
"4617","2026-02-04","1","ios"
"4617","2026-02-06","1","web"
"4617","2026-02-17","1","android"
"4618","2024-01-18","1","android"
"4618","2024-02-11","1","ios"
"4618","2024-03-07","2","android"
"4618","2024-03-08","1","android"
"4618","2025-05-16","1","web"
"4618","2025-05-26","1","ios"
"4619","2022-03-03","1","android"
"4619","2023-10-15","1","web"
"4619","2023-11-06","1","ios"
"4620","2024-04-08","1","web"
"4620","2024-04-25","1","android"
"4620","2024-04-26","1","web"
"4620","2024-05-13","1","ios"
"4620","2024-05-22","1","web"
"4620","2024-05-25","1","ios"
"4620","2024-07-10","1","android"
"4620","2024-07-27","1","android"
"4620","2025-07-26","1","android"
"4620","2026-04-08","1","android"
"4620","2026-05-19","1","ios"
"4620","2026-06-13","1","ios"
"4620","2026-06-27","1","ios"
"4621","2023-05-07","1","ios"
"4621","2023-05-08","1","ios"
"4621","2023-05-10","1","ios"
"4621","2023-06-06","2","ios"
"4621","2025-12-16","1","ios"
"4622","2022-12-01","1","android"
"4622","2022-12-14","1","android"
"4622","2023-08-07","1","android"
"4622","2023-08-16","1","ios"
"4622","2023-11-19","1","android"
"4622","2023-12-13","1","android"
"4623","2022-10-09","1","ios"
"4623","2023-08-29","1","ios"
"4623","2023-09-04","1","web"
"4623","2023-09-29","1","android"
"4623","2023-10-20","1","web"
"4623","2023-11-17","1","ios"
"4623","2023-11-20","1","android"
"4623","2023-12-11","1","ios"
"4623","2024-01-04","1","ios"
"4623","2024-06-01","1","ios"
"4623","2024-07-06","1","android"
"4623","2024-07-10","1","ios"
"4624","2021-05-24","1","web"
"4624","2022-04-07","1","web"
"4624","2023-09-04","1","web"
"4624","2024-04-18","1","ios"
"4625","2024-08-13","1","ios"
"4626","2025-03-03","1","android"
"4627","2020-02-06","1","android"
"4627","2020-02-08","1","ios"
"4627","2020-12-10","1","ios"
"4628","2026-06-12","1","android"
"4629","2021-07-08","1","android"
"4629","2021-10-16","1","android"
"4630","2025-06-28","1","ios"
"4630","2025-06-29","1","ios"
"4630","2025-07-11","1","ios"
"4630","2025-08-09","1","ios"
"4630","2025-08-10","1","ios"
"4630","2025-09-28","1","web"
"4630","2025-10-22","1","ios"
"4630","2025-11-26","2","web"
"4630","2025-12-22","1","ios"
"4630","2026-01-09","1","ios"
"4630","2026-01-24","1","android"
"4631","2024-01-08","1","ios"
"4631","2024-01-11","1","web"
"4632","2024-06-05","1","android"
"4633","2021-01-16","1","web"
"4633","2021-02-05","1","android"
"4633","2021-02-28","1","ios"
"4634","2021-01-27","1","ios"
"4634","2021-02-07","1","ios"
"4634","2021-08-12","1","android"
"4634","2021-08-21","1","ios"
"4634","2021-08-29","1","ios"
"4634","2021-08-30","1","android"
"4634","2021-09-20","1","android"
"4634","2021-10-02","1","web"
"4634","2021-10-17","1","ios"
"4634","2023-12-18","1","ios"
"4635","2020-10-09","1","android"
"4635","2021-10-23","1","ios"
"4635","2021-11-22","1","android"
"4636","2025-06-08","1","ios"
"4636","2025-06-16","1","android"
"4636","2025-06-30","1","android"
"4637","2026-01-20","1","android"
"4637","2026-01-23","1","ios"
"4637","2026-04-27","1","web"
"4638","2023-08-15","1","android"
"4638","2023-08-22","1","android"
"4638","2023-09-14","1","ios"
"4638","2023-10-07","1","android"
"4639","2020-04-22","1","ios"
"4639","2020-05-07","1","ios"
"4639","2020-05-10","1","ios"
"4640","2025-07-31","1","android"
"4640","2025-08-05","1","android"
"4640","2025-08-28","1","android"
"4640","2025-09-10","1","android"
"4640","2025-09-20","1","ios"
"4640","2025-10-04","2","ios"
"4640","2025-12-18","1","ios"
"4640","2026-01-23","1","ios"
"4641","2021-06-02","1","android"
"4641","2021-06-09","1","android"
"4641","2021-06-23","1","ios"
"4641","2021-07-08","1","android"
"4642","2023-11-16","1","ios"
"4642","2023-11-19","1","ios"
"4642","2023-12-06","1","ios"
"4643","2023-05-06","1","ios"
"4643","2023-05-28","1","web"
"4644","2022-10-24","1","ios"
"4644","2022-11-25","1","ios"
"4644","2024-05-12","1","ios"
"4645","2025-07-28","1","web"
"4645","2025-08-23","1","android"
"4646","2023-09-23","1","android"
"4646","2023-10-09","1","ios"
"4646","2023-12-06","1","android"
"4646","2025-01-30","1","android"
"4646","2025-02-03","1","ios"
"4647","2024-04-21","1","ios"
"4647","2024-12-06","1","ios"
"4647","2026-05-15","1","android"
"4648","2025-09-06","1","ios"
"4649","2023-11-21","1","android"
"4649","2024-08-17","1","android"
"4649","2024-09-24","1","android"
"4649","2024-10-18","2","android"
"4649","2024-10-27","1","android"
"4649","2024-11-20","1","android"
"4649","2025-02-21","1","web"
"4649","2026-03-14","1","ios"
"4649","2026-05-11","1","ios"
"4650","2022-08-28","1","ios"
"4650","2022-08-31","1","android"
"4651","2022-04-25","1","ios"
"4651","2022-05-14","1","android"
"4651","2022-05-25","1","ios"
"4651","2022-07-11","1","web"
"4651","2022-07-13","1","android"
"4651","2022-07-15","2","android"
"4652","2021-06-14","1","ios"
"4652","2021-06-19","1","web"
"4652","2021-07-28","1","ios"
"4652","2021-08-20","2","web"
"4652","2021-09-04","1","web"
"4652","2021-10-06","1","android"
"4652","2021-10-24","1","ios"
"4652","2021-11-05","2","ios"
"4652","2022-02-13","1","android"
"4652","2022-02-20","1","ios"
"4652","2022-03-19","2","ios"
"4653","2022-02-05","1","android"
"4653","2022-11-07","1","web"
"4653","2024-01-22","1","web"
"4654","2022-02-17","1","web"
"4654","2022-02-26","1","android"
"4654","2022-03-06","1","ios"
"4654","2022-04-17","1","ios"
"4654","2022-04-19","1","android"
"4654","2022-04-24","1","web"
"4654","2022-05-05","1","ios"
"4655","2025-11-13","1","android"
"4656","2023-02-19","1","ios"
"4656","2024-03-20","1","ios"
"4656","2025-02-19","1","ios"
"4656","2025-03-06","1","ios"
"4657","2020-09-24","1","ios"
"4657","2024-04-19","1","android"
"4657","2024-04-20","1","ios"
"4657","2025-06-30","1","ios"
"4657","2025-07-12","1","ios"
"4657","2025-07-16","1","ios"
"4658","2021-07-25","1","ios"
"4658","2021-08-22","2","ios"
"4659","2026-01-09","1","android"
"4660","2021-03-20","1","ios"
"4660","2022-03-26","1","android"
"4660","2022-05-27","1","ios"
"4660","2022-07-03","1","android"
"4660","2022-08-07","1","ios"
"4660","2022-09-04","1","ios"
"4660","2022-09-08","1","web"
"4661","2021-03-20","1","web"
"4661","2021-04-21","1","ios"
"4661","2023-08-03","1","ios"
"4661","2024-06-28","1","ios"
"4662","2026-02-15","1","ios"
"4662","2026-03-05","1","android"
"4662","2026-03-07","1","ios"
"4663","2023-11-19","1","android"
"4663","2023-11-24","1","android"
"4664","2024-04-21","1","ios"
"4664","2024-07-10","1","ios"
"4664","2025-05-23","1","android"
"4664","2025-05-29","2","android"
"4664","2025-05-31","1","android"
"4664","2025-06-01","1","web"
"4665","2019-10-10","1","android"
"4665","2019-10-29","1","web"
"4666","2026-05-28","1","android"
"4666","2026-06-10","1","web"
"4666","2026-06-25","1","ios"
"4667","2026-05-17","1","ios"
"4668","2020-12-03","1","android"
"4668","2022-10-03","1","ios"
"4668","2022-11-09","1","ios"
"4668","2022-12-04","1","android"
"4668","2024-02-08","1","ios"
"4668","2025-11-02","1","ios"
"4669","2022-08-01","1","android"
"4669","2022-08-03","1","ios"
"4669","2023-09-03","1","web"
"4669","2023-09-16","1","android"
"4669","2023-09-17","1","android"
"4669","2023-09-19","1","web"
"4669","2023-09-29","1","android"
"4669","2023-10-01","1","web"
"4670","2022-10-11","1","ios"
"4670","2022-12-01","1","android"
"4670","2023-01-12","1","ios"
"4670","2023-01-28","1","android"
"4670","2023-03-04","2","ios"
"4670","2023-03-10","1","ios"
"4670","2023-06-14","1","ios"
"4670","2023-11-14","1","ios"
"4670","2023-11-18","1","android"
"4670","2023-11-28","1","ios"
"4670","2023-12-19","1","android"
"4670","2026-05-03","1","ios"
"4671","2026-01-10","1","ios"
"4672","2024-06-10","1","ios"
"4672","2024-06-12","1","android"
"4672","2025-06-28","1","ios"
"4672","2025-06-29","1","android"
"4672","2025-07-02","1","ios"
"4672","2025-07-14","1","android"
"4672","2025-08-13","1","ios"
"4673","2019-06-09","1","ios"
"4673","2019-07-28","1","ios"
"4674","2020-09-05","1","android"
"4674","2020-09-14","1","ios"
"4674","2020-09-15","1","android"
"4674","2020-09-16","1","android"
"4674","2020-09-22","1","android"
"4674","2020-10-04","1","web"
"4675","2025-08-02","1","ios"
"4675","2025-09-03","2","web"
"4675","2025-09-19","1","web"
"4675","2025-11-26","1","android"
"4675","2025-12-09","1","ios"
"4675","2026-01-13","1","ios"
"4676","2021-12-27","1","web"
"4676","2021-12-29","1","android"
"4677","2024-04-14","1","android"
"4677","2024-05-01","1","ios"
"4678","2024-11-16","1","ios"
"4678","2025-05-14","1","ios"
"4679","2022-07-25","1","android"
"4680","2022-06-28","1","ios"
"4681","2020-07-11","1","web"
"4681","2020-08-25","1","android"
"4681","2021-06-10","1","web"
"4681","2021-06-21","1","android"
"4682","2023-12-06","1","android"
"4682","2023-12-12","1","android"
"4682","2024-07-08","1","android"
"4682","2024-07-22","1","web"
"4683","2026-06-08","1","ios"
"4684","2025-11-16","1","android"
"4684","2026-01-23","1","android"
"4684","2026-02-09","1","ios"
"4685","2020-05-17","1","ios"
"4685","2023-07-18","1","web"
"4685","2023-07-19","1","ios"
"4685","2023-09-15","1","ios"
"4685","2023-09-16","1","web"
"4686","2024-08-12","1","ios"
"4687","2024-09-12","1","web"
"4687","2025-08-13","1","ios"
"4688","2021-12-18","1","ios"
"4688","2022-01-14","1","ios"
"4689","2025-07-03","1","ios"
"4689","2025-07-24","1","ios"
"4690","2020-06-08","1","ios"
"4691","2020-01-25","1","android"
"4691","2020-02-02","1","ios"
"4691","2020-04-27","1","ios"
"4691","2020-05-02","1","android"
"4691","2021-06-24","1","ios"
"4692","2026-02-19","1","web"
"4692","2026-02-22","1","android"
"4693","2024-12-01","1","android"
"4693","2024-12-31","1","android"
"4694","2023-10-16","1","ios"
"4695","2021-03-23","1","web"
"4696","2024-07-15","1","web"
"4696","2024-08-04","1","android"
"4696","2024-09-17","1","ios"
"4697","2024-08-12","1","ios"
"4697","2024-08-23","1","ios"
"4697","2024-09-11","1","android"
"4697","2024-12-13","1","web"
"4697","2025-12-09","1","web"
"4697","2025-12-20","1","ios"
"4697","2025-12-22","1","ios"
"4697","2026-01-09","1","android"
"4697","2026-01-12","1","ios"
"4697","2026-01-16","1","ios"
"4698","2024-08-22","1","web"
"4699","2021-04-10","1","web"
"4699","2021-04-29","1","ios"
"4699","2021-12-12","1","ios"
"4699","2022-01-13","1","ios"
"4700","2024-08-21","1","web"
"4700","2024-09-01","1","android"
"4700","2024-09-15","1","ios"
"4700","2025-05-11","1","android"
"4700","2025-05-13","1","ios"
"4700","2025-11-07","1","ios"
"4700","2025-11-12","1","android"
"4701","2025-08-09","1","android"
"4701","2025-08-16","1","ios"
"4701","2025-09-27","1","ios"
"4701","2025-10-12","2","android"
"4701","2025-10-29","1","web"
"4701","2025-10-31","1","android"
"4701","2025-12-15","1","android"
"4702","2022-08-06","1","ios"
"4702","2024-01-06","1","ios"
"4702","2025-01-11","1","ios"
"4702","2025-06-21","1","web"
"4702","2025-11-14","1","ios"
"4703","2026-05-10","1","web"
"4703","2026-05-31","1","ios"
"4704","2019-09-26","1","ios"
"4704","2019-10-01","1","ios"
"4704","2020-03-12","1","ios"
"4704","2020-03-28","1","web"
"4704","2020-04-04","1","ios"
"4704","2020-04-26","1","ios"
"4704","2020-05-18","1","android"
"4704","2020-05-28","1","android"
"4704","2020-06-11","1","ios"
"4705","2025-09-15","1","ios"
"4705","2025-09-27","1","android"
"4706","2022-09-19","1","android"
"4706","2022-10-19","1","web"
"4706","2022-10-30","1","android"
"4706","2022-11-03","1","ios"
"4706","2022-11-15","1","ios"
"4706","2022-12-09","1","ios"
"4706","2022-12-18","1","ios"
"4706","2023-03-30","1","web"
"4706","2023-04-04","1","android"
"4706","2023-04-17","1","ios"
"4706","2023-04-20","1","ios"
"4706","2023-04-23","1","web"
"4706","2023-05-06","1","ios"
"4706","2023-05-16","1","ios"
"4706","2023-05-20","1","ios"
"4706","2024-03-17","1","android"
"4706","2024-03-28","1","ios"
"4706","2024-05-03","1","ios"
"4706","2024-05-22","1","ios"
"4707","2026-05-05","1","android"
"4707","2026-06-08","1","ios"
"4707","2026-06-25","1","ios"
"4708","2024-02-03","1","ios"
"4708","2025-01-27","1","android"
"4708","2025-01-30","1","ios"
"4709","2019-06-17","1","android"
"4710","2025-11-19","1","ios"
"4710","2026-04-29","1","ios"
"4710","2026-05-16","1","web"
"4710","2026-06-01","1","web"
"4711","2022-10-05","1","ios"
"4711","2022-10-10","1","ios"
"4711","2023-09-17","1","web"
"4711","2024-09-20","1","ios"
"4712","2020-05-11","1","ios"
"4712","2020-05-27","1","ios"
"4713","2020-06-08","1","android"
"4713","2021-01-29","1","android"
"4713","2021-09-24","1","android"
"4713","2021-09-28","1","web"
"4713","2021-11-04","1","ios"
"4713","2021-11-09","1","ios"
"4713","2021-12-09","1","android"
"4713","2021-12-26","1","ios"
"4713","2022-01-11","1","ios"
"4713","2023-08-08","1","android"
"4713","2023-10-23","1","ios"
"4714","2023-04-03","1","ios"
"4714","2023-04-04","1","android"
"4715","2023-07-05","1","ios"
"4715","2023-11-02","1","ios"
"4715","2023-11-09","1","android"
"4715","2023-11-10","2","ios"
"4715","2023-11-13","1","ios"
"4715","2024-01-11","2","ios"
"4715","2025-08-11","1","web"
"4716","2021-10-26","1","android"
"4716","2022-10-06","1","ios"
"4717","2022-04-14","1","ios"
"4717","2022-05-07","1","android"
"4717","2022-05-17","2","ios"
"4717","2022-12-22","1","ios"
"4717","2023-01-27","1","web"
"4717","2023-02-03","2","ios"
"4717","2023-12-30","1","ios"
"4717","2024-01-16","1","web"
"4717","2024-01-20","2","ios"
"4718","2022-05-20","1","android"
"4718","2022-12-06","1","web"
"4718","2024-02-17","1","web"
"4719","2021-09-19","1","web"
"4719","2021-09-26","1","web"
"4719","2021-09-27","1","android"
"4719","2021-10-02","1","ios"
"4719","2021-11-21","1","android"
"4719","2022-06-01","1","web"
"4720","2021-07-26","1","web"
"4720","2021-07-31","1","web"
"4720","2021-08-02","2","android"
"4720","2021-08-13","1","ios"
"4720","2021-08-24","1","ios"
"4721","2022-01-02","1","web"
"4721","2023-05-26","1","android"
"4722","2024-09-06","1","ios"
"4722","2025-05-16","1","web"
"4722","2026-02-15","1","ios"
"4722","2026-03-01","1","ios"
"4722","2026-04-04","1","android"
"4723","2025-11-12","1","ios"
"4723","2025-11-14","1","web"
"4723","2025-11-15","1","web"
"4723","2025-12-19","1","android"
"4724","2022-12-20","1","ios"
"4724","2022-12-21","1","ios"
"4724","2022-12-28","1","ios"
"4724","2024-02-11","1","ios"
"4724","2025-05-10","1","android"
"4724","2025-05-15","1","android"
"4725","2019-03-25","1","android"
"4726","2025-02-04","1","android"
"4726","2025-08-26","1","ios"
"4726","2025-10-06","1","android"
"4726","2025-10-21","1","ios"
"4726","2025-12-28","1","ios"
"4727","2019-08-26","1","ios"
"4727","2019-08-30","1","ios"
"4727","2019-10-02","1","ios"
"4728","2025-06-05","1","ios"
"4728","2025-06-11","1","android"
"4729","2025-07-24","1","ios"
"4729","2025-07-29","1","web"
"4730","2026-03-22","1","android"
"4731","2022-01-19","1","ios"
"4731","2022-01-28","1","ios"
"4731","2023-01-12","1","ios"
"4732","2021-09-19","1","ios"
"4732","2021-09-22","1","web"
"4733","2023-11-15","1","ios"
"4733","2023-11-16","1","android"
"4733","2023-11-21","1","android"
"4733","2023-11-29","2","ios"
"4733","2024-01-05","1","web"
"4734","2019-07-19","1","ios"
"4734","2019-08-01","1","ios"
"4734","2023-12-27","2","android"
"4734","2024-01-02","1","ios"
"4734","2024-01-14","1","ios"
"4734","2024-01-25","1","ios"
"4734","2025-08-06","1","ios"
"4734","2025-08-07","1","android"
"4735","2023-08-02","1","ios"
"4735","2023-08-17","1","web"
"4736","2026-02-10","1","android"
"4736","2026-02-13","1","ios"
"4736","2026-02-21","1","ios"
"4737","2021-12-26","1","android"
"4737","2022-08-05","1","android"
"4737","2023-01-06","1","ios"
"4738","2024-02-05","1","ios"
"4738","2024-02-09","1","ios"
"4739","2025-10-28","1","web"
"4739","2025-11-06","1","ios"
"4740","2021-07-21","1","ios"
"4741","2021-08-20","1","ios"
"4741","2022-04-05","1","ios"
"4741","2025-09-16","1","ios"
"4742","2024-04-29","1","android"
"4742","2025-04-08","1","web"
"4742","2025-09-08","1","android"
"4743","2023-10-12","1","ios"
"4744","2025-06-22","1","ios"
"4744","2025-07-02","1","web"
"4744","2025-08-01","1","android"
"4744","2025-08-02","1","ios"
"4744","2025-08-03","1","android"
"4744","2025-08-18","1","web"
"4745","2021-05-30","1","android"
"4745","2021-08-05","1","ios"
"4745","2022-11-29","1","android"
"4745","2022-11-30","1","android"
"4745","2022-12-02","1","ios"
"4745","2024-04-05","1","android"
"4745","2024-04-30","1","ios"
"4745","2024-12-12","1","android"
"4745","2024-12-22","1","android"
"4745","2025-01-01","1","ios"
"4745","2025-01-20","1","ios"
"4746","2022-09-30","1","android"
"4746","2022-10-10","1","ios"
"4746","2022-10-14","1","ios"
"4747","2025-01-23","1","android"
"4747","2025-02-02","1","ios"
"4747","2025-02-15","1","android"
"4747","2025-02-23","1","ios"
"4748","2025-11-23","1","ios"
"4748","2026-05-29","1","android"
"4749","2021-01-26","1","web"
"4750","2023-09-18","1","ios"
"4750","2025-06-07","1","ios"
"4750","2025-08-11","1","web"
"4751","2020-04-12","1","web"
"4751","2020-05-13","1","android"
"4751","2020-06-20","1","ios"
"4751","2021-08-04","1","ios"
"4751","2021-08-06","1","ios"
"4751","2021-09-07","1","ios"
"4751","2021-11-12","1","android"
"4751","2022-04-27","1","android"
"4751","2023-08-15","1","web"
"4751","2024-08-30","1","web"
"4752","2024-02-18","1","ios"
"4753","2026-04-03","1","ios"
"4754","2024-09-29","1","ios"
"4755","2024-10-16","1","android"
"4756","2021-05-16","1","ios"
"4756","2022-03-18","1","ios"
"4756","2023-07-16","1","web"
"4756","2023-07-24","1","ios"
"4756","2024-01-29","1","web"
"4756","2025-01-18","1","android"
"4757","2022-08-12","1","ios"
"4757","2022-09-04","1","ios"
"4757","2022-10-22","1","android"
"4757","2022-10-23","1","ios"
"4757","2022-11-03","1","ios"
"4757","2025-01-12","1","ios"
"4757","2025-02-23","1","ios"
"4757","2025-02-26","1","android"
"4758","2021-02-09","1","ios"
"4758","2021-02-10","1","ios"
"4758","2021-02-11","1","web"
"4758","2021-02-18","1","ios"
"4758","2023-12-18","1","web"
"4759","2023-01-28","1","ios"
"4759","2023-03-12","1","ios"
"4759","2023-03-16","1","ios"
"4760","2021-12-19","1","android"
"4760","2021-12-25","1","ios"
"4760","2022-01-07","1","ios"
"4760","2022-01-11","1","ios"
"4760","2022-01-21","1","android"
"4760","2022-01-29","2","ios"
"4760","2022-05-19","1","ios"
"4760","2022-05-22","1","ios"
"4760","2022-05-23","1","ios"
"4760","2022-06-12","1","ios"
"4760","2022-06-16","1","web"
"4761","2024-09-15","1","web"
"4761","2025-10-24","1","ios"
"4762","2024-04-28","1","ios"
"4762","2025-09-09","1","android"
"4762","2026-06-24","1","ios"
"4763","2025-07-01","1","android"
"4764","2025-05-29","1","ios"
"4765","2021-12-26","1","ios"
"4766","2023-09-12","1","android"
"4767","2022-05-12","1","ios"
"4767","2022-05-25","1","web"
"4767","2022-05-31","1","android"
"4767","2022-06-09","1","ios"
"4767","2022-06-29","1","android"
"4767","2022-09-09","1","android"
"4767","2022-09-25","1","web"
"4767","2022-12-22","1","android"
"4767","2023-02-05","1","ios"
"4767","2023-05-19","1","ios"
"4767","2023-05-23","1","ios"
"4767","2023-05-26","1","ios"
"4767","2023-06-25","1","web"
"4767","2023-07-20","1","android"
"4767","2023-08-27","1","android"
"4768","2025-03-20","1","ios"
"4768","2025-04-25","1","android"
"4768","2025-06-08","1","ios"
"4768","2025-06-10","1","android"
"4768","2025-06-28","1","ios"
"4768","2025-07-09","1","ios"
"4769","2025-09-23","1","android"
"4770","2021-10-14","1","ios"
"4770","2021-10-20","1","ios"
"4770","2021-10-27","1","android"
"4771","2025-12-01","1","ios"
"4772","2024-01-28","1","web"
"4773","2019-04-16","1","android"
"4773","2019-04-19","1","android"
"4773","2019-04-24","1","ios"
"4773","2019-04-29","1","web"
"4774","2023-11-10","1","ios"
"4774","2023-12-19","1","web"
"4774","2024-01-14","1","ios"
"4774","2024-01-16","1","web"
"4774","2024-01-20","1","ios"
"4774","2025-01-01","1","ios"
"4774","2025-01-05","1","android"
"4775","2025-02-26","1","ios"
"4775","2025-03-28","1","android"
"4775","2025-04-05","1","web"
"4775","2025-04-15","1","web"
"4775","2025-04-23","1","web"
"4775","2025-05-19","1","ios"
"4775","2025-06-14","1","web"
"4775","2025-09-06","1","android"
"4776","2021-01-03","1","ios"
"4777","2026-05-01","1","web"
"4777","2026-05-27","1","ios"
"4778","2021-03-27","1","web"
"4779","2023-11-05","1","ios"
"4780","2025-08-23","1","android"
"4780","2025-09-18","1","web"
"4780","2025-10-01","1","ios"
"4781","2020-12-04","1","ios"
"4781","2021-11-06","1","ios"
"4781","2022-11-29","1","ios"
"4781","2024-03-08","1","android"
"4781","2025-03-21","1","ios"
"4782","2021-03-22","1","web"
"4782","2021-04-08","1","android"
"4782","2021-04-11","1","android"
"4782","2021-04-28","1","android"
"4782","2021-05-17","1","ios"
"4782","2021-06-04","1","android"
"4782","2021-06-05","1","ios"
"4782","2021-07-10","1","ios"
"4782","2021-07-19","1","ios"
"4782","2022-06-09","1","web"
"4782","2022-06-23","1","ios"
"4782","2022-06-24","1","web"
"4782","2022-06-30","1","ios"
"4782","2023-12-27","1","android"
"4783","2025-10-19","1","web"
"4784","2024-09-04","1","web"
"4784","2024-09-07","1","ios"
"4784","2024-09-08","1","web"
"4785","2023-07-17","1","web"
"4785","2023-07-19","1","ios"
"4785","2024-05-22","1","android"
"4786","2023-07-15","1","ios"
"4786","2024-03-16","1","web"
"4787","2022-06-22","1","ios"
"4787","2022-06-25","1","ios"
"4787","2022-09-01","1","web"
"4787","2022-09-16","1","web"
"4787","2022-09-19","1","android"
"4787","2022-09-25","1","web"
"4787","2022-10-01","1","ios"
"4787","2022-11-30","1","android"
"4787","2022-12-03","2","android"
"4787","2022-12-07","1","web"
"4787","2025-02-27","1","ios"
"4788","2019-07-07","1","web"
"4788","2020-02-25","1","web"
"4789","2024-10-15","1","web"
"4789","2024-11-08","1","ios"
"4790","2020-09-19","1","ios"
"4790","2020-09-21","1","ios"
"4791","2024-08-03","1","ios"
"4791","2024-09-03","1","ios"
"4791","2025-10-22","1","ios"
"4792","2024-11-13","1","android"
"4792","2024-11-17","1","ios"
"4792","2026-03-31","1","ios"
"4792","2026-04-01","1","ios"
"4793","2020-05-06","1","ios"
"4793","2020-05-15","1","ios"
"4794","2019-07-25","1","ios"
"4794","2019-08-03","2","web"
"4794","2020-06-17","1","ios"
"4794","2020-06-24","1","ios"
"4794","2021-01-12","2","android"
"4794","2022-07-06","1","ios"
"4794","2022-07-16","2","ios"
"4794","2022-08-18","1","ios"
"4794","2023-03-09","1","android"
"4795","2025-10-18","1","ios"
"4796","2022-04-08","1","android"
"4796","2023-12-14","1","ios"
"4797","2026-06-16","1","web"
"4797","2026-06-17","1","ios"
"4798","2025-02-26","1","ios"
"4799","2019-02-26","1","android"
"4800","2025-10-31","1","ios"
"4800","2025-11-14","1","ios"
"4800","2026-05-28","1","web"
"4801","2025-11-04","1","ios"
"4801","2025-11-10","1","web"
"4801","2025-11-27","1","ios"
"4802","2025-04-07","1","ios"
"4802","2025-05-09","1","ios"
"4802","2025-05-10","1","android"
"4802","2025-05-11","1","ios"
"4802","2025-06-03","1","android"
"4802","2025-06-22","1","web"
"4802","2025-06-28","1","web"
"4803","2026-02-19","1","ios"
"4804","2022-05-05","1","android"
"4805","2024-07-16","1","ios"
"4806","2025-06-29","1","android"
"4806","2025-07-08","1","ios"
"4806","2025-07-26","1","android"
"4806","2025-08-03","1","ios"
"4806","2025-08-16","1","ios"
"4806","2025-08-17","1","web"
"4807","2023-11-20","1","android"
"4807","2024-02-10","1","web"
"4808","2020-01-25","1","web"
"4808","2020-01-26","1","ios"
"4809","2020-03-22","1","ios"
"4810","2023-01-17","1","android"
"4810","2023-08-31","1","android"
"4810","2023-09-12","1","ios"
"4810","2023-09-16","1","android"
"4810","2023-09-21","2","ios"
"4811","2024-04-09","1","ios"
"4812","2025-02-28","1","web"
"4812","2025-10-24","1","android"
"4812","2025-11-28","1","web"
"4812","2025-12-23","1","android"
"4813","2024-10-05","1","web"
"4813","2024-11-07","1","ios"
"4813","2024-11-17","1","web"
"4814","2025-10-02","1","ios"
"4814","2025-10-19","1","ios"
"4815","2024-08-21","1","android"
"4815","2024-08-31","1","android"
"4816","2021-09-02","1","ios"
"4816","2021-09-23","1","android"
"4817","2024-01-08","1","web"
"4818","2019-10-27","1","web"
"4818","2020-04-18","1","ios"
"4818","2020-05-18","1","android"
"4818","2020-05-22","1","web"
"4818","2020-05-26","1","web"
"4818","2020-06-21","1","ios"
"4818","2020-06-30","1","ios"
"4818","2020-07-09","1","ios"
"4818","2020-07-17","1","android"
"4818","2021-11-28","1","web"
"4819","2024-07-24","1","ios"
"4819","2024-08-02","1","ios"
"4820","2022-12-16","1","ios"
"4820","2022-12-24","1","ios"
"4820","2023-02-17","1","android"
"4820","2023-02-19","1","ios"
"4820","2023-02-22","1","web"
"4820","2023-06-18","1","ios"
"4821","2021-10-16","1","android"
"4821","2021-10-18","1","android"
"4821","2021-10-31","1","ios"
"4821","2022-01-23","1","ios"
"4821","2024-07-29","1","android"
"4821","2026-02-13","1","ios"
"4821","2026-03-26","1","web"
"4821","2026-03-29","1","ios"
"4822","2021-07-03","1","android"
"4823","2023-07-07","1","android"
"4824","2022-05-07","1","android"
"4824","2022-09-30","1","android"
"4824","2023-10-11","1","android"
"4825","2022-09-27","1","web"
"4825","2022-11-07","1","web"
"4825","2022-12-17","1","android"
"4825","2024-02-04","1","ios"
"4825","2024-03-25","1","web"
"4825","2024-03-29","2","android"
"4825","2025-12-13","1","android"
"4826","2024-01-22","1","web"
"4826","2024-01-29","1","android"
"4826","2025-11-25","1","ios"
"4826","2025-12-04","1","ios"
"4827","2025-09-10","1","android"
"4828","2026-04-15","1","ios"
"4828","2026-05-13","1","ios"
"4828","2026-06-26","1","ios"
"4829","2023-10-26","1","ios"
"4830","2022-10-21","1","android"
"4831","2025-12-15","1","ios"
"4831","2026-01-01","1","ios"
"4831","2026-01-20","1","android"
"4832","2025-09-07","1","android"
"4832","2025-09-08","1","ios"
"4832","2025-09-13","1","ios"
"4832","2025-09-22","1","web"
"4833","2024-03-28","1","ios"
"4834","2024-10-28","1","ios"
"4834","2024-10-29","1","web"
"4834","2025-12-09","1","ios"
"4835","2023-10-13","1","ios"
"4835","2023-10-19","1","android"
"4836","2025-09-16","1","ios"
"4836","2025-10-02","1","android"
"4836","2025-10-05","1","ios"
"4836","2025-10-07","1","android"
"4836","2025-11-11","1","android"
"4837","2025-07-14","1","android"
"4837","2025-12-21","1","android"
"4837","2026-01-09","1","ios"
"4837","2026-05-15","1","android"
"4837","2026-05-19","1","android"
"4837","2026-05-22","1","ios"
"4837","2026-06-01","1","android"
"4837","2026-06-06","1","ios"
"4838","2021-12-18","1","android"
"4839","2026-01-30","1","android"
"4839","2026-02-26","1","web"
"4840","2021-05-24","1","android"
"4840","2021-05-31","2","ios"
"4840","2021-12-15","1","android"
"4840","2022-01-13","1","android"
"4840","2022-02-04","2","ios"
"4840","2023-03-12","2","ios"
"4841","2023-03-26","1","ios"
"4841","2023-03-28","1","ios"
"4841","2023-04-01","1","android"
"4841","2024-08-14","1","ios"
"4841","2026-05-08","1","android"
"4842","2024-07-03","1","web"
"4842","2024-08-05","1","android"
"4842","2024-08-15","1","android"
"4842","2024-08-16","1","web"
"4842","2024-08-23","1","ios"
"4842","2024-09-12","1","ios"
"4842","2026-06-13","1","android"
"4842","2026-06-24","1","android"
"4843","2020-01-28","1","web"
"4843","2020-02-16","1","web"
"4843","2020-03-23","1","ios"
"4843","2020-05-11","1","android"
"4843","2020-06-01","1","android"
"4844","2020-12-17","1","ios"
"4844","2020-12-19","1","ios"
"4845","2025-05-12","1","android"
"4845","2025-08-07","1","web"
"4845","2025-08-20","1","ios"
"4845","2025-10-04","1","ios"
"4845","2025-10-05","2","android"
"4845","2026-02-05","1","web"
"4846","2025-05-11","1","web"
"4846","2026-04-10","1","android"
"4847","2021-09-09","1","android"
"4847","2021-09-18","1","web"
"4847","2021-09-21","1","android"
"4847","2022-12-21","1","ios"
"4847","2023-05-04","1","ios"
"4847","2023-05-27","1","android"
"4847","2023-06-01","1","ios"
"4847","2023-06-02","2","android"
"4847","2026-01-15","1","ios"
"4847","2026-02-22","1","web"
"4847","2026-03-02","1","android"
"4848","2021-04-12","1","android"
"4848","2021-04-16","1","web"
"4848","2022-09-29","1","android"
"4849","2020-01-19","1","android"
"4849","2020-01-20","1","android"
"4850","2023-05-12","1","android"
"4850","2023-12-27","1","android"
"4851","2022-02-07","1","android"
"4851","2023-08-08","1","ios"
"4851","2024-07-05","1","ios"
"4851","2025-05-06","1","ios"
"4852","2022-06-19","1","web"
"4853","2025-09-20","1","web"
"4854","2022-11-29","1","android"
"4854","2024-11-24","1","android"
"4854","2026-06-14","1","ios"
"4855","2024-07-23","1","ios"
"4855","2024-08-23","1","android"
"4855","2024-08-28","1","ios"
"4855","2024-11-04","1","web"
"4855","2024-12-05","1","ios"
"4856","2020-10-14","1","web"
"4856","2020-10-23","1","ios"
"4856","2020-11-26","1","android"
"4856","2020-11-30","1","ios"
"4856","2020-12-12","1","android"
"4856","2020-12-23","1","web"
"4856","2021-01-08","1","web"
"4856","2021-01-24","1","ios"
"4856","2021-01-25","1","ios"
"4856","2021-01-30","1","web"
"4856","2021-02-15","1","android"
"4856","2021-03-13","1","ios"
"4856","2021-03-26","1","ios"
"4856","2021-04-08","1","android"
"4856","2021-05-22","1","ios"
"4856","2021-08-02","1","ios"
"4856","2021-08-05","1","web"
"4856","2021-08-06","1","ios"
"4857","2022-05-13","1","ios"
"4858","2024-09-15","1","web"
"4858","2025-06-27","1","ios"
"4859","2024-11-27","1","ios"
"4859","2024-12-14","1","web"
"4859","2024-12-31","1","ios"
"4859","2025-01-11","1","android"
"4859","2025-01-23","1","android"
"4859","2025-02-02","2","android"
"4859","2025-02-14","1","android"
"4859","2025-03-24","1","android"
"4859","2025-04-22","1","ios"
"4859","2025-05-30","1","android"
"4859","2025-07-08","2","ios"
"4860","2024-01-14","1","ios"
"4860","2024-01-20","1","web"
"4860","2024-10-27","1","ios"
"4860","2025-06-17","1","ios"
"4861","2021-08-26","1","ios"
"4861","2021-09-21","1","web"
"4861","2021-09-22","1","android"
"4862","2020-07-16","1","ios"
"4862","2020-08-08","1","android"
"4862","2023-06-04","1","ios"
"4863","2025-10-01","1","web"
"4863","2025-10-03","1","android"
"4864","2024-04-20","1","ios"
"4864","2024-05-09","1","ios"
"4864","2024-05-31","1","ios"
"4864","2024-06-20","1","ios"
"4864","2024-07-04","1","android"
"4864","2024-07-07","1","android"
"4864","2025-01-20","1","web"
"4864","2025-02-10","1","web"
"4864","2025-02-15","1","android"
"4864","2025-08-20","1","android"
"4864","2025-08-27","2","android"
"4864","2025-09-05","1","android"
"4864","2025-09-27","1","web"
"4864","2025-10-11","1","android"
"4865","2026-04-11","1","android"
"4866","2024-11-08","1","android"
"4866","2025-06-15","1","web"
"4867","2026-05-23","1","android"
"4868","2020-09-27","1","ios"
"4868","2021-03-14","1","web"
"4869","2025-02-04","1","android"
"4869","2026-06-18","1","android"
"4869","2026-06-26","1","web"
"4870","2023-02-02","1","ios"
"4870","2023-02-03","1","web"
"4871","2023-04-05","1","web"
"4871","2025-01-12","1","ios"
"4872","2024-11-17","1","ios"
"4873","2025-02-22","1","android"
"4873","2025-03-19","1","web"
"4873","2025-04-02","1","ios"
"4873","2025-12-15","1","ios"
"4874","2025-09-24","1","android"
"4874","2025-10-05","1","android"
"4874","2025-10-21","1","ios"
"4874","2025-10-24","1","ios"
"4874","2026-06-05","1","ios"
"4874","2026-06-06","2","android"
"4874","2026-06-24","1","android"
"4875","2025-02-12","1","web"
"4876","2021-03-22","1","android"
"4876","2022-12-28","1","ios"
"4877","2021-06-25","1","web"
"4878","2022-03-14","1","ios"
"4878","2022-03-25","1","ios"
"4878","2022-04-01","1","ios"
"4878","2023-01-26","1","web"
"4878","2023-02-04","1","android"
"4878","2023-03-13","1","android"
"4878","2023-04-08","1","ios"
"4878","2023-07-06","1","android"
"4879","2021-08-06","1","web"
"4879","2021-08-20","1","web"
"4880","2026-03-21","1","ios"
"4880","2026-03-30","1","ios"
"4881","2025-12-19","1","ios"
"4881","2025-12-20","1","ios"
"4881","2026-06-08","1","ios"
"4882","2025-04-14","1","ios"
"4883","2025-10-14","1","ios"
"4883","2025-11-04","1","ios"
"4883","2025-11-07","1","ios"
"4883","2025-12-04","1","android"
"4884","2025-02-26","1","android"
"4884","2025-04-16","1","web"
"4884","2025-08-03","1","ios"
"4884","2025-12-05","1","ios"
"4884","2025-12-08","1","ios"
"4884","2025-12-09","1","web"
"4884","2026-02-13","1","web"
"4884","2026-02-25","1","android"
"4884","2026-03-01","1","android"
"4885","2025-03-18","1","android"
"4885","2025-04-15","1","android"
"4885","2025-04-24","1","android"
"4885","2025-05-08","1","web"
"4885","2025-06-30","1","ios"
"4885","2025-07-01","1","android"
"4885","2025-07-07","1","android"
"4885","2025-07-21","1","ios"
"4885","2025-08-03","1","ios"
"4885","2025-08-07","1","android"
"4885","2025-09-17","1","web"
"4885","2025-10-26","1","android"
"4886","2022-12-21","1","ios"
"4887","2019-05-25","1","web"
"4887","2019-07-02","1","ios"
"4887","2019-07-04","1","ios"
"4888","2026-03-04","1","ios"
"4889","2022-10-20","1","android"
"4889","2023-07-31","1","android"
"4890","2019-09-25","1","ios"
"4890","2021-10-17","1","android"
"4890","2021-11-23","1","ios"
"4890","2021-12-15","1","ios"
"4891","2024-11-23","1","ios"
"4891","2024-11-28","1","ios"
"4892","2025-05-15","1","android"
"4892","2025-11-08","1","ios"
"4892","2025-11-09","1","ios"
"4892","2025-11-22","2","ios"
"4892","2025-11-23","2","ios"
"4892","2025-12-08","1","android"
"4892","2025-12-22","1","android"
"4892","2025-12-26","2","ios"
"4893","2023-10-26","1","web"
"4893","2023-10-31","1","android"
"4893","2024-03-12","1","android"
"4894","2025-12-28","1","ios"
"4894","2026-02-14","1","ios"
"4894","2026-05-20","1","ios"
"4894","2026-06-14","1","ios"
"4895","2026-01-10","1","android"
"4896","2021-08-10","1","ios"
"4896","2021-08-26","1","ios"
"4896","2021-09-24","1","ios"
"4896","2022-11-24","1","ios"
"4896","2022-12-01","1","android"
"4897","2023-12-05","1","ios"
"4897","2023-12-06","1","ios"
"4897","2025-06-29","1","web"
"4897","2025-07-05","1","android"
"4897","2025-07-23","1","ios"
"4897","2025-08-11","1","ios"
"4897","2025-08-27","1","web"
"4897","2025-08-28","1","ios"
"4897","2025-09-25","1","ios"
"4898","2022-07-04","1","web"
"4898","2022-07-05","1","ios"
"4899","2024-05-10","1","android"
"4900","2025-09-10","1","web"
"4900","2025-09-21","1","ios"
"4900","2025-10-02","1","android"
"4901","2025-06-20","1","ios"
"4901","2025-06-23","1","android"
"4902","2026-05-15","1","web"
"4902","2026-06-15","1","ios"
"4903","2021-08-02","1","ios"
"4903","2021-08-24","1","web"
"4904","2026-05-10","1","ios"
"4904","2026-05-18","1","android"
"4905","2024-12-25","1","android"
"4905","2025-01-04","1","ios"
"4906","2020-07-16","1","android"
"4907","2023-10-03","1","ios"
"4907","2023-10-07","2","web"
"4907","2023-10-09","1","ios"
"4907","2024-10-18","2","ios"
"4908","2024-10-06","1","android"
"4908","2024-10-18","1","web"
"4908","2025-07-19","1","ios"
"4908","2025-08-04","1","web"
"4908","2025-08-06","1","ios"
"4908","2025-08-27","1","ios"
"4909","2020-07-01","1","ios"
"4909","2020-07-15","1","ios"
"4909","2020-08-08","2","ios"
"4909","2020-08-17","1","web"
"4909","2020-08-24","2","ios"
"4909","2020-11-08","1","ios"
"4909","2020-11-12","1","web"
"4909","2020-11-16","1","web"
"4909","2020-11-17","1","ios"
"4909","2021-08-26","2","ios"
"4909","2021-09-11","1","android"
"4909","2021-11-18","2","ios"
"4910","2024-10-04","1","ios"
"4911","2022-05-24","1","android"
"4911","2022-10-02","1","android"
"4911","2022-10-18","1","android"
"4911","2022-10-19","1","ios"
"4911","2022-10-22","1","ios"
"4911","2022-10-30","1","web"
"4911","2022-11-14","1","android"
"4911","2022-11-19","1","ios"
"4911","2022-12-12","1","ios"
"4911","2022-12-13","1","web"
"4911","2022-12-14","1","android"
"4911","2022-12-17","1","ios"
"4911","2023-01-17","1","android"
"4911","2023-01-19","1","android"
"4912","2025-08-16","1","ios"
"4912","2025-08-22","1","ios"
"4913","2020-06-16","1","ios"
"4913","2020-07-14","1","web"
"4913","2020-07-15","1","android"
"4913","2021-07-21","1","ios"
"4913","2022-02-03","1","ios"
"4913","2022-10-13","1","ios"
"4914","2021-04-01","1","android"
"4915","2020-06-28","1","ios"
"4915","2020-07-16","1","web"
"4915","2020-07-29","1","web"
"4915","2020-08-09","1","android"
"4915","2020-08-14","1","android"
"4915","2021-03-22","1","android"
"4915","2021-03-30","2","web"
"4915","2021-04-03","1","android"
"4915","2021-04-12","2","android"
"4915","2021-04-15","1","ios"
"4915","2022-02-04","1","ios"
"4915","2022-08-31","1","ios"
"4915","2023-01-24","1","android"
"4915","2024-01-29","1","ios"
"4915","2024-03-30","1","ios"
"4915","2024-04-04","1","web"
"4915","2026-04-30","1","android"
"4916","2020-08-05","1","ios"
"4916","2020-09-24","1","ios"
"4916","2020-09-25","1","ios"
"4916","2020-10-14","1","ios"
"4916","2020-10-18","1","web"
"4916","2020-10-19","1","web"
"4916","2021-05-07","1","android"
"4916","2021-05-09","1","android"
"4916","2022-01-20","1","ios"
"4917","2026-05-07","1","ios"
"4918","2024-03-19","1","android"
"4918","2025-01-02","1","android"
"4918","2025-10-20","1","ios"
"4918","2025-11-20","2","ios"
"4918","2025-12-01","1","ios"
"4918","2025-12-12","1","ios"
"4919","2025-12-02","1","ios"
"4919","2026-01-21","1","web"
"4919","2026-02-02","1","android"
"4919","2026-02-04","2","ios"
"4920","2024-03-13","1","ios"
"4921","2024-03-09","1","ios"
"4921","2024-04-12","1","web"
"4921","2024-04-25","1","web"
"4921","2024-05-26","1","android"
"4922","2023-05-27","1","web"
"4923","2023-03-27","1","ios"
"4923","2023-04-01","1","android"
"4923","2024-05-25","1","android"
"4923","2024-08-09","1","ios"
"4923","2024-08-17","1","web"
"4923","2026-04-13","1","web"
"4923","2026-04-23","2","ios"
"4923","2026-04-24","2","android"
"4924","2025-09-08","1","android"
"4924","2025-10-17","1","ios"
"4924","2026-02-24","1","ios"
"4924","2026-05-14","1","ios"
"4924","2026-06-01","1","ios"
"4925","2020-05-15","1","android"
"4925","2020-05-16","1","ios"
"4925","2020-06-21","1","ios"
"4926","2024-12-09","1","android"
"4926","2024-12-15","1","web"
"4926","2025-01-09","1","ios"
"4926","2026-02-10","1","android"
"4927","2026-02-24","1","ios"
"4928","2020-08-17","1","ios"
"4928","2020-09-24","1","web"
"4928","2021-12-16","1","ios"
"4928","2022-10-25","1","ios"
"4928","2023-07-02","1","android"
"4928","2024-10-15","1","ios"
"4929","2023-01-15","1","web"
"4929","2023-01-27","1","ios"
"4929","2023-01-28","1","android"
"4929","2023-05-03","1","ios"
"4929","2024-09-30","1","android"
"4930","2020-08-25","1","ios"
"4931","2025-04-06","1","ios"
"4931","2026-02-18","1","ios"
"4932","2026-04-11","1","android"
"4932","2026-05-28","1","ios"
"4933","2023-12-23","1","android"
"4933","2024-01-14","1","web"
"4933","2024-01-26","1","ios"
"4933","2024-02-01","1","ios"
"4933","2024-03-21","1","android"
"4933","2025-08-04","2","ios"
"4933","2026-03-23","1","ios"
"4934","2026-03-11","1","ios"
"4934","2026-04-23","1","ios"
"4934","2026-05-08","1","web"
"4935","2024-01-30","1","android"
"4936","2023-02-26","1","android"
"4936","2026-03-20","1","android"
"4937","2024-05-09","1","ios"
"4937","2024-05-23","1","web"
"4937","2024-05-24","1","ios"
"4937","2024-06-03","1","ios"
"4937","2024-06-22","1","web"
"4938","2023-09-15","1","android"
"4938","2026-02-13","1","ios"
"4939","2021-03-07","1","ios"
"4940","2025-10-31","1","android"
"4940","2025-11-14","1","ios"
"4941","2025-01-20","1","ios"
"4941","2025-01-27","1","ios"
"4942","2022-12-09","1","ios"
"4942","2023-06-19","1","ios"
"4942","2024-10-03","1","ios"
"4942","2024-10-04","1","web"
"4943","2023-07-19","1","android"
"4944","2023-05-10","1","ios"
"4945","2025-06-02","1","ios"
"4945","2025-06-03","1","ios"
"4945","2025-06-27","1","web"
"4945","2025-06-28","1","ios"
"4945","2025-07-11","1","ios"
"4945","2025-07-28","1","ios"
"4946","2026-02-20","1","android"
"4946","2026-04-11","1","ios"
"4946","2026-05-30","1","ios"
"4946","2026-06-05","1","ios"
"4946","2026-06-27","1","android"
"4947","2020-01-27","1","android"
"4947","2020-01-31","1","ios"
"4947","2020-02-23","1","ios"
"4947","2020-03-11","1","ios"
"4947","2021-10-21","1","android"
"4948","2022-09-26","1","ios"
"4948","2022-10-30","2","ios"
"4949","2022-01-11","1","android"
"4949","2022-01-28","1","android"
"4949","2022-02-06","1","ios"
"4949","2022-03-09","1","android"
"4949","2022-03-26","1","android"
"4949","2022-03-28","1","ios"
"4949","2022-04-28","1","android"
"4949","2022-06-06","1","ios"
"4949","2023-07-20","1","ios"
"4949","2023-08-02","1","web"
"4949","2023-08-11","1","web"
"4949","2023-08-21","1","ios"
"4949","2024-04-14","1","ios"
"4949","2025-01-14","1","ios"
"4949","2025-07-02","1","android"
"4950","2021-08-12","1","ios"
"4950","2021-08-15","1","ios"
"4950","2021-08-28","1","ios"
"4950","2021-09-08","1","android"
"4950","2022-12-31","1","ios"
"4950","2024-04-07","1","android"
"4951","2026-04-22","1","ios"
"4952","2024-05-18","1","ios"
"4952","2025-02-08","1","android"
"4952","2025-03-09","1","ios"
"4952","2025-03-18","1","web"
"4952","2025-11-03","1","android"
"4953","2022-11-21","1","ios"
"4953","2022-11-25","1","ios"
"4953","2023-12-20","1","ios"
"4953","2024-02-06","2","ios"
"4953","2024-02-11","1","web"
"4953","2024-02-21","2","web"
"4953","2024-03-04","1","android"
"4953","2024-03-07","1","android"
"4953","2024-03-10","1","ios"
"4953","2024-03-27","1","android"
"4954","2021-07-01","1","ios"
"4954","2021-07-07","1","ios"
"4955","2023-04-20","1","ios"
"4955","2023-05-15","1","android"
"4956","2025-11-23","1","ios"
"4957","2020-10-04","1","web"
"4957","2022-03-07","1","android"
"4957","2024-07-12","2","android"
"4957","2024-07-16","1","ios"
"4957","2024-07-19","1","ios"
"4958","2023-07-29","1","ios"
"4958","2023-12-18","1","web"
"4959","2022-03-28","1","ios"
"4960","2020-09-21","1","ios"
"4960","2020-09-22","1","android"
"4960","2020-10-19","1","ios"
"4960","2021-03-30","1","ios"
"4960","2021-04-06","1","android"
"4960","2024-12-10","1","ios"
"4960","2025-01-24","1","ios"
"4960","2025-01-29","1","ios"
"4961","2025-08-05","1","web"
"4961","2025-08-10","1","web"
"4961","2026-02-13","1","ios"
"4961","2026-03-12","1","ios"
"4961","2026-03-31","1","android"
"4961","2026-04-06","1","ios"
"4962","2021-11-29","1","android"
"4962","2021-11-30","1","ios"
"4962","2021-12-24","1","android"
"4962","2021-12-25","1","ios"
"4963","2021-07-05","1","ios"
"4964","2026-03-05","1","web"
"4965","2021-09-18","1","ios"
"4965","2021-09-20","1","ios"
"4965","2021-10-03","1","web"
"4965","2021-10-18","1","ios"
"4965","2022-05-24","1","ios"
"4966","2024-04-28","1","web"
"4966","2024-05-19","1","web"
"4966","2024-09-28","2","ios"
"4967","2025-07-12","1","ios"
"4968","2025-02-09","1","android"
"4968","2025-02-10","1","android"
"4968","2026-01-07","1","android"
"4968","2026-01-30","1","web"
"4969","2025-08-21","1","ios"
"4969","2025-08-30","1","android"
"4969","2026-03-24","1","android"
"4970","2024-11-27","1","ios"
"4970","2025-06-25","1","ios"
"4970","2025-07-01","1","android"
"4971","2025-11-11","1","ios"
"4971","2025-12-06","1","ios"
"4972","2024-07-13","1","ios"
"4972","2024-07-26","1","web"
"4972","2024-09-02","1","android"
"4972","2024-09-24","1","ios"
"4972","2024-09-30","1","ios"
"4973","2022-07-28","1","android"
"4973","2022-07-29","1","ios"
"4973","2022-08-07","1","android"
"4973","2023-01-14","1","android"
"4973","2023-01-21","1","android"
"4973","2023-01-27","2","ios"
"4974","2025-02-03","1","ios"
"4975","2022-11-17","1","ios"
"4975","2023-04-21","1","web"
"4976","2026-03-17","1","ios"
"4977","2024-10-16","1","android"
"4977","2024-10-17","1","android"
"4977","2024-10-28","1","web"
"4977","2025-06-16","1","ios"
"4977","2026-06-23","1","ios"
"4978","2022-01-10","1","ios"
"4978","2022-01-14","1","web"
"4978","2022-01-29","1","web"
"4978","2022-02-11","1","android"
"4978","2023-10-27","1","android"
"4978","2023-11-02","1","ios"
"4979","2019-06-14","1","android"
"4979","2021-04-16","1","ios"
"4979","2023-05-06","1","ios"
"4979","2024-06-13","1","android"
"4979","2024-11-17","1","android"
"4980","2021-07-28","1","android"
"4980","2021-08-26","1","ios"
"4981","2025-10-28","1","web"
"4981","2025-11-13","1","ios"
"4981","2025-11-29","1","web"
"4982","2024-08-19","1","web"
"4982","2024-08-20","1","web"
"4982","2024-08-29","1","web"
"4983","2023-12-10","1","ios"
"4984","2024-08-03","1","ios"
"4984","2025-04-21","1","web"
"4984","2025-11-09","1","android"
"4984","2025-11-13","1","android"
"4985","2026-02-16","1","web"
"4986","2019-06-25","1","ios"
"4986","2019-07-03","1","ios"
"4986","2019-07-07","1","web"
"4986","2020-03-03","1","android"
"4986","2020-04-07","1","ios"
"4986","2020-04-14","1","web"
"4986","2020-05-02","1","ios"
"4987","2024-11-07","1","android"
"4987","2025-10-09","1","ios"
"4987","2026-03-25","1","ios"
"4988","2024-12-16","1","ios"
"4988","2024-12-24","1","android"
"4989","2024-05-04","1","ios"
"4989","2024-06-01","1","android"
"4989","2024-06-12","1","ios"
"4989","2024-06-22","1","ios"
"4990","2025-07-31","1","ios"
"4990","2025-08-23","1","android"
"4991","2023-06-10","1","web"
"4991","2023-08-04","1","ios"
"4991","2026-04-28","1","ios"
"4992","2021-12-22","1","ios"
"4992","2021-12-29","1","android"
"4992","2021-12-30","1","android"
"4992","2022-01-22","1","android"
"4993","2023-11-27","1","android"
"4993","2023-11-30","1","web"
"4993","2023-12-13","1","android"
"4994","2023-10-07","1","android"
"4994","2023-11-09","1","android"
"4994","2023-11-18","1","ios"
"4995","2019-10-29","1","ios"
"4995","2019-11-03","1","ios"
"4995","2020-07-01","1","ios"
"4995","2021-12-22","1","android"
"4996","2022-05-09","1","ios"
"4996","2022-05-23","1","android"
"4996","2022-06-02","1","web"
"4996","2022-06-07","1","ios"
"4996","2024-04-22","1","ios"
"4996","2024-04-24","1","ios"
"4996","2024-05-01","1","ios"
"4996","2024-05-08","1","web"
"4996","2024-05-14","1","android"
"4996","2024-05-29","1","ios"
"4997","2023-03-21","1","ios"
"4997","2023-04-04","1","android"
"4997","2023-04-06","1","ios"
"4997","2023-04-09","1","android"
"4997","2023-05-20","1","android"
"4998","2023-02-07","1","android"
"4998","2023-08-20","1","ios"
"4998","2024-06-26","1","ios"
"4998","2025-05-01","1","ios"
"4998","2026-02-11","1","web"
"4999","2024-09-20","1","ios"
"4999","2024-09-21","1","ios"
"4999","2024-09-23","1","android"
"5000","2023-09-15","1","android"
"5000","2024-09-15","1","ios"
"5000","2024-09-25","1","web"
"5001","2026-01-30","1","ios"
"5001","2026-02-03","1","web"
"5001","2026-02-12","1","android"
"5002","2026-03-22","1","web"
"5002","2026-03-30","1","ios"
"5002","2026-03-31","1","android"
"5003","2023-01-01","1","ios"
"5003","2023-07-18","1","ios"
"5004","2023-06-22","1","ios"
"5004","2023-07-02","1","android"
"5004","2025-08-29","1","ios"
"5005","2025-04-27","1","android"
"5005","2025-05-17","1","ios"
"5005","2025-05-25","1","ios"
"5005","2025-06-14","1","ios"
"5005","2025-07-04","1","ios"
"5005","2025-07-11","1","android"
"5005","2025-07-18","1","ios"
"5005","2025-07-24","2","ios"
"5005","2025-08-25","1","android"
"5005","2025-08-31","1","web"
"5005","2025-09-12","1","ios"
"5005","2025-09-19","1","ios"
"5006","2024-02-25","1","android"
"5006","2024-02-29","1","web"
"5006","2024-03-03","1","android"
"5006","2024-03-04","1","android"
"5006","2024-03-15","1","ios"
"5006","2024-03-17","1","web"
"5006","2024-03-25","1","android"
"5006","2024-04-01","1","web"
"5006","2024-05-31","1","android"
"5006","2024-06-13","1","android"
"5006","2024-07-05","1","ios"
"5006","2024-12-05","1","ios"
"5007","2021-09-16","1","ios"
"5007","2021-10-31","1","web"
"5008","2022-05-25","1","ios"
"5008","2022-05-30","1","android"
"5008","2022-06-29","1","android"
"5008","2022-07-01","1","android"
"5008","2022-08-21","2","ios"
"5008","2022-08-24","1","ios"
"5008","2022-08-30","1","web"
"5008","2023-08-20","1","ios"
"5009","2025-08-05","1","android"
"5009","2025-08-20","1","web"
"5009","2025-10-05","1","android"
"5009","2025-10-17","1","ios"
"5010","2022-07-29","1","ios"
"5010","2022-08-28","1","ios"
"5010","2024-01-03","1","ios"
"5010","2024-01-14","2","android"
"5010","2025-02-24","1","android"
"5010","2025-03-13","1","ios"
"5010","2026-05-25","1","ios"
"5010","2026-06-06","1","web"
"5011","2025-04-18","1","ios"
"5011","2025-04-26","1","android"
"5011","2025-07-23","1","android"
"5012","2021-10-09","1","ios"
"5012","2021-10-17","1","web"
"5013","2024-08-01","1","web"
"5013","2025-10-08","1","ios"
"5014","2025-06-26","1","ios"
"5014","2025-07-04","1","ios"
"5014","2025-11-07","1","ios"
"5014","2025-11-16","2","android"
"5014","2025-11-22","1","ios"
"5014","2025-12-25","1","ios"
"5015","2025-08-23","1","android"
"5016","2023-08-21","1","ios"
"5016","2023-10-06","1","ios"
"5016","2023-10-15","1","ios"
"5016","2025-03-30","2","web"
"5016","2025-04-28","1","web"
"5017","2026-04-16","1","android"
"5017","2026-06-06","1","ios"
"5018","2022-11-04","1","ios"
"5018","2022-12-20","1","android"
"5018","2023-01-01","1","ios"
"5019","2025-03-23","1","ios"
"5019","2025-03-26","1","ios"
"5019","2026-03-15","1","web"
"5020","2025-08-05","1","ios"
"5021","2020-03-11","1","ios"
"5021","2020-03-21","1","ios"
"5021","2020-04-01","1","ios"
"5021","2020-04-06","1","android"
"5022","2021-03-21","1","ios"
"5022","2021-04-03","1","ios"
"5022","2021-04-05","1","ios"
"5022","2021-04-13","1","ios"
"5022","2021-04-14","1","ios"
"5022","2021-04-27","1","ios"
"5022","2021-09-04","1","ios"
"5022","2023-06-28","1","web"
"5023","2025-02-26","1","ios"
"5023","2025-10-21","1","ios"
"5023","2025-10-22","1","android"
"5023","2025-12-20","1","ios"
"5023","2026-01-05","1","ios"
"5023","2026-01-10","1","android"
"5023","2026-02-08","1","ios"
"5024","2025-11-21","1","ios"
"5025","2024-04-12","1","android"
"5025","2024-09-26","1","android"
"5026","2021-07-22","1","ios"
"5026","2021-07-31","1","ios"
"5026","2022-03-29","1","android"
"5027","2023-07-06","1","web"
"5027","2023-07-12","1","ios"
"5028","2025-05-14","1","ios"
"5029","2021-04-21","1","android"
"5029","2021-07-30","1","ios"
"5029","2021-07-31","1","ios"
"5029","2023-12-17","1","android"
"5030","2023-05-30","1","ios"
"5030","2023-06-01","1","ios"
"5030","2023-06-13","1","android"
"5031","2023-04-20","1","ios"
"5031","2023-05-21","1","ios"
"5031","2023-05-30","1","ios"
"5031","2023-07-01","1","ios"
"5031","2024-07-06","1","ios"
"5032","2024-11-23","1","android"
"5032","2024-12-03","1","ios"
"5032","2025-11-21","1","android"
"5033","2020-06-14","1","android"
"5033","2020-07-03","1","android"
"5033","2020-08-01","1","ios"
"5034","2019-04-23","1","android"
"5034","2019-06-02","1","ios"
"5035","2020-05-18","1","android"
"5036","2026-01-08","1","web"
"5036","2026-01-15","1","android"
"5036","2026-01-17","1","android"
"5037","2025-02-06","1","ios"
"5037","2025-02-18","1","android"
"5037","2026-03-05","1","web"
"5037","2026-05-06","1","web"
"5037","2026-05-20","1","ios"
"5037","2026-06-07","1","android"
"5037","2026-06-17","1","android"
"5038","2024-08-29","1","web"
"5039","2024-09-15","1","web"
"5040","2022-12-06","1","web"
"5040","2022-12-09","1","web"
"5040","2026-05-05","1","ios"
"5041","2025-10-26","1","web"
"5041","2025-11-03","1","web"
"5041","2025-12-26","1","android"
"5042","2023-03-27","1","android"
"5042","2023-05-27","1","ios"
"5042","2023-05-28","1","web"
"5042","2023-06-10","1","ios"
"5042","2023-06-15","1","web"
"5042","2024-02-08","1","web"
"5042","2024-02-11","1","android"
"5042","2025-01-10","1","ios"
"5043","2023-11-22","1","android"
"5043","2023-12-08","1","android"
"5044","2023-10-10","1","ios"
"5044","2024-03-17","1","ios"
"5044","2024-04-01","1","ios"
"5045","2026-06-01","1","web"
"5046","2021-07-24","1","android"
"5046","2021-07-25","1","ios"
"5047","2026-01-12","1","ios"
"5047","2026-01-22","1","ios"
"5047","2026-02-13","1","android"
"5047","2026-02-25","1","web"
"5048","2025-01-07","1","ios"
"5049","2024-03-09","1","ios"
"5049","2025-08-11","1","ios"
"5049","2025-08-30","1","ios"
"5050","2024-03-19","1","web"
"5051","2019-11-22","1","ios"
"5051","2020-12-08","1","android"
"5052","2026-05-16","1","ios"
"5052","2026-05-22","1","web"
"5052","2026-05-31","1","web"
"5053","2025-11-05","1","web"
"5053","2025-11-08","1","android"
"5054","2022-12-01","1","android"
"5054","2023-01-07","1","ios"
"5055","2023-07-08","1","android"
"5055","2023-08-12","1","android"
"5055","2023-09-02","1","android"
"5055","2023-09-03","1","ios"
"5055","2024-04-02","1","ios"
"5056","2024-11-25","1","ios"
"5057","2025-02-19","1","web"
"5058","2021-07-21","1","android"
"5058","2021-08-22","1","android"
"5058","2021-09-08","1","ios"
"5058","2021-09-11","1","ios"
"5058","2021-09-16","1","ios"
"5059","2024-11-26","1","ios"
"5059","2024-11-28","1","android"
"5059","2024-12-29","1","web"
"5059","2025-01-08","1","ios"
"5060","2025-10-25","1","android"
"5061","2024-03-30","1","ios"
"5062","2025-10-29","1","android"
"5062","2025-11-01","1","android"
"5062","2025-11-05","1","android"
"5062","2025-11-20","1","web"
"5062","2026-03-08","1","ios"
"5063","2025-01-26","1","web"
"5063","2025-12-26","1","ios"
"5063","2026-01-01","1","ios"
"5064","2026-01-23","1","ios"
"5064","2026-02-11","1","ios"
"5064","2026-03-19","2","android"
"5064","2026-03-21","1","android"
"5065","2020-09-19","1","android"
"5066","2021-12-18","1","web"
"5066","2022-03-01","1","android"
"5066","2022-03-22","1","web"
"5066","2022-04-05","1","android"
"5066","2023-05-26","1","ios"
"5066","2023-06-09","1","ios"
"5066","2025-01-20","1","ios"
"5066","2025-02-03","1","ios"
"5066","2025-02-04","2","android"
"5067","2022-09-04","1","android"
"5068","2021-10-08","1","web"
"5068","2021-10-14","1","android"
"5068","2021-10-27","1","android"
"5069","2023-07-10","1","ios"
"5069","2023-07-14","1","ios"
"5069","2023-08-01","1","web"
"5069","2024-03-07","1","web"
"5069","2024-03-08","1","ios"
"5070","2021-05-31","1","ios"
"5070","2023-04-08","1","ios"
"5070","2023-10-31","1","web"
"5070","2024-04-08","1","android"
"5070","2024-09-27","1","ios"
"5070","2024-10-30","1","ios"
"5071","2019-10-14","1","android"
"5072","2025-05-11","1","web"
"5072","2025-05-14","1","ios"
"5072","2025-06-11","1","ios"
"5072","2025-06-14","1","ios"
"5073","2019-12-12","1","android"
"5073","2020-07-25","1","ios"
"5074","2026-05-17","1","ios"
"5074","2026-06-02","1","android"
"5074","2026-06-05","1","ios"
"5075","2022-06-27","1","ios"
"5075","2022-07-22","1","android"
"5075","2022-08-12","1","android"
"5076","2019-10-07","1","web"
"5076","2019-10-25","1","ios"
"5076","2022-09-12","1","android"
"5076","2023-05-06","1","android"
"5076","2023-06-07","1","ios"
"5076","2023-06-15","1","ios"
"5076","2024-08-01","1","android"
"5076","2025-07-20","1","android"
"5077","2023-02-24","1","web"
"5077","2023-03-22","1","ios"
"5077","2023-04-01","2","ios"
"5077","2023-04-11","1","ios"
"5077","2023-04-16","1","ios"
"5077","2023-04-21","1","ios"
"5077","2023-05-04","1","ios"
"5078","2023-10-06","1","ios"
"5078","2023-10-11","1","ios"
"5078","2023-11-07","1","android"
"5079","2024-01-21","1","android"
"5079","2024-01-26","1","ios"
"5079","2024-11-29","1","android"
"5079","2024-12-08","1","web"
"5080","2020-01-27","1","web"
"5081","2021-10-20","1","android"
"5082","2026-06-10","1","web"
"5082","2026-06-23","1","ios"
"5083","2025-04-25","1","ios"
"5083","2025-12-12","1","ios"
"5084","2020-01-10","1","android"
"5084","2022-01-28","1","android"
"5084","2022-02-02","1","ios"
"5085","2020-12-08","1","ios"
"5086","2025-10-01","1","android"
"5087","2023-02-03","1","ios"
"5087","2025-05-29","1","ios"
"5088","2026-06-06","1","android"
"5089","2021-09-26","1","ios"
"5089","2021-10-03","1","ios"
"5089","2021-10-04","1","ios"
"5089","2021-10-08","1","ios"
"5090","2019-09-08","1","web"
"5090","2020-03-26","1","ios"
"5090","2020-04-04","1","ios"
"5090","2020-04-08","1","ios"
"5090","2020-04-21","1","ios"
"5090","2020-04-27","1","ios"
"5090","2020-05-15","1","ios"
"5090","2021-06-20","1","web"
"5091","2023-09-09","1","ios"
"5091","2023-10-07","1","web"
"5091","2024-10-28","1","ios"
"5091","2024-11-02","1","android"
"5091","2024-11-04","1","ios"
"5091","2024-11-05","1","ios"
"5091","2024-12-25","1","web"
"5091","2024-12-29","1","ios"
"5091","2024-12-30","1","ios"
"5092","2024-09-25","1","ios"
"5092","2026-06-03","1","ios"
"5093","2021-12-30","1","ios"
"5093","2022-01-06","1","ios"
"5093","2022-01-14","1","web"
"5093","2022-01-15","2","android"
"5094","2026-06-13","1","web"
"5095","2023-08-28","1","ios"
"5095","2023-12-27","1","ios"
"5095","2024-01-14","1","android"
"5095","2024-07-31","1","ios"
"5095","2025-05-20","1","android"
"5096","2026-06-26","1","web"
"5097","2023-01-28","1","android"
"5097","2023-02-28","1","ios"
"5097","2024-05-18","1","android"
"5097","2024-05-29","1","web"
"5097","2024-06-04","1","ios"
"5097","2026-02-14","1","ios"
"5098","2024-07-06","1","ios"
"5098","2024-12-07","1","ios"
"5099","2025-07-28","1","ios"
"5099","2025-08-01","1","ios"
"5100","2024-12-02","1","android"
"5101","2024-11-04","1","android"
"5101","2024-11-10","1","ios"
"5101","2024-11-20","1","web"
"5101","2024-12-04","1","ios"
"5101","2024-12-08","1","android"
"5101","2024-12-17","1","ios"
"5101","2025-03-09","1","android"
"5101","2025-04-07","1","web"
"5101","2025-04-24","1","android"
"5101","2026-05-16","1","ios"
"5101","2026-06-14","1","android"
"5102","2022-06-07","1","android"
"5102","2022-06-08","1","ios"
"5102","2022-06-21","1","ios"
"5103","2025-03-21","1","ios"
"5103","2025-04-21","1","web"
"5103","2025-04-22","1","web"
"5103","2025-04-27","1","android"
"5103","2025-06-05","1","ios"
"5103","2025-06-08","1","android"
"5103","2025-06-11","1","android"
"5103","2025-06-13","1","web"
"5104","2022-02-04","1","ios"
"5104","2022-02-15","1","ios"
"5104","2022-03-16","1","android"
"5104","2022-04-26","1","ios"
"5104","2022-06-10","1","ios"
"5104","2022-06-16","1","android"
"5104","2022-06-20","1","web"
"5104","2022-08-16","1","ios"
"5104","2022-09-14","1","ios"
"5104","2022-10-14","1","ios"
"5104","2022-10-29","1","ios"
"5104","2022-10-31","1","ios"
"5104","2022-11-10","1","android"
"5104","2022-11-15","1","ios"
"5104","2023-02-17","1","ios"
"5104","2023-02-23","1","web"
"5104","2023-04-17","1","ios"
"5104","2023-05-03","1","ios"
"5104","2023-05-13","1","ios"
"5104","2023-05-15","1","ios"
"5104","2023-11-16","1","ios"
"5104","2023-12-16","1","ios"
"5104","2023-12-24","1","web"
"5104","2024-01-01","1","android"
"5104","2026-03-06","1","web"
"5104","2026-03-07","1","ios"
"5104","2026-03-20","1","android"
"5105","2021-03-26","1","android"
"5105","2021-04-03","1","ios"
"5105","2021-04-22","1","ios"
"5105","2021-05-05","1","ios"
"5105","2021-05-15","1","ios"
"5106","2024-09-10","1","ios"
"5106","2024-09-13","1","android"
"5106","2024-09-15","1","ios"
"5107","2020-10-21","1","ios"
"5107","2022-07-04","1","android"
"5107","2022-07-13","2","android"
"5107","2022-07-14","1","android"
"5107","2022-08-09","1","android"
"5107","2022-08-12","1","ios"
"5108","2023-10-23","1","android"
"5108","2023-11-11","1","ios"
"5108","2023-11-16","1","ios"
"5108","2023-11-24","1","web"
"5108","2023-11-26","1","web"
"5108","2023-12-27","1","ios"
"5109","2025-08-30","1","ios"
"5109","2025-09-30","1","ios"
"5110","2026-02-11","1","web"
"5110","2026-02-26","1","android"
"5111","2022-10-05","1","android"
"5111","2022-11-08","1","ios"
"5111","2023-07-26","1","ios"
"5111","2024-01-28","1","ios"
"5111","2024-02-08","1","ios"
"5111","2025-03-04","1","web"
"5111","2025-03-15","1","ios"
"5111","2025-03-21","1","ios"
"5111","2025-03-22","1","ios"
"5111","2025-03-23","2","web"
"5112","2022-11-11","1","ios"
"5112","2022-11-24","1","ios"
"5112","2022-11-25","1","android"
"5112","2022-12-06","1","ios"
"5112","2023-01-25","1","ios"
"5112","2023-04-17","1","ios"
"5112","2023-05-02","1","android"
"5112","2023-05-13","1","android"
"5112","2024-06-01","1","web"
"5112","2025-02-07","1","ios"
"5113","2025-09-17","1","ios"
"5113","2025-09-18","1","ios"
"5114","2025-12-01","1","android"
"5115","2023-06-15","1","ios"
"5115","2023-07-06","1","android"
"5115","2024-07-16","1","ios"
"5115","2024-08-01","1","ios"
"5115","2025-09-03","1","android"
"5116","2025-09-17","1","android"
"5116","2025-10-04","1","ios"
"5116","2026-05-24","1","ios"
"5116","2026-06-30","1","android"
"5117","2021-07-05","1","android"
"5117","2021-07-13","1","android"
"5117","2021-07-16","1","web"
"5117","2023-01-17","1","android"
"5117","2023-02-19","1","ios"
"5117","2023-02-20","1","ios"
"5117","2023-03-23","1","web"
"5117","2023-03-28","1","web"
"5117","2023-04-08","1","web"
"5117","2023-04-23","1","ios"
"5117","2023-04-26","1","android"
"5117","2023-04-29","1","android"
"5117","2023-09-03","1","android"
"5117","2024-03-13","1","ios"
"5117","2024-05-16","1","android"
"5117","2024-05-19","1","android"
"5118","2023-04-09","1","android"
"5118","2024-05-03","2","ios"
"5118","2024-05-21","1","android"
"5119","2025-03-19","1","ios"
"5120","2022-05-29","1","android"
"5120","2022-10-20","1","android"
"5120","2024-03-13","1","ios"
"5120","2024-11-05","1","ios"
"5121","2022-05-23","1","ios"
"5122","2024-04-01","1","ios"
"5122","2024-04-23","1","ios"
"5122","2024-05-28","1","ios"
"5122","2024-07-12","1","ios"
"5122","2024-07-14","1","ios"
"5122","2026-01-14","1","web"
"5122","2026-01-23","1","android"
"5122","2026-01-31","1","ios"
"5123","2022-01-20","1","android"
"5123","2022-02-09","1","ios"
"5123","2022-03-07","1","android"
"5123","2022-12-26","1","ios"
"5123","2023-02-01","1","ios"
"5123","2023-02-27","1","ios"
"5123","2024-04-23","1","android"
"5123","2025-08-21","1","web"
"5124","2020-11-28","1","ios"
"5124","2020-12-09","1","ios"
"5124","2020-12-30","1","web"
"5124","2021-01-03","1","android"
"5124","2021-01-31","1","android"
"5124","2021-02-06","2","web"
"5124","2022-12-08","1","web"
"5124","2022-12-11","2","android"
"5124","2023-01-15","1","ios"
"5125","2023-09-11","1","android"
"5125","2023-09-12","1","android"
"5125","2023-09-21","1","web"
"5125","2023-10-27","1","ios"
"5125","2024-10-12","1","android"
"5125","2024-11-07","1","ios"
"5125","2024-11-27","1","ios"
"5125","2024-12-01","1","ios"
"5125","2024-12-21","1","android"
"5125","2024-12-22","1","android"
"5125","2025-01-04","1","ios"
"5125","2025-01-23","1","ios"
"5125","2025-02-22","1","android"
"5126","2020-10-19","1","android"
"5126","2020-10-30","1","ios"
"5127","2021-08-01","1","android"
"5128","2023-06-17","1","ios"
"5128","2023-07-11","1","ios"
"5128","2023-07-31","1","android"
"5129","2024-07-02","1","ios"
"5129","2024-07-21","1","web"
"5129","2025-07-12","1","ios"
"5130","2022-09-29","1","web"
"5130","2022-11-07","1","ios"
"5130","2024-01-11","1","ios"
"5130","2024-01-24","1","ios"
"5130","2025-06-19","1","ios"
"5130","2025-06-20","1","android"
"5131","2025-08-24","1","ios"
"5131","2025-12-26","1","android"
"5131","2025-12-30","1","ios"
"5131","2026-01-22","1","android"
"5132","2024-11-26","1","ios"
"5132","2025-04-29","1","android"
"5132","2025-05-10","1","ios"
"5132","2025-05-26","1","android"
"5132","2026-05-19","1","ios"
"5133","2025-01-01","1","ios"
"5133","2025-08-17","1","ios"
"5133","2026-03-12","2","web"
"5134","2024-09-27","1","ios"
"5135","2025-12-17","1","ios"
"5135","2026-05-07","1","web"
"5136","2024-10-13","1","ios"
"5136","2024-10-16","1","ios"
"5137","2026-02-10","1","android"
"5137","2026-02-14","1","ios"
"5138","2024-12-12","1","android"
"5138","2025-12-15","1","web"
"5138","2025-12-27","1","web"
"5139","2023-06-08","1","ios"
"5139","2024-08-24","1","android"
"5139","2025-08-10","1","android"
"5139","2025-08-12","1","ios"
"5140","2024-08-07","1","ios"
"5140","2024-08-17","1","ios"
"5140","2024-09-13","1","android"
"5140","2024-09-15","1","web"
"5141","2026-05-07","1","ios"
"5142","2021-02-17","1","web"
"5142","2022-06-30","1","ios"
"5142","2023-04-03","1","web"
"5142","2024-06-24","1","web"
"5143","2025-10-01","1","ios"
"5143","2025-10-02","1","ios"
"5143","2025-10-11","1","android"
"5144","2025-07-22","1","ios"
"5144","2025-07-25","1","ios"
"5144","2026-01-21","1","ios"
"5144","2026-01-22","1","ios"
"5144","2026-01-23","1","android"
"5144","2026-01-24","1","ios"
"5144","2026-01-27","1","ios"
"5145","2025-07-16","1","ios"
"5145","2025-07-29","1","ios"
"5145","2025-08-21","1","ios"
"5145","2025-10-11","1","android"
"5146","2023-10-28","1","ios"
"5147","2019-09-26","1","ios"
"5148","2025-11-30","1","android"
"5148","2025-12-24","1","ios"
"5148","2025-12-31","1","android"
"5148","2026-01-15","1","ios"
"5148","2026-01-20","1","ios"
"5148","2026-02-06","2","ios"
"5149","2021-03-06","1","android"
"5149","2021-03-25","1","ios"
"5149","2022-03-26","1","ios"
"5149","2022-04-02","2","ios"
"5150","2022-12-23","1","web"
"5150","2023-01-08","1","ios"
"5150","2024-02-20","1","ios"
"5151","2021-08-09","1","ios"
"5151","2021-08-20","1","android"
"5151","2022-12-02","1","ios"
"5152","2023-03-28","1","ios"
"5152","2023-04-14","1","ios"
"5152","2023-04-28","1","ios"
"5152","2023-05-20","1","ios"
"5152","2023-05-26","1","ios"
"5152","2023-06-05","1","ios"
"5152","2024-08-14","1","ios"
"5152","2024-10-17","1","ios"
"5153","2023-06-19","1","ios"
"5154","2026-03-17","1","android"
"5154","2026-04-22","1","android"
"5154","2026-05-19","1","ios"
"5155","2023-02-21","1","android"
"5155","2023-03-04","1","android"
"5155","2023-03-18","1","android"
"5155","2023-03-22","1","ios"
"5155","2023-04-13","1","ios"
"5155","2024-05-03","1","ios"
"5155","2024-05-30","1","ios"
"5156","2025-04-12","1","web"
"5157","2026-05-30","1","web"
"5157","2026-06-07","1","ios"
"5157","2026-06-24","1","ios"
"5158","2026-04-16","1","ios"
"5158","2026-04-30","1","android"
"5158","2026-05-16","1","ios"
"5158","2026-06-04","1","android"
"5159","2026-05-09","1","android"
"5159","2026-05-22","1","ios"
"5159","2026-06-19","1","ios"
"5160","2023-03-21","1","web"
"5160","2024-05-11","1","ios"
"5160","2025-02-28","1","ios"
"5161","2020-09-24","1","android"
"5161","2021-12-11","1","web"
"5161","2021-12-25","1","ios"
"5161","2021-12-31","2","android"
"5162","2021-10-14","1","android"
"5162","2021-11-14","2","ios"
"5162","2021-11-18","1","web"
"5162","2021-11-30","1","ios"
"5162","2021-12-06","1","ios"
"5162","2021-12-16","1","android"
"5162","2022-11-15","1","ios"
"5162","2022-11-23","1","android"
"5162","2023-03-12","1","ios"
"5162","2024-01-24","1","android"
"5162","2024-06-29","1","android"
"5162","2024-12-14","1","android"
"5162","2024-12-17","1","ios"
"5163","2021-07-08","1","ios"
"5163","2021-10-29","1","android"
"5163","2021-11-13","1","ios"
"5163","2023-03-14","1","android"
"5164","2021-07-28","1","web"
"5164","2021-08-14","1","android"
"5165","2026-03-26","1","web"
"5165","2026-04-26","1","ios"
"5166","2025-01-12","1","android"
"5166","2025-06-06","1","ios"
"5167","2026-04-10","1","ios"
"5167","2026-05-08","1","ios"
"5167","2026-05-09","1","ios"
"5167","2026-05-10","1","android"
"5167","2026-05-14","1","ios"
"5167","2026-05-15","1","android"
"5168","2020-10-31","1","ios"
"5168","2020-11-02","1","ios"
"5168","2021-02-24","1","ios"
"5168","2021-03-06","1","android"
"5168","2021-03-09","1","ios"
"5168","2021-03-15","1","ios"
"5168","2023-12-20","1","android"
"5168","2024-01-07","1","web"
"5168","2024-01-18","1","android"
"5168","2024-02-03","1","ios"
"5168","2024-04-19","1","ios"
"5168","2024-05-02","1","ios"
"5168","2024-05-03","1","ios"
"5168","2025-03-25","1","ios"
"5168","2025-12-18","1","android"
"5169","2026-01-07","1","ios"
"5169","2026-06-21","1","ios"
"5170","2021-07-28","1","web"
"5170","2022-02-28","1","web"
"5170","2023-04-08","1","android"
"5170","2024-02-17","1","ios"
"5170","2025-05-04","1","android"
"5171","2022-11-01","1","android"
"5171","2023-07-15","1","web"
"5171","2023-12-23","1","web"
"5171","2024-10-02","1","web"
"5171","2025-08-31","1","web"
"5172","2019-04-18","1","android"
"5172","2019-08-17","1","ios"
"5172","2019-08-30","1","web"
"5172","2019-10-04","1","web"
"5172","2019-10-07","1","ios"
"5172","2019-11-06","1","android"
"5172","2019-11-25","1","web"
"5172","2019-12-13","1","android"
"5172","2019-12-15","1","ios"
"5172","2019-12-19","1","ios"
"5172","2020-01-07","1","ios"
"5172","2020-01-12","1","android"
"5172","2020-01-17","1","ios"
"5172","2020-01-19","1","ios"
"5172","2020-01-31","1","ios"
"5172","2020-02-22","1","ios"
"5172","2021-03-09","1","web"
"5173","2021-11-19","1","ios"
"5173","2021-12-06","1","ios"
"5173","2022-03-12","1","ios"
"5173","2022-03-17","1","android"
"5173","2022-09-02","1","web"
"5173","2022-09-23","1","ios"
"5173","2022-10-20","1","android"
"5173","2023-06-13","1","ios"
"5173","2023-07-21","1","ios"
"5173","2023-12-27","1","android"
"5173","2024-01-30","1","ios"
"5173","2024-02-11","1","ios"
"5174","2026-04-10","1","ios"
"5175","2021-11-12","1","android"
"5176","2020-07-05","1","web"
"5177","2021-05-16","1","ios"
"5177","2021-06-09","1","ios"
"5177","2021-06-18","1","android"
"5177","2022-05-01","1","ios"
"5178","2021-10-26","1","ios"
"5179","2019-11-01","1","web"
"5179","2019-11-14","1","android"
"5179","2019-12-04","1","android"
"5179","2021-01-19","2","web"
"5179","2021-02-01","1","ios"
"5179","2021-02-17","2","ios"
"5180","2020-05-17","1","ios"
"5180","2020-06-02","1","android"
"5180","2020-06-22","1","ios"
"5181","2024-10-28","1","ios"
"5182","2025-12-18","1","ios"
"5182","2026-06-29","1","android"
"5183","2024-05-22","1","android"
"5184","2022-10-02","1","web"
"5184","2022-10-21","1","web"
"5184","2024-09-06","1","ios"
"5184","2024-09-19","1","ios"
"5184","2024-10-19","1","ios"
"5184","2025-05-26","1","ios"
"5184","2025-06-25","1","ios"
"5185","2024-03-31","1","ios"
"5185","2024-04-02","1","web"
"5186","2026-05-23","1","ios"
"5186","2026-05-26","1","android"
"5187","2025-12-03","1","ios"
"5187","2026-05-23","1","android"
"5188","2025-10-05","1","web"
"5188","2025-10-25","1","web"
"5188","2025-10-26","1","android"
"5188","2025-10-27","1","web"
"5188","2025-11-23","1","ios"
"5188","2025-11-28","1","ios"
"5188","2025-12-13","1","web"
"5189","2021-03-14","1","ios"
"5189","2021-03-25","2","ios"
"5189","2021-04-12","1","web"
"5189","2023-12-30","2","android"
"5189","2024-01-07","1","web"
"5190","2022-01-26","1","android"
"5191","2026-06-21","1","android"
"5192","2025-03-26","1","ios"
"5193","2021-06-17","1","android"
"5193","2021-07-03","1","android"
"5194","2020-04-22","1","ios"
"5194","2020-05-22","1","android"
"5194","2020-10-25","1","ios"
"5194","2020-11-28","1","web"
"5194","2021-03-08","1","ios"
"5194","2021-04-08","1","android"
"5194","2021-06-13","1","ios"
"5195","2020-08-05","1","android"
"5195","2020-09-02","1","ios"
"5195","2020-09-24","1","web"
"5195","2021-11-20","1","android"
"5195","2023-02-09","1","ios"
"5195","2023-12-25","1","ios"
"5195","2024-06-07","1","android"
"5196","2023-10-16","1","android"
"5196","2023-12-08","1","android"
"5196","2023-12-12","1","web"
"5196","2023-12-13","1","android"
"5197","2025-10-24","1","ios"
"5198","2026-01-21","1","ios"
"5198","2026-02-14","1","ios"
"5198","2026-02-19","1","android"
"5199","2024-04-18","1","web"
"5199","2024-04-27","1","web"
"5199","2024-05-02","1","ios"
"5199","2024-12-25","1","ios"
"5199","2025-06-03","1","web"
"5199","2025-06-15","1","android"
"5199","2025-08-01","1","android"
"5200","2020-11-07","1","ios"
"5200","2020-11-10","1","ios"
"5200","2020-11-14","2","android"
"5200","2020-11-15","1","ios"
"5200","2020-12-14","1","ios"
"5200","2021-01-02","1","android"
"5201","2025-01-15","1","android"
"5201","2025-01-18","1","android"
"5201","2025-01-23","1","ios"
"5201","2025-03-07","1","android"
"5201","2025-03-11","1","ios"
"5202","2020-05-18","1","ios"
"5202","2020-05-23","1","ios"
"5202","2021-03-22","1","ios"
"5202","2021-05-04","1","web"
"5202","2021-05-06","1","ios"
"5202","2021-06-01","1","web"
"5202","2021-06-12","1","ios"
"5202","2021-07-07","1","web"
"5203","2020-10-31","1","android"
"5203","2020-11-08","1","ios"
"5203","2021-04-25","1","ios"
"5203","2021-05-15","1","ios"
"5203","2022-01-09","1","android"
"5203","2025-07-25","1","web"
"5204","2025-12-09","1","ios"
"5204","2025-12-15","1","ios"
"5204","2026-01-08","1","ios"
"5204","2026-01-17","1","ios"
"5204","2026-01-18","1","ios"
"5204","2026-02-01","1","android"
"5204","2026-02-20","2","ios"
"5204","2026-03-15","1","ios"
"5205","2025-07-10","1","android"
"5205","2025-07-19","1","android"
"5205","2025-07-24","1","web"
"5206","2022-11-26","1","android"
"5206","2024-12-30","1","android"
"5206","2025-01-04","1","web"
"5206","2025-01-19","1","ios"
"5206","2025-03-20","1","web"
"5206","2025-03-21","1","android"
"5207","2024-05-02","1","ios"
"5207","2025-07-04","1","android"
"5207","2025-11-18","1","web"
"5208","2024-06-30","1","ios"
"5209","2020-02-11","1","ios"
"5209","2020-02-14","1","web"
"5209","2020-02-17","1","android"
"5209","2020-02-18","1","android"
"5209","2020-02-23","1","android"
"5209","2020-03-28","1","ios"
"5209","2020-05-23","1","ios"
"5209","2020-06-07","1","android"
"5209","2020-06-28","1","android"
"5209","2020-07-01","1","android"
"5209","2020-07-18","1","ios"
"5209","2021-09-29","1","android"
"5209","2021-10-04","1","ios"
"5209","2022-06-11","2","ios"
"5209","2022-07-09","1","web"
"5209","2022-07-26","1","ios"
"5209","2022-08-20","1","android"
"5209","2023-02-26","1","ios"
"5209","2023-09-16","1","android"
"5209","2024-10-10","1","android"
"5210","2025-11-02","1","web"
"5210","2025-11-23","1","ios"
"5211","2024-05-12","1","ios"
"5211","2024-05-20","1","ios"
"5211","2024-07-09","1","ios"
"5212","2021-07-15","1","android"
"5213","2025-05-31","1","web"
"5214","2020-04-09","1","ios"
"5214","2020-04-10","1","android"
"5214","2021-05-25","1","web"
"5214","2021-05-29","1","web"
"5214","2021-06-01","1","ios"
"5214","2021-06-08","1","ios"
"5214","2021-06-11","1","ios"
"5214","2021-06-21","1","android"
"5214","2021-07-17","1","ios"
"5214","2021-07-21","1","ios"
"5214","2021-07-22","1","ios"
"5214","2023-01-22","1","android"
"5215","2020-01-20","1","android"
"5215","2020-08-11","1","ios"
"5215","2020-08-18","1","ios"
"5216","2024-08-16","1","ios"
"5216","2025-01-02","1","android"
"5216","2025-05-16","1","ios"
"5216","2025-05-17","1","ios"
"5217","2025-06-19","1","ios"
"5217","2025-06-28","1","web"
"5217","2025-07-01","1","ios"
"5217","2025-07-05","1","ios"
"5217","2025-07-15","1","ios"
"5217","2025-07-26","1","android"
"5218","2022-10-05","1","ios"
"5218","2022-10-07","1","ios"
"5218","2022-10-08","1","web"
"5219","2021-03-12","1","ios"
"5219","2021-03-17","1","ios"
"5219","2022-08-27","1","android"
"5219","2025-01-24","1","android"
"5219","2025-03-14","1","android"
"5219","2025-03-29","1","android"
"5219","2025-09-26","1","ios"
"5220","2024-07-28","1","ios"
"5220","2024-09-08","1","android"
"5221","2019-09-19","1","android"
"5222","2023-01-23","1","ios"
"5222","2023-02-08","1","ios"
"5222","2023-02-22","1","ios"
"5222","2023-03-06","1","android"
"5223","2024-05-28","1","web"
"5224","2023-03-11","1","ios"
"5224","2023-03-20","1","android"
"5225","2021-12-01","1","ios"
"5225","2021-12-23","1","web"
"5225","2022-08-17","1","android"
"5225","2022-08-26","1","ios"
"5225","2022-09-16","1","ios"
"5225","2022-09-17","1","ios"
"5225","2022-09-18","1","ios"
"5225","2023-02-10","1","web"
"5225","2025-04-24","1","web"
"5225","2025-04-25","1","android"
"5226","2025-10-26","1","android"
"5226","2026-04-14","1","ios"
"5226","2026-04-28","1","ios"
"5227","2025-12-04","1","ios"
"5227","2025-12-10","1","android"
"5228","2022-06-01","1","ios"
"5229","2024-08-24","1","ios"
"5229","2025-08-13","1","android"
"5229","2026-03-16","1","ios"
"5229","2026-04-30","1","ios"
"5229","2026-06-23","1","ios"
"5229","2026-06-30","1","ios"
"5230","2025-01-23","1","android"
"5230","2025-03-20","1","ios"
"5230","2025-03-26","1","ios"
"5230","2025-04-06","1","android"
"5230","2025-04-11","1","android"
"5230","2025-04-14","1","web"
"5230","2025-05-10","2","android"
"5230","2025-05-27","1","android"
"5231","2025-12-20","1","android"
"5232","2024-03-22","1","ios"
"5233","2024-03-31","1","android"
"5234","2025-08-20","1","android"
"5234","2025-08-21","1","ios"
"5234","2025-09-08","1","web"
"5234","2025-09-09","1","ios"
"5234","2026-03-23","1","ios"
"5234","2026-06-22","1","web"
"5235","2022-10-13","1","ios"
"5235","2022-11-06","1","android"
"5235","2022-12-09","1","ios"
"5235","2022-12-24","2","web"
"5235","2023-04-07","1","ios"
"5235","2023-04-16","1","web"
"5235","2023-04-19","1","web"
"5235","2023-05-03","1","android"
"5235","2023-05-06","1","web"
"5235","2023-05-23","1","web"
"5235","2023-09-05","1","web"
"5235","2023-09-19","1","android"
"5235","2023-10-13","1","ios"
"5235","2023-10-21","1","ios"
"5235","2023-10-22","1","ios"
"5235","2025-08-13","2","android"
"5235","2025-08-21","1","android"
"5235","2025-09-09","1","ios"
"5235","2025-09-20","2","android"
"5236","2024-09-01","1","web"
"5237","2023-01-28","1","ios"
"5237","2023-01-31","1","android"
"5237","2024-02-08","1","ios"
"5237","2024-03-15","1","ios"
"5237","2024-04-26","1","ios"
"5237","2025-04-18","1","ios"
"5237","2025-04-25","2","android"
"5237","2025-05-16","1","ios"
"5237","2025-05-23","1","android"
"5237","2025-06-18","1","web"
"5238","2024-02-03","1","android"
"5239","2022-12-25","1","web"
"5239","2023-01-12","1","ios"
"5239","2023-02-06","1","ios"
"5239","2023-02-13","1","web"
"5240","2023-03-29","1","ios"
"5240","2023-04-06","1","android"
"5240","2023-04-12","2","web"
"5240","2023-05-17","1","android"
"5240","2023-06-18","2","ios"
"5240","2023-06-20","2","android"
"5240","2024-06-18","1","android"
"5240","2024-07-03","1","ios"
"5241","2026-03-08","1","ios"
"5241","2026-03-21","1","android"
"5242","2020-12-20","1","android"
"5242","2022-12-09","1","ios"
"5242","2023-01-04","1","ios"
"5242","2023-02-10","1","android"
"5242","2023-04-22","1","web"
"5242","2023-05-01","1","ios"
"5242","2023-05-02","1","android"
"5242","2023-05-07","1","web"
"5242","2023-11-09","1","ios"
"5242","2023-12-06","1","ios"
"5242","2023-12-31","1","ios"
"5242","2025-07-15","1","web"
"5242","2026-03-07","1","web"
"5243","2023-01-01","1","web"
"5243","2023-01-18","1","android"
"5243","2023-02-02","1","ios"
"5244","2025-12-03","1","ios"
"5244","2025-12-20","2","ios"
"5245","2024-11-30","1","ios"
"5245","2024-12-04","1","web"
"5245","2024-12-08","1","ios"
"5246","2022-07-05","1","ios"
"5246","2022-07-21","1","ios"
"5246","2022-07-22","1","ios"
"5246","2022-07-24","1","ios"
"5246","2024-01-19","1","ios"
"5247","2019-11-19","1","web"
"5247","2019-11-27","1","ios"
"5247","2020-10-19","1","ios"
"5247","2020-10-22","1","ios"
"5247","2020-11-30","1","ios"
"5247","2020-12-01","1","ios"
"5247","2020-12-14","2","ios"
"5247","2021-03-04","1","ios"
"5247","2021-03-27","1","android"
"5247","2021-05-24","2","ios"
"5248","2024-12-16","1","android"
"5249","2023-05-26","1","ios"
"5249","2023-05-27","1","android"
"5249","2023-08-31","1","ios"
"5249","2024-09-11","1","ios"
"5249","2024-09-27","1","android"
"5250","2025-09-19","1","android"
"5250","2026-03-15","1","ios"
"5250","2026-03-28","1","android"
"5250","2026-05-10","1","android"
"5250","2026-05-25","1","android"
"5250","2026-06-06","1","android"
"5250","2026-06-13","1","android"
"5251","2026-04-05","1","android"
"5252","2023-04-01","1","web"
"5252","2023-04-21","1","web"
"5253","2022-06-16","1","android"
"5253","2022-06-17","1","web"
"5254","2025-08-26","1","ios"
"5255","2025-11-02","1","web"
"5255","2026-03-25","1","web"
"5255","2026-04-14","1","ios"
"5256","2024-01-03","1","ios"
"5256","2024-01-31","1","ios"
"5257","2025-07-29","1","android"
"5257","2025-12-14","1","android"
"5258","2020-11-01","1","android"
"5259","2022-01-04","1","ios"
"5259","2022-01-13","1","ios"
"5259","2022-01-26","1","web"
"5259","2022-03-05","1","ios"
"5259","2022-03-06","1","web"
"5259","2022-03-17","1","ios"
"5259","2023-06-18","1","ios"
"5260","2024-09-25","1","ios"
"5260","2024-09-28","1","android"
"5260","2024-11-17","1","web"
"5260","2024-11-23","1","ios"
"5260","2024-12-16","1","ios"
"5260","2025-01-18","1","android"
"5260","2025-01-29","1","android"
"5260","2025-01-30","1","ios"
"5260","2025-02-12","1","web"
"5260","2025-02-16","1","ios"
"5260","2025-02-17","1","ios"
"5260","2025-02-23","1","android"
"5260","2025-04-15","1","ios"
"5261","2019-08-21","1","ios"
"5262","2021-05-10","1","android"
"5262","2023-12-31","2","ios"
"5263","2025-10-08","1","ios"
"5264","2020-10-07","1","android"
"5265","2026-04-06","1","web"
"5265","2026-04-23","1","ios"
"5265","2026-05-01","1","web"
"5265","2026-05-07","1","android"
"5265","2026-05-10","1","web"
"5266","2025-10-16","1","android"
"5266","2025-10-17","1","ios"
"5266","2025-10-22","1","web"
"5267","2024-08-11","1","ios"
"5267","2024-08-21","1","ios"
"5267","2024-08-30","1","android"
"5267","2025-07-30","1","web"
"5267","2025-08-09","1","ios"
"5267","2025-08-10","2","ios"
"5267","2025-08-11","1","ios"
"5268","2021-12-03","1","ios"
"5269","2024-10-30","1","android"
"5269","2024-12-09","2","web"
"5269","2024-12-14","1","ios"
"5269","2025-01-02","1","ios"
"5270","2026-02-16","1","web"
"5270","2026-02-17","1","web"
"5270","2026-03-10","1","android"
"5270","2026-03-18","1","ios"
"5270","2026-03-25","1","ios"
"5270","2026-05-14","1","ios"
"5270","2026-05-29","1","web"
"5270","2026-06-05","1","web"
"5270","2026-06-10","1","ios"
"5271","2024-11-07","1","web"
"5271","2026-03-22","1","ios"
"5272","2024-10-28","1","android"
"5272","2025-10-02","2","ios"
"5273","2024-09-23","1","ios"
"5273","2025-04-14","1","ios"
"5273","2025-04-24","1","ios"
"5273","2025-05-06","1","android"
"5273","2025-05-12","1","android"
"5273","2025-05-16","1","web"
"5273","2025-06-01","2","android"
"5273","2025-06-05","1","android"
"5273","2025-06-15","1","web"
"5273","2026-02-01","1","ios"
"5274","2025-10-22","1","web"
"5274","2025-10-23","1","android"
"5275","2021-01-07","1","ios"
"5275","2021-01-19","1","android"
"5275","2021-01-26","1","ios"
"5275","2021-03-12","1","android"
"5275","2021-04-10","1","android"
"5275","2021-04-16","1","android"
"5276","2023-07-29","1","ios"
"5276","2023-08-09","1","web"
"5276","2023-09-12","1","ios"
"5277","2023-09-23","1","web"
"5277","2023-09-24","1","ios"
"5277","2023-10-01","1","web"
"5277","2023-10-02","1","android"
"5277","2023-10-14","1","ios"
"5277","2023-10-18","1","ios"
"5278","2021-05-10","1","ios"
"5278","2021-05-11","1","web"
"5278","2021-05-22","1","android"
"5278","2021-06-08","1","android"
"5278","2021-06-14","1","android"
"5278","2021-06-24","2","android"
"5278","2021-06-30","1","android"
"5278","2021-10-15","1","ios"
"5278","2022-11-24","1","ios"
"5279","2022-01-11","1","android"
"5279","2022-01-16","1","web"
"5279","2022-09-04","1","ios"
"5280","2020-04-15","1","ios"
"5280","2021-06-04","1","android"
"5280","2021-08-04","1","ios"
"5281","2022-06-15","1","ios"
"5281","2023-08-08","1","ios"
"5281","2024-11-06","1","android"
"5281","2025-12-02","1","android"
"5282","2021-11-18","1","android"
"5282","2023-01-12","1","ios"
"5283","2023-04-30","1","android"
"5283","2023-05-29","1","web"
"5283","2023-06-17","1","android"
"5283","2023-06-23","1","ios"
"5284","2024-06-20","1","ios"
"5284","2024-08-28","1","android"
"5284","2024-09-02","1","android"
"5285","2021-07-23","1","android"
"5285","2022-06-03","1","android"
"5285","2022-07-16","1","ios"
"5285","2022-09-08","1","ios"
"5286","2025-04-04","1","ios"
"5286","2025-05-09","1","ios"
"5286","2025-05-23","1","web"
"5286","2025-05-26","1","ios"
"5286","2025-06-29","1","ios"
"5286","2026-03-26","1","ios"
"5286","2026-04-09","1","android"
"5286","2026-04-11","1","ios"
"5286","2026-04-17","1","android"
"5286","2026-05-26","1","ios"
"5287","2021-05-04","1","ios"
"5287","2021-05-13","1","android"
"5288","2025-06-21","1","android"
"5288","2025-07-11","1","ios"
"5288","2026-04-27","1","ios"
"5288","2026-05-04","1","ios"
"5289","2021-09-03","1","ios"
"5289","2021-10-05","1","ios"
"5289","2021-10-26","1","ios"
"5289","2021-10-28","1","android"
"5289","2021-11-02","1","android"
"5289","2021-11-22","1","ios"
"5289","2021-11-25","1","ios"
"5289","2021-12-30","1","android"
"5289","2022-01-10","1","web"
"5289","2022-02-01","1","ios"
"5289","2022-02-04","1","android"
"5290","2023-02-28","1","android"
"5291","2021-03-07","1","android"
"5291","2021-03-08","1","ios"
"5291","2021-08-23","1","ios"
"5291","2021-09-11","1","android"
"5291","2021-09-12","1","android"
"5291","2022-10-02","1","ios"
"5291","2023-01-31","1","android"
"5292","2025-01-30","1","web"
"5292","2025-03-24","1","ios"
"5292","2026-05-12","1","android"
"5293","2024-06-28","1","ios"
"5294","2022-09-09","1","ios"
"5294","2022-09-18","1","web"
"5294","2024-01-20","1","ios"
"5294","2024-02-06","1","android"
"5294","2025-03-28","1","ios"
"5295","2022-06-11","1","ios"
"5296","2022-04-23","1","android"
"5296","2025-01-18","1","ios"
"5296","2025-01-31","1","android"
"5296","2025-02-01","1","ios"
"5296","2025-02-14","1","web"
"5297","2022-04-04","1","ios"
"5297","2022-05-04","1","android"
"5298","2025-01-21","1","web"
"5299","2025-11-12","1","ios"
"5300","2022-12-06","1","ios"
"5301","2023-02-14","1","web"
"5301","2023-02-18","1","ios"
"5301","2024-05-22","1","ios"
"5301","2025-07-13","1","ios"
"5302","2024-06-15","1","android"
"5302","2025-09-02","1","web"
"5302","2025-11-29","1","android"
"5303","2023-04-16","1","android"
"5304","2021-07-26","1","android"
"5304","2021-08-18","1","ios"
"5305","2024-07-01","1","web"
"5305","2024-07-15","1","web"
"5305","2024-07-23","1","web"
"5305","2024-10-29","1","ios"
"5305","2024-12-17","1","web"
"5306","2020-07-23","1","ios"
"5307","2022-06-28","1","android"
"5307","2022-12-09","1","android"
"5307","2023-08-30","1","web"
"5307","2025-01-10","1","android"
"5308","2024-09-10","1","ios"
"5309","2021-01-23","1","ios"
"5309","2021-01-25","1","ios"
"5309","2021-02-06","1","android"
"5309","2021-03-08","1","ios"
"5309","2021-03-22","1","ios"
"5309","2021-05-06","1","web"
"5309","2021-05-13","1","web"
"5309","2021-05-28","1","android"
"5309","2021-06-18","1","ios"
"5309","2021-07-09","1","android"
"5309","2021-07-20","1","android"
"5309","2021-08-22","1","android"
"5309","2022-10-24","1","ios"
"5309","2022-10-28","1","android"
"5309","2023-09-09","1","ios"
"5309","2023-09-19","1","ios"
"5309","2023-09-29","1","web"
"5310","2023-05-30","1","ios"
"5310","2024-01-20","1","android"
"5311","2024-08-12","1","ios"
"5311","2024-08-20","1","web"
"5311","2024-08-27","1","web"
"5311","2025-08-13","1","ios"
"5312","2022-03-20","1","android"
"5312","2022-04-01","1","android"
"5312","2023-03-04","1","ios"
"5312","2023-03-08","1","android"
"5312","2023-03-23","1","android"
"5312","2023-03-26","1","android"
"5312","2023-04-04","1","web"
"5312","2023-04-09","2","ios"
"5313","2026-05-16","1","ios"
"5314","2022-11-04","1","ios"
"5314","2023-03-13","1","ios"
"5314","2024-02-23","1","web"
"5314","2024-12-13","1","ios"
"5314","2025-12-26","1","android"
"5315","2023-09-04","1","android"
"5315","2023-09-08","1","ios"
"5315","2024-11-09","1","ios"
"5315","2025-06-28","1","android"
"5316","2024-06-06","1","ios"
"5317","2020-01-08","1","android"
"5317","2020-01-15","1","android"
"5317","2020-02-09","1","android"
"5317","2020-03-17","1","android"
"5317","2020-03-26","1","ios"
"5317","2020-04-02","1","android"
"5317","2020-11-01","1","ios"
"5317","2020-11-08","1","ios"
"5317","2020-11-13","1","web"
"5317","2020-11-14","1","ios"
"5317","2021-09-02","1","web"
"5317","2021-09-03","1","web"
"5318","2026-03-10","1","ios"
"5319","2023-04-21","1","web"
"5319","2023-05-01","1","android"
"5319","2023-05-06","1","web"
"5319","2023-06-07","1","web"
"5319","2023-07-17","1","ios"
"5319","2023-07-31","1","ios"
"5320","2023-07-24","1","android"
"5320","2023-09-05","1","web"
"5320","2023-09-11","1","ios"
"5320","2023-09-23","1","ios"
"5320","2023-09-30","1","ios"
"5320","2023-10-13","1","android"
"5320","2023-10-17","1","ios"
"5321","2025-01-12","1","web"
"5321","2025-02-21","1","ios"
"5321","2025-03-01","1","ios"
"5322","2019-11-11","1","ios"
"5322","2019-11-30","1","android"
"5322","2020-09-27","1","android"
"5322","2020-09-28","1","ios"
"5322","2020-10-04","1","web"
"5322","2020-10-11","1","ios"
"5322","2020-10-26","1","android"
"5322","2020-12-02","1","ios"
"5322","2020-12-25","1","android"
"5322","2020-12-27","1","ios"
"5323","2026-03-16","1","ios"
"5323","2026-04-25","1","ios"
"5323","2026-05-22","1","web"
"5323","2026-05-25","1","android"
"5324","2026-06-17","1","android"
"5324","2026-06-24","1","ios"
"5325","2024-03-20","1","ios"
"5326","2023-04-11","1","ios"
"5326","2023-05-12","2","web"
"5326","2023-05-17","1","android"
"5326","2023-05-22","2","android"
"5326","2023-05-26","1","android"
"5326","2023-11-24","1","ios"
"5326","2023-12-20","1","ios"
"5326","2024-01-03","1","ios"
"5326","2024-01-13","1","ios"
"5326","2024-03-07","2","android"
"5327","2024-10-12","1","android"
"5327","2025-06-08","1","ios"
"5327","2025-06-19","1","android"
"5328","2019-05-12","1","ios"
"5328","2019-05-27","1","web"
"5328","2020-04-10","1","ios"
"5329","2025-05-27","1","web"
"5329","2025-06-05","1","android"
"5329","2025-06-18","1","ios"
"5329","2025-08-23","1","ios"
"5329","2026-06-03","1","web"
"5329","2026-06-07","1","android"
"5330","2024-12-21","1","android"
"5330","2025-01-24","1","android"
"5331","2022-03-12","1","web"
"5331","2022-08-20","1","web"
"5331","2022-08-27","1","web"
"5331","2022-09-09","1","web"
"5331","2022-09-16","1","android"
"5331","2024-02-12","1","android"
"5331","2025-02-22","1","ios"
"5331","2025-10-01","1","android"
"5332","2025-03-13","1","android"
"5332","2025-03-20","1","ios"
"5332","2025-03-28","1","ios"
"5332","2025-04-20","1","android"
"5332","2025-05-25","1","web"
"5332","2025-06-17","1","web"
"5332","2025-06-18","1","android"
"5332","2025-06-30","1","ios"
"5332","2025-07-16","1","android"
"5332","2025-08-04","1","ios"
"5333","2023-02-23","1","android"
"5334","2020-07-02","1","ios"
"5334","2020-07-03","1","ios"
"5334","2020-08-07","1","web"
"5334","2020-09-05","1","web"
"5334","2020-09-07","1","android"
"5334","2020-09-11","1","web"
"5334","2020-10-08","1","android"
"5334","2020-10-17","1","ios"
"5335","2023-03-12","1","ios"
"5335","2023-11-22","1","android"
"5335","2025-04-11","1","android"
"5335","2025-12-11","1","android"
"5336","2021-11-02","1","ios"
"5336","2021-11-10","1","ios"
"5336","2021-11-18","1","web"
"5336","2021-12-14","1","android"
"5336","2022-01-08","1","ios"
"5336","2022-01-20","1","android"
"5337","2022-11-20","1","ios"
"5337","2022-12-17","1","android"
"5338","2024-10-24","1","web"
"5339","2022-01-03","1","android"
"5339","2022-02-05","1","android"
"5339","2022-02-06","1","web"
"5339","2022-02-20","1","ios"
"5340","2024-12-23","1","ios"
"5340","2025-01-25","1","ios"
"5340","2025-01-26","1","ios"
"5340","2025-02-14","2","android"
"5340","2025-02-23","1","ios"
"5340","2025-03-02","1","ios"
"5341","2021-01-12","1","web"
"5341","2021-04-02","1","web"
"5341","2023-08-05","1","android"
"5341","2026-02-26","1","android"
"5341","2026-02-28","1","android"
"5342","2023-03-08","1","android"
"5342","2023-04-01","1","ios"
"5342","2023-04-13","1","ios"
"5342","2023-08-08","1","ios"
"5343","2020-06-12","1","android"
"5343","2022-04-14","1","web"
"5343","2022-07-08","1","android"
"5343","2024-02-16","1","web"
"5343","2024-02-25","1","android"
"5343","2024-02-26","1","ios"
"5343","2024-03-27","1","android"
"5343","2024-04-16","1","ios"
"5344","2025-06-22","1","android"
"5344","2025-07-07","1","ios"
"5344","2025-08-09","1","ios"
"5344","2026-02-20","1","ios"
"5344","2026-03-26","1","web"
"5345","2022-11-12","1","web"
"5345","2022-11-25","1","ios"
"5345","2022-12-20","1","ios"
"5345","2022-12-21","1","ios"
"5345","2023-01-11","1","android"
"5346","2022-10-02","1","android"
"5346","2023-08-28","1","android"
"5346","2025-01-08","1","android"
"5346","2025-09-18","1","web"
"5347","2024-05-15","1","ios"
"5347","2024-05-28","1","android"
"5348","2025-06-29","1","ios"
"5348","2025-07-14","1","ios"
"5349","2025-08-30","1","web"
"5349","2026-04-02","1","android"
"5350","2021-10-01","1","ios"
"5350","2022-11-04","1","web"
"5350","2022-11-14","1","android"
"5350","2022-12-03","1","ios"
"5350","2023-12-18","1","ios"
"5350","2024-01-04","1","android"
"5351","2025-10-16","1","ios"
"5352","2025-01-11","1","android"
"5352","2026-06-05","1","ios"
"5353","2023-11-26","1","android"
"5354","2025-10-14","1","ios"
"5355","2022-06-02","1","web"
"5355","2022-07-28","1","android"
"5355","2022-08-05","1","ios"
"5355","2022-09-09","1","web"
"5355","2022-10-02","1","ios"
"5355","2022-12-23","1","web"
"5355","2024-03-05","1","android"
"5355","2025-06-02","1","ios"
"5355","2025-06-24","1","ios"
"5355","2025-06-26","1","web"
"5355","2025-07-08","1","ios"
"5355","2025-08-07","1","web"
"5355","2025-08-10","1","android"
"5355","2025-08-27","1","android"
"5355","2025-09-06","1","ios"
"5355","2025-09-12","1","ios"
"5355","2025-09-13","1","ios"
"5355","2025-11-10","1","ios"
"5355","2025-12-07","1","android"
"5356","2025-06-25","1","android"
"5357","2025-09-13","1","ios"
"5357","2025-09-15","1","ios"
"5358","2020-04-23","1","ios"
"5358","2021-06-26","1","android"
"5358","2021-07-19","1","android"
"5359","2024-07-15","1","ios"
"5360","2025-10-16","1","ios"
"5360","2025-10-23","1","ios"
"5360","2025-11-02","1","android"
"5360","2025-11-10","1","ios"
"5361","2025-04-06","1","ios"
"5361","2025-04-10","1","ios"
"5362","2021-02-19","1","ios"
"5362","2022-07-23","1","ios"
"5362","2023-05-23","1","web"
"5362","2024-10-02","1","android"
"5363","2026-04-15","1","ios"
"5364","2022-04-01","1","android"
"5365","2024-07-04","1","web"
"5365","2024-08-11","1","ios"
"5366","2024-09-26","1","web"
"5366","2024-10-19","1","ios"
"5366","2024-11-05","1","web"
"5366","2024-11-23","1","web"
"5366","2024-11-26","1","web"
"5367","2021-08-17","1","ios"
"5368","2020-08-06","1","ios"
"5368","2022-11-03","1","android"
"5368","2023-05-12","1","web"
"5368","2024-08-19","1","ios"
"5369","2025-04-05","1","android"
"5370","2024-08-10","1","ios"
"5370","2024-09-06","1","ios"
"5370","2026-05-14","1","ios"
"5371","2025-02-12","1","android"
"5371","2025-02-16","1","ios"
"5371","2025-03-20","1","ios"
"5371","2025-04-09","1","web"
"5372","2026-03-04","1","android"
"5372","2026-04-05","1","ios"
"5372","2026-05-05","1","web"
"5373","2022-05-01","1","ios"
"5373","2022-05-23","1","ios"
"5373","2023-07-19","1","web"
"5373","2024-10-08","1","ios"
"5374","2021-02-03","1","ios"
"5374","2021-02-04","1","ios"
"5374","2025-05-09","1","android"
"5374","2025-05-15","1","ios"
"5374","2025-05-25","1","web"
"5375","2022-05-23","1","android"
"5375","2023-05-07","1","android"
"5375","2025-06-10","1","android"
"5376","2023-11-11","1","ios"
"5376","2023-11-14","1","ios"
"5376","2023-11-18","1","android"
"5376","2023-11-25","1","ios"
"5376","2024-07-13","2","web"
"5376","2024-10-26","1","ios"
"5376","2024-11-03","1","android"
"5376","2024-11-23","1","android"
"5376","2025-01-13","2","ios"
"5376","2025-01-22","1","ios"
"5377","2024-04-08","1","ios"
"5378","2024-04-20","1","android"
"5378","2025-03-18","1","web"
"5379","2024-08-25","1","android"
"5379","2024-09-04","1","android"
"5379","2024-10-08","1","ios"
"5379","2025-08-22","1","ios"
"5380","2024-04-19","1","ios"
"5380","2024-04-28","1","web"
"5380","2024-06-16","1","ios"
"5380","2024-09-30","1","ios"
"5381","2024-07-06","1","ios"
"5381","2025-07-20","1","android"
"5381","2025-07-22","1","ios"
"5382","2025-04-23","1","ios"
"5382","2025-04-27","1","android"
"5382","2025-05-08","1","android"
"5382","2025-05-13","1","ios"
"5383","2025-02-24","1","ios"
"5384","2020-09-22","1","web"
"5384","2020-10-28","1","ios"
"5384","2021-07-02","1","android"
"5384","2021-07-17","1","ios"
"5384","2021-08-16","1","ios"
"5384","2021-10-20","1","android"
"5384","2021-10-27","1","ios"
"5384","2021-11-09","1","ios"
"5384","2021-11-14","1","ios"
"5384","2021-11-15","1","ios"
"5384","2023-02-19","1","android"
"5384","2023-10-12","1","android"
"5384","2024-08-12","1","ios"
"5384","2025-02-21","1","ios"
"5385","2022-05-28","1","android"
"5385","2022-06-07","1","ios"
"5385","2022-06-18","1","ios"
"5385","2022-09-26","2","android"
"5385","2022-09-30","1","android"
"5385","2022-10-05","1","web"
"5385","2022-12-10","1","ios"
"5385","2022-12-30","1","web"
"5385","2023-02-17","1","ios"
"5385","2024-04-13","1","android"
"5385","2024-04-22","1","android"
"5385","2024-04-23","1","ios"
"5386","2023-04-04","1","ios"
"5387","2024-12-17","1","web"
"5387","2024-12-18","1","ios"
"5387","2026-05-15","1","android"
"5388","2024-08-12","1","ios"
"5388","2024-08-25","1","ios"
"5388","2024-08-30","1","android"
"5388","2025-08-31","1","web"
"5388","2025-09-11","1","web"
"5389","2021-04-06","1","ios"
"5389","2021-04-13","1","web"
"5389","2021-04-20","1","web"
"5389","2021-12-07","1","android"
"5389","2021-12-27","1","android"
"5389","2022-01-07","1","ios"
"5389","2022-11-03","1","android"
"5390","2022-07-02","1","ios"
"5391","2023-11-27","1","web"
"5391","2023-12-13","1","ios"
"5391","2023-12-27","1","ios"
"5391","2024-01-31","1","ios"
"5391","2024-02-11","2","ios"
"5392","2024-05-21","1","ios"
"5392","2025-03-15","1","ios"
"5392","2025-03-16","1","ios"
"5392","2025-10-20","1","ios"
"5392","2025-11-01","1","ios"
"5393","2025-11-20","1","ios"
"5394","2023-05-05","1","web"
"5394","2023-05-13","1","ios"
"5394","2023-05-14","1","web"
"5394","2024-02-07","1","android"
"5395","2025-04-18","1","android"
"5396","2024-06-06","1","ios"
"5396","2025-05-18","1","android"
"5397","2025-08-10","1","ios"
"5398","2024-12-19","1","ios"
"5398","2025-01-05","2","android"
"5398","2025-01-06","1","ios"
"5399","2024-12-10","1","ios"
"5399","2025-01-15","1","android"
"5399","2025-01-20","1","ios"
"5399","2025-01-25","1","ios"
"5399","2025-04-20","2","ios"
"5399","2025-05-15","1","android"
"5399","2025-05-30","1","ios"
"5399","2025-06-02","1","web"
"5399","2025-06-07","1","ios"
"5399","2025-06-12","1","web"
"5399","2025-06-29","1","web"
"5399","2025-07-13","1","web"
"5399","2025-07-16","2","web"
"5400","2023-02-09","1","ios"
"5400","2023-02-28","1","ios"
"5400","2023-03-07","1","android"
"5400","2024-02-08","1","ios"
"5400","2025-01-27","1","ios"
"5400","2025-12-16","1","web"
"5401","2021-05-20","1","android"
"5401","2021-05-31","1","android"
"5401","2021-08-07","1","ios"
"5401","2021-12-07","1","android"
"5401","2021-12-18","2","ios"
"5401","2023-05-29","2","android"
"5401","2023-05-30","1","ios"
"5401","2023-06-24","1","android"
"5402","2023-05-23","1","ios"
"5402","2024-03-08","1","ios"
"5402","2024-12-25","1","android"
"5402","2025-01-16","1","web"
"5402","2025-02-05","1","web"
"5402","2025-02-18","1","web"
"5402","2025-02-19","1","android"
"5402","2025-02-26","1","ios"
"5403","2026-03-14","1","ios"
"5403","2026-03-17","1","ios"
"5404","2023-05-26","1","ios"
"5404","2024-01-28","1","android"
"5404","2024-02-02","1","android"
"5404","2024-02-07","1","ios"
"5404","2024-02-14","1","web"
"5404","2024-04-05","1","android"
"5404","2024-05-02","1","ios"
"5404","2024-05-03","1","web"
"5404","2024-05-15","1","web"
"5404","2024-05-26","1","android"
"5404","2024-06-07","2","ios"
"5404","2024-10-04","1","web"
"5405","2020-05-05","1","ios"
"5405","2020-05-22","1","web"
"5405","2020-05-24","1","ios"
"5405","2020-05-25","1","ios"
"5405","2020-07-03","1","android"
"5405","2020-07-19","1","ios"
"5406","2020-09-04","1","ios"
"5406","2020-09-25","1","ios"
"5407","2022-03-20","1","ios"
"5407","2022-03-28","1","ios"
"5407","2022-04-11","1","android"
"5408","2020-12-23","1","ios"
"5408","2021-01-15","1","android"
"5409","2020-05-09","1","android"
"5409","2020-05-17","1","android"
"5409","2020-05-30","1","ios"
"5410","2022-05-10","1","web"
"5410","2022-05-15","1","android"
"5410","2022-05-25","1","ios"
"5410","2022-05-26","1","android"
"5410","2022-06-19","1","ios"
"5410","2023-11-11","1","ios"
"5411","2025-08-04","1","ios"
"5412","2025-03-13","1","android"
"5412","2025-03-15","1","web"
"5412","2025-03-31","1","ios"
"5412","2025-04-03","1","web"
"5412","2025-04-08","1","ios"
"5412","2026-02-09","1","ios"
"5412","2026-02-17","1","ios"
"5412","2026-03-14","1","ios"
"5413","2019-02-26","1","android"
"5413","2019-03-09","1","android"
"5413","2020-04-21","1","ios"
"5413","2020-05-14","1","android"
"5413","2021-08-20","1","android"
"5414","2024-11-16","1","web"
"5414","2024-11-21","1","android"
"5414","2024-12-07","1","ios"
"5414","2024-12-08","1","android"
"5415","2023-04-07","1","android"
"5415","2023-05-02","1","web"
"5415","2023-05-09","1","android"
"5415","2023-05-10","1","android"
"5415","2024-02-14","1","ios"
"5415","2024-02-20","1","ios"
"5415","2024-02-22","1","web"
"5415","2024-03-10","1","ios"
"5416","2021-10-23","1","ios"
"5416","2021-11-12","1","web"
"5416","2022-02-14","1","web"
"5416","2022-03-31","1","ios"
"5416","2022-04-29","1","ios"
"5416","2022-05-07","1","ios"
"5416","2022-05-11","1","ios"
"5416","2022-05-16","1","android"
"5416","2022-05-17","1","android"
"5416","2022-05-20","1","android"
"5416","2023-01-30","1","web"
"5417","2023-01-16","1","ios"
"5418","2022-11-24","1","ios"
"5418","2022-11-27","1","android"
"5418","2022-12-16","1","android"
"5418","2023-01-25","1","android"
"5419","2020-02-14","1","android"
"5419","2020-03-06","1","ios"
"5420","2022-12-11","1","web"
"5420","2022-12-26","1","android"
"5420","2024-05-24","1","ios"
"5420","2025-06-23","1","ios"
"5420","2026-01-15","1","android"
"5421","2022-11-08","1","android"
"5421","2022-12-06","1","ios"
"5421","2022-12-15","1","ios"
"5421","2023-02-22","1","web"
"5421","2023-03-06","1","ios"
"5422","2022-07-14","1","ios"
"5422","2022-07-17","1","web"
"5422","2022-12-09","1","android"
"5422","2022-12-24","1","ios"
"5423","2022-12-23","1","ios"
"5423","2022-12-28","1","ios"
"5423","2023-01-02","1","web"
"5423","2023-02-16","1","android"
"5423","2023-11-30","1","ios"
"5423","2023-12-23","1","ios"
"5423","2023-12-28","1","web"
"5423","2024-01-01","2","android"
"5423","2024-02-23","1","android"
"5423","2025-09-20","1","ios"
"5423","2025-09-21","1","ios"
"5424","2020-03-12","1","ios"
"5424","2020-03-22","1","web"
"5424","2020-04-05","1","web"
"5424","2020-04-11","2","ios"
"5424","2020-04-12","1","ios"
"5424","2023-01-06","2","android"
"5424","2023-01-13","1","android"
"5424","2023-02-16","1","ios"
"5424","2023-03-17","1","android"
"5424","2023-03-29","2","web"
"5424","2024-02-04","1","android"
"5424","2024-02-11","1","ios"
"5424","2024-03-27","1","ios"
"5424","2024-04-05","2","web"
"5425","2026-01-17","1","ios"
"5426","2024-01-10","1","android"
"5426","2024-02-24","1","android"
"5427","2024-10-14","1","web"
"5427","2024-10-23","1","android"
"5427","2024-11-20","1","android"
"5427","2024-12-18","1","android"
"5428","2024-10-03","1","ios"
"5428","2024-10-27","1","ios"
"5428","2025-09-09","1","ios"
"5428","2025-10-10","1","web"
"5429","2023-02-08","1","ios"
"5429","2023-02-28","1","android"
"5429","2024-06-17","1","android"
"5429","2025-02-16","1","android"
"5429","2025-03-08","1","android"
"5429","2026-04-11","1","ios"
"5430","2023-11-07","1","ios"
"5430","2024-02-17","1","ios"
"5430","2024-02-24","1","android"
"5430","2024-03-20","1","android"
"5430","2024-04-04","1","android"
"5430","2024-05-30","1","ios"
"5430","2024-06-27","1","ios"
"5430","2024-07-01","1","ios"
"5430","2024-07-25","1","android"
"5430","2024-07-28","2","ios"
"5430","2024-10-28","1","android"
"5431","2021-10-06","1","android"
"5431","2021-10-09","1","android"
"5431","2023-01-28","1","android"
"5432","2025-03-15","1","web"
"5432","2025-03-16","1","android"
"5432","2025-10-14","1","ios"
"5433","2022-12-29","1","android"
"5433","2023-01-02","1","ios"
"5433","2023-01-05","1","android"
"5433","2023-01-10","1","web"
"5433","2023-01-13","1","android"
"5434","2024-02-01","1","ios"
"5434","2024-03-01","1","android"
"5434","2024-04-06","1","ios"
"5434","2024-05-29","1","android"
"5434","2024-06-09","1","web"
"5434","2024-10-14","1","ios"
"5434","2024-11-16","1","android"
"5434","2024-11-27","1","ios"
"5434","2024-12-04","1","android"
"5434","2025-12-04","1","ios"
"5434","2026-01-01","1","android"
"5435","2023-01-11","1","ios"
"5435","2023-01-13","1","android"
"5435","2023-01-14","1","android"
"5435","2023-01-21","1","android"
"5435","2023-01-26","1","android"
"5435","2024-05-13","1","web"
"5436","2025-02-20","1","ios"
"5436","2025-02-28","1","ios"
"5436","2025-03-01","1","ios"
"5436","2025-04-09","1","ios"
"5436","2025-04-25","1","android"
"5436","2025-04-26","1","ios"
"5436","2025-05-27","1","android"
"5436","2025-06-03","1","android"
"5436","2025-10-30","1","android"
"5436","2025-11-11","1","ios"
"5437","2026-06-10","1","ios"
"5437","2026-06-21","1","ios"
"5438","2024-08-13","1","android"
"5438","2024-08-21","1","ios"
"5438","2024-08-24","1","web"
"5439","2025-12-28","1","ios"
"5440","2026-01-21","1","ios"
"5441","2020-08-08","1","ios"
"5441","2022-03-27","1","ios"
"5442","2024-05-27","1","web"
"5443","2026-04-07","1","android"
"5443","2026-04-13","1","web"
"5444","2024-04-16","1","android"
"5444","2024-11-04","1","ios"
"5445","2022-01-01","1","android"
"5446","2026-03-18","1","android"
"5446","2026-03-19","1","web"
"5447","2022-04-10","1","ios"
"5447","2022-05-24","1","ios"
"5447","2022-06-08","1","ios"
"5447","2023-07-20","1","ios"
"5447","2024-04-10","1","android"
"5447","2025-05-27","1","web"
"5447","2026-01-26","1","ios"
"5448","2019-05-24","1","ios"
"5448","2019-06-04","1","web"
"5449","2026-05-20","1","ios"
"5449","2026-05-22","1","android"
"5450","2023-03-18","1","ios"
"5450","2023-04-07","1","android"
"5450","2023-04-16","1","ios"
"5450","2023-05-12","1","web"
"5450","2023-05-17","1","ios"
"5450","2023-05-31","1","ios"
"5450","2023-10-18","1","ios"
"5450","2024-03-18","1","web"
"5450","2025-04-12","1","web"
"5450","2026-03-13","1","android"
"5451","2021-12-17","1","web"
"5452","2022-02-18","1","ios"
"5452","2022-03-04","1","ios"
"5452","2022-03-12","1","ios"
"5453","2024-02-17","1","ios"
"5453","2024-02-23","1","ios"
"5453","2024-03-30","1","web"
"5453","2025-06-10","1","web"
"5453","2025-06-26","1","ios"
"5453","2025-07-14","1","web"
"5453","2025-08-21","1","android"
"5454","2024-01-26","1","ios"
"5454","2024-02-08","1","android"
"5454","2024-02-10","1","ios"
"5455","2025-10-25","1","web"
"5455","2025-12-12","1","android"
"5455","2026-02-11","1","ios"
"5455","2026-03-14","1","android"
"5455","2026-03-27","1","ios"
"5456","2024-07-04","1","web"
"5456","2025-03-02","1","android"
"5457","2024-10-23","1","ios"
"5458","2024-11-29","1","ios"
"5459","2026-04-26","1","web"
"5459","2026-05-10","1","ios"
"5459","2026-06-04","1","ios"
"5459","2026-06-22","1","android"
"5460","2024-08-30","1","ios"
"5460","2024-09-21","1","ios"
"5461","2022-07-04","1","web"
"5461","2022-07-23","1","ios"
"5461","2022-07-27","1","web"
"5461","2022-08-28","1","ios"
"5462","2026-01-18","1","android"
"5463","2024-11-23","1","web"
"5463","2024-12-23","1","android"
"5463","2024-12-29","1","android"
"5463","2025-01-04","1","ios"
"5463","2025-01-08","1","ios"
"5463","2025-01-13","1","ios"
"5463","2025-11-10","1","ios"
"5464","2024-12-20","1","ios"
"5464","2024-12-28","1","android"
"5464","2025-01-17","1","android"
"5465","2020-02-12","1","ios"
"5465","2020-02-21","1","android"
"5465","2020-04-01","1","ios"
"5466","2024-06-23","1","android"
"5467","2024-09-22","1","android"
"5467","2024-09-28","1","android"
"5467","2024-09-29","1","web"
"5468","2021-05-10","1","web"
"5468","2021-05-30","1","ios"
"5468","2021-12-01","1","ios"
"5469","2024-05-28","1","web"
"5469","2024-06-03","1","ios"
"5469","2024-06-17","1","android"
"5469","2024-06-29","1","android"
"5470","2024-01-28","1","ios"
"5470","2024-01-29","1","web"
"5470","2025-06-09","1","ios"
"5470","2025-09-13","1","ios"
"5470","2025-09-23","1","android"
"5470","2025-10-01","1","ios"
"5471","2024-09-15","1","ios"
"5471","2024-10-11","1","ios"
"5471","2024-10-22","1","web"
"5471","2024-12-07","1","android"
"5472","2020-09-13","1","android"
"5473","2020-10-13","1","android"
"5473","2020-10-30","1","ios"
"5473","2023-10-27","1","android"
"5474","2026-05-19","1","ios"
"5475","2022-01-17","1","ios"
"5475","2022-02-06","1","ios"
"5475","2022-02-10","2","ios"
"5475","2023-02-02","1","android"
"5476","2024-04-13","1","ios"
"5476","2024-05-15","1","web"
"5477","2024-01-14","1","ios"
"5478","2025-10-02","1","android"
"5479","2022-03-02","1","web"
"5480","2026-03-30","1","android"
"5480","2026-04-12","1","ios"
"5481","2026-01-03","1","web"
"5482","2024-10-19","1","android"
"5482","2024-10-24","1","android"
"5483","2023-10-22","1","android"
"5483","2023-11-09","1","android"
"5483","2023-12-09","1","android"
"5483","2023-12-15","2","web"
"5483","2025-06-07","2","ios"
"5483","2025-06-24","1","ios"
"5483","2025-07-03","1","web"
"5483","2025-07-13","2","ios"
"5483","2026-03-03","1","ios"
"5483","2026-03-19","1","android"
"5484","2026-04-03","1","ios"
"5484","2026-04-04","1","android"
"5485","2022-04-20","1","ios"
"5486","2024-07-18","1","web"
"5486","2024-07-27","1","ios"
"5486","2024-09-09","1","web"
"5487","2025-06-03","1","android"
"5487","2025-07-03","1","ios"
"5487","2025-08-01","1","web"
"5487","2025-08-10","1","android"
"5487","2026-04-19","1","android"
"5488","2025-02-19","1","android"
"5489","2022-04-21","1","ios"
"5490","2021-03-04","1","ios"
"5490","2021-03-06","1","web"
"5490","2021-03-20","1","web"
"5490","2021-04-27","1","web"
"5490","2021-12-13","1","android"
"5490","2021-12-18","1","ios"
"5490","2021-12-26","1","ios"
"5490","2021-12-28","1","ios"
"5490","2022-01-16","1","android"
"5490","2022-01-21","1","web"
"5490","2022-02-21","1","ios"
"5490","2022-03-07","1","web"
"5490","2022-10-09","1","web"
"5490","2024-03-07","1","ios"
"5490","2024-04-02","1","android"
"5490","2024-04-05","1","web"
"5490","2024-05-20","1","android"
"5490","2024-08-16","1","ios"
"5491","2022-12-10","1","ios"
"5491","2022-12-11","1","web"
"5491","2022-12-16","1","android"
"5491","2022-12-19","1","ios"
"5491","2022-12-23","1","ios"
"5491","2024-02-16","1","ios"
"5491","2024-02-20","1","ios"
"5491","2024-03-28","1","ios"
"5491","2024-04-24","1","ios"
"5491","2024-05-09","1","web"
"5491","2026-05-21","1","android"
"5492","2026-05-19","1","android"
"5492","2026-05-22","1","android"
"5492","2026-06-10","1","android"
"5493","2019-06-15","1","ios"
"5493","2019-11-21","1","ios"
"5493","2019-11-24","1","android"
"5493","2020-12-17","1","web"
"5494","2023-03-31","1","ios"
"5494","2023-04-27","1","ios"
"5494","2023-05-12","1","android"
"5494","2023-05-20","1","ios"
"5494","2023-06-24","1","web"
"5494","2023-06-26","1","ios"
"5494","2023-06-29","1","ios"
"5494","2023-10-17","1","web"
"5494","2023-11-10","1","ios"
"5494","2023-12-01","1","ios"
"5494","2025-02-15","1","ios"
"5494","2025-02-28","1","ios"
"5494","2025-03-12","1","ios"
"5494","2025-03-27","1","web"
"5495","2026-06-20","1","ios"
"5496","2022-06-10","1","web"
"5496","2023-06-19","1","android"
"5496","2025-01-25","1","ios"
"5497","2021-02-03","1","android"
"5498","2025-05-07","1","ios"
"5499","2024-01-23","1","ios"
"5499","2024-02-07","1","ios"
"5500","2023-10-28","1","android"
"5500","2023-10-29","1","ios"
"5501","2026-02-26","1","android"
"5502","2024-09-13","1","ios"
"5502","2024-09-14","1","web"
"5503","2024-01-11","1","ios"
"5503","2024-01-14","1","ios"
"5503","2025-02-26","1","web"
"5503","2025-08-31","1","ios"
"5503","2026-01-19","1","web"
"5503","2026-01-22","1","android"
"5503","2026-02-12","1","ios"
"5504","2022-09-03","1","ios"
"5504","2022-09-21","1","ios"
"5504","2022-10-02","1","ios"
"5504","2025-09-13","1","ios"
"5505","2023-10-12","1","ios"
"5505","2023-10-28","1","ios"
"5505","2024-01-10","1","android"
"5505","2024-01-13","1","web"
"5505","2024-01-19","1","ios"
"5506","2023-01-04","1","ios"
"5506","2023-02-10","1","web"
"5506","2023-02-14","1","android"
"5506","2023-06-15","1","ios"
"5507","2025-08-21","1","web"
"5507","2025-09-04","1","ios"
"5507","2025-09-11","1","ios"
"5508","2026-04-23","1","ios"
"5509","2024-09-20","1","ios"
"5509","2024-09-29","1","ios"
"5509","2025-11-30","1","ios"
"5509","2025-12-02","1","web"
"5510","2020-09-20","1","web"
"5510","2020-11-11","1","ios"
"5510","2020-11-12","2","web"
"5510","2021-01-16","1","android"
"5510","2021-02-27","2","ios"
"5510","2021-04-10","1","android"
"5510","2021-04-12","1","ios"
"5510","2021-04-25","1","web"
"5511","2025-05-18","1","ios"
"5511","2025-05-22","1","android"
"5512","2024-03-04","1","ios"
"5512","2024-12-05","1","android"
"5512","2025-03-26","1","ios"
"5512","2025-04-20","1","android"
"5512","2025-04-22","1","ios"
"5513","2024-06-28","1","android"
"5513","2024-10-03","1","ios"
"5513","2024-10-06","1","ios"
"5513","2024-10-12","1","ios"
"5514","2024-09-12","1","android"
"5515","2025-08-23","1","ios"
"5515","2025-08-27","1","android"
"5516","2026-05-11","1","android"
"5516","2026-05-20","1","android"
"5517","2021-02-07","1","android"
"5517","2021-02-08","1","ios"
"5517","2021-02-19","1","web"
"5517","2022-08-25","1","ios"
"5517","2022-08-26","1","ios"
"5518","2019-07-07","1","android"
"5518","2019-07-20","1","ios"
"5519","2019-09-24","1","ios"
"5519","2019-09-28","1","ios"
"5520","2023-02-27","1","ios"
"5521","2022-08-29","1","android"
"5521","2022-11-06","1","android"
"5522","2026-05-30","1","web"
"5522","2026-06-19","1","android"
"5523","2023-01-04","1","ios"
"5523","2024-05-30","1","android"
"5523","2025-04-27","1","ios"
"5524","2025-07-31","1","ios"
"5524","2025-08-01","1","android"
"5524","2025-10-10","1","ios"
"5524","2025-11-03","1","ios"
"5524","2025-12-07","1","android"
"5525","2024-08-06","1","web"
"5525","2024-09-27","1","ios"
"5525","2024-12-18","1","android"
"5525","2026-01-16","1","android"
"5525","2026-01-18","1","ios"
"5525","2026-01-25","1","ios"
"5525","2026-02-11","2","android"
"5525","2026-03-07","1","android"
"5525","2026-03-25","1","ios"
"5525","2026-03-29","1","android"
"5526","2025-05-01","1","ios"
"5526","2025-05-06","1","web"
"5526","2025-05-17","1","android"
"5527","2023-04-15","1","web"
"5527","2023-04-18","1","ios"
"5527","2023-05-03","2","ios"
"5527","2024-12-01","1","android"
"5527","2025-07-20","1","android"
"5527","2026-01-24","1","web"
"5528","2019-06-29","1","ios"
"5528","2019-07-04","1","ios"
"5528","2019-07-21","1","ios"
"5529","2021-04-07","1","ios"
"5529","2021-04-08","1","ios"
"5529","2021-04-21","1","web"
"5529","2021-05-13","1","ios"
"5529","2021-06-11","1","web"
"5529","2023-07-11","1","ios"
"5529","2023-08-04","1","ios"
"5529","2023-08-26","1","android"
"5529","2026-04-20","1","android"
"5530","2021-12-20","1","ios"
"5530","2021-12-27","1","web"
"5530","2022-01-24","1","ios"
"5531","2022-04-10","1","ios"
"5531","2022-04-12","1","android"
"5531","2024-06-19","1","ios"
"5531","2024-06-24","1","ios"
"5531","2024-07-08","1","android"
"5531","2025-08-16","1","ios"
"5531","2025-08-31","1","ios"
"5531","2025-09-08","1","ios"
"5532","2021-12-12","1","android"
"5533","2020-11-10","1","web"
"5534","2022-02-04","1","android"
"5534","2022-02-07","1","ios"
"5534","2022-09-18","1","ios"
"5534","2022-10-03","1","ios"
"5535","2023-04-22","1","android"
"5535","2023-04-27","1","ios"
"5535","2024-01-31","1","android"
"5536","2019-11-12","1","web"
"5536","2019-11-19","1","web"
"5536","2021-02-17","1","android"
"5536","2021-11-14","1","web"
"5536","2021-11-19","1","android"
"5536","2022-01-20","1","ios"
"5536","2022-01-23","1","ios"
"5536","2022-03-27","1","ios"
"5536","2022-04-02","1","web"
"5536","2022-04-27","1","web"
"5536","2022-08-14","1","android"
"5536","2023-01-18","1","ios"
"5536","2023-02-02","1","android"
"5536","2023-10-12","1","ios"
"5536","2023-10-23","1","android"
"5536","2024-04-27","1","web"
"5536","2025-07-05","1","android"
"5537","2023-12-23","1","web"
"5537","2023-12-25","1","web"
"5537","2024-01-03","1","android"
"5537","2025-02-11","1","ios"
"5537","2025-09-07","1","android"
"5538","2024-07-15","1","web"
"5538","2024-08-09","1","ios"
"5538","2024-08-17","1","android"
"5538","2024-09-19","1","web"
"5538","2024-09-20","1","android"
"5538","2024-10-03","2","ios"
"5538","2024-10-20","1","android"
"5539","2020-12-04","1","ios"
"5539","2020-12-18","1","android"
"5540","2026-05-23","1","ios"
"5541","2025-11-01","1","ios"
"5541","2025-11-23","1","android"
"5541","2025-12-06","2","ios"
"5541","2025-12-16","1","android"
"5542","2026-05-27","1","android"
"5543","2025-12-29","1","ios"
"5543","2026-04-10","1","ios"
"5543","2026-06-19","1","ios"
"5544","2025-07-10","1","ios"
"5544","2025-07-11","1","android"
"5544","2025-07-12","1","ios"
"5544","2025-09-12","1","ios"
"5544","2025-10-12","1","android"
"5544","2025-10-25","1","ios"
"5544","2025-11-25","1","ios"
"5545","2026-05-17","1","web"
"5546","2024-11-07","1","android"
"5546","2025-10-19","1","ios"
"5546","2025-12-02","1","ios"
"5546","2025-12-15","1","ios"
"5547","2020-06-19","1","ios"
"5547","2020-06-20","1","ios"
"5548","2020-10-09","1","android"
"5548","2020-11-18","1","ios"
"5548","2023-10-20","1","ios"
"5548","2023-11-20","1","web"
"5548","2023-12-22","1","web"
"5548","2023-12-28","1","android"
"5548","2024-01-14","1","ios"
"5549","2023-09-30","1","web"
"5550","2022-06-21","1","android"
"5550","2022-07-12","1","web"
"5550","2024-05-25","1","android"
"5551","2021-12-22","1","android"
"5551","2022-02-20","1","ios"
"5551","2022-10-01","1","ios"
"5551","2022-10-08","1","ios"
"5551","2022-10-13","1","android"
"5551","2022-10-25","1","android"
"5551","2025-01-06","1","ios"
"5552","2023-10-04","1","ios"
"5552","2023-10-20","1","ios"
"5552","2023-11-04","1","ios"
"5553","2019-11-02","1","android"
"5553","2019-11-25","2","android"
"5554","2022-09-24","1","android"
"5554","2022-09-30","1","android"
"5555","2023-03-08","1","ios"
"5556","2022-02-17","1","web"
"5556","2022-09-16","1","web"
"5556","2022-10-14","1","android"
"5556","2022-11-05","1","android"
"5556","2022-11-21","1","ios"
"5556","2023-04-03","1","android"
"5556","2025-10-11","1","android"
"5557","2024-04-23","1","android"
"5558","2022-10-14","1","ios"
"5558","2022-10-24","1","web"
"5558","2025-04-27","1","ios"
"5558","2025-10-09","1","android"
"5559","2025-09-05","1","web"
"5560","2025-06-27","1","ios"
"5560","2025-07-07","1","android"
"5560","2025-07-25","1","ios"
"5560","2026-01-05","1","web"
"5560","2026-01-15","1","ios"
"5561","2019-10-01","1","ios"
"5561","2019-10-23","1","ios"
"5562","2019-12-06","1","ios"
"5562","2019-12-12","1","android"
"5562","2021-07-04","1","android"
"5563","2023-04-05","1","web"
"5563","2023-07-14","1","android"
"5563","2025-05-05","1","android"
"5564","2025-08-23","1","android"
"5564","2025-08-25","1","ios"
"5564","2025-09-06","1","web"
"5564","2025-09-12","1","ios"
"5564","2025-10-03","1","ios"
"5564","2025-10-06","2","ios"
"5564","2025-10-29","2","ios"
"5564","2025-11-16","1","ios"
"5564","2026-01-17","1","ios"
"5564","2026-01-28","1","ios"
"5565","2025-01-25","1","ios"
"5566","2021-11-09","1","ios"
"5566","2021-11-16","1","web"
"5566","2023-03-10","1","android"
"5566","2023-03-29","1","android"
"5566","2023-10-29","1","ios"
"5566","2023-11-04","1","ios"
"5566","2023-11-06","1","android"
"5566","2023-11-11","1","android"
"5566","2023-12-11","1","ios"
"5566","2024-03-15","1","android"
"5566","2024-04-01","1","android"
"5566","2024-04-05","1","web"
"5566","2024-04-12","1","web"
"5566","2024-04-23","1","ios"
"5566","2024-05-31","1","ios"
"5567","2024-10-16","1","web"
"5567","2024-10-18","1","ios"
"5567","2024-10-21","1","ios"
"5568","2020-06-10","1","ios"
"5568","2020-07-01","1","android"
"5568","2020-08-26","1","ios"
"5569","2024-09-27","1","ios"
"5570","2021-06-10","1","ios"
"5570","2021-06-17","1","android"
"5571","2026-01-01","1","ios"
"5572","2026-06-21","1","ios"
"5573","2019-05-23","1","ios"
"5573","2019-05-24","1","android"
"5573","2019-05-31","1","android"
"5573","2019-11-26","1","android"
"5573","2020-09-05","1","web"
"5573","2021-12-12","1","android"
"5574","2021-08-16","1","ios"
"5574","2021-08-21","1","android"
"5574","2021-09-16","1","ios"
"5574","2022-03-11","1","web"
"5574","2023-04-18","1","android"
"5574","2024-02-27","1","ios"
"5575","2025-03-26","1","android"
"5575","2025-05-16","1","ios"
"5575","2025-06-05","1","ios"
"5575","2025-06-19","1","android"
"5575","2025-08-09","1","ios"
"5576","2025-10-05","1","ios"
"5576","2025-10-08","1","web"
"5576","2025-10-09","1","web"
"5576","2025-10-10","1","android"
"5576","2025-10-22","1","ios"
"5576","2025-11-08","1","android"
"5576","2025-11-28","1","android"
"5576","2025-12-16","1","ios"
"5576","2025-12-23","1","ios"
"5576","2025-12-24","1","ios"
"5577","2025-05-11","1","ios"
"5577","2025-05-22","1","android"
"5577","2026-01-28","1","android"
"5577","2026-02-08","1","web"
"5577","2026-06-19","1","web"
"5578","2024-08-16","1","ios"
"5578","2025-10-16","2","android"
"5579","2025-11-26","1","web"
"5579","2025-12-10","1","android"
"5580","2024-10-15","1","web"
"5581","2022-04-24","1","ios"
"5581","2022-05-21","1","ios"
"5581","2022-06-13","1","android"
"5581","2022-11-10","1","ios"
"5581","2022-11-23","1","ios"
"5581","2022-11-29","1","android"
"5581","2024-05-24","1","android"
"5581","2024-05-30","1","web"
"5581","2024-07-21","1","ios"
"5581","2024-08-11","1","ios"
"5582","2019-10-04","1","ios"
"5582","2019-10-11","1","ios"
"5582","2019-11-24","2","android"
"5583","2024-12-09","1","android"
"5583","2025-01-02","1","ios"
"5584","2021-07-17","1","ios"
"5585","2021-01-26","1","ios"
"5585","2021-03-03","1","ios"
"5585","2021-03-12","1","web"
"5585","2021-03-18","1","ios"
"5585","2024-07-01","1","web"
"5585","2024-07-25","1","ios"
"5585","2024-07-26","1","android"
"5585","2024-07-29","1","web"
"5585","2025-07-16","1","ios"
"5585","2025-07-21","1","android"
"5585","2026-01-30","1","ios"
"5586","2025-06-04","1","ios"
"5586","2025-06-25","1","android"
"5587","2021-06-01","1","android"
"5587","2021-06-12","1","web"
"5587","2021-06-17","1","web"
"5587","2021-06-20","1","ios"
"5587","2022-05-22","1","ios"
"5587","2022-06-03","1","ios"
"5587","2022-06-24","1","android"
"5587","2022-07-19","1","android"
"5587","2022-08-10","1","ios"
"5587","2022-08-26","1","ios"
"5587","2022-09-23","1","ios"
"5587","2022-10-28","1","ios"
"5587","2022-11-03","1","ios"
"5587","2022-12-15","1","android"
"5587","2023-01-20","1","web"
"5587","2023-01-28","1","ios"
"5587","2023-03-26","1","ios"
"5587","2023-04-03","1","ios"
"5588","2021-09-30","1","android"
"5589","2022-05-14","1","ios"
"5589","2022-05-15","1","android"
"5590","2026-03-06","1","web"
"5590","2026-03-08","1","ios"
"5590","2026-03-27","1","android"
"5590","2026-03-29","1","android"
"5590","2026-04-13","1","ios"
"5591","2022-10-11","1","web"
"5591","2022-10-23","1","ios"
"5592","2024-04-16","1","ios"
"5593","2025-09-09","1","ios"
"5593","2025-09-28","1","web"
"5593","2025-10-10","1","web"
"5593","2025-10-27","1","web"
"5593","2025-11-14","1","ios"
"5593","2026-01-08","1","android"
"5593","2026-01-14","1","android"
"5593","2026-02-13","1","android"
"5593","2026-04-13","1","ios"
"5593","2026-06-18","1","ios"
"5594","2023-07-09","1","ios"
"5594","2023-07-12","1","android"
"5594","2023-07-29","1","ios"
"5594","2023-08-17","1","android"
"5594","2024-03-06","1","android"
"5594","2024-03-07","1","android"
"5594","2024-03-22","1","web"
"5594","2024-04-19","2","ios"
"5594","2024-05-02","1","ios"
"5595","2020-12-12","1","android"
"5595","2020-12-13","2","ios"
"5595","2020-12-23","1","ios"
"5595","2021-01-03","1","ios"
"5595","2021-12-19","1","ios"
"5595","2021-12-26","1","web"
"5596","2020-10-27","1","web"
"5596","2020-11-24","1","android"
"5596","2021-01-01","1","web"
"5596","2021-07-20","1","ios"
"5596","2022-07-21","1","android"
"5596","2023-02-10","1","ios"
"5597","2021-02-25","1","ios"
"5597","2021-11-23","1","ios"
"5597","2021-12-03","1","ios"
"5598","2020-07-25","1","ios"
"5599","2024-10-25","1","ios"
"5599","2024-11-03","1","web"
"5599","2024-11-10","1","ios"
"5599","2024-11-12","1","web"
"5599","2024-11-28","1","web"
"5599","2026-03-29","1","ios"
"5600","2025-03-24","1","android"
"5600","2025-04-02","1","android"
"5600","2025-04-03","1","web"
"5601","2025-05-02","1","android"
"5601","2025-12-01","1","ios"
"5601","2025-12-07","1","android"
"5602","2022-12-12","1","android"
"5602","2024-05-26","1","ios"
"5602","2025-01-16","1","android"
"5603","2023-10-30","1","web"
"5604","2024-05-16","1","ios"
"5604","2024-06-21","1","android"
"5604","2024-06-29","1","ios"
"5604","2024-06-30","1","android"
"5604","2024-07-31","1","ios"
"5605","2025-03-31","1","ios"
"5605","2025-04-15","1","web"
"5605","2025-05-04","1","ios"
"5605","2025-05-05","1","ios"
"5605","2026-06-15","1","android"
"5606","2022-11-03","1","ios"
"5606","2022-11-06","1","ios"
"5607","2024-10-07","1","ios"
"5607","2024-10-28","1","ios"
"5607","2024-11-17","1","ios"
"5608","2025-01-18","1","ios"
"5608","2025-03-26","1","ios"
"5609","2025-08-03","1","android"
"5609","2026-06-05","1","web"
"5610","2023-08-31","1","android"
"5610","2023-09-26","1","ios"
"5610","2023-10-08","1","android"
"5610","2023-11-10","1","web"
"5610","2024-10-20","1","android"
"5611","2026-06-21","1","android"
"5611","2026-06-26","1","ios"
"5612","2022-10-30","1","ios"
"5612","2022-11-18","1","android"
"5612","2022-11-27","1","android"
"5612","2022-12-05","1","ios"
"5612","2024-01-21","1","ios"
"5612","2024-02-05","1","web"
"5612","2024-03-01","1","android"
"5612","2024-03-18","1","android"
"5612","2024-03-19","1","ios"
"5612","2024-04-27","1","ios"
"5612","2024-08-15","1","web"
"5612","2024-09-01","1","android"
"5612","2024-09-05","1","android"
"5612","2026-01-28","1","android"
"5613","2025-08-14","1","ios"
"5614","2021-01-08","1","ios"
"5614","2021-01-17","1","android"
"5614","2021-01-23","1","ios"
"5614","2021-03-06","1","android"
"5614","2023-01-28","1","ios"
"5614","2023-02-05","1","web"
"5615","2022-09-06","1","ios"
"5615","2023-04-06","1","android"
"5615","2023-04-27","1","android"
"5615","2024-10-27","1","ios"
"5615","2025-03-14","1","ios"
"5615","2026-01-30","1","ios"
"5616","2020-09-10","1","android"
"5616","2021-06-17","1","ios"
"5617","2025-11-26","1","ios"
"5617","2025-12-30","1","android"
"5617","2026-01-01","1","android"
"5617","2026-01-02","1","web"
"5617","2026-01-31","1","web"
"5617","2026-02-07","1","ios"
"5618","2022-08-02","1","android"
"5619","2019-11-22","1","android"
"5619","2020-09-23","1","ios"
"5619","2022-01-28","1","ios"
"5619","2022-12-18","1","android"
"5620","2021-05-05","1","ios"
"5620","2021-05-12","1","ios"
"5620","2021-06-07","2","ios"
"5620","2021-12-06","1","ios"
"5620","2022-01-05","1","ios"
"5620","2022-01-15","1","android"
"5620","2022-01-30","1","android"
"5620","2022-04-18","1","ios"
"5620","2022-05-25","1","web"
"5621","2026-05-18","1","web"
"5621","2026-06-11","1","web"
"5622","2026-06-18","1","ios"
"5622","2026-06-23","2","android"
"5623","2023-01-16","1","ios"
"5623","2024-05-25","1","ios"
"5623","2024-05-27","1","android"
"5623","2024-06-01","1","web"
"5623","2024-06-12","1","ios"
"5623","2024-06-27","1","web"
"5623","2025-01-12","1","web"
"5624","2022-12-14","1","web"
"5624","2022-12-24","1","ios"
"5624","2023-01-14","1","ios"
"5624","2023-02-07","1","ios"
"5624","2023-02-22","1","ios"
"5624","2023-11-04","1","ios"
"5624","2024-02-29","1","web"
"5624","2024-03-01","1","android"
"5624","2025-01-02","1","ios"
"5624","2025-03-27","1","android"
"5625","2025-07-17","1","ios"
"5625","2026-01-20","1","android"
"5625","2026-02-12","1","ios"
"5625","2026-03-12","1","ios"
"5625","2026-03-20","1","android"
"5626","2021-02-22","1","android"
"5626","2021-02-25","1","ios"
"5627","2025-12-05","1","ios"
"5628","2022-11-07","1","ios"
"5628","2024-01-11","1","ios"
"5628","2024-07-14","1","ios"
"5629","2022-07-26","1","ios"
"5629","2022-07-28","1","web"
"5629","2022-08-27","1","android"
"5629","2022-09-01","1","ios"
"5629","2022-09-17","1","web"
"5629","2022-09-20","1","android"
"5629","2022-10-09","1","ios"
"5629","2022-10-19","2","android"
"5629","2022-10-29","1","ios"
"5629","2023-06-08","1","ios"
"5629","2023-06-29","1","android"
"5629","2023-12-11","1","web"
"5630","2023-12-09","1","ios"
"5630","2023-12-29","1","android"
"5630","2026-01-20","1","ios"
"5630","2026-01-30","1","android"
"5630","2026-02-15","1","web"
"5631","2023-06-19","1","web"
"5631","2025-07-06","1","ios"
"5632","2025-03-30","1","android"
"5633","2024-06-25","1","ios"
"5633","2025-06-27","1","ios"
"5634","2026-02-28","1","ios"
"5635","2024-07-07","1","ios"
"5635","2024-07-30","1","ios"
"5635","2024-09-06","1","web"
"5635","2025-02-21","1","android"
"5635","2025-02-23","1","android"
"5635","2025-03-10","1","ios"
"5635","2025-03-11","1","ios"
"5635","2025-03-22","1","ios"
"5636","2023-10-23","1","android"
"5636","2023-10-30","1","android"
"5636","2023-11-01","1","ios"
"5637","2022-11-27","1","web"
"5637","2022-12-09","1","ios"
"5638","2021-03-30","1","ios"
"5638","2021-04-06","1","android"
"5639","2022-09-24","1","android"
"5639","2022-09-27","1","ios"
"5639","2022-10-14","1","android"
"5640","2022-09-20","1","ios"
"5641","2025-04-08","1","android"
"5642","2025-11-17","1","android"
"5643","2025-07-24","1","web"
"5644","2025-01-20","1","android"
"5645","2022-12-10","1","android"
"5645","2022-12-15","1","android"
"5646","2022-09-27","1","ios"
"5647","2026-05-06","1","ios"
"5647","2026-05-14","1","web"
"5647","2026-05-26","1","android"
"5647","2026-06-07","2","ios"
"5647","2026-06-08","1","android"
"5647","2026-06-11","1","ios"
"5648","2020-11-21","1","ios"
"5649","2025-02-25","1","android"
"5649","2025-03-21","1","ios"
"5650","2024-12-10","1","ios"
"5651","2024-12-27","1","ios"
"5651","2025-05-28","1","android"
"5651","2025-06-06","1","ios"
"5652","2021-02-03","1","android"
"5652","2022-07-15","1","android"
"5652","2022-08-24","1","android"
"5652","2022-09-03","1","android"
"5652","2022-09-04","1","ios"
"5652","2022-09-23","1","android"
"5652","2022-10-15","1","ios"
"5652","2022-11-22","2","web"
"5652","2022-12-14","1","ios"
"5652","2022-12-27","2","web"
"5652","2023-01-01","1","ios"
"5652","2023-01-14","1","web"
"5652","2023-01-27","1","web"
"5652","2024-09-28","1","android"
"5652","2024-10-01","1","ios"
"5652","2025-04-25","1","ios"
"5652","2025-05-21","1","ios"
"5652","2026-03-03","1","android"
"5653","2025-09-17","1","android"
"5653","2025-09-18","1","android"
"5654","2026-02-11","1","web"
"5655","2025-01-27","1","android"
"5655","2025-02-11","1","ios"
"5655","2025-12-10","1","android"
"5655","2026-03-03","2","android"
"5656","2025-02-14","1","web"
"5656","2026-01-03","1","web"
"5657","2026-06-02","1","ios"
"5657","2026-06-27","1","web"
"5658","2023-05-10","1","ios"
"5658","2023-05-11","1","ios"
"5659","2021-08-21","1","android"
"5659","2021-09-29","1","android"
"5659","2022-07-09","1","web"
"5660","2021-11-18","1","ios"
"5660","2022-08-18","1","ios"
"5660","2022-10-01","1","web"
"5660","2026-03-26","1","ios"
"5661","2025-03-10","1","ios"
"5662","2020-09-19","1","ios"
"5663","2019-05-22","1","ios"
"5663","2019-05-25","1","android"
"5663","2019-06-01","1","android"
"5663","2019-06-21","1","web"
"5664","2024-11-20","1","ios"
"5664","2024-11-21","1","ios"
"5664","2025-01-02","1","ios"
"5664","2025-01-26","1","ios"
"5664","2025-01-27","1","ios"
"5664","2025-12-10","2","web"
"5664","2026-02-08","1","ios"
"5664","2026-02-21","1","android"
"5664","2026-03-21","1","android"
"5664","2026-03-30","1","android"
"5664","2026-04-03","1","ios"
"5664","2026-04-10","1","ios"
"5664","2026-04-16","1","ios"
"5664","2026-06-12","1","ios"
"5665","2020-12-03","1","ios"
"5665","2021-04-16","1","android"
"5665","2023-03-09","1","android"
"5665","2024-01-04","1","ios"
"5666","2025-11-22","1","ios"
"5667","2021-03-24","1","web"
"5668","2020-01-20","1","ios"
"5668","2020-02-16","1","android"
"5668","2020-03-24","1","android"
"5668","2020-04-08","1","android"
"5668","2020-05-16","1","ios"
"5668","2020-06-14","1","ios"
"5668","2021-07-04","1","ios"
"5668","2021-07-25","1","web"
"5668","2021-08-19","1","ios"
"5669","2024-11-04","1","ios"
"5669","2024-11-05","1","ios"
"5669","2024-11-08","1","ios"
"5669","2024-11-09","1","android"
"5670","2026-03-06","1","web"
"5670","2026-03-12","1","android"
"5671","2025-06-06","1","ios"
"5672","2022-06-04","1","android"
"5673","2021-10-25","1","ios"
"5673","2021-11-04","1","android"
"5674","2023-10-15","1","ios"
"5674","2024-09-10","1","ios"
"5674","2025-09-03","1","ios"
"5674","2025-10-10","1","ios"
"5674","2025-10-28","1","ios"
"5675","2022-02-01","1","ios"
"5675","2022-02-07","1","web"
"5675","2022-11-01","1","web"
"5675","2022-11-29","1","ios"
"5675","2024-04-10","1","web"
"5675","2025-07-20","1","web"
"5675","2025-08-27","1","web"
"5676","2024-02-18","1","ios"
"5676","2024-07-24","1","ios"
"5676","2024-07-28","1","ios"
"5677","2021-02-25","1","ios"
"5677","2022-11-08","1","android"
"5677","2022-11-13","1","ios"
"5677","2022-11-30","1","ios"
"5677","2022-12-01","1","android"
"5677","2024-01-07","1","ios"
"5678","2024-08-05","1","ios"
"5678","2025-10-08","1","web"
"5678","2025-10-10","1","android"
"5679","2026-05-10","1","web"
"5679","2026-06-20","1","ios"
"5680","2024-05-23","1","android"
"5680","2025-05-31","1","ios"
"5680","2025-11-05","1","android"
"5680","2025-12-11","1","ios"
"5680","2026-01-10","1","ios"
"5680","2026-01-11","1","ios"
"5680","2026-02-01","1","android"
"5681","2023-03-31","1","android"
"5681","2024-05-30","1","ios"
"5682","2024-01-04","1","ios"
"5682","2024-01-08","1","ios"
"5683","2025-01-26","1","android"
"5683","2025-03-28","1","ios"
"5684","2026-06-16","1","ios"
"5685","2020-06-23","1","ios"
"5685","2020-09-10","1","android"
"5685","2020-09-22","1","android"
"5686","2022-01-08","1","ios"
"5686","2023-01-29","1","android"
"5686","2023-07-13","1","android"
"5687","2026-05-28","1","android"
"5687","2026-06-13","1","web"
"5688","2021-12-01","1","android"
"5688","2022-01-07","1","android"
"5689","2025-09-03","1","android"
"5689","2025-10-06","1","android"
"5689","2025-10-09","1","android"
"5689","2025-10-15","1","ios"
"5690","2026-02-15","1","ios"
"5690","2026-02-21","1","web"
"5691","2026-04-19","1","android"
"5692","2023-06-19","1","ios"
"5692","2023-06-22","1","android"
"5692","2023-06-26","1","android"
"5692","2024-05-06","1","android"
"5692","2024-06-08","1","ios"
"5692","2024-08-16","1","android"
"5692","2025-04-09","1","ios"
"5692","2025-04-15","1","ios"
"5693","2020-12-14","1","ios"
"5693","2021-09-11","1","android"
"5693","2021-10-29","1","android"
"5693","2021-11-24","2","ios"
"5693","2021-12-11","1","web"
"5693","2022-01-15","1","ios"
"5693","2022-02-08","1","android"
"5693","2022-02-12","2","android"
"5694","2024-05-14","1","ios"
"5695","2024-01-23","1","web"
"5695","2024-02-02","1","ios"
"5695","2024-02-16","1","ios"
"5695","2024-02-17","1","ios"
"5695","2024-03-05","1","android"
"5695","2024-09-26","1","android"
"5695","2024-10-05","1","android"
"5695","2024-10-09","1","android"
"5695","2024-10-23","2","ios"
"5695","2024-10-27","1","ios"
"5695","2024-11-23","1","android"
"5696","2022-02-13","1","android"
"5696","2023-06-22","1","ios"
"5697","2021-03-06","1","ios"
"5697","2021-05-12","1","ios"
"5698","2022-04-20","1","web"
"5698","2022-05-04","1","ios"
"5699","2020-09-18","1","ios"
"5699","2020-09-20","1","ios"
"5699","2021-07-31","1","ios"
"5699","2021-08-17","1","ios"
"5699","2021-09-03","1","android"
"5699","2021-09-11","1","ios"
"5699","2021-09-12","1","ios"
"5699","2021-09-18","2","web"
"5700","2024-10-02","1","web"
"5700","2025-10-07","1","ios"
"5700","2026-05-18","1","ios"
"5701","2024-07-17","1","android"
"5702","2023-02-12","1","android"
"5703","2023-04-23","1","web"
"5703","2023-04-26","1","ios"
"5704","2023-04-29","1","ios"
"5704","2023-05-26","1","ios"
"5704","2023-05-27","1","web"
"5704","2023-06-07","1","android"
"5705","2019-11-07","1","ios"
"5705","2022-08-30","1","android"
"5705","2023-09-27","1","ios"
"5706","2022-03-29","1","ios"
"5706","2023-06-11","1","ios"
"5707","2023-01-31","1","android"
"5707","2023-02-25","1","ios"
"5707","2023-03-08","1","android"
"5707","2023-04-20","1","android"
"5707","2023-04-23","1","ios"
"5708","2024-11-22","1","android"
"5708","2024-12-27","1","android"
"5708","2024-12-28","1","ios"
"5708","2024-12-29","1","ios"
"5708","2025-01-06","1","ios"
"5708","2025-07-05","1","ios"
"5708","2025-07-19","1","ios"
"5708","2025-08-11","1","ios"
"5708","2025-08-25","1","ios"
"5708","2025-09-03","1","ios"
"5708","2026-02-05","2","ios"
"5708","2026-02-27","1","android"
"5709","2025-11-09","1","ios"
"5710","2021-01-27","1","android"
"5710","2021-02-10","1","android"
"5710","2021-02-19","1","android"
"5710","2021-09-20","2","ios"
"5711","2022-09-07","1","android"
"5711","2022-10-04","1","ios"
"5711","2023-03-23","1","ios"
"5711","2023-03-24","1","ios"
"5711","2023-05-04","2","ios"
"5711","2023-05-12","2","web"
"5712","2023-08-20","1","android"
"5713","2022-05-26","1","ios"
"5713","2022-06-04","1","android"
"5713","2022-10-06","1","ios"
"5713","2022-10-16","1","web"
"5714","2024-10-20","1","ios"
"5714","2024-11-03","1","ios"
"5714","2024-12-17","1","ios"
"5714","2024-12-27","1","ios"
"5714","2025-02-07","1","ios"
"5714","2025-02-09","1","ios"
"5714","2026-06-16","1","web"
"5715","2025-11-02","1","web"
"5715","2025-11-23","1","android"
"5716","2024-04-08","1","ios"
"5716","2024-04-09","1","ios"
"5716","2024-05-07","1","ios"
"5716","2024-05-18","1","android"
"5716","2024-05-24","2","web"
"5716","2024-06-10","1","android"
"5716","2024-06-21","1","android"
"5716","2024-07-18","1","web"
"5716","2024-07-22","2","ios"
"5716","2024-08-14","1","ios"
"5716","2025-08-17","1","android"
"5717","2023-05-06","1","ios"
"5718","2023-12-06","1","ios"
"5718","2024-01-13","1","ios"
"5718","2024-01-26","1","web"
"5718","2024-02-04","1","web"
"5719","2025-02-12","1","ios"
"5719","2025-04-24","1","ios"
"5720","2024-09-05","1","web"
"5720","2024-09-10","1","ios"
"5720","2024-10-15","1","ios"
"5721","2021-05-03","1","ios"
"5721","2021-05-06","1","android"
"5721","2021-05-07","1","web"
"5721","2021-06-08","1","android"
"5721","2022-08-29","2","ios"
"5721","2022-09-30","1","android"
"5721","2022-10-27","1","ios"
"5721","2023-04-03","1","android"
"5721","2023-10-08","1","web"
"5721","2024-08-23","1","android"
"5722","2019-08-19","1","ios"
"5722","2019-08-27","1","ios"
"5722","2019-09-20","1","ios"
"5722","2019-10-05","1","ios"
"5722","2019-10-13","2","android"
"5723","2026-04-30","1","ios"
"5723","2026-05-15","1","web"
"5723","2026-05-26","1","android"
"5724","2019-05-24","1","web"
"5724","2019-05-30","1","android"
"5724","2019-06-19","1","ios"
"5724","2019-06-20","1","ios"
"5724","2019-10-06","2","ios"
"5724","2019-10-07","1","web"
"5724","2019-10-17","1","web"
"5725","2024-07-01","1","android"
"5725","2025-01-29","2","ios"
"5725","2026-05-01","1","android"
"5726","2023-09-28","1","ios"
"5726","2024-04-25","1","ios"
"5727","2024-03-06","1","web"
"5727","2024-03-08","1","ios"
"5727","2025-01-03","1","android"
"5727","2025-01-11","1","ios"
"5727","2025-01-22","2","android"
"5727","2025-09-25","1","ios"
"5727","2025-09-26","1","android"
"5727","2025-10-01","1","android"
"5728","2024-10-25","1","ios"
"5728","2024-11-01","1","ios"
"5728","2024-11-08","1","ios"
"5728","2024-12-03","1","ios"
"5728","2025-02-01","1","ios"
"5728","2025-02-07","1","ios"
"5728","2026-06-12","1","web"
"5728","2026-06-20","1","android"
"5729","2025-11-20","1","android"
"5729","2025-11-21","1","ios"
"5729","2025-11-22","1","ios"
"5729","2025-12-01","1","web"
"5730","2023-02-24","1","android"
"5730","2023-03-07","1","web"
"5731","2025-07-20","1","android"
"5731","2025-08-23","1","ios"
"5732","2024-02-28","1","ios"
"5732","2024-03-09","1","ios"
"5733","2026-04-18","1","ios"
"5733","2026-04-22","1","ios"
"5734","2024-07-21","1","android"
"5734","2025-04-03","1","ios"
"5734","2025-04-23","1","android"
"5734","2025-05-01","1","ios"
"5734","2025-05-22","1","ios"
"5734","2025-06-12","1","android"
"5734","2025-08-03","1","ios"
"5735","2026-04-27","1","ios"
"5735","2026-05-06","1","ios"
"5736","2026-01-29","1","ios"
"5736","2026-01-30","1","android"
"5737","2024-09-08","1","android"
"5737","2024-09-19","1","ios"
"5737","2024-09-28","1","android"
"5737","2024-11-12","1","ios"
"5737","2024-11-19","1","android"
"5737","2024-11-20","1","android"
"5737","2025-06-19","1","android"
"5737","2025-08-07","1","web"
"5737","2025-08-22","2","ios"
"5737","2025-10-04","1","android"
"5738","2024-07-16","1","ios"
"5738","2024-08-22","1","ios"
"5738","2024-08-26","1","ios"
"5738","2024-08-29","1","android"
"5738","2024-09-13","1","ios"
"5738","2024-09-29","1","android"
"5738","2025-12-01","1","ios"
"5738","2025-12-02","1","android"
"5738","2026-01-15","1","android"
"5739","2025-11-06","1","ios"
"5739","2026-01-25","1","ios"
"5740","2024-06-22","1","android"
"5740","2024-06-28","1","ios"
"5741","2024-09-09","1","web"
"5741","2025-04-18","1","android"
"5741","2026-03-16","1","android"
"5741","2026-03-20","1","ios"
"5742","2025-03-08","1","android"
"5743","2026-05-02","1","android"
"5744","2021-12-22","1","web"
"5744","2022-01-02","2","web"
"5744","2022-01-09","1","ios"
"5745","2022-12-20","1","android"
"5745","2023-01-04","1","android"
"5745","2023-01-12","1","ios"
"5745","2023-07-11","1","ios"
"5745","2024-02-17","1","ios"
"5745","2025-02-16","1","android"
"5746","2020-07-25","1","ios"
"5746","2021-07-24","2","android"
"5746","2021-07-27","1","ios"
"5746","2021-12-06","2","android"
"5746","2021-12-09","1","android"
"5746","2022-02-15","1","ios"
"5746","2022-08-04","2","web"
"5746","2022-08-07","1","web"
"5746","2024-07-08","1","android"
"5746","2024-07-09","1","ios"
"5746","2024-09-14","1","android"
"5747","2026-06-15","1","web"
"5748","2021-02-26","1","ios"
"5748","2021-04-02","1","android"
"5748","2021-09-24","1","ios"
"5748","2023-01-27","1","ios"
"5748","2023-08-06","1","android"
"5748","2024-02-02","1","ios"
"5749","2023-04-26","1","ios"
"5749","2023-07-09","1","ios"
"5749","2023-07-10","1","web"
"5750","2025-10-19","1","ios"
"5751","2022-10-20","1","ios"
"5751","2022-12-08","1","ios"
"5751","2024-06-04","1","ios"
"5751","2026-01-09","1","web"
"5752","2024-02-03","1","android"
"5753","2020-06-27","1","web"
"5753","2020-06-28","2","web"
"5754","2025-06-06","1","ios"
"5754","2025-06-08","1","web"
"5754","2025-07-31","1","android"
"5755","2023-12-28","1","web"
"5755","2024-01-16","1","ios"
"5755","2024-02-10","1","android"
"5755","2024-03-24","1","ios"
"5755","2024-04-23","1","android"
"5756","2024-05-08","1","web"
"5757","2026-03-23","1","ios"
"5757","2026-03-24","1","android"
"5758","2022-03-23","1","android"
"5759","2025-01-24","1","ios"
"5759","2025-02-08","1","ios"
"5760","2025-08-18","1","android"
"5761","2022-09-21","1","android"
"5761","2022-10-05","1","android"
"5761","2022-10-17","1","android"
"5761","2022-10-18","1","web"
"5761","2022-10-29","1","ios"
"5761","2022-11-11","1","android"
"5761","2022-11-18","1","ios"
"5761","2022-11-27","2","ios"
"5762","2024-12-01","1","ios"
"5762","2024-12-03","1","android"
"5762","2025-03-06","1","ios"
"5762","2026-05-14","1","android"
"5762","2026-06-09","1","web"
"5763","2020-01-12","1","android"
"5763","2020-01-20","1","web"
"5763","2020-01-26","1","web"
"5763","2020-02-01","1","web"
"5763","2020-02-10","1","android"
"5763","2021-06-05","1","android"
"5763","2021-06-28","1","web"
"5764","2024-09-24","1","ios"
"5764","2024-09-30","1","android"
"5765","2025-08-25","1","ios"
"5766","2025-05-17","1","android"
"5766","2025-06-03","1","ios"
"5766","2025-06-10","1","ios"
"5767","2023-10-27","1","android"
"5767","2023-10-28","1","android"
"5767","2025-12-14","1","ios"
"5767","2026-01-17","1","ios"
"5767","2026-02-24","1","android"
"5767","2026-03-07","1","web"
"5767","2026-04-02","1","ios"
"5767","2026-04-04","1","ios"
"5767","2026-05-06","1","android"
"5767","2026-05-21","1","android"
"5767","2026-06-18","1","ios"
"5768","2025-05-07","1","android"
"5768","2025-05-16","1","ios"
"5768","2025-06-03","1","ios"
"5769","2022-04-24","1","web"
"5769","2022-06-17","1","android"
"5769","2022-06-23","1","web"
"5769","2022-07-12","1","ios"
"5770","2026-03-21","1","android"
"5770","2026-05-07","2","android"
"5771","2023-12-02","1","ios"
"5772","2024-08-08","1","ios"
"5773","2026-06-22","1","ios"
"5773","2026-06-25","1","web"
"5774","2019-10-17","1","ios"
"5774","2020-01-25","1","ios"
"5775","2024-11-18","1","ios"
"5775","2024-11-21","1","web"
"5775","2024-11-23","1","web"
"5776","2020-09-11","1","ios"
"5776","2021-04-18","1","android"
"5776","2021-04-21","1","ios"
"5776","2021-05-03","2","web"
"5776","2022-05-28","1","ios"
"5776","2022-06-03","1","android"
"5776","2022-06-23","1","android"
"5777","2021-02-21","1","ios"
"5777","2021-02-27","1","android"
"5777","2021-03-21","1","android"
"5777","2024-09-23","1","ios"
"5777","2025-12-29","1","ios"
"5778","2022-03-27","1","ios"
"5779","2019-08-03","1","ios"
"5779","2019-08-18","1","web"
"5779","2020-09-08","1","ios"
"5779","2021-04-29","2","ios"
"5779","2021-12-22","1","android"
"5780","2020-12-06","1","ios"
"5780","2021-12-25","1","android"
"5780","2022-01-03","1","web"
"5780","2022-05-29","1","ios"
"5780","2022-05-31","1","ios"
"5780","2022-06-25","2","android"
"5780","2023-01-16","1","ios"
"5781","2022-05-06","1","ios"
"5781","2022-05-30","1","android"
"5782","2023-03-30","1","ios"
"5783","2025-06-15","1","android"
"5784","2025-09-02","1","web"
"5784","2025-10-13","1","ios"
"5784","2025-10-17","1","ios"
"5784","2025-10-21","1","ios"
"5785","2023-02-15","1","android"
"5785","2023-04-18","1","android"
"5786","2024-09-23","1","android"
"5786","2024-10-05","1","android"
"5786","2025-08-04","1","ios"
"5786","2025-09-14","1","android"
"5787","2024-10-02","1","ios"
"5788","2023-06-30","1","ios"
"5789","2026-01-15","1","ios"
"5789","2026-02-18","1","android"
"5790","2023-03-09","1","ios"
"5791","2021-06-30","1","ios"
"5791","2021-07-01","1","android"
"5791","2021-07-09","1","ios"
"5791","2021-08-01","1","ios"
"5791","2021-09-02","1","ios"
"5791","2021-09-18","1","android"
"5791","2021-09-27","1","ios"
"5791","2022-06-26","1","android"
"5791","2022-06-28","1","web"
"5791","2023-05-15","1","ios"
"5792","2026-05-11","1","web"
"5792","2026-06-07","1","web"
"5792","2026-06-11","1","ios"
"5792","2026-06-16","1","ios"
"5793","2025-09-30","1","android"
"5793","2025-10-24","1","android"
"5793","2025-11-13","1","android"
"5794","2025-07-01","1","android"
"5794","2025-08-01","1","ios"
"5794","2025-09-09","1","android"
"5794","2025-10-10","1","web"
"5794","2025-10-18","1","android"
"5795","2022-12-17","1","ios"
"5795","2023-06-15","1","ios"
"5795","2023-06-23","1","ios"
"5795","2023-06-29","1","web"
"5795","2023-06-30","1","android"
"5795","2023-07-06","1","ios"
"5795","2023-07-15","2","ios"
"5796","2022-09-23","1","android"
"5796","2022-10-18","1","ios"
"5796","2023-02-16","1","ios"
"5796","2023-02-21","1","android"
"5796","2024-11-15","1","web"
"5796","2025-02-11","1","android"
"5797","2026-03-07","1","android"
"5798","2025-07-08","1","ios"
"5798","2025-08-03","1","ios"
"5798","2026-01-10","1","android"
"5798","2026-03-05","1","web"
"5798","2026-03-06","1","ios"
"5799","2021-09-10","1","android"
"5799","2022-07-25","1","android"
"5800","2022-06-09","1","ios"
"5800","2022-06-10","1","android"
"5800","2023-05-09","1","android"
"5800","2024-03-03","1","android"
"5800","2025-01-12","1","web"
"5801","2025-09-15","1","ios"
"5802","2025-12-23","1","android"
"5803","2024-02-17","1","ios"
"5803","2024-02-18","1","ios"
"5803","2024-03-31","1","web"
"5803","2024-05-02","1","ios"
"5803","2024-08-31","1","ios"
"5803","2024-09-13","1","ios"
"5803","2025-01-17","2","android"
"5803","2025-12-11","1","web"
"5804","2020-08-12","1","ios"
"5804","2020-08-22","1","android"
"5804","2020-09-03","1","ios"
"5804","2020-11-08","1","ios"
"5804","2021-01-03","1","ios"
"5804","2021-01-29","1","ios"
"5804","2021-03-04","1","ios"
"5804","2021-09-03","1","ios"
"5804","2021-09-18","1","ios"
"5804","2023-02-08","1","ios"
"5804","2023-02-23","1","ios"
"5804","2023-03-10","1","ios"
"5804","2023-04-10","1","web"
"5804","2023-04-11","1","ios"
"5804","2025-03-18","1","ios"
"5804","2026-05-11","1","ios"
"5805","2022-06-09","1","web"
"5805","2022-06-14","1","ios"
"5806","2024-03-27","1","ios"
"5806","2024-08-01","1","ios"
"5806","2024-08-31","1","ios"
"5806","2026-02-21","1","android"
"5806","2026-02-28","1","android"
"5806","2026-05-01","1","android"
"5806","2026-06-25","1","android"
"5807","2019-03-27","1","ios"
"5807","2019-03-30","1","ios"
"5807","2019-04-13","1","ios"
"5807","2019-04-26","1","ios"
"5807","2019-05-12","1","ios"
"5807","2019-05-16","1","ios"
"5807","2019-07-02","1","web"
"5807","2019-07-03","1","android"
"5808","2023-09-05","1","web"
"5808","2023-09-23","1","android"
"5808","2024-05-08","1","android"
"5808","2024-07-28","1","ios"
"5808","2024-08-06","1","web"
"5808","2024-08-20","1","web"
"5808","2024-09-18","1","ios"
"5808","2025-06-22","1","ios"
"5809","2022-10-06","1","android"
"5809","2022-10-21","1","ios"
"5809","2022-11-10","1","ios"
"5809","2022-11-26","1","android"
"5809","2022-11-30","1","android"
"5809","2022-12-27","1","android"
"5809","2022-12-28","1","ios"
"5809","2023-01-28","1","ios"
"5809","2024-07-05","1","web"
"5809","2024-07-06","1","web"
"5809","2024-07-07","1","ios"
"5809","2025-08-08","1","web"
"5809","2025-08-16","2","android"
"5809","2025-09-14","1","ios"
"5810","2025-01-23","1","android"
"5810","2025-11-04","1","android"
"5810","2025-11-07","1","ios"
"5810","2026-01-05","1","android"
"5810","2026-01-06","1","ios"
"5810","2026-02-01","1","android"
"5810","2026-03-13","1","web"
"5810","2026-03-24","1","ios"
"5810","2026-04-21","1","web"
"5810","2026-06-02","1","android"
"5810","2026-06-06","1","web"
"5810","2026-06-10","1","ios"
"5810","2026-06-14","1","android"
"5811","2021-04-19","1","ios"
"5811","2021-04-30","1","ios"
"5811","2021-05-01","1","android"
"5811","2021-05-03","1","android"
"5812","2024-04-13","1","web"
"5812","2024-04-14","1","android"
"5812","2024-05-08","1","ios"
"5812","2024-07-04","1","android"
"5812","2024-07-16","1","ios"
"5812","2026-02-20","2","ios"
"5812","2026-03-05","1","android"
"5812","2026-03-18","1","ios"
"5812","2026-03-26","1","ios"
"5813","2023-11-18","1","ios"
"5813","2023-12-03","1","web"
"5813","2024-09-20","2","ios"
"5813","2024-09-29","1","ios"
"5813","2024-10-06","1","android"
"5813","2024-11-06","1","ios"
"5813","2024-11-08","1","ios"
"5813","2024-11-17","1","ios"
"5813","2026-01-22","2","ios"
"5813","2026-01-26","1","android"
"5814","2022-07-04","1","ios"
"5814","2022-07-07","1","ios"
"5814","2022-07-12","2","android"
"5814","2022-07-21","1","ios"
"5814","2022-07-23","1","ios"
"5814","2023-06-02","1","ios"
"5814","2024-01-20","1","ios"
"5814","2024-02-26","2","android"
"5814","2024-03-04","1","ios"
"5814","2024-03-23","1","android"
"5814","2024-03-24","1","ios"
"5814","2024-04-07","1","ios"
"5814","2024-09-25","1","ios"
"5814","2024-10-02","1","ios"
"5814","2024-10-13","2","ios"
"5814","2024-10-19","2","android"
"5814","2024-10-21","1","ios"
"5815","2025-06-04","1","ios"
"5815","2025-06-11","1","ios"
"5815","2025-06-22","1","ios"
"5815","2025-06-27","1","ios"
"5816","2024-04-11","1","ios"
"5816","2024-05-07","1","ios"
"5816","2024-06-29","1","android"
"5816","2024-07-22","1","android"
"5816","2024-08-08","1","ios"
"5817","2023-01-13","1","ios"
"5817","2023-12-11","1","ios"
"5817","2024-03-29","1","android"
"5817","2025-05-06","1","ios"
"5817","2026-03-31","1","android"
"5818","2025-06-22","1","ios"
"5819","2023-05-13","1","web"
"5820","2024-02-19","1","ios"
"5820","2024-02-20","1","android"
"5820","2024-02-23","1","android"
"5821","2024-04-16","1","ios"
"5821","2024-05-15","1","ios"
"5821","2024-05-20","1","ios"
"5822","2025-08-09","1","ios"
"5823","2025-11-11","1","web"
"5824","2020-10-14","1","ios"
"5824","2023-04-02","1","android"
"5824","2023-04-05","1","ios"
"5825","2024-08-29","1","android"
"5826","2022-08-08","1","ios"
"5826","2022-08-27","1","ios"
"5826","2023-10-24","1","ios"
"5826","2023-11-26","1","ios"
"5826","2024-02-05","1","android"
"5826","2024-02-08","1","android"
"5826","2024-03-09","1","ios"
"5826","2024-10-04","1","android"
"5827","2025-02-22","1","ios"
"5827","2025-03-08","1","ios"
"5828","2024-12-02","1","ios"
"5828","2024-12-06","1","ios"
"5828","2025-03-31","1","ios"
"5828","2025-04-30","1","web"
"5829","2026-03-15","1","android"
"5829","2026-03-28","1","web"
"5830","2025-11-07","1","ios"
"5831","2025-11-02","1","ios"
"5832","2023-04-19","1","ios"
"5832","2023-04-27","1","web"
"5832","2023-05-13","1","ios"
"5832","2023-05-14","1","android"
"5833","2024-08-23","1","android"
"5833","2025-08-06","1","ios"
"5834","2026-02-10","1","web"
"5835","2021-08-16","1","ios"
"5836","2020-05-02","1","ios"
"5836","2020-05-27","1","android"
"5837","2022-03-20","1","android"
"5837","2024-05-02","1","android"
"5837","2024-06-14","1","android"
"5837","2024-06-27","1","android"
"5837","2026-05-04","2","ios"
"5838","2022-06-15","1","android"
"5838","2022-06-16","1","ios"
"5838","2023-02-04","1","android"
"5838","2023-02-05","1","ios"
"5838","2023-02-15","1","ios"
"5838","2023-02-28","1","android"
"5838","2023-03-08","1","ios"
"5838","2023-03-18","1","ios"
"5838","2023-03-19","1","android"
"5838","2023-10-15","1","ios"
"5838","2023-10-31","1","android"
"5839","2025-12-23","1","web"
"5840","2023-03-21","1","ios"
"5840","2023-07-07","1","android"
"5840","2023-07-14","1","ios"
"5840","2023-07-17","1","ios"
"5840","2023-08-11","1","android"
"5840","2023-08-20","1","ios"
"5841","2024-12-23","1","ios"
"5841","2024-12-29","1","web"
"5842","2025-04-19","1","android"
"5843","2023-04-15","1","ios"
"5844","2022-04-14","1","ios"
"5844","2022-04-15","1","web"
"5844","2022-04-23","1","android"
"5844","2022-06-23","2","ios"
"5844","2022-09-15","1","ios"
"5844","2022-10-12","1","ios"
"5844","2022-10-27","1","web"
"5844","2022-11-15","1","android"
"5844","2024-02-27","2","android"
"5845","2023-08-24","1","web"
"5845","2023-08-28","1","android"
"5845","2023-09-02","1","android"
"5845","2023-09-10","1","android"
"5846","2024-05-11","1","ios"
"5846","2024-05-13","1","android"
"5846","2026-01-12","1","ios"
"5847","2024-05-28","1","ios"
"5847","2024-06-01","1","android"
"5848","2025-10-08","1","ios"
"5848","2025-10-25","2","web"
"5849","2024-05-24","1","ios"
"5850","2022-08-27","1","web"
"5850","2024-07-17","1","ios"
"5851","2021-12-09","1","ios"
"5851","2021-12-21","1","ios"
"5851","2022-01-14","1","ios"
"5851","2023-10-21","1","ios"
"5851","2023-10-31","1","ios"
"5851","2023-11-11","1","ios"
"5851","2023-11-25","1","ios"
"5852","2023-11-24","1","ios"
"5852","2023-12-02","1","ios"
"5852","2024-09-08","1","android"
"5852","2024-10-14","1","android"
"5852","2024-10-22","1","ios"
"5852","2024-11-28","1","web"
"5852","2024-12-17","1","android"
"5852","2025-01-06","1","android"
"5852","2025-02-07","1","android"
"5852","2025-02-15","1","ios"
"5852","2025-02-25","1","ios"
"5852","2025-02-26","1","ios"
"5852","2025-04-13","1","web"
"5852","2025-04-29","1","ios"
"5852","2025-06-09","1","ios"
"5853","2021-10-19","1","ios"
"5853","2021-11-04","1","ios"
"5853","2021-12-29","1","ios"
"5853","2022-01-15","1","ios"
"5853","2022-01-18","2","web"
"5853","2022-06-17","1","android"
"5853","2022-07-11","1","web"
"5853","2022-07-15","1","android"
"5853","2023-11-06","1","android"
"5854","2023-06-03","1","ios"
"5854","2023-06-14","1","ios"
"5854","2023-07-02","1","android"
"5854","2023-08-14","1","android"
"5854","2023-10-04","1","android"
"5854","2023-10-07","1","web"
"5854","2024-09-11","1","web"
"5855","2024-01-29","1","ios"
"5855","2024-03-22","1","android"
"5855","2024-03-23","1","android"
"5855","2024-04-03","1","ios"
"5855","2024-04-05","2","ios"
"5856","2022-11-04","1","ios"
"5856","2022-11-26","1","ios"
"5856","2022-11-29","1","web"
"5856","2022-12-11","1","android"
"5856","2022-12-23","1","android"
"5856","2023-08-02","1","web"
"5857","2024-10-07","1","ios"
"5857","2025-04-05","1","ios"
"5857","2025-04-16","1","web"
"5858","2024-07-24","1","ios"
"5859","2019-06-23","1","ios"
"5859","2019-07-12","1","ios"
"5859","2019-10-04","1","web"
"5860","2022-10-28","1","ios"
"5860","2022-11-06","1","web"
"5860","2024-01-16","1","ios"
"5860","2024-01-30","1","ios"
"5860","2024-02-18","1","ios"
"5860","2025-01-28","1","web"
"5860","2025-02-08","1","android"
"5861","2023-04-21","1","ios"
"5861","2023-06-08","1","ios"
"5861","2024-01-24","1","web"
"5862","2025-03-17","1","android"
"5862","2025-03-29","1","web"
"5862","2025-04-01","1","ios"
"5862","2026-02-22","1","ios"
"5862","2026-03-08","1","android"
"5862","2026-04-22","1","ios"
"5863","2021-04-11","1","web"
"5863","2021-11-02","1","ios"
"5863","2022-10-29","1","web"
"5863","2023-12-08","1","ios"
"5864","2022-03-09","1","android"
"5864","2023-03-20","1","ios"
"5864","2024-03-25","1","ios"
"5865","2026-04-04","1","android"
"5865","2026-04-15","2","android"
"5866","2020-04-15","1","ios"
"5866","2020-12-12","1","ios"
"5866","2021-01-24","1","ios"
"5866","2021-01-29","1","web"
"5866","2021-03-31","2","android"
"5866","2021-04-05","1","android"
"5867","2022-09-07","1","ios"
"5867","2022-10-18","1","web"
"5867","2022-10-27","1","web"
"5868","2023-11-21","1","android"
"5868","2023-12-15","1","android"
"5868","2023-12-16","1","ios"
"5868","2023-12-26","1","ios"
"5868","2024-01-08","1","ios"
"5868","2025-05-23","2","android"
"5868","2026-06-28","1","android"
"5869","2025-03-01","1","ios"
"5869","2025-03-18","1","android"
"5869","2025-05-03","1","ios"
"5870","2025-01-02","1","ios"
"5871","2025-05-31","1","ios"
"5871","2025-06-03","1","android"
"5872","2020-08-28","1","web"
"5872","2021-10-19","1","ios"
"5872","2021-11-13","1","android"
"5872","2022-10-14","1","android"
"5872","2022-10-30","1","android"
"5873","2020-08-01","1","android"
"5874","2022-09-29","1","android"
"5875","2022-06-16","1","ios"
"5875","2022-09-16","1","android"
"5875","2022-09-21","1","ios"
"5875","2022-09-24","1","ios"
"5875","2022-11-05","1","ios"
"5876","2023-01-05","1","android"
"5876","2023-01-19","1","ios"
"5876","2023-01-28","1","ios"
"5876","2023-04-29","1","ios"
"5876","2023-05-04","1","android"
"5877","2026-05-01","1","ios"
"5877","2026-05-11","1","ios"
"5877","2026-05-22","1","ios"
"5878","2022-10-28","1","web"
"5879","2025-05-14","1","ios"
"5879","2025-05-23","1","ios"
"5880","2023-03-14","1","android"
"5880","2023-05-07","1","ios"
"5880","2024-03-10","1","android"
"5880","2024-03-21","1","ios"
"5880","2024-03-25","1","ios"
"5880","2024-03-26","1","ios"
"5880","2024-12-14","1","web"
"5880","2024-12-26","1","ios"
"5880","2025-01-01","1","ios"
"5880","2025-01-02","1","web"
"5880","2025-11-07","1","ios"
"5881","2026-02-10","1","web"
"5881","2026-02-11","1","android"
"5882","2023-11-07","1","ios"
"5882","2026-01-30","1","ios"
"5882","2026-03-01","1","ios"
"5883","2026-01-03","1","ios"
"5884","2025-06-17","1","ios"
"5884","2025-06-20","1","ios"
"5885","2021-06-06","1","android"
"5885","2021-07-02","1","android"
"5885","2021-08-07","1","ios"
"5885","2021-08-09","1","ios"
"5885","2021-08-29","1","android"
"5885","2022-11-25","1","ios"
"5885","2022-12-08","1","android"
"5885","2022-12-11","1","ios"
"5886","2024-02-04","1","ios"
"5886","2024-12-07","1","ios"
"5886","2026-03-27","1","web"
"5887","2020-07-27","1","web"
"5887","2020-11-08","1","ios"
"5887","2022-06-04","1","web"
"5887","2022-06-05","1","ios"
"5887","2022-06-08","1","ios"
"5887","2024-06-06","1","web"
"5887","2025-04-20","1","web"
"5888","2019-11-29","1","web"
"5888","2020-04-26","1","ios"
"5888","2020-04-28","1","android"
"5888","2020-05-10","1","android"
"5888","2020-06-19","1","web"
"5889","2023-10-13","1","ios"
"5889","2023-10-19","1","ios"
"5889","2023-10-27","1","ios"
"5889","2024-04-17","1","ios"
"5889","2025-05-15","1","android"
"5889","2025-05-24","1","ios"
"5889","2025-06-14","1","ios"
"5889","2026-02-01","1","android"
"5889","2026-02-07","1","ios"
"5889","2026-02-17","1","web"
"5889","2026-02-19","1","ios"
"5889","2026-03-12","1","android"
"5889","2026-03-14","1","ios"
"5889","2026-04-16","1","android"
"5889","2026-04-17","1","ios"
"5890","2019-11-13","1","android"
"5891","2020-11-14","1","ios"
"5891","2021-11-09","1","android"
"5892","2024-05-19","1","android"
"5892","2024-05-25","1","ios"
"5892","2024-05-29","1","ios"
"5892","2024-06-10","1","ios"
"5892","2024-06-29","1","android"
"5892","2025-05-27","1","ios"
"5893","2023-03-23","1","ios"
"5893","2025-08-17","1","android"
"5894","2022-04-11","1","ios"
"5894","2022-04-25","1","ios"
"5894","2022-04-29","1","ios"
"5894","2022-05-28","1","android"
"5895","2023-05-31","1","ios"
"5895","2023-10-30","1","ios"
"5895","2023-11-04","1","ios"
"5895","2023-12-02","1","ios"
"5895","2024-08-08","1","web"
"5895","2024-08-24","1","ios"
"5895","2024-08-26","2","ios"
"5895","2024-09-03","1","android"
"5895","2024-10-02","1","ios"
"5895","2024-10-23","2","android"
"5895","2024-11-02","1","ios"
"5895","2024-11-21","1","web"
"5895","2024-11-26","2","ios"
"5895","2025-01-10","1","android"
"5895","2025-01-19","1","android"
"5895","2026-04-20","1","ios"
"5895","2026-04-29","1","ios"
"5895","2026-04-30","1","android"
"5896","2021-03-12","1","ios"
"5896","2021-12-23","1","web"
"5897","2024-12-20","1","android"
"5897","2025-03-03","1","ios"
"5897","2025-03-07","1","ios"
"5898","2024-11-16","1","ios"
"5898","2024-11-18","1","ios"
"5898","2024-11-19","1","web"
"5898","2024-11-21","1","ios"
"5899","2024-10-19","1","ios"
"5899","2026-01-14","1","ios"
"5899","2026-01-15","1","ios"
"5899","2026-02-17","1","ios"
"5900","2024-12-21","1","ios"
"5900","2025-01-22","1","ios"
"5901","2024-02-10","1","ios"
"5901","2024-06-01","1","ios"
"5902","2025-07-22","1","web"
"5903","2025-03-10","1","web"
"5903","2026-03-14","1","android"
"5904","2024-05-17","1","android"
"5904","2024-05-29","1","ios"
"5904","2024-06-19","1","ios"
"5904","2024-09-21","1","ios"
"5904","2024-10-03","1","android"
"5905","2025-04-09","1","android"
"5905","2025-04-25","1","web"
"5906","2023-03-02","1","ios"
"5906","2023-03-09","1","ios"
"5906","2023-04-23","1","web"
"5907","2021-03-22","1","ios"
"5907","2021-08-05","1","android"
"5908","2025-06-13","1","android"
"5909","2020-10-18","1","web"
"5909","2022-09-09","1","ios"
"5909","2024-01-27","1","ios"
"5910","2021-03-07","1","android"
"5911","2019-12-04","1","android"
"5912","2022-06-28","1","android"
"5912","2023-04-18","1","android"
"5912","2024-05-16","1","android"
"5912","2025-02-10","1","android"
"5913","2020-07-16","1","web"
"5913","2020-07-17","1","web"
"5913","2020-08-07","1","ios"
"5913","2020-08-18","1","ios"
"5913","2020-08-21","1","ios"
"5914","2025-09-25","1","ios"
"5914","2025-09-30","2","android"
"5914","2025-10-17","1","ios"
"5914","2025-10-19","1","android"
"5914","2025-11-02","1","ios"
"5914","2026-06-09","1","android"
"5915","2026-06-09","1","ios"
"5916","2022-09-25","1","ios"
"5916","2022-10-05","1","ios"
"5917","2022-09-15","1","android"
"5917","2024-04-27","1","ios"
"5918","2023-09-05","1","ios"
"5918","2023-09-15","1","ios"
"5918","2023-09-16","1","ios"
"5918","2025-03-21","1","android"
"5918","2025-07-02","1","android"
"5918","2025-07-09","1","web"
"5919","2023-07-31","1","ios"
"5919","2023-10-04","1","android"
"5919","2023-10-09","1","android"
"5920","2024-11-11","1","android"
"5920","2024-12-13","1","ios"
"5921","2024-07-28","1","android"
"5921","2024-08-01","1","ios"
"5921","2024-08-23","1","android"
"5921","2024-09-03","1","ios"
"5921","2025-03-17","1","web"
"5921","2025-03-31","1","ios"
"5922","2021-01-15","1","android"
"5922","2021-01-18","1","ios"
"5922","2022-03-08","1","android"
"5922","2022-12-11","1","web"
"5922","2023-10-12","1","ios"
"5922","2024-05-06","1","ios"
"5923","2023-02-22","1","ios"
"5923","2023-07-13","1","android"
"5924","2025-12-23","1","web"
"5924","2026-03-07","1","ios"
"5925","2025-03-12","1","android"
"5925","2026-02-25","1","ios"
"5926","2026-01-17","1","web"
"5926","2026-01-31","1","ios"
"5927","2020-09-10","1","android"
"5927","2020-10-17","1","android"
"5927","2021-06-02","1","ios"
"5927","2021-06-10","2","ios"
"5928","2021-10-11","1","android"
"5929","2021-11-27","1","web"
"5930","2022-08-28","1","android"
"5930","2022-09-05","1","android"
"5930","2024-11-09","1","android"
"5930","2024-11-15","1","ios"
"5930","2024-11-27","1","android"
"5930","2024-12-20","1","web"
"5931","2025-03-27","1","android"
"5932","2023-11-13","1","ios"
"5932","2024-07-17","1","android"
"5932","2024-07-19","1","ios"
"5932","2024-10-11","1","ios"
"5932","2024-10-26","1","web"
"5932","2024-11-05","1","android"
"5933","2023-04-03","1","android"
"5933","2023-04-14","1","web"
"5933","2023-09-17","1","ios"
"5933","2023-09-23","1","ios"
"5933","2023-09-27","1","web"
"5933","2023-10-11","1","android"
"5933","2024-11-05","1","ios"
"5933","2024-11-08","1","ios"
"5933","2024-11-15","1","ios"
"5933","2024-11-22","1","android"
"5933","2024-11-29","1","ios"
"5933","2024-12-09","1","android"
"5933","2024-12-12","1","android"
"5933","2024-12-30","1","ios"
"5933","2025-01-08","1","ios"
"5934","2019-06-19","1","android"
"5934","2019-07-04","1","ios"
"5934","2019-07-15","1","android"
"5934","2019-07-26","1","ios"
"5934","2021-01-01","2","android"
"5934","2021-01-02","1","android"
"5934","2021-01-20","2","ios"
"5934","2021-01-21","1","ios"
"5935","2020-04-21","1","web"
"5935","2020-04-23","1","ios"
"5935","2021-05-20","1","android"
"5936","2025-06-20","1","android"
"5936","2026-03-24","1","ios"
"5937","2024-02-18","1","ios"
"5937","2024-03-13","1","android"
"5937","2024-04-06","1","ios"
"5937","2024-06-09","1","android"
"5937","2024-06-14","1","ios"
"5937","2024-06-20","1","ios"
"5937","2024-07-06","1","ios"
"5937","2024-07-11","1","ios"
"5938","2025-03-12","1","android"
"5939","2024-02-24","1","web"
"5939","2025-07-11","1","ios"
"5939","2026-04-29","1","android"
"5939","2026-05-07","1","ios"
"5939","2026-05-26","1","android"
"5940","2020-04-15","1","ios"
"5940","2020-05-23","1","ios"
"5941","2022-08-04","1","ios"
"5941","2022-08-08","1","ios"
"5941","2022-08-19","1","web"
"5941","2022-11-24","1","ios"
"5941","2022-12-01","1","ios"
"5941","2022-12-11","1","android"
"5942","2024-02-01","1","ios"
"5942","2024-07-12","1","web"
"5942","2025-08-10","1","ios"
"5942","2025-08-17","1","web"
"5942","2025-08-31","1","android"
"5943","2024-01-05","1","ios"
"5943","2024-01-06","1","android"
"5943","2024-01-25","1","web"
"5943","2025-03-16","1","ios"
"5943","2025-03-20","1","ios"
"5943","2025-04-02","1","ios"
"5943","2025-07-31","1","web"
"5943","2026-01-08","1","web"
"5944","2023-01-25","1","web"
"5944","2024-01-03","1","web"
"5944","2024-03-06","2","android"
"5945","2023-09-26","1","ios"
"5945","2023-10-06","1","ios"
"5945","2023-12-08","1","ios"
"5945","2024-01-01","1","android"
"5945","2024-02-01","1","android"
"5945","2024-05-07","1","android"
"5945","2024-05-08","2","ios"
"5945","2025-10-02","1","android"
"5946","2024-09-10","1","ios"
"5946","2025-07-12","1","android"
"5946","2025-08-06","1","ios"
"5946","2025-08-11","1","web"
"5946","2025-08-15","1","ios"
"5946","2025-09-17","1","web"
"5946","2025-09-20","1","ios"
"5947","2026-04-19","1","android"
"5948","2019-10-29","1","web"
"5948","2019-11-05","1","android"
"5948","2019-11-19","1","android"
"5948","2019-12-03","1","ios"
"5948","2020-10-27","1","web"
"5948","2020-11-08","1","android"
"5949","2019-11-20","1","ios"
"5950","2023-10-11","1","android"
"5950","2023-11-02","1","ios"
"5950","2024-01-17","1","web"
"5950","2024-02-16","1","ios"
"5951","2022-03-21","1","ios"
"5952","2023-01-04","1","android"
"5952","2023-01-15","1","ios"
"5952","2023-01-24","1","ios"
"5952","2023-03-19","1","web"
"5952","2023-04-11","1","ios"
"5952","2023-04-20","1","ios"
"5952","2023-05-02","1","android"
"5952","2023-05-04","1","android"
"5952","2023-10-30","1","ios"
"5952","2024-01-14","1","web"
"5952","2024-01-27","1","ios"
"5952","2024-02-18","1","android"
"5952","2024-02-22","1","android"
"5952","2024-04-10","1","ios"
"5952","2025-07-05","1","ios"
"5952","2025-10-18","1","android"
"5952","2025-10-29","1","web"
"5953","2020-11-27","1","android"
"5953","2020-12-11","1","ios"
"5953","2023-04-20","1","ios"
"5953","2024-04-04","1","web"
"5953","2024-04-09","1","ios"
"5953","2024-11-26","1","ios"
"5954","2025-09-10","1","android"
"5954","2025-10-13","1","web"
"5954","2026-03-30","1","ios"
"5955","2022-08-12","1","ios"
"5955","2024-02-13","1","ios"
"5955","2024-02-16","1","web"
"5955","2024-02-17","1","android"
"5955","2024-03-09","1","ios"
"5956","2025-02-09","1","web"
"5956","2025-02-21","1","ios"
"5956","2025-02-28","1","ios"
"5956","2025-03-15","1","ios"
"5956","2025-03-19","1","ios"
"5956","2025-10-17","1","android"
"5956","2025-10-30","2","android"
"5956","2025-11-03","1","web"
"5957","2025-11-26","1","ios"
"5957","2025-12-04","1","android"
"5958","2021-10-12","1","ios"
"5959","2023-01-25","1","ios"
"5959","2023-02-08","1","ios"
"5959","2023-03-31","1","android"
"5959","2023-04-01","1","web"
"5959","2023-04-13","1","ios"
"5960","2020-01-23","1","android"
"5960","2020-03-14","1","ios"
"5960","2020-03-22","1","android"
"5960","2020-04-04","1","ios"
"5961","2026-05-10","1","android"
"5962","2025-12-07","1","web"
"5962","2025-12-15","1","ios"
"5962","2026-05-30","1","ios"
"5963","2025-01-04","1","ios"
"5963","2025-01-12","1","ios"
"5964","2022-12-08","1","android"
"5964","2023-03-18","1","ios"
"5964","2023-07-20","1","ios"
"5965","2024-10-15","1","ios"
"5965","2024-11-19","1","android"
"5966","2023-06-23","1","ios"
"5967","2024-07-17","1","ios"
"5967","2024-07-31","1","ios"
"5968","2020-02-23","1","android"
"5969","2021-10-17","1","android"
"5969","2021-10-29","1","android"
"5969","2021-11-02","1","android"
"5969","2021-11-08","1","android"
"5969","2021-11-09","1","web"
"5969","2023-08-10","1","ios"
"5969","2023-08-17","1","ios"
"5970","2020-09-06","1","android"
"5971","2022-08-27","1","android"
"5971","2023-05-06","1","android"
"5971","2024-09-30","1","android"
"5972","2026-06-09","1","web"
"5973","2024-03-24","1","web"
"5973","2024-03-29","1","ios"
"5974","2024-06-15","1","ios"
"5974","2024-08-31","1","android"
"5974","2025-07-15","1","android"
"5974","2025-07-22","1","android"
"5975","2022-11-14","1","web"
"5976","2023-02-05","1","ios"
"5977","2024-09-04","1","ios"
"5977","2024-09-07","1","android"
"5977","2025-07-21","1","web"
"5977","2025-08-24","2","ios"
"5977","2025-10-04","1","android"
"5977","2025-10-25","1","android"
"5977","2025-11-14","2","ios"
"5977","2025-11-20","1","ios"
"5977","2025-11-22","1","web"
"5977","2025-11-23","1","android"
"5977","2025-12-13","1","ios"
"5977","2025-12-17","2","web"
"5977","2025-12-26","1","ios"
"5977","2026-01-22","1","ios"
"5977","2026-01-28","1","ios"
"5978","2025-06-04","1","android"
"5978","2025-06-26","1","ios"
"5978","2025-07-02","1","android"
"5978","2025-07-19","1","ios"
"5978","2025-07-30","1","ios"
"5978","2025-07-31","1","ios"
"5978","2026-01-13","1","android"
"5978","2026-01-22","1","web"
"5978","2026-01-23","1","ios"
"5978","2026-01-26","1","android"
"5978","2026-01-27","1","android"
"5979","2020-06-12","1","web"
"5979","2023-12-08","1","ios"
"5979","2023-12-12","1","android"
"5980","2022-12-16","1","android"
"5980","2023-10-27","1","android"
"5981","2022-09-21","1","android"
"5981","2024-05-25","1","android"
"5981","2024-08-28","1","ios"
"5981","2024-09-04","1","ios"
"5981","2026-02-05","1","android"
"5982","2020-12-26","1","android"
"5983","2025-03-24","1","web"
"5983","2026-01-20","1","web"
"5983","2026-02-13","1","android"
"5984","2023-01-28","1","web"
"5984","2023-02-05","1","ios"
"5984","2023-03-10","1","android"
"5984","2023-03-14","1","ios"
"5984","2023-04-13","1","ios"
"5984","2023-04-30","1","ios"
"5984","2023-05-02","1","web"
"5985","2026-04-02","1","android"
"5986","2026-04-25","1","ios"
"5987","2026-06-11","1","ios"
"5988","2023-02-28","1","android"
"5988","2023-05-18","1","android"
"5988","2023-05-29","1","ios"
"5988","2025-11-14","1","ios"
"5989","2020-12-09","1","web"
"5989","2020-12-22","1","android"
"5989","2022-06-04","1","web"
"5989","2022-07-03","1","android"
"5989","2023-12-18","1","ios"
"5989","2023-12-29","1","ios"
"5989","2024-01-16","1","android"
"5989","2024-01-20","1","android"
"5990","2026-05-17","1","web"
"5991","2025-08-18","1","ios"
"5992","2020-10-28","1","ios"
"5992","2020-11-15","1","web"
"5993","2023-06-12","1","web"
"5993","2023-06-25","1","android"
"5993","2023-07-14","1","android"
"5993","2024-05-31","1","android"
"5993","2024-06-25","1","android"
"5993","2026-02-27","1","ios"
"5993","2026-03-05","2","android"
"5994","2026-02-10","1","ios"
"5994","2026-02-12","1","ios"
"5995","2026-01-29","1","web"
"5995","2026-02-11","1","android"
"5996","2020-03-22","1","ios"
"5996","2020-04-04","1","web"
"5996","2020-04-08","1","android"
"5996","2021-01-15","1","android"
"5996","2021-01-16","1","web"
"5996","2021-01-27","1","ios"
"5996","2021-02-01","1","ios"
"5996","2021-06-24","1","ios"
"5996","2021-07-12","1","ios"
"5997","2026-03-03","1","ios"
"5997","2026-03-23","1","ios"
"5997","2026-03-24","1","ios"
"5997","2026-03-25","1","ios"
"5997","2026-04-03","1","ios"
"5997","2026-04-04","1","ios"
"5998","2024-01-19","1","ios"
"5998","2025-01-07","1","web"
"5998","2025-11-23","1","ios"
"5999","2023-02-26","1","web"
"5999","2024-01-05","1","ios"
"5999","2024-01-06","1","android"
"5999","2024-01-07","1","android"
"5999","2024-01-12","1","android"
"5999","2024-02-25","1","ios"
"5999","2024-03-31","1","ios"
"5999","2024-04-06","1","android"
"5999","2024-05-06","1","android"
"5999","2024-05-15","1","ios"
"5999","2024-05-16","1","ios"
"5999","2024-05-30","1","ios"
"5999","2024-06-23","1","web"
"5999","2024-07-03","1","ios"
"5999","2024-07-30","1","ios"
"5999","2026-03-09","1","android"
"6000","2024-09-18","1","ios"
"6000","2025-10-09","1","ios"
"6000","2025-12-01","1","android"
"6001","2023-10-02","1","ios"
"6001","2023-10-28","1","ios"
"6001","2023-11-21","1","android"
"6001","2023-11-26","1","ios"
"6001","2025-04-14","1","android"
"6001","2025-04-26","1","android"
"6001","2025-04-29","1","ios"
"6001","2025-04-30","1","ios"
"6002","2019-04-20","1","ios"
"6002","2019-05-08","1","android"
"6002","2019-05-25","1","android"
"6002","2019-05-30","2","ios"
"6002","2019-06-25","1","ios"
"6003","2021-11-05","1","android"
"6003","2023-11-23","1","android"
"6003","2026-01-10","1","ios"
"6004","2023-02-03","1","ios"
"6004","2023-02-20","1","ios"
"6004","2023-02-21","1","web"
"6004","2023-05-02","1","ios"
"6004","2023-05-22","1","ios"
"6004","2023-05-23","1","ios"
"6004","2025-05-22","1","ios"
"6004","2025-06-11","2","ios"
"6005","2021-11-26","1","ios"
"6005","2022-05-10","1","ios"
"6005","2022-11-24","1","android"
"6005","2023-08-04","1","ios"
"6005","2024-03-10","1","ios"
"6006","2021-11-27","1","android"
"6007","2024-09-17","1","ios"
"6008","2024-07-10","1","android"
"6008","2025-04-17","1","ios"
"6009","2024-12-25","1","ios"
"6009","2025-02-14","1","ios"
"6010","2022-01-28","1","android"
"6010","2022-02-04","1","ios"
"6010","2023-06-30","1","ios"
"6010","2023-11-13","1","ios"
"6011","2023-02-27","1","android"
"6011","2023-03-03","1","ios"
"6011","2023-03-17","1","android"
"6011","2023-03-19","1","android"
"6011","2023-03-21","1","ios"
"6011","2023-04-07","1","android"
"6011","2023-05-07","1","ios"
"6011","2023-05-12","1","ios"
"6011","2023-06-29","1","ios"
"6012","2024-09-21","1","ios"
"6012","2024-10-17","1","ios"
"6012","2024-11-03","1","ios"
"6013","2023-03-21","1","web"
"6013","2023-05-01","1","web"
"6013","2023-05-06","1","web"
"6013","2023-07-05","1","ios"
"6013","2023-07-20","1","android"
"6013","2023-08-05","1","android"
"6013","2023-08-09","1","ios"
"6013","2023-08-10","1","android"
"6013","2023-08-12","1","web"
"6014","2022-07-15","1","ios"
"6015","2026-05-19","1","ios"
"6016","2025-06-27","1","android"
"6017","2024-02-12","1","android"
"6018","2026-05-07","1","ios"
"6018","2026-05-09","1","ios"
"6018","2026-05-16","1","ios"
"6018","2026-05-19","1","ios"
"6019","2023-05-01","1","android"
"6019","2023-08-28","2","ios"
"6020","2025-05-15","1","ios"
"6020","2025-05-26","1","web"
"6020","2025-05-29","2","android"
"6021","2024-09-22","1","web"
"6021","2024-09-28","1","android"
"6021","2024-09-30","1","android"
"6021","2025-10-26","1","android"
"6021","2025-11-25","1","web"
"6021","2025-11-27","1","ios"
"6021","2025-11-28","2","android"
"6021","2026-05-23","1","android"
"6022","2024-10-31","1","web"
"6022","2026-02-28","1","ios"
"6023","2025-06-01","1","web"
"6023","2025-06-04","1","web"
"6024","2019-12-07","1","android"
"6024","2019-12-09","1","ios"
"6024","2022-05-26","1","ios"
"6024","2022-06-06","1","web"
"6025","2022-03-10","1","ios"
"6025","2022-07-19","1","android"
"6025","2024-11-14","1","android"
"6025","2026-01-31","1","web"
"6026","2020-05-03","1","ios"
"6026","2020-05-10","1","ios"
"6026","2020-06-08","1","web"
"6026","2020-06-14","1","ios"
"6026","2020-06-24","1","ios"
"6026","2020-07-04","1","web"
"6026","2020-08-09","1","ios"
"6026","2020-09-26","1","ios"
"6026","2020-10-18","1","ios"
"6026","2020-10-25","1","android"
"6026","2020-11-05","1","android"
"6027","2021-07-10","1","android"
"6027","2021-08-06","1","android"
"6027","2022-05-18","1","android"
"6028","2022-05-07","1","ios"
"6029","2023-08-28","1","ios"
"6029","2023-09-04","1","ios"
"6029","2023-09-23","1","web"
"6029","2023-09-30","1","ios"
"6029","2023-10-05","2","ios"
"6029","2023-11-07","1","web"
"6029","2023-11-17","1","ios"
"6029","2023-11-18","1","android"
"6029","2023-11-19","1","web"
"6029","2023-11-22","1","ios"
"6029","2023-12-10","1","ios"
"6029","2023-12-27","1","web"
"6029","2025-02-24","1","ios"
"6029","2025-02-25","1","android"
"6029","2025-03-16","1","android"
"6030","2021-12-18","1","ios"
"6030","2021-12-27","1","web"
"6030","2021-12-28","1","ios"
"6030","2024-06-01","1","android"
"6030","2024-06-18","1","ios"
"6030","2026-01-06","1","web"
"6031","2026-06-04","1","web"
"6031","2026-06-16","1","android"
"6031","2026-06-27","1","ios"
"6032","2026-04-24","1","android"
"6033","2021-04-21","1","android"
"6034","2020-07-02","1","ios"
"6034","2020-07-05","1","ios"
"6034","2020-07-06","1","ios"
"6034","2020-07-07","1","android"
"6034","2022-01-29","1","android"
"6035","2019-04-12","1","ios"
"6035","2021-02-18","1","android"
"6035","2021-03-08","2","android"
"6035","2021-03-22","1","ios"
"6036","2023-10-22","1","ios"
"6036","2025-01-16","1","ios"
"6036","2025-01-23","1","ios"
"6036","2025-02-04","2","android"
"6036","2025-02-12","1","ios"
"6036","2025-11-14","1","ios"
"6036","2025-11-30","1","ios"
"6036","2025-12-05","1","android"
"6036","2026-01-14","1","android"
"6037","2022-02-27","1","ios"
"6037","2022-03-20","1","web"
"6037","2024-03-04","1","ios"
"6037","2024-03-09","1","android"
"6037","2025-08-05","1","android"
"6037","2025-08-09","1","ios"
"6037","2025-08-22","1","web"
"6037","2025-09-26","1","ios"
"6037","2025-09-29","1","android"
"6038","2022-11-09","1","ios"
"6038","2022-11-13","1","ios"
"6039","2020-06-24","1","ios"
"6039","2020-07-21","1","android"
"6040","2025-03-31","1","ios"
"6041","2026-02-27","1","web"
"6042","2023-06-30","1","android"
"6042","2023-07-06","1","ios"
"6042","2024-03-06","2","android"
"6042","2024-03-17","1","android"
"6042","2024-04-08","1","web"
"6042","2024-05-02","1","android"
"6042","2024-05-08","2","android"
"6042","2026-01-29","1","ios"
"6042","2026-04-25","1","ios"
"6043","2023-11-09","1","android"
"6043","2023-11-23","1","ios"
"6043","2023-11-28","1","android"
"6043","2023-12-16","1","web"
"6043","2025-02-11","1","web"
"6043","2025-02-13","1","ios"
"6044","2023-02-10","1","ios"
"6044","2026-04-24","1","android"
"6044","2026-05-07","2","ios"
"6045","2025-06-14","1","ios"
"6045","2025-07-13","1","ios"
"6045","2025-07-16","1","ios"
"6045","2026-01-01","1","web"
"6045","2026-01-04","1","android"
"6046","2026-05-25","1","android"
"6047","2023-05-02","1","ios"
"6047","2023-05-04","1","android"
"6047","2023-05-20","1","ios"
"6047","2023-05-21","1","android"
"6047","2023-05-29","1","web"
"6047","2023-06-01","1","web"
"6047","2024-05-26","1","android"
"6048","2025-11-04","1","android"
"6048","2025-11-26","1","web"
"6048","2025-12-18","1","ios"
"6048","2025-12-25","1","android"
"6049","2021-10-19","1","web"
"6049","2021-10-22","1","ios"
"6049","2021-11-07","1","ios"
"6050","2023-05-30","1","android"
"6050","2023-06-05","1","ios"
"6051","2022-03-09","1","web"
"6051","2022-03-20","1","ios"
"6051","2023-01-25","1","ios"
"6051","2024-05-18","1","web"
"6052","2022-07-17","1","ios"
"6052","2022-09-03","1","android"
"6053","2025-07-18","1","android"
"6053","2025-07-19","1","web"
"6054","2024-07-21","1","ios"
"6054","2024-07-28","1","android"
"6054","2024-08-24","1","ios"
"6054","2024-10-19","1","android"
"6054","2024-11-06","1","web"
"6054","2025-10-03","1","ios"
"6055","2024-03-12","1","ios"
"6056","2024-11-20","1","ios"
"6057","2023-11-26","1","web"
"6057","2023-12-24","1","ios"
"6058","2019-03-28","1","ios"
"6058","2019-04-04","1","ios"
"6058","2019-10-09","1","android"
"6058","2019-10-18","1","ios"
"6059","2025-06-08","1","web"
"6059","2026-06-16","1","android"
"6059","2026-06-26","1","ios"
"6060","2025-07-18","1","ios"
"6061","2021-03-19","1","android"
"6062","2025-09-23","1","web"
"6063","2024-06-26","1","web"
"6063","2024-07-16","1","ios"
"6063","2024-07-19","1","ios"
"6063","2024-08-10","1","ios"
"6064","2023-06-13","1","android"
"6064","2023-06-15","1","web"
"6064","2023-06-17","1","ios"
"6064","2023-07-12","1","web"
"6064","2024-09-25","1","ios"
"6064","2024-10-01","1","ios"
"6064","2024-10-05","1","android"
"6064","2024-10-31","1","android"
"6064","2024-11-03","1","web"
"6064","2024-11-12","1","ios"
"6064","2024-11-19","1","web"
"6065","2020-04-28","1","ios"
"6065","2020-05-01","1","ios"
"6065","2020-05-15","1","web"
"6065","2020-05-19","1","ios"
"6065","2020-05-31","1","ios"
"6066","2024-09-15","1","ios"
"6067","2022-12-09","1","ios"
"6067","2022-12-18","1","ios"
"6067","2023-01-13","1","web"
"6067","2024-01-30","1","ios"
"6067","2025-06-04","1","ios"
"6067","2025-06-08","1","web"
"6067","2025-06-14","1","web"
"6067","2025-06-15","1","ios"
"6068","2021-06-02","1","android"
"6069","2023-11-14","1","android"
"6069","2024-04-18","1","ios"
"6070","2023-09-30","1","web"
"6070","2024-07-22","1","ios"
"6070","2025-12-19","1","android"
"6070","2026-01-24","1","ios"
"6070","2026-02-19","1","ios"
"6071","2023-09-15","1","android"
"6071","2023-11-04","1","ios"
"6072","2020-12-12","1","android"
"6072","2020-12-16","1","ios"
"6072","2021-07-12","1","web"
"6073","2021-09-19","1","ios"
"6073","2021-10-08","1","ios"
"6073","2021-10-31","1","android"
"6073","2023-03-05","1","ios"
"6073","2023-03-17","1","web"
"6073","2023-03-23","1","ios"
"6073","2023-04-07","1","web"
"6073","2024-07-26","1","android"
"6074","2026-02-17","1","ios"
"6074","2026-04-22","1","ios"
"6074","2026-05-25","1","web"
"6075","2023-09-11","1","android"
"6076","2026-04-12","1","ios"
"6077","2024-09-15","1","android"
"6078","2022-03-30","1","ios"
"6078","2022-04-14","1","web"
"6079","2024-11-21","1","android"
"6079","2025-05-10","1","ios"
"6079","2025-05-20","1","ios"
"6079","2025-05-29","1","android"
"6079","2025-06-04","1","ios"
"6079","2025-07-03","1","ios"
"6079","2025-07-26","1","android"
"6079","2026-02-25","1","ios"
"6080","2021-01-21","1","ios"
"6080","2021-02-06","1","ios"
"6080","2024-04-22","1","android"
"6080","2025-09-06","1","android"
"6080","2025-09-30","1","android"
"6081","2024-08-19","1","android"
"6081","2024-08-25","1","android"
"6081","2024-08-30","1","ios"
"6081","2024-09-22","1","web"
"6081","2025-06-18","1","ios"
"6081","2025-11-08","1","ios"
"6082","2026-05-07","1","web"
"6082","2026-05-09","1","ios"
"6082","2026-05-18","1","android"
"6082","2026-06-19","1","android"
"6083","2020-09-08","1","ios"
"6083","2020-09-19","1","ios"
"6083","2020-10-18","1","ios"
"6083","2021-09-06","1","web"
"6084","2025-06-16","1","ios"
"6084","2025-06-28","1","ios"
"6084","2025-06-29","1","android"
"6084","2025-07-13","1","android"
"6085","2021-05-18","1","ios"
"6085","2022-07-20","1","web"
"6086","2023-10-01","1","android"
"6086","2023-10-14","1","ios"
"6086","2023-12-01","1","ios"
"6086","2025-06-23","1","ios"
"6086","2025-06-25","1","ios"
"6087","2026-04-21","1","android"
"6087","2026-04-28","1","web"
"6088","2020-08-25","1","android"
"6088","2020-09-18","1","ios"
"6088","2020-09-26","1","web"
"6088","2020-10-12","1","web"
"6088","2020-12-18","2","ios"
"6088","2021-01-16","1","ios"
"6088","2025-03-17","1","ios"
"6089","2026-03-24","1","web"
"6089","2026-03-26","1","ios"
"6089","2026-04-10","1","ios"
"6089","2026-06-22","1","android"
"6090","2022-12-22","1","android"
"6090","2023-02-01","1","ios"
"6090","2023-02-05","1","ios"
"6090","2023-02-11","1","ios"
"6090","2024-10-08","1","ios"
"6090","2024-11-06","1","android"
"6091","2025-09-25","1","ios"
"6091","2025-09-26","1","android"
"6091","2026-02-13","1","ios"
"6092","2022-07-16","1","android"
"6093","2023-01-11","1","ios"
"6093","2023-03-14","1","ios"
"6093","2023-05-24","1","android"
"6093","2023-05-27","2","android"
"6093","2023-06-05","1","android"
"6093","2023-06-14","1","android"
"6094","2025-09-11","1","web"
"6095","2022-11-03","1","ios"
"6095","2023-01-11","1","ios"
"6095","2023-01-14","1","web"
"6096","2024-03-13","1","ios"
"6096","2024-03-31","1","android"
"6096","2024-04-13","2","web"
"6096","2024-05-01","1","ios"
"6096","2024-06-28","1","android"
"6097","2025-03-24","1","web"
"6097","2025-05-17","1","ios"
"6097","2025-05-19","1","ios"
"6098","2020-12-04","1","ios"
"6098","2020-12-06","1","android"
"6098","2022-05-14","1","web"
"6098","2022-06-17","1","ios"
"6098","2023-05-31","1","ios"
"6098","2023-06-03","1","android"
"6098","2023-06-04","1","android"
"6098","2023-06-07","1","ios"
"6098","2023-11-25","1","ios"
"6098","2024-10-12","1","android"
"6098","2026-01-01","1","android"
"6099","2024-06-27","1","ios"
"6099","2024-07-15","1","ios"
"6100","2025-06-22","1","android"
"6100","2025-06-28","1","android"
"6101","2023-04-05","1","android"
"6101","2024-03-29","1","ios"
"6101","2024-04-07","1","android"
"6101","2024-04-22","1","android"
"6102","2024-12-24","1","ios"
"6102","2025-01-18","1","ios"
"6102","2025-04-18","1","android"
"6102","2025-04-24","1","web"
"6102","2025-05-19","1","ios"
"6102","2025-06-11","1","ios"
"6102","2025-06-13","1","android"
"6103","2023-06-04","1","web"
"6103","2023-06-29","1","android"
"6103","2023-07-05","1","android"
"6103","2023-07-14","1","web"
"6103","2023-09-14","1","ios"
"6103","2023-10-13","1","ios"
"6103","2024-11-21","1","ios"
"6103","2026-06-19","1","web"
"6103","2026-06-20","1","android"
"6103","2026-06-22","1","ios"
"6104","2024-12-04","1","ios"
"6104","2024-12-19","1","ios"
"6104","2025-01-07","1","ios"
"6104","2025-03-06","1","ios"
"6104","2025-04-14","1","web"
"6104","2025-04-16","1","web"
"6104","2025-04-17","1","ios"
"6104","2025-04-26","1","ios"
"6104","2025-11-05","2","ios"
"6104","2025-11-29","1","ios"
"6105","2022-08-30","1","ios"
"6105","2022-09-01","1","ios"
"6105","2023-02-03","1","android"
"6105","2023-02-07","1","web"
"6105","2023-02-11","1","web"
"6105","2023-12-30","1","android"
"6105","2023-12-31","1","web"
"6105","2024-02-23","1","web"
"6105","2025-04-19","1","android"
"6105","2025-05-03","1","android"
"6106","2022-11-30","1","ios"
"6106","2024-04-12","1","ios"
"6107","2022-03-27","1","ios"
"6107","2024-09-08","1","android"
"6107","2024-09-17","1","web"
"6107","2024-09-20","1","ios"
"6108","2025-05-11","1","ios"
"6108","2025-05-21","1","android"
"6109","2022-10-27","1","ios"
"6109","2023-05-03","1","web"
"6110","2023-11-10","1","ios"
"6110","2023-12-06","1","ios"
"6110","2023-12-09","1","ios"
"6110","2023-12-31","1","ios"
"6111","2024-08-29","1","android"
"6111","2025-02-13","1","ios"
"6111","2025-03-05","1","android"
"6111","2025-03-26","1","ios"
"6111","2025-04-04","1","web"
"6111","2025-10-13","1","web"
"6111","2025-10-26","1","ios"
"6111","2025-11-04","1","ios"
"6111","2025-11-27","1","web"
"6111","2025-12-06","1","android"
"6111","2026-01-01","1","android"
"6111","2026-01-30","1","web"
"6112","2021-09-07","1","ios"
"6112","2022-01-08","1","web"
"6112","2022-01-27","1","android"
"6112","2022-02-05","2","ios"
"6113","2026-03-30","1","android"
"6113","2026-04-03","1","android"
"6113","2026-05-02","1","ios"
"6114","2022-01-22","1","android"
"6114","2023-06-01","1","android"
"6115","2024-09-28","1","android"
"6115","2025-11-02","1","android"
"6115","2025-11-03","1","ios"
"6116","2026-04-01","1","web"
"6116","2026-05-09","1","ios"
"6117","2023-02-23","1","ios"
"6117","2025-11-24","1","ios"
"6117","2025-12-22","1","web"
"6117","2025-12-24","1","android"
"6117","2025-12-26","1","ios"
"6117","2026-01-25","1","android"
"6117","2026-02-16","1","android"
"6118","2024-04-22","1","ios"
"6118","2024-10-22","1","android"
"6118","2024-11-01","1","android"
"6118","2025-03-14","1","ios"
"6119","2021-05-06","1","web"
"6119","2021-07-31","1","android"
"6119","2021-08-08","1","ios"
"6119","2021-08-18","1","android"
"6119","2021-09-16","1","web"
"6119","2022-05-08","1","web"
"6119","2022-05-22","1","android"
"6119","2022-08-07","1","web"
"6119","2022-09-09","1","web"
"6119","2022-09-19","1","ios"
"6119","2023-04-10","1","ios"
"6119","2023-04-20","1","android"
"6119","2023-04-30","1","ios"
"6119","2023-05-02","1","android"
"6119","2023-05-29","1","ios"
"6120","2023-03-08","1","android"
"6120","2023-03-11","1","android"
"6120","2023-03-31","1","android"
"6120","2023-08-24","1","android"
"6121","2021-09-04","1","web"
"6121","2021-09-13","1","ios"
"6121","2021-09-23","1","ios"
"6121","2021-09-27","1","ios"
"6121","2021-10-15","1","ios"
"6121","2021-10-30","1","ios"
"6121","2021-11-03","1","ios"
"6121","2021-11-16","1","ios"
"6121","2023-01-22","1","ios"
"6121","2023-01-24","1","ios"
"6121","2023-01-27","1","ios"
"6121","2023-01-29","2","ios"
"6122","2025-06-16","1","ios"
"6123","2026-06-11","1","android"
"6124","2026-05-22","1","web"
"6125","2026-02-11","1","ios"
"6126","2024-04-11","1","android"
"6127","2023-02-13","1","ios"
"6127","2023-03-07","1","ios"
"6128","2023-11-23","1","web"
"6128","2023-11-29","1","ios"
"6128","2023-12-21","1","android"
"6129","2023-10-23","1","ios"
"6130","2025-12-15","1","ios"
"6130","2025-12-21","1","web"
"6130","2025-12-30","1","android"
"6130","2026-02-05","1","web"
"6130","2026-02-08","1","android"
"6130","2026-02-20","2","ios"
"6130","2026-03-12","1","web"
"6131","2025-04-02","1","android"
"6132","2022-09-25","1","android"
"6132","2022-10-09","2","ios"
"6132","2022-11-01","1","android"
"6132","2022-11-04","1","ios"
"6132","2024-06-02","1","android"
"6132","2025-04-19","1","ios"
"6133","2024-02-24","1","android"
"6133","2024-03-01","1","android"
"6134","2021-08-14","1","ios"
"6134","2021-08-23","1","android"
"6134","2021-09-28","1","web"
"6134","2021-10-18","1","web"
"6134","2022-09-17","1","android"
"6134","2024-10-02","1","ios"
"6134","2024-10-23","1","ios"
"6134","2024-10-26","1","android"
"6134","2024-11-28","1","ios"
"6134","2024-12-01","1","ios"
"6134","2024-12-15","1","web"
"6135","2020-03-08","1","android"
"6135","2020-03-21","1","web"
"6135","2020-04-14","1","android"
"6135","2020-10-19","1","ios"
"6135","2020-10-21","1","android"
"6135","2021-10-18","1","web"
"6135","2023-10-10","1","web"
"6135","2023-11-11","1","android"
"6135","2024-05-09","1","ios"
"6135","2024-10-20","1","android"
"6136","2026-02-28","1","web"
"6136","2026-03-01","1","ios"
"6137","2022-09-03","1","android"
"6137","2022-09-14","1","ios"
"6137","2022-09-19","1","ios"
"6137","2022-10-24","2","android"
"6137","2022-10-30","1","android"
"6137","2022-11-08","1","ios"
"6137","2022-11-09","1","web"
"6137","2022-11-18","1","web"
"6137","2022-12-08","1","web"
"6137","2022-12-16","1","android"
"6137","2023-10-30","1","ios"
"6137","2024-08-10","1","ios"
"6137","2025-01-26","1","android"
"6137","2026-06-06","1","android"
"6138","2023-05-06","1","ios"
"6138","2023-05-13","1","android"
"6138","2023-05-21","1","web"
"6138","2023-06-26","1","ios"
"6138","2023-07-16","1","ios"
"6138","2023-09-09","1","android"
"6138","2025-11-11","1","android"
"6138","2025-11-19","1","android"
"6138","2025-12-25","1","web"
"6138","2025-12-26","1","android"
"6138","2025-12-28","1","ios"
"6139","2023-01-27","1","web"
"6139","2023-02-04","1","ios"
"6139","2023-02-24","1","android"
"6139","2024-03-08","1","android"
"6139","2024-03-14","1","web"
"6139","2024-04-06","1","ios"
"6140","2024-06-21","1","ios"
"6140","2024-06-26","1","android"
"6141","2023-11-11","1","ios"
"6142","2026-04-27","1","ios"
"6143","2025-12-12","1","android"
"6143","2025-12-19","1","ios"
"6143","2026-01-06","1","web"
"6143","2026-01-14","1","ios"
"6143","2026-01-30","2","android"
"6144","2022-11-05","1","ios"
"6144","2022-11-09","1","ios"
"6145","2022-03-31","1","ios"
"6145","2022-05-14","1","android"
"6145","2022-05-24","1","android"
"6145","2022-06-22","1","web"
"6145","2022-06-23","1","ios"
"6145","2022-07-12","2","android"
"6145","2022-07-13","1","web"
"6146","2024-06-28","1","ios"
"6146","2024-07-20","1","ios"
"6146","2024-12-22","1","android"
"6147","2026-04-02","1","ios"
"6147","2026-06-27","1","ios"
"6148","2024-03-06","1","web"
"6148","2024-03-21","1","ios"
"6148","2024-03-22","1","android"
"6148","2025-04-14","1","ios"
"6148","2025-04-18","1","ios"
"6149","2023-01-30","1","ios"
"6149","2023-02-02","1","web"
"6149","2023-10-07","1","android"
"6149","2024-04-29","1","ios"
"6150","2024-06-16","1","android"
"6150","2024-06-19","1","ios"
"6150","2024-06-27","1","web"
"6151","2021-11-08","1","ios"
"6151","2021-11-13","1","android"
"6151","2022-07-23","1","android"
"6151","2023-04-09","1","ios"
"6152","2021-04-06","1","ios"
"6152","2021-05-16","1","android"
"6152","2021-06-29","1","ios"
"6152","2022-08-05","1","ios"
"6152","2023-01-16","1","ios"
"6152","2024-05-15","1","ios"
"6153","2026-02-22","1","ios"
"6154","2022-05-21","1","ios"
"6154","2022-05-29","1","ios"
"6154","2023-01-12","1","ios"
"6155","2021-08-25","1","android"
"6156","2020-08-06","1","ios"
"6156","2020-08-11","1","ios"
"6157","2023-12-06","1","ios"
"6157","2023-12-14","1","ios"
"6157","2023-12-22","2","android"
"6158","2025-03-21","1","ios"
"6158","2025-04-18","1","ios"
"6158","2025-04-27","1","ios"
"6158","2025-06-12","1","android"
"6159","2021-06-28","1","android"
"6159","2021-06-29","1","android"
"6160","2019-08-01","1","android"
"6160","2019-09-10","1","android"
"6160","2020-09-21","1","ios"
"6160","2020-09-27","1","android"
"6160","2020-10-02","1","ios"
"6160","2020-11-25","1","ios"
"6160","2020-11-29","1","web"
"6160","2020-12-24","1","android"
"6160","2022-04-26","1","android"
"6161","2023-11-23","1","android"
"6161","2025-02-08","1","android"
"6162","2026-02-22","1","ios"
"6162","2026-05-15","1","android"
"6162","2026-06-06","1","android"
"6162","2026-06-14","1","ios"
"6163","2023-04-21","1","ios"
"6163","2023-04-28","1","ios"
"6163","2023-05-18","1","ios"
"6164","2024-06-25","1","android"
"6164","2024-12-15","1","android"
"6164","2025-07-28","1","ios"
"6164","2025-12-17","1","ios"
"6165","2019-03-08","1","android"
"6165","2019-03-10","1","android"
"6165","2019-04-08","1","ios"
"6165","2021-02-26","2","ios"
"6166","2026-04-13","1","android"
"6167","2021-05-22","1","ios"
"6167","2021-08-16","1","web"
"6167","2021-08-17","1","ios"
"6168","2026-03-03","1","android"
"6168","2026-03-04","1","ios"
"6168","2026-03-25","1","ios"
"6169","2021-12-23","1","ios"
"6169","2022-01-02","1","ios"
"6169","2022-01-12","1","android"
"6170","2023-06-02","1","android"
"6170","2023-06-20","1","ios"
"6170","2023-07-07","1","android"
"6170","2023-08-18","1","ios"
"6170","2023-08-26","1","ios"
"6170","2023-10-21","1","ios"
"6170","2023-11-04","2","ios"
"6170","2024-01-11","1","android"
"6170","2024-01-26","1","android"
"6170","2024-10-25","2","android"
"6171","2021-04-05","1","android"
"6171","2022-04-22","1","ios"
"6171","2023-05-06","2","ios"
"6171","2023-06-03","1","android"
"6171","2023-06-12","1","ios"
"6171","2023-06-19","1","ios"
"6171","2023-06-23","1","android"
"6171","2023-08-06","1","ios"
"6171","2023-08-09","1","android"
"6172","2025-10-15","1","ios"
"6173","2021-06-18","1","ios"
"6173","2021-07-11","1","android"
"6174","2023-07-25","1","ios"
"6174","2023-08-04","1","web"
"6174","2023-08-13","1","android"
"6174","2024-04-19","1","android"
"6174","2024-04-27","1","android"
"6175","2022-12-22","1","ios"
"6175","2023-01-15","1","ios"
"6175","2023-01-20","1","android"
"6175","2024-03-05","1","ios"
"6175","2024-03-13","1","ios"
"6175","2025-04-26","1","ios"
"6176","2023-03-04","1","ios"
"6177","2025-12-20","1","ios"
"6177","2026-01-13","1","ios"
"6177","2026-02-08","2","ios"
"6177","2026-03-14","1","ios"
"6178","2023-01-13","1","web"
"6178","2024-09-27","1","android"
"6178","2024-11-29","1","ios"
"6178","2024-12-05","1","ios"
"6178","2024-12-30","1","android"
"6178","2026-01-14","2","web"
"6178","2026-01-16","1","ios"
"6178","2026-01-22","1","ios"
"6178","2026-02-02","1","android"
"6178","2026-05-02","1","web"
"6178","2026-05-08","1","web"
"6178","2026-05-09","1","android"
"6179","2026-01-07","1","ios"
"6179","2026-01-08","1","web"
"6179","2026-01-20","1","android"
"6179","2026-04-21","1","ios"
"6180","2026-05-27","1","android"
"6180","2026-06-17","1","ios"
"6181","2026-05-05","1","ios"
"6181","2026-05-22","1","ios"
"6181","2026-06-07","1","ios"
"6182","2020-08-09","1","ios"
"6183","2025-04-20","1","android"
"6184","2025-03-13","1","ios"
"6184","2025-04-27","1","ios"
"6184","2025-04-30","1","ios"
"6184","2025-05-25","1","android"
"6184","2025-06-03","1","ios"
"6185","2024-05-28","1","web"
"6185","2024-06-13","1","android"
"6185","2024-06-22","1","ios"
"6185","2025-07-11","1","ios"
"6186","2020-05-11","1","ios"
"6186","2020-05-30","1","android"
"6186","2020-07-27","2","ios"
"6186","2020-07-28","2","ios"
"6186","2021-03-12","1","android"
"6186","2021-06-07","1","web"
"6187","2023-03-11","1","ios"
"6187","2023-03-27","1","web"
"6187","2024-05-31","1","web"
"6187","2024-06-19","2","ios"
"6187","2024-06-22","1","android"
"6187","2024-08-06","1","ios"
"6187","2024-08-08","1","ios"
"6187","2024-09-04","1","web"
"6188","2025-11-18","1","ios"
"6188","2025-11-27","1","ios"
"6188","2025-12-01","2","ios"
"6188","2025-12-03","1","ios"
"6188","2025-12-09","1","ios"
"6188","2026-01-17","1","android"
"6188","2026-01-31","1","ios"
"6189","2024-05-29","1","web"
"6189","2024-06-01","1","ios"
"6189","2024-06-13","1","android"
"6189","2024-06-23","1","ios"
"6189","2024-07-20","1","web"
"6190","2021-12-14","1","android"
"6191","2021-03-11","1","web"
"6191","2021-08-28","1","web"
"6191","2021-09-12","1","web"
"6191","2021-09-25","1","web"
"6192","2023-03-10","1","web"
"6193","2025-10-03","1","android"
"6194","2024-07-14","1","ios"
"6194","2024-07-18","1","ios"
"6194","2024-07-23","1","android"
"6194","2024-07-24","1","web"
"6194","2024-08-03","1","android"
"6195","2024-08-01","1","android"
"6195","2024-08-09","1","android"
"6195","2026-06-15","1","ios"
"6196","2023-07-08","1","ios"
"6196","2023-08-19","1","ios"
"6196","2025-01-06","2","android"
"6196","2025-03-25","1","ios"
"6196","2025-04-30","1","ios"
"6197","2021-08-16","1","ios"
"6198","2023-07-09","1","ios"
"6198","2024-07-26","1","ios"
"6199","2022-07-19","1","android"
"6199","2022-07-22","1","android"
"6199","2022-07-31","1","web"
"6199","2022-11-27","1","android"
"6199","2022-12-18","1","ios"
"6199","2022-12-21","1","ios"
"6199","2024-03-29","1","ios"
"6199","2025-01-18","1","android"
"6199","2025-10-08","1","ios"
"6199","2026-04-23","1","android"
"6200","2024-07-15","1","android"
"6200","2024-07-27","1","web"
"6200","2024-08-04","1","ios"
"6200","2024-08-05","1","ios"
"6201","2026-03-21","1","ios"
"6201","2026-04-07","1","android"
"6201","2026-04-08","2","android"
"6201","2026-04-09","1","ios"
"6201","2026-04-11","1","web"
"6201","2026-04-26","1","ios"
"6201","2026-04-30","1","web"
"6202","2025-07-09","1","ios"
"6203","2022-01-07","1","ios"
"6203","2022-02-02","1","web"
"6204","2021-12-14","1","ios"
"6204","2022-08-10","1","android"
"6204","2022-08-16","1","android"
"6204","2022-09-09","2","android"
"6204","2022-12-09","1","ios"
"6204","2023-09-17","1","ios"
"6204","2023-09-29","1","ios"
"6205","2020-02-27","1","ios"
"6205","2020-03-22","1","android"
"6205","2020-04-11","1","ios"
"6205","2020-05-22","1","android"
"6205","2020-07-04","1","android"
"6206","2024-06-01","1","ios"
"6206","2024-06-05","1","ios"
"6206","2024-07-01","1","ios"
"6206","2024-07-19","1","ios"
"6206","2024-09-10","1","ios"
"6206","2025-05-05","1","android"
"6206","2025-05-21","1","android"
"6207","2026-05-05","1","web"
"6208","2025-10-18","1","ios"
"6208","2025-10-19","1","android"
"6209","2023-12-11","1","ios"
"6210","2024-04-11","1","android"
"6211","2021-03-08","1","android"
"6211","2021-03-14","1","ios"
"6211","2021-03-16","1","ios"
"6211","2021-09-04","1","web"
"6212","2025-02-02","1","ios"
"6212","2025-02-17","1","ios"
"6212","2025-03-12","1","web"
"6212","2025-04-13","1","ios"
"6213","2021-02-15","1","ios"
"6213","2021-04-20","1","android"
"6213","2022-06-06","2","ios"
"6213","2022-07-06","1","ios"
"6213","2022-08-09","1","web"
"6213","2022-08-10","1","ios"
"6213","2022-09-09","1","ios"
"6213","2022-09-23","1","ios"
"6213","2025-06-02","1","ios"
"6213","2025-06-06","1","ios"
"6213","2025-06-07","1","android"
"6213","2025-06-09","1","ios"
"6213","2025-10-20","1","ios"
"6213","2025-10-31","1","web"
"6213","2025-11-02","2","ios"
"6213","2025-11-22","1","web"
"6213","2025-11-26","1","android"
"6214","2025-08-24","1","ios"
"6215","2023-12-15","1","ios"
"6215","2024-01-05","1","ios"
"6215","2024-01-15","1","ios"
"6215","2024-01-16","1","ios"
"6215","2024-01-18","1","ios"
"6216","2022-06-29","1","ios"
"6216","2022-07-03","1","ios"
"6216","2022-07-04","1","web"
"6216","2022-07-05","1","ios"
"6216","2022-07-27","1","ios"
"6216","2022-07-28","1","android"
"6216","2023-07-08","1","android"
"6216","2023-08-18","1","android"
"6216","2023-08-20","1","web"
"6216","2024-09-18","1","ios"
"6216","2024-10-04","1","ios"
"6216","2025-07-09","1","android"
"6216","2025-07-10","1","ios"
"6216","2025-08-30","1","android"
"6216","2025-09-11","2","ios"
"6217","2019-07-15","1","ios"
"6217","2020-04-12","1","android"
"6217","2021-08-06","1","web"
"6217","2022-01-03","1","web"
"6217","2022-08-06","1","android"
"6218","2026-06-22","1","android"
"6218","2026-06-23","1","ios"
"6219","2020-11-05","1","ios"
"6220","2024-10-12","1","android"
"6220","2024-10-31","1","ios"
"6220","2024-11-04","1","android"
"6220","2024-12-08","1","web"
"6220","2024-12-15","1","ios"
"6220","2025-01-08","1","ios"
"6220","2025-01-09","1","ios"
"6220","2025-01-28","1","ios"
"6220","2025-10-11","1","ios"
"6221","2022-09-29","1","ios"
"6221","2022-09-30","1","ios"
"6222","2026-01-27","1","web"
"6222","2026-02-15","1","ios"
"6223","2025-02-26","1","ios"
"6223","2025-03-24","1","android"
"6223","2025-04-18","1","android"
"6224","2025-05-15","1","android"
"6225","2024-12-04","1","android"
"6225","2024-12-09","1","android"
"6225","2024-12-14","1","android"
"6225","2025-01-04","1","ios"
"6225","2025-11-23","1","ios"
"6225","2025-12-12","2","android"
"6225","2026-01-26","1","android"
"6226","2024-03-10","1","ios"
"6226","2024-04-06","1","android"
"6226","2024-04-25","1","android"
"6226","2024-05-25","1","ios"
"6226","2025-04-17","1","ios"
"6227","2023-09-11","1","web"
"6227","2023-10-19","2","web"
"6227","2023-10-31","1","ios"
"6227","2023-11-23","1","web"
"6227","2023-12-09","1","web"
"6228","2024-01-05","1","ios"
"6229","2024-11-10","1","android"
"6230","2020-11-18","1","web"
"6231","2024-06-27","1","android"
"6231","2024-07-05","1","ios"
"6232","2026-06-04","1","android"
"6233","2024-03-26","1","web"
"6233","2024-04-30","1","ios"
"6234","2026-03-14","1","android"
"6235","2020-12-18","1","ios"
"6235","2022-02-01","1","ios"
"6235","2022-02-02","1","android"
"6235","2022-02-20","1","ios"
"6235","2022-03-03","1","android"
"6235","2023-06-28","1","android"
"6235","2023-07-12","1","ios"
"6235","2023-07-16","1","android"
"6235","2023-07-17","1","android"
"6235","2023-08-06","1","ios"
"6236","2024-02-18","1","ios"
"6237","2025-03-04","1","android"
"6237","2025-03-24","1","web"
"6237","2025-04-02","1","ios"
"6237","2026-05-29","1","web"
"6237","2026-06-14","1","ios"
"6237","2026-06-16","1","android"
"6238","2026-04-04","1","web"
"6238","2026-04-12","1","android"
"6239","2022-07-28","1","android"
"6239","2022-08-06","1","ios"
"6239","2022-08-19","1","ios"
"6239","2023-08-29","1","web"
"6239","2023-09-23","1","web"
"6239","2023-10-06","1","ios"
"6239","2024-06-05","1","ios"
"6239","2025-09-03","1","ios"
"6240","2021-05-31","1","ios"
"6240","2021-06-01","1","android"
"6240","2021-06-02","1","ios"
"6240","2021-07-22","1","android"
"6240","2022-03-21","1","ios"
"6240","2022-04-11","1","ios"
"6240","2022-04-17","1","ios"
"6241","2019-05-15","1","android"
"6241","2019-06-01","1","ios"
"6241","2019-06-10","1","ios"
"6241","2019-07-26","1","web"
"6242","2026-05-25","1","android"
"6243","2019-12-01","1","ios"
"6243","2020-02-22","1","ios"
"6243","2022-01-22","1","android"
"6243","2022-01-30","1","android"
"6243","2022-03-07","1","ios"
"6243","2022-04-06","1","ios"
"6244","2026-06-25","1","ios"
"6245","2021-10-20","1","web"
"6245","2023-02-16","1","web"
"6246","2021-08-30","1","android"
"6246","2021-08-31","1","android"
"6247","2024-12-10","1","ios"
"6248","2025-09-04","1","ios"
"6248","2025-10-20","1","ios"
"6249","2024-02-21","1","ios"
"6249","2025-04-18","1","android"
"6250","2024-05-19","1","ios"
"6251","2026-02-17","1","web"
"6251","2026-03-07","1","web"
"6251","2026-04-06","1","ios"
"6252","2022-01-08","1","ios"
"6253","2024-12-17","1","android"
"6253","2025-01-23","1","ios"
"6254","2025-05-26","1","web"
"6254","2025-05-28","1","android"
"6255","2022-10-21","1","android"
"6255","2025-04-10","1","ios"
"6256","2025-11-17","1","ios"
"6257","2024-06-05","1","web"
"6257","2024-06-12","1","android"
"6257","2024-06-29","1","android"
"6257","2024-07-03","1","android"
"6257","2024-11-17","1","android"
"6257","2024-11-24","1","ios"
"6257","2025-01-18","1","android"
"6257","2025-03-09","1","android"
"6257","2025-03-18","1","web"
"6257","2025-11-14","1","web"
"6257","2026-03-27","1","android"
"6258","2025-11-13","1","ios"
"6259","2023-11-30","1","ios"
"6259","2024-06-02","1","ios"
"6259","2024-06-30","1","android"
"6259","2024-08-07","1","android"
"6259","2024-10-03","1","android"
"6259","2024-10-07","1","ios"
"6259","2024-10-18","1","ios"
"6259","2024-12-23","1","ios"
"6259","2024-12-24","1","ios"
"6259","2024-12-25","1","ios"
"6259","2024-12-27","1","ios"
"6259","2024-12-30","1","ios"
"6260","2024-01-28","1","ios"
"6260","2024-02-03","1","ios"
"6260","2025-02-18","1","ios"
"6260","2025-03-21","1","ios"
"6260","2026-01-17","1","ios"
"6260","2026-01-27","1","android"
"6260","2026-03-29","1","web"
"6260","2026-04-04","1","ios"
"6260","2026-04-17","1","ios"
"6260","2026-05-07","1","web"
"6260","2026-05-23","1","android"
"6261","2021-01-28","1","ios"
"6261","2021-02-26","1","ios"
"6262","2024-11-18","1","ios"
"6262","2024-11-19","1","android"
"6262","2024-11-23","1","android"
"6262","2025-05-06","1","android"
"6262","2025-06-13","1","android"
"6262","2026-01-04","1","ios"
"6263","2023-08-31","1","web"
"6263","2023-09-15","1","web"
"6263","2023-09-20","1","web"
"6263","2024-08-28","1","android"
"6264","2022-05-06","1","android"
"6264","2022-05-11","1","web"
"6264","2022-08-18","1","ios"
"6264","2022-08-19","1","ios"
"6264","2022-09-12","2","android"
"6265","2025-11-26","1","ios"
"6265","2025-12-04","1","ios"
"6266","2021-12-08","1","android"
"6266","2021-12-14","1","ios"
"6266","2021-12-22","1","ios"
"6267","2024-06-30","1","ios"
"6267","2026-02-15","1","ios"
"6268","2020-04-02","1","ios"
"6268","2020-04-04","1","ios"
"6268","2020-04-05","1","ios"
"6269","2026-05-29","1","ios"
"6270","2025-06-15","1","web"
"6271","2021-03-31","1","android"
"6271","2021-04-18","1","ios"
"6271","2021-04-30","1","android"
"6271","2021-06-08","1","ios"
"6271","2021-09-13","1","android"
"6271","2021-09-18","1","android"
"6271","2023-02-19","1","android"
"6272","2022-03-15","1","ios"
"6272","2022-03-17","1","ios"
"6273","2021-06-13","1","ios"
"6273","2021-06-28","1","android"
"6273","2021-07-13","1","ios"
"6273","2022-01-02","1","web"
"6273","2022-01-06","1","ios"
"6273","2022-08-01","1","ios"
"6273","2022-08-24","1","ios"
"6274","2020-06-25","1","ios"
"6274","2021-09-19","1","ios"
"6275","2020-11-21","1","android"
"6275","2021-09-07","1","android"
"6275","2021-09-09","1","android"
"6275","2022-06-22","1","android"
"6275","2023-04-14","1","android"
"6275","2024-03-12","1","web"
"6275","2025-03-05","1","web"
"6276","2026-03-30","1","ios"
"6276","2026-04-08","1","ios"
"6276","2026-04-23","1","android"
"6277","2024-11-18","1","ios"
"6277","2024-11-29","1","ios"
"6277","2025-06-03","1","web"
"6277","2026-04-08","1","ios"
"6278","2024-12-09","1","ios"
"6278","2024-12-23","1","android"
"6278","2025-01-15","1","web"
"6278","2026-06-29","1","ios"
"6279","2023-05-11","1","android"
"6279","2023-05-12","1","android"
"6280","2024-01-19","1","ios"
"6280","2024-02-07","1","ios"
"6280","2024-02-10","1","android"
"6280","2024-02-26","1","ios"
"6281","2024-12-15","1","ios"
"6281","2025-01-12","1","ios"
"6281","2025-02-24","1","android"
"6282","2024-09-03","1","ios"
"6282","2024-10-02","1","ios"
"6282","2024-10-10","2","ios"
"6282","2024-10-23","1","ios"
"6282","2024-10-26","2","web"
"6283","2025-10-02","1","ios"
"6283","2025-10-03","1","ios"
"6284","2025-02-23","1","ios"
"6285","2021-09-26","1","ios"
"6285","2023-09-29","1","web"
"6285","2025-03-13","1","ios"
"6285","2025-12-07","1","web"
"6286","2023-09-01","1","web"
"6286","2023-09-10","1","web"
"6286","2025-02-19","1","ios"
"6286","2025-04-04","1","web"
"6287","2026-05-30","1","android"
"6287","2026-06-25","1","android"
"6288","2025-11-05","1","ios"
"6289","2023-03-30","1","android"
"6289","2023-11-26","1","ios"
"6289","2023-11-28","1","ios"
"6289","2025-03-12","1","ios"
"6289","2025-09-09","1","android"
"6290","2025-05-30","1","web"
"6291","2024-09-11","1","ios"
"6292","2026-03-12","1","web"
"6293","2020-05-25","1","android"
"6293","2020-06-27","1","android"
"6293","2020-07-02","1","ios"
"6293","2020-07-22","1","ios"
"6293","2020-08-08","1","ios"
"6293","2020-08-14","1","ios"
"6293","2020-08-21","1","web"
"6293","2020-08-22","1","ios"
"6293","2021-03-30","1","android"
"6293","2022-03-09","2","ios"
"6293","2022-04-19","1","android"
"6293","2022-06-21","1","web"
"6293","2022-06-22","1","ios"
"6293","2022-07-12","1","android"
"6293","2022-07-16","1","android"
"6293","2022-08-10","1","ios"
"6293","2023-10-25","1","ios"
"6293","2024-11-24","1","ios"
"6294","2020-10-28","1","android"
"6294","2021-09-13","1","android"
"6294","2022-11-10","1","ios"
"6294","2023-05-09","1","ios"
"6294","2024-05-27","1","web"
"6295","2023-10-04","1","android"
"6295","2023-10-06","1","android"
"6295","2023-10-23","1","web"
"6295","2024-03-20","1","ios"
"6295","2024-04-10","1","ios"
"6295","2024-05-15","1","ios"
"6296","2022-12-15","1","ios"
"6296","2022-12-23","1","android"
"6297","2022-01-09","1","android"
"6297","2022-01-10","1","ios"
"6298","2023-12-30","1","web"
"6298","2025-08-02","1","web"
"6298","2025-08-03","1","ios"
"6299","2026-03-18","1","android"
"6299","2026-04-06","1","web"
"6299","2026-04-25","1","ios"
"6300","2023-07-29","1","android"
"6301","2021-08-15","1","web"
"6301","2021-09-20","1","ios"
"6301","2021-09-23","1","android"
"6301","2021-10-06","1","android"
"6302","2022-01-26","1","android"
"6302","2022-02-27","2","ios"
"6302","2022-03-09","1","ios"
"6302","2022-03-10","1","ios"
"6302","2022-04-23","1","android"
"6303","2021-10-25","1","ios"
"6304","2022-11-05","1","ios"
"6304","2022-12-06","1","ios"
"6304","2025-04-03","1","ios"
"6304","2025-04-27","1","android"
"6304","2025-05-08","1","android"
"6304","2025-05-27","1","ios"
"6305","2022-07-09","1","web"
"6305","2022-08-06","1","ios"
"6305","2025-01-04","1","ios"
"6305","2025-01-05","1","android"
"6305","2026-05-03","1","ios"
"6306","2021-07-18","1","ios"
"6306","2021-08-19","1","ios"
"6306","2021-10-07","1","android"
"6306","2022-02-04","1","ios"
"6307","2020-04-15","1","web"
"6308","2024-07-14","1","ios"
"6308","2024-12-18","1","ios"
"6308","2024-12-26","1","ios"
"6308","2025-01-12","1","web"
"6309","2024-05-19","1","web"
"6310","2025-04-10","1","web"
"6311","2024-06-14","1","android"
"6311","2024-06-29","1","ios"
"6312","2021-04-11","1","ios"
"6312","2022-04-03","1","ios"
"6312","2022-04-18","1","android"
"6312","2022-05-07","1","web"
"6312","2023-09-03","1","ios"
"6312","2023-10-14","1","ios"
"6313","2024-05-27","1","web"
"6313","2025-06-13","1","ios"
"6313","2025-07-04","1","android"
"6314","2024-01-14","1","ios"
"6314","2024-01-27","1","ios"
"6314","2025-02-04","1","ios"
"6314","2025-02-05","1","ios"
"6314","2026-01-08","2","ios"
"6315","2024-12-26","1","web"
"6315","2025-01-08","1","android"
"6315","2025-01-11","1","android"
"6315","2025-01-16","1","ios"
"6315","2025-07-25","1","ios"
"6315","2025-10-11","1","android"
"6316","2019-12-31","1","android"
"6316","2020-01-22","1","ios"
"6316","2020-01-27","1","ios"
"6316","2020-02-03","1","ios"
"6316","2023-01-09","1","ios"
"6316","2023-01-13","1","android"
"6316","2023-02-05","1","ios"
"6316","2023-02-06","1","ios"
"6316","2025-01-18","1","android"
"6317","2020-06-21","1","ios"
"6317","2022-10-14","1","web"
"6317","2022-10-20","1","web"
"6317","2023-01-12","1","ios"
"6317","2023-01-28","1","android"
"6317","2023-02-04","1","ios"
"6318","2022-06-28","1","ios"
"6318","2022-07-31","1","web"
"6318","2023-10-27","1","ios"
"6318","2023-10-29","1","android"
"6318","2023-11-09","1","ios"
"6318","2024-09-07","1","ios"
"6319","2024-03-08","1","android"
"6319","2024-04-05","1","web"
"6319","2024-04-06","1","ios"
"6320","2026-05-18","1","ios"
"6321","2020-04-21","1","ios"
"6321","2020-04-29","1","web"
"6321","2020-05-01","1","android"
"6321","2020-05-17","1","ios"
"6321","2020-06-15","1","android"
"6321","2020-06-21","2","ios"
"6321","2021-12-28","1","web"
"6321","2021-12-31","2","android"
"6321","2022-01-04","1","ios"
"6321","2022-01-06","1","ios"
"6321","2022-01-23","1","web"
"6321","2022-01-28","1","android"
"6321","2022-03-06","2","ios"
"6321","2022-03-08","1","android"
"6321","2022-06-25","1","ios"
"6321","2023-09-30","1","android"
"6321","2024-03-01","1","web"
"6322","2021-08-20","1","android"
"6322","2023-02-01","1","android"
"6322","2023-02-13","1","android"
"6323","2022-12-29","1","ios"
"6324","2020-05-13","1","web"
"6324","2020-06-06","1","ios"
"6324","2020-08-15","2","ios"
"6324","2021-01-02","1","ios"
"6324","2021-01-07","1","ios"
"6324","2021-01-08","1","web"
"6324","2021-04-18","1","ios"
"6324","2021-07-01","1","android"
"6324","2021-07-03","1","web"
"6324","2021-07-10","1","android"
"6324","2021-07-24","1","ios"
"6324","2021-08-11","1","ios"
"6324","2021-08-22","2","web"
"6324","2021-10-14","1","android"
"6324","2021-11-07","1","web"
"6325","2025-09-03","1","android"
"6326","2026-04-07","1","android"
"6326","2026-05-04","1","web"
"6327","2024-04-12","1","android"
"6327","2025-07-02","2","android"
"6327","2025-07-09","1","web"
"6328","2022-12-16","1","web"
"6328","2022-12-23","1","ios"
"6328","2022-12-30","1","ios"
"6328","2023-01-05","1","android"
"6328","2023-02-01","2","ios"
"6328","2023-02-12","1","android"
"6328","2024-07-09","1","ios"
"6328","2025-08-02","1","ios"
"6328","2026-06-26","1","web"
"6329","2023-03-04","1","android"
"6329","2023-09-08","1","android"
"6329","2023-11-24","1","android"
"6329","2023-11-25","1","web"
"6329","2023-11-27","1","web"
"6329","2024-02-07","1","ios"
"6329","2024-07-17","1","ios"
"6329","2024-07-30","1","web"
"6330","2025-07-30","1","ios"
"6330","2025-08-27","1","android"
"6331","2025-03-14","1","web"
"6331","2025-10-05","1","ios"
"6331","2025-10-25","1","android"
"6331","2025-11-01","1","android"
"6332","2025-08-24","1","ios"
"6332","2025-08-27","1","ios"
"6333","2025-10-24","1","ios"
"6333","2025-12-06","1","android"
"6334","2022-12-07","1","android"
"6334","2022-12-17","1","android"
"6334","2023-02-24","1","web"
"6334","2023-03-15","1","ios"
"6334","2025-01-27","1","web"
"6334","2025-02-25","1","ios"
"6335","2019-09-11","1","web"
"6335","2019-09-28","1","ios"
"6336","2024-09-19","1","web"
"6336","2025-02-03","1","web"
"6336","2026-06-14","1","ios"
"6337","2025-09-04","1","android"
"6337","2025-09-07","1","android"
"6337","2025-09-29","1","android"
"6337","2025-10-14","1","ios"
"6338","2026-06-13","1","android"
"6338","2026-06-18","1","ios"
"6338","2026-06-29","1","ios"
"6339","2023-05-18","1","ios"
"6339","2023-05-28","1","android"
"6340","2022-03-27","1","ios"
"6340","2023-07-09","1","ios"
"6340","2024-09-06","1","ios"
"6341","2026-03-07","1","ios"
"6341","2026-03-11","1","ios"
"6341","2026-04-15","1","ios"
"6341","2026-04-16","1","ios"
"6342","2026-04-27","1","android"
"6342","2026-05-01","1","ios"
"6342","2026-05-18","1","ios"
"6342","2026-06-24","2","ios"
"6343","2026-02-03","1","web"
"6343","2026-03-03","1","android"
"6343","2026-03-11","1","web"
"6343","2026-03-12","1","ios"
"6344","2022-03-07","1","android"
"6344","2022-03-28","1","web"
"6344","2022-04-14","1","ios"
"6344","2022-05-01","1","android"
"6344","2022-05-03","1","ios"
"6344","2022-07-02","1","ios"
"6345","2024-11-14","1","android"
"6346","2024-06-13","1","ios"
"6346","2024-06-22","1","ios"
"6346","2024-07-17","1","android"
"6346","2024-08-02","1","android"
"6346","2024-11-11","1","android"
"6346","2024-11-17","1","ios"
"6346","2024-12-01","1","android"
"6346","2025-02-26","1","ios"
"6346","2025-03-09","1","android"
"6346","2025-03-10","1","ios"
"6346","2025-03-27","1","web"
"6346","2026-06-20","1","android"
"6347","2022-10-21","1","android"
"6347","2022-11-03","1","android"
"6348","2026-06-05","1","ios"
"6349","2026-02-12","1","ios"
"6349","2026-04-24","1","ios"
"6349","2026-04-26","1","ios"
"6349","2026-05-21","1","ios"
"6349","2026-05-29","1","ios"
"6349","2026-06-03","1","ios"
"6349","2026-06-16","1","ios"
"6350","2020-09-07","1","ios"
"6350","2021-03-13","1","web"
"6350","2022-05-07","1","ios"
"6351","2024-06-20","1","ios"
"6351","2024-07-25","1","android"
"6351","2024-07-27","1","android"
"6351","2024-08-07","1","ios"
"6351","2024-08-17","1","android"
"6351","2024-08-30","1","ios"
"6352","2026-03-21","1","ios"
"6353","2025-08-31","1","android"
"6354","2023-05-31","1","ios"
"6355","2024-11-29","1","android"
"6355","2024-12-08","1","ios"
"6355","2026-06-23","1","android"
"6356","2020-08-10","1","android"
"6356","2020-08-15","1","android"
"6356","2020-09-26","1","android"
"6356","2021-04-30","1","web"
"6356","2021-10-04","1","ios"
"6356","2021-10-12","1","ios"
"6356","2022-09-28","1","ios"
"6356","2023-03-16","1","ios"
"6356","2023-09-08","1","web"
"6357","2020-02-10","1","android"
"6357","2020-02-11","1","ios"
"6357","2023-03-09","1","web"
"6357","2023-03-10","1","android"
"6357","2023-09-20","1","ios"
"6357","2024-12-09","1","ios"
"6358","2020-12-22","1","android"
"6358","2021-01-04","1","android"
"6358","2021-02-18","1","android"
"6358","2021-02-27","1","web"
"6358","2022-06-15","1","android"
"6359","2022-12-26","1","ios"
"6360","2024-05-18","1","android"
"6360","2025-06-22","1","ios"
"6361","2023-10-07","1","android"
"6362","2025-09-27","1","ios"
"6363","2021-12-29","1","android"
"6363","2021-12-30","1","ios"
"6363","2022-08-16","1","ios"
"6363","2022-08-28","1","android"
"6363","2022-08-29","1","ios"
"6363","2022-10-08","1","android"
"6363","2022-10-17","1","android"
"6363","2023-02-24","1","ios"
"6363","2023-04-02","1","web"
"6363","2023-05-13","1","android"
"6363","2023-05-23","1","android"
"6363","2023-06-08","1","ios"
"6363","2023-06-28","1","ios"
"6363","2024-03-27","1","android"
"6363","2024-05-07","1","android"
"6363","2024-05-13","1","ios"
"6363","2024-06-18","1","android"
"6363","2024-08-08","1","ios"
"6364","2020-02-28","1","ios"
"6364","2021-01-13","2","ios"
"6364","2021-06-29","1","ios"
"6365","2026-03-21","1","ios"
"6365","2026-04-05","1","web"
"6365","2026-04-11","1","ios"
"6365","2026-05-02","1","web"
"6366","2022-08-11","1","ios"
"6366","2022-08-16","1","ios"
"6366","2022-11-04","1","android"
"6366","2022-11-25","2","ios"
"6366","2022-12-01","1","android"
"6366","2024-03-06","2","web"
"6366","2024-03-15","1","ios"
"6366","2024-03-16","2","ios"
"6366","2024-04-04","1","ios"
"6366","2024-04-14","1","android"
"6367","2025-11-21","1","android"
"6367","2025-11-22","1","ios"
"6368","2023-03-05","1","ios"
"6368","2023-03-26","1","ios"
"6368","2023-04-23","1","web"
"6368","2023-04-24","1","ios"
"6368","2023-05-06","1","ios"
"6368","2023-06-08","2","android"
"6368","2023-06-30","1","android"
"6368","2023-07-01","1","ios"
"6368","2023-07-24","1","ios"
"6368","2024-04-07","1","web"
"6369","2024-05-16","1","android"
"6369","2024-05-27","1","android"
"6369","2024-06-30","1","web"
"6370","2025-02-10","1","ios"
"6370","2026-03-28","1","ios"
"6370","2026-04-11","2","ios"
"6371","2020-05-18","1","ios"
"6371","2020-09-21","1","ios"
"6371","2020-09-29","1","android"
"6371","2020-10-08","1","ios"
"6371","2020-10-18","1","ios"
"6371","2020-12-04","1","ios"
"6372","2025-12-09","1","ios"
"6373","2021-03-16","1","ios"
"6373","2021-03-17","1","ios"
"6373","2021-03-27","1","ios"
"6374","2025-04-14","1","ios"
"6374","2025-04-15","1","android"
"6374","2025-04-16","1","android"
"6374","2025-04-19","1","ios"
"6375","2025-08-11","1","android"
"6376","2023-04-19","1","android"
"6376","2023-04-26","1","android"
"6376","2025-03-08","2","android"
"6376","2025-07-09","1","web"
"6376","2026-01-21","2","ios"
"6377","2023-07-27","1","ios"
"6377","2023-08-02","1","web"
"6377","2023-08-07","1","ios"
"6377","2024-03-16","1","android"
"6377","2026-01-08","1","android"
"6377","2026-02-02","1","android"
"6377","2026-03-20","1","android"
"6378","2019-02-20","1","android"
"6378","2019-03-08","1","ios"
"6378","2019-08-08","1","ios"
"6378","2019-08-14","1","android"
"6378","2019-08-16","1","android"
"6378","2020-07-02","1","ios"
"6378","2020-07-18","1","ios"
"6378","2020-07-31","1","ios"
"6378","2021-05-26","1","android"
"6378","2024-02-11","1","ios"
"6379","2020-04-17","1","ios"
"6379","2020-04-20","1","ios"
"6379","2020-04-26","1","web"
"6379","2021-05-06","1","ios"
"6379","2022-03-29","1","android"
"6380","2023-09-04","1","web"
"6380","2023-09-14","1","ios"
"6380","2023-10-15","1","ios"
"6380","2023-10-19","1","ios"
"6380","2023-10-21","1","android"
"6380","2023-10-31","1","android"
"6380","2024-05-30","2","ios"
"6380","2024-06-05","1","web"
"6380","2024-08-17","1","ios"
"6380","2024-08-19","1","web"
"6380","2024-08-27","1","ios"
"6381","2023-10-18","1","ios"
"6381","2023-10-23","1","ios"
"6381","2023-10-29","1","android"
"6381","2025-08-29","1","ios"
"6382","2025-10-03","1","android"
"6382","2025-10-23","1","android"
"6382","2026-01-05","1","android"
"6382","2026-01-22","1","web"
"6382","2026-01-23","1","android"
"6383","2024-08-01","1","ios"
"6383","2025-04-14","1","ios"
"6383","2025-04-19","1","web"
"6383","2025-05-17","1","ios"
"6383","2025-05-18","1","ios"
"6383","2025-06-04","1","web"
"6383","2025-08-03","1","ios"
"6383","2025-08-06","1","web"
"6383","2025-09-26","1","ios"
"6384","2026-03-08","1","web"
"6385","2022-06-05","1","ios"
"6385","2022-06-17","1","ios"
"6386","2024-10-30","1","android"
"6387","2022-08-04","1","ios"
"6387","2022-08-29","1","ios"
"6387","2022-09-05","1","ios"
"6388","2026-05-22","1","ios"
"6389","2024-08-25","1","android"
"6389","2024-08-30","1","android"
"6389","2024-09-05","1","ios"
"6390","2020-09-10","1","ios"
"6391","2020-10-05","1","ios"
"6391","2020-10-07","1","android"
"6391","2020-10-10","1","ios"
"6391","2020-10-21","1","ios"
"6391","2020-10-31","1","android"
"6391","2022-01-20","1","web"
"6392","2023-03-31","1","android"
"6392","2023-04-05","1","ios"
"6392","2023-04-07","1","ios"
"6392","2023-08-24","1","ios"
"6393","2025-01-12","1","ios"
"6393","2025-01-17","1","ios"
"6393","2025-12-20","1","android"
"6393","2025-12-27","2","ios"
"6393","2026-01-16","1","ios"
"6393","2026-02-20","1","android"
"6393","2026-04-04","1","android"
"6393","2026-04-15","1","ios"
"6393","2026-04-17","2","android"
"6393","2026-05-20","1","ios"
"6393","2026-05-21","1","ios"
"6394","2023-08-14","1","ios"
"6394","2023-08-31","1","ios"
"6394","2023-09-01","1","android"
"6394","2024-07-20","2","ios"
"6395","2022-02-17","1","ios"
"6395","2022-03-02","1","ios"
"6395","2022-03-03","1","ios"
"6395","2022-03-17","1","ios"
"6395","2022-03-18","1","ios"
"6395","2022-04-01","1","ios"
"6395","2022-04-19","1","ios"
"6395","2022-04-27","1","android"
"6395","2022-04-30","1","ios"
"6395","2022-12-23","1","ios"
"6395","2023-02-23","1","ios"
"6395","2024-07-26","1","ios"
"6395","2024-12-19","1","android"
"6395","2025-06-20","1","ios"
"6396","2024-07-18","1","android"
"6396","2024-07-29","1","android"
"6396","2024-09-01","1","web"
"6396","2026-06-08","1","web"
"6396","2026-06-09","1","android"
"6396","2026-06-18","1","web"
"6397","2024-08-23","1","android"
"6398","2025-03-26","1","ios"
"6398","2025-04-17","1","ios"
"6399","2024-10-04","1","ios"
"6400","2021-11-19","1","ios"
"6400","2021-12-02","1","android"
"6400","2022-03-09","1","ios"
"6400","2022-03-14","1","ios"
"6400","2022-03-26","1","web"
"6400","2022-04-14","1","ios"
"6400","2022-06-01","1","android"
"6401","2026-02-23","1","android"
"6401","2026-03-27","1","ios"
"6402","2023-09-14","1","web"
"6402","2023-10-03","1","ios"
"6402","2023-10-11","1","web"
"6402","2023-10-17","1","android"
"6402","2024-03-18","1","ios"
"6402","2024-03-19","1","android"
"6402","2024-04-14","1","ios"
"6402","2024-04-25","1","android"
"6403","2022-08-12","1","ios"
"6403","2023-11-03","1","android"
"6403","2023-11-23","1","ios"
"6403","2023-12-06","1","android"
"6404","2024-07-14","1","ios"
"6405","2021-02-26","1","android"
"6405","2021-07-16","1","android"
"6405","2021-08-10","1","android"
"6406","2023-10-02","1","ios"
"6406","2024-02-10","1","web"
"6406","2024-10-29","1","ios"
"6406","2026-03-22","1","android"
"6407","2022-01-07","1","android"
"6407","2024-07-18","1","android"
"6407","2024-08-21","1","android"
"6407","2024-09-10","1","ios"
"6407","2024-10-01","1","ios"
"6407","2024-10-08","1","android"
"6407","2024-10-21","1","android"
"6407","2024-12-17","1","android"
"6407","2025-10-24","1","ios"
"6407","2025-11-05","1","ios"
"6407","2025-11-30","1","android"
"6407","2025-12-19","1","android"
"6408","2024-05-31","1","web"
"6409","2026-01-21","1","web"
"6409","2026-02-14","1","web"
"6409","2026-06-12","1","web"
"6410","2019-08-07","1","android"
"6411","2022-04-18","1","ios"
"6411","2024-06-01","1","android"
"6411","2025-01-31","1","android"
"6412","2025-11-02","1","ios"
"6413","2024-04-14","1","ios"
"6413","2024-07-05","1","web"
"6414","2025-05-15","1","web"
"6415","2022-12-05","1","ios"
"6415","2023-02-01","1","android"
"6415","2023-02-28","1","ios"
"6415","2023-04-22","1","ios"
"6415","2023-07-03","1","android"
"6415","2023-10-14","1","android"
"6415","2023-11-02","1","ios"
"6415","2023-11-08","1","android"
"6416","2019-05-21","1","ios"
"6416","2019-06-09","1","ios"
"6416","2019-06-14","1","android"
"6416","2020-06-28","1","ios"
"6416","2020-08-02","1","android"
"6416","2021-07-08","1","ios"
"6416","2023-05-19","1","ios"
"6416","2023-05-27","1","android"
"6416","2023-06-01","1","ios"
"6417","2026-01-18","1","ios"
"6417","2026-01-21","1","ios"
"6418","2026-02-07","1","ios"
"6419","2023-05-13","1","web"
"6419","2023-05-25","1","ios"
"6420","2021-09-26","1","ios"
"6421","2021-01-24","1","android"
"6421","2021-01-27","1","android"
"6421","2021-02-18","1","ios"
"6421","2021-06-11","1","ios"
"6421","2021-10-06","1","android"
"6421","2021-10-09","1","android"
"6422","2025-10-27","1","android"
"6423","2023-06-02","1","android"
"6423","2023-06-04","1","web"
"6423","2023-06-07","1","ios"
"6423","2024-02-13","1","android"
"6423","2024-03-11","1","ios"
"6423","2024-03-16","1","ios"
"6423","2024-03-17","1","ios"
"6424","2021-04-14","1","ios"
"6424","2021-05-09","1","ios"
"6425","2025-03-15","1","ios"
"6425","2025-04-05","1","web"
"6426","2024-08-05","1","android"
"6426","2024-08-24","1","ios"
"6426","2024-08-27","1","ios"
"6427","2025-06-20","1","android"
"6428","2024-09-09","1","web"
"6428","2024-09-11","1","ios"
"6429","2024-06-19","1","ios"
"6430","2023-08-06","1","android"
"6430","2023-09-03","1","ios"
"6430","2023-09-16","1","ios"
"6430","2024-11-21","1","ios"
"6430","2024-11-27","1","ios"
"6431","2025-06-15","1","ios"
"6431","2025-07-18","1","android"
"6431","2025-07-20","1","ios"
"6432","2025-12-23","1","web"
"6432","2026-01-16","1","ios"
"6432","2026-01-21","1","ios"
"6433","2020-09-27","1","web"
"6433","2021-02-11","1","ios"
"6433","2023-05-01","1","ios"
"6433","2023-05-23","1","android"
"6433","2023-06-02","1","web"
"6433","2023-06-11","1","android"
"6433","2025-03-12","1","android"
"6434","2019-10-05","1","ios"
"6434","2020-08-22","1","ios"
"6434","2021-11-22","1","ios"
"6434","2023-03-11","1","web"
"6434","2023-10-11","1","ios"
"6435","2022-07-01","1","ios"
"6435","2022-07-04","1","web"
"6435","2022-07-09","1","android"
"6436","2022-02-17","1","ios"
"6436","2024-11-26","1","web"
"6436","2025-08-17","1","android"
"6437","2025-02-18","1","ios"
"6438","2021-01-24","1","ios"
"6438","2021-03-04","1","android"
"6438","2021-03-05","1","ios"
"6438","2021-07-24","1","web"
"6439","2024-08-30","1","android"
"6439","2025-06-07","1","ios"
"6439","2025-06-12","1","web"
"6440","2019-12-06","1","ios"
"6441","2021-12-10","1","web"
"6441","2022-01-09","1","ios"
"6441","2022-02-06","1","web"
"6442","2025-10-02","1","android"
"6443","2025-03-28","1","web"
"6443","2025-05-02","1","ios"
"6443","2025-05-09","1","ios"
"6444","2024-07-16","1","ios"
"6445","2026-03-12","1","ios"
"6445","2026-03-30","1","ios"
"6445","2026-04-10","1","ios"
"6446","2023-02-04","1","android"
"6446","2023-02-12","1","android"
"6446","2023-02-26","1","web"
"6446","2023-05-07","1","android"
"6446","2023-05-18","1","web"
"6447","2020-11-12","1","android"
"6447","2020-12-07","1","android"
"6448","2026-06-20","1","web"
"6449","2025-07-20","1","ios"
"6449","2025-08-02","1","ios"
"6450","2023-03-30","1","web"
"6450","2023-04-12","1","ios"
"6450","2023-04-21","1","ios"
"6450","2023-04-22","1","ios"
"6450","2023-05-24","1","android"
"6450","2023-05-29","1","android"
"6450","2024-05-14","1","ios"
"6451","2022-08-18","1","ios"
"6451","2026-03-03","1","ios"
"6452","2024-08-05","1","web"
"6452","2024-08-20","1","ios"
"6452","2024-10-12","1","ios"
"6452","2024-10-18","1","android"
"6452","2024-12-09","1","android"
"6452","2026-06-18","1","android"
"6452","2026-06-24","1","web"
"6453","2020-01-23","1","ios"
"6454","2026-01-08","1","ios"
"6455","2024-11-20","1","android"
"6455","2024-12-07","1","ios"
"6455","2025-07-19","1","android"
"6455","2025-12-16","1","android"
"6455","2025-12-21","1","ios"
"6455","2025-12-23","1","android"
"6455","2025-12-29","1","android"
"6455","2026-01-07","1","web"
"6455","2026-01-11","1","android"
"6455","2026-01-28","1","ios"
"6456","2021-09-26","1","android"
"6456","2021-10-17","1","android"
"6456","2021-10-20","1","android"
"6456","2021-11-13","1","android"
"6457","2023-12-22","1","android"
"6458","2022-11-11","1","ios"
"6458","2024-01-06","1","ios"
"6458","2024-01-17","1","web"
"6459","2025-06-15","1","web"
"6459","2025-06-19","1","android"
"6459","2025-07-29","1","android"
"6459","2025-10-04","1","web"
"6459","2025-10-11","1","ios"
"6459","2025-10-18","1","web"
"6459","2026-01-29","1","android"
"6459","2026-02-03","1","android"
"6460","2020-08-24","1","android"
"6460","2020-09-26","1","ios"
"6460","2022-07-10","1","ios"
"6460","2022-08-05","1","android"
"6460","2022-08-07","1","ios"
"6460","2022-08-16","1","ios"
"6461","2019-11-15","1","ios"
"6462","2026-05-06","1","ios"
"6463","2023-07-18","1","ios"
"6464","2019-04-26","1","android"
"6465","2023-03-29","1","android"
"6465","2023-05-17","1","android"
"6466","2022-11-25","1","web"
"6466","2023-07-17","1","android"
"6466","2024-04-09","1","ios"
"6466","2025-06-06","1","android"
"6467","2020-03-10","1","ios"
"6467","2020-04-02","1","ios"
"6467","2021-09-17","1","ios"
"6467","2022-05-15","1","web"
"6467","2023-05-23","1","web"
"6467","2024-10-01","1","ios"
"6468","2020-11-14","1","ios"
"6469","2024-04-28","1","web"
"6469","2024-05-12","1","web"
"6469","2025-07-14","1","ios"
"6469","2025-10-20","1","android"
"6469","2025-10-23","1","ios"
"6469","2025-11-07","1","android"
"6469","2026-06-16","1","android"
"6469","2026-06-17","1","ios"
"6470","2022-11-23","1","ios"
"6471","2022-06-08","1","ios"
"6471","2022-07-06","1","android"
"6471","2024-02-08","1","ios"
"6472","2025-03-03","1","ios"
"6473","2024-08-10","1","ios"
"6473","2024-09-07","1","ios"
"6474","2024-03-20","1","ios"
"6475","2025-12-26","1","ios"
"6475","2026-02-25","2","ios"
"6475","2026-02-27","1","android"
"6475","2026-03-07","1","android"
"6476","2025-10-31","1","android"
"6477","2025-10-05","1","ios"
"6478","2024-06-06","1","web"
"6478","2025-04-07","1","web"
"6478","2025-04-23","1","android"
"6479","2020-02-25","1","web"
"6479","2020-03-10","1","android"
"6479","2020-05-31","1","web"
"6480","2026-05-09","1","ios"
"6480","2026-05-26","1","ios"
"6480","2026-06-27","1","ios"
"6480","2026-06-28","1","web"
"6481","2024-01-27","1","ios"
"6482","2020-05-02","1","android"
"6482","2020-06-20","1","android"
"6482","2020-06-25","1","android"
"6482","2020-07-01","1","web"
"6482","2020-07-06","1","ios"
"6482","2020-07-11","1","ios"
"6483","2024-12-07","1","ios"
"6483","2024-12-21","1","android"
"6483","2025-01-23","1","ios"
"6483","2025-02-18","1","ios"
"6484","2026-03-18","1","web"
"6485","2025-08-24","1","android"
"6486","2022-09-16","1","android"
"6486","2022-09-17","1","android"
"6486","2022-09-21","1","android"
"6486","2022-09-26","1","android"
"6486","2022-10-22","2","android"
"6486","2024-08-21","1","ios"
"6486","2024-09-19","1","ios"
"6486","2025-05-26","1","android"
"6486","2026-03-02","1","ios"
"6487","2026-01-18","1","ios"
"6487","2026-01-20","1","web"
"6487","2026-01-28","1","ios"
"6487","2026-02-11","1","ios"
"6487","2026-05-14","1","android"
"6488","2022-05-07","1","ios"
"6489","2023-02-25","1","ios"
"6489","2023-03-03","1","ios"
"6489","2023-03-14","1","web"
"6489","2023-03-19","1","ios"
"6489","2023-10-22","1","ios"
"6489","2023-10-23","1","ios"
"6489","2023-11-23","1","ios"
"6489","2026-03-17","1","android"
"6489","2026-03-25","1","ios"
"6490","2021-02-10","1","web"
"6490","2021-04-14","1","android"
"6490","2021-09-14","1","ios"
"6490","2021-09-24","1","web"
"6490","2021-09-25","1","ios"
"6490","2022-08-11","1","web"
"6490","2023-01-10","1","ios"
"6490","2023-01-15","1","web"
"6490","2024-02-09","1","ios"
"6490","2024-03-13","1","android"
"6490","2024-03-15","1","ios"
"6490","2024-07-30","1","ios"
"6490","2024-08-02","1","web"
"6490","2024-08-05","1","android"
"6490","2024-10-02","1","web"
"6490","2024-10-09","1","ios"
"6490","2024-10-27","1","web"
"6490","2024-11-03","1","web"
"6491","2025-02-14","1","android"
"6491","2025-02-18","1","android"
"6492","2021-07-12","1","ios"
"6492","2021-08-18","1","android"
"6492","2022-11-04","1","ios"
"6493","2022-02-24","1","android"
"6493","2022-02-27","1","ios"
"6493","2022-03-04","1","android"
"6494","2025-04-14","1","android"
"6494","2025-04-18","1","web"
"6494","2025-04-22","1","web"
"6494","2025-04-27","1","ios"
"6495","2020-11-28","1","ios"
"6495","2021-09-22","1","android"
"6495","2021-10-02","1","ios"
"6496","2025-12-03","1","android"
"6496","2025-12-19","1","ios"
"6497","2021-01-11","1","ios"
"6497","2025-01-11","1","ios"
"6498","2020-02-12","1","ios"
"6498","2020-02-15","1","android"
"6498","2020-02-21","1","ios"
"6499","2025-03-22","1","ios"
"6499","2025-04-13","1","ios"
"6500","2022-02-16","1","android"
"6500","2022-02-19","1","web"
"6500","2022-02-23","1","ios"
"6500","2022-04-09","1","android"
"6500","2022-04-17","1","android"
"6500","2023-08-23","1","ios"
"6500","2024-08-12","1","ios"
"6500","2024-08-16","1","ios"
"6500","2024-08-21","1","ios"
"6501","2021-04-12","1","android"
"6501","2021-04-16","1","ios"
"6502","2020-09-16","1","web"
"6502","2020-09-19","1","android"
"6502","2024-10-24","1","android"
"6502","2025-05-18","1","android"
"6503","2025-04-22","1","ios"
"6503","2025-05-12","1","android"
"6504","2025-05-23","1","android"
"6504","2025-06-19","1","ios"
"6504","2025-06-28","1","web"
"6504","2025-07-19","1","ios"
"6504","2025-08-15","1","android"
"6505","2024-02-12","1","android"
"6505","2024-02-29","1","android"
"6506","2024-11-14","1","web"
"6506","2025-09-13","2","web"
"6506","2025-10-11","1","android"
"6506","2025-10-12","1","ios"
"6507","2025-05-16","1","ios"
"6507","2026-04-09","1","android"
"6507","2026-04-13","1","ios"
"6507","2026-04-27","1","android"
"6507","2026-06-02","1","android"
"6508","2023-04-23","1","web"
"6508","2023-04-24","1","ios"
"6509","2025-06-21","1","web"
"6509","2025-07-12","1","web"
"6509","2025-07-19","1","ios"
"6510","2024-03-04","1","ios"
"6511","2021-07-01","1","android"
"6511","2021-07-10","1","ios"
"6511","2021-07-27","1","ios"
"6511","2021-09-01","1","android"
"6511","2021-09-11","1","web"
"6511","2021-11-03","1","android"
"6511","2023-03-09","1","ios"
"6511","2023-04-04","1","web"
"6511","2023-11-03","1","android"
"6511","2023-11-04","1","android"
"6511","2025-04-21","1","android"
"6511","2025-07-25","1","ios"
"6511","2025-08-03","1","web"
"6512","2022-09-17","1","ios"
"6512","2022-09-24","1","android"
"6512","2023-03-03","1","ios"
"6512","2023-03-06","1","android"
"6513","2024-05-15","1","ios"
"6513","2024-06-05","1","android"
"6513","2025-02-09","1","ios"
"6513","2025-12-25","1","ios"
"6514","2022-10-08","1","android"
"6514","2022-10-12","1","android"
"6514","2022-10-27","1","ios"
"6514","2022-10-28","1","android"
"6515","2019-08-10","1","ios"
"6515","2019-08-16","1","ios"
"6515","2019-08-18","1","ios"
"6515","2019-08-20","1","ios"
"6516","2022-06-04","1","ios"
"6516","2022-06-26","1","ios"
"6516","2022-07-01","1","ios"
"6517","2022-10-07","1","ios"
"6517","2022-10-25","1","ios"
"6518","2026-04-11","1","ios"
"6519","2022-03-14","1","web"
"6519","2024-08-15","1","ios"
"6519","2024-08-27","1","ios"
"6519","2025-08-23","1","android"
"6519","2025-09-07","1","android"
"6520","2022-07-21","1","ios"
"6520","2022-07-28","1","ios"
"6521","2022-08-25","1","android"
"6521","2023-02-20","1","ios"
"6521","2023-03-16","1","web"
"6521","2023-03-21","1","android"
"6521","2023-04-13","1","ios"
"6521","2023-04-14","1","ios"
"6522","2024-04-23","1","ios"
"6522","2024-08-18","1","ios"
"6522","2026-05-06","1","ios"
"6523","2025-09-03","1","web"
"6524","2026-02-18","1","web"
"6525","2022-04-03","1","ios"
"6526","2025-12-12","1","ios"
"6526","2026-03-22","1","ios"
"6526","2026-04-10","1","ios"
"6526","2026-04-19","1","ios"
"6527","2022-01-01","1","ios"
"6527","2022-02-12","1","android"
"6527","2023-05-27","1","ios"
"6527","2023-05-31","1","web"
"6527","2023-09-11","1","android"
"6527","2023-09-12","1","ios"
"6527","2024-10-23","1","android"
"6527","2024-10-31","2","ios"
"6527","2024-11-04","2","ios"
"6527","2025-03-20","1","android"
"6527","2025-04-05","1","ios"
"6527","2025-04-21","1","ios"
"6528","2023-02-13","1","android"
"6528","2023-02-24","1","ios"
"6529","2024-04-11","1","ios"
"6529","2024-04-26","1","android"
"6529","2025-03-21","1","ios"
"6530","2020-11-25","1","android"
"6530","2022-08-04","1","android"
"6530","2022-08-18","1","ios"
"6530","2022-09-08","1","web"
"6530","2022-09-19","1","ios"
"6530","2022-10-20","1","ios"
"6530","2023-09-12","1","android"
"6530","2023-09-29","1","ios"
"6530","2023-09-30","1","web"
"6531","2020-12-01","1","ios"
"6531","2021-02-07","1","ios"
"6532","2022-12-12","1","web"
"6532","2022-12-16","1","android"
"6533","2021-01-30","1","android"
"6533","2021-03-02","1","android"
"6533","2022-03-02","1","web"
"6533","2022-03-18","2","ios"
"6533","2022-03-31","1","ios"
"6533","2022-05-09","1","ios"
"6533","2022-07-14","2","ios"
"6533","2022-07-27","1","ios"
"6534","2023-08-01","1","ios"
"6534","2023-08-13","1","ios"
"6534","2023-08-14","1","ios"
"6534","2023-08-21","2","ios"
"6534","2023-08-22","1","web"
"6534","2024-09-22","1","ios"
"6534","2025-02-05","1","ios"
"6535","2020-10-03","1","web"
"6536","2023-05-14","1","web"
"6536","2023-06-01","1","web"
"6536","2023-06-09","1","ios"
"6536","2023-06-11","1","ios"
"6536","2023-07-03","1","ios"
"6536","2023-07-13","1","android"
"6536","2023-07-20","1","android"
"6536","2023-07-21","1","android"
"6536","2024-03-13","1","android"
"6536","2024-03-23","1","android"
"6536","2024-03-29","2","ios"
"6537","2023-03-24","1","web"
"6538","2025-04-13","1","web"
"6538","2026-01-09","1","ios"
"6539","2026-02-17","1","ios"
"6539","2026-03-09","1","ios"
"6539","2026-03-18","1","ios"
"6540","2023-06-04","1","ios"
"6540","2023-06-10","1","android"
"6540","2025-05-16","1","web"
"6541","2024-07-30","1","ios"
"6541","2026-02-11","1","android"
"6541","2026-06-27","1","ios"
"6542","2024-06-26","1","android"
"6542","2024-07-15","1","ios"
"6542","2025-02-06","2","web"
"6543","2024-05-11","1","web"
"6543","2024-06-21","1","web"
"6544","2023-05-26","1","ios"
"6545","2025-07-12","1","android"
"6546","2023-12-11","1","web"
"6546","2024-01-04","1","web"
"6546","2024-04-20","1","web"
"6546","2024-05-16","1","android"
"6546","2024-11-30","1","web"
"6546","2024-12-19","1","web"
"6546","2025-01-02","1","ios"
"6546","2025-07-05","1","ios"
"6546","2025-11-25","1","android"
"6546","2025-11-29","1","ios"
"6547","2022-03-18","1","ios"
"6547","2022-03-25","1","ios"
"6547","2022-03-31","1","android"
"6547","2022-04-05","1","android"
"6547","2022-05-03","1","web"
"6547","2022-12-01","1","android"
"6547","2023-11-10","1","android"
"6547","2023-11-30","1","android"
"6547","2023-12-02","1","android"
"6547","2024-01-07","1","android"
"6547","2024-01-21","1","android"
"6547","2024-01-29","1","android"
"6547","2024-09-15","1","ios"
"6547","2024-10-06","1","android"
"6547","2024-11-21","1","android"
"6548","2023-08-02","1","android"
"6548","2024-05-01","1","android"
"6548","2025-03-10","1","ios"
"6548","2025-03-13","1","android"
"6548","2026-06-28","1","android"
"6549","2025-06-19","1","web"
"6549","2025-06-24","1","ios"
"6550","2022-08-27","1","ios"
"6550","2022-09-06","1","ios"
"6551","2025-03-13","1","ios"
"6551","2025-03-20","1","ios"
"6551","2025-09-30","1","ios"
"6551","2025-10-01","1","web"
"6551","2025-10-15","1","android"
"6552","2020-02-27","1","ios"
"6552","2020-03-11","1","android"
"6553","2025-05-26","1","android"
"6553","2025-06-08","1","ios"
"6553","2025-06-25","1","ios"
"6553","2026-06-03","1","ios"
"6553","2026-06-15","1","ios"
"6553","2026-06-19","1","android"
"6554","2024-10-13","1","ios"
"6555","2025-07-22","1","ios"
"6555","2025-12-31","1","android"
"6556","2025-03-16","1","ios"
"6556","2025-04-14","1","ios"
"6556","2025-05-12","1","web"
"6556","2025-05-14","1","android"
"6556","2025-05-21","1","ios"
"6556","2025-06-03","1","web"
"6556","2025-06-12","1","ios"
"6556","2025-06-17","2","ios"
"6556","2025-07-06","1","ios"
"6556","2026-01-29","1","android"
"6556","2026-02-15","1","ios"
"6556","2026-02-16","1","ios"
"6556","2026-03-08","1","web"
"6557","2022-09-22","1","android"
"6557","2022-10-26","1","android"
"6557","2022-11-02","1","ios"
"6558","2023-12-08","1","android"
"6558","2024-10-12","1","ios"
"6559","2023-10-23","1","android"
"6560","2024-01-29","1","android"
"6560","2024-01-30","1","ios"
"6560","2024-03-01","1","android"
"6561","2023-01-24","1","web"
"6561","2023-01-31","1","ios"
"6561","2023-02-01","1","web"
"6561","2023-02-07","1","android"
"6561","2023-06-09","1","ios"
"6561","2023-07-06","1","android"
"6562","2022-04-29","1","web"
"6562","2022-05-08","1","ios"
"6563","2021-09-08","1","android"
"6563","2021-09-24","1","ios"
"6563","2021-10-29","1","ios"
"6564","2024-07-23","1","android"
"6565","2022-01-02","1","ios"
"6565","2022-01-03","1","android"
"6566","2023-02-17","1","ios"
"6566","2023-08-15","1","android"
"6567","2025-09-08","1","android"
"6567","2025-09-18","1","web"
"6567","2025-09-23","1","ios"
"6567","2025-09-28","1","android"
"6568","2024-10-25","1","android"
"6568","2024-10-27","1","android"
"6568","2024-11-04","1","ios"
"6568","2026-03-18","1","ios"
"6569","2023-06-12","1","web"
"6569","2023-06-25","1","web"
"6569","2024-09-19","1","ios"
"6569","2024-09-20","1","web"
"6569","2024-10-30","1","ios"
"6569","2024-11-09","1","ios"
"6570","2024-03-06","1","android"
"6570","2024-03-07","1","web"
"6570","2024-03-26","1","ios"
"6570","2025-04-08","1","android"
"6570","2025-04-26","1","android"
"6571","2021-12-10","1","ios"
"6571","2021-12-11","1","android"
"6571","2021-12-26","1","android"
"6572","2024-08-23","1","ios"
"6572","2024-08-25","1","android"
"6572","2024-08-26","1","ios"
"6573","2019-10-22","1","android"
"6573","2019-10-30","1","ios"
"6573","2019-11-16","1","ios"
"6573","2019-11-29","1","ios"
"6573","2019-12-15","1","ios"
"6573","2021-03-12","1","ios"
"6573","2021-03-17","1","ios"
"6573","2021-05-10","1","ios"
"6573","2021-07-03","1","ios"
"6573","2023-10-07","1","ios"
"6573","2023-10-10","2","android"
"6573","2023-11-04","1","web"
"6574","2025-05-26","1","ios"
"6574","2025-06-12","1","ios"
"6574","2025-06-23","1","android"
"6575","2020-06-20","1","ios"
"6575","2020-06-21","1","ios"
"6575","2020-07-03","1","ios"
"6576","2021-05-19","1","ios"
"6576","2021-05-20","1","web"
"6576","2021-07-26","1","web"
"6576","2021-08-14","1","android"
"6576","2021-08-18","1","ios"
"6576","2021-09-08","1","ios"
"6576","2023-04-25","1","ios"
"6576","2023-12-12","1","ios"
"6577","2026-03-21","1","ios"
"6577","2026-04-01","1","ios"
"6577","2026-04-07","1","ios"
"6577","2026-04-21","1","ios"
"6577","2026-04-22","1","android"
"6577","2026-05-05","1","web"
"6578","2025-10-14","1","web"
"6579","2025-11-25","1","ios"
"6579","2025-11-28","1","ios"
"6579","2025-12-07","1","android"
"6580","2025-06-02","1","android"
"6580","2025-07-22","1","ios"
"6580","2026-03-03","1","android"
"6580","2026-03-04","1","web"
"6580","2026-03-29","1","android"
"6580","2026-04-23","1","android"
"6581","2025-06-07","1","android"
"6582","2022-05-22","1","android"
"6583","2022-08-17","1","android"
"6583","2022-08-18","1","android"
"6583","2022-08-27","1","android"
"6583","2022-11-04","1","android"
"6583","2022-11-20","2","ios"
"6583","2022-12-14","1","ios"
"6583","2024-01-20","1","android"
"6584","2021-09-29","1","web"
"6584","2021-10-02","1","ios"
"6584","2021-10-15","1","ios"
"6584","2021-10-16","1","ios"
"6584","2021-10-20","1","android"
"6584","2021-10-23","1","android"
"6584","2021-12-02","1","ios"
"6584","2021-12-19","1","android"
"6584","2023-02-03","1","android"
"6585","2025-10-27","1","ios"
"6585","2026-01-16","1","ios"
"6585","2026-01-17","1","ios"
"6586","2024-12-04","1","ios"
"6586","2024-12-10","2","web"
"6586","2024-12-21","1","ios"
"6587","2021-09-15","1","web"
"6587","2021-09-18","1","ios"
"6588","2021-07-14","1","ios"
"6588","2023-05-26","1","ios"
"6589","2022-12-23","1","android"
"6589","2024-02-15","2","android"
"6589","2024-02-21","1","web"
"6589","2024-02-22","1","android"
"6589","2024-02-23","1","ios"
"6589","2024-02-26","1","ios"
"6589","2024-04-13","1","ios"
"6589","2024-04-20","1","ios"
"6589","2024-04-26","1","android"
"6589","2024-05-23","1","ios"
"6589","2024-06-07","1","android"
"6590","2023-09-13","1","android"
"6590","2023-11-13","2","ios"
"6590","2023-11-23","1","android"
"6590","2023-12-21","2","ios"
"6590","2024-01-12","1","ios"
"6590","2024-08-14","1","web"
"6591","2026-02-03","1","web"
"6591","2026-02-13","1","ios"
"6592","2024-03-03","1","ios"
"6592","2024-03-15","1","ios"
"6593","2021-11-18","1","android"
"6593","2021-12-05","1","ios"
"6593","2022-07-05","1","ios"
"6593","2023-11-05","2","ios"
"6593","2023-11-17","1","ios"
"6594","2021-12-11","1","android"
"6594","2021-12-18","1","ios"
"6594","2022-01-16","1","web"
"6594","2022-02-09","1","android"
"6594","2023-04-23","1","ios"
"6594","2023-11-12","1","ios"
"6594","2024-09-19","1","web"
"6594","2024-09-21","1","ios"
"6594","2024-09-22","1","android"
"6594","2024-09-30","1","ios"
"6595","2025-01-05","1","ios"
"6596","2025-07-01","1","ios"
"6597","2024-05-30","1","android"
"6597","2024-06-09","1","ios"
"6597","2024-06-15","1","ios"
"6597","2024-06-22","1","ios"
"6598","2023-03-12","1","web"
"6598","2023-03-18","1","ios"
"6598","2023-05-25","1","web"
"6598","2023-05-26","1","ios"
"6599","2023-09-06","1","android"
"6600","2024-04-04","1","ios"
"6600","2024-04-17","1","ios"
"6600","2024-04-22","1","android"
"6600","2024-04-27","1","ios"
"6600","2025-04-01","1","android"
"6601","2023-12-10","1","android"
"6602","2021-10-30","1","ios"
"6602","2021-12-13","1","android"
"6603","2021-05-04","1","ios"
"6604","2023-09-08","1","ios"
"6604","2023-09-14","1","ios"
"6604","2023-09-15","1","ios"
"6604","2023-09-24","1","web"
"6604","2023-09-27","1","ios"
"6604","2023-10-18","1","android"
"6604","2023-11-17","1","ios"
"6604","2023-11-25","1","ios"
"6604","2023-12-18","1","web"
"6604","2023-12-19","1","android"
"6604","2023-12-25","1","ios"
"6604","2023-12-26","1","android"
"6604","2024-01-08","1","android"
"6604","2024-01-17","1","ios"
"6604","2024-01-24","1","web"
"6604","2024-02-20","1","web"
"6605","2022-04-20","1","web"
"6605","2022-05-13","1","web"
"6605","2022-05-23","1","android"
"6605","2022-06-04","1","web"
"6605","2022-06-15","1","web"
"6605","2022-06-16","1","android"
"6605","2024-02-29","1","ios"
"6605","2024-03-15","1","ios"
"6605","2026-02-27","1","ios"
"6605","2026-04-14","2","ios"
"6605","2026-05-16","1","android"
"6605","2026-05-26","1","ios"
"6605","2026-05-27","1","ios"
"6605","2026-06-04","1","ios"
"6605","2026-06-17","1","web"
"6606","2021-01-10","1","ios"
"6606","2021-01-15","1","ios"
"6607","2026-05-11","1","android"
"6607","2026-05-31","1","web"
"6607","2026-06-28","1","ios"
"6608","2023-02-12","1","ios"
"6608","2023-02-13","1","ios"
"6608","2023-03-04","1","ios"
"6608","2023-03-12","1","ios"
"6608","2023-04-01","1","web"
"6609","2023-10-14","1","ios"
"6609","2023-11-01","1","android"
"6609","2023-11-05","1","ios"
"6610","2024-02-07","1","android"
"6611","2025-08-09","1","android"
"6611","2025-08-30","1","android"
"6612","2023-08-13","1","ios"
"6612","2023-08-23","1","ios"
"6613","2025-05-23","1","web"
"6613","2025-06-05","1","android"
"6613","2025-06-09","1","web"
"6613","2025-06-11","1","ios"
"6614","2025-05-30","1","android"
"6615","2024-07-10","1","android"
"6616","2022-01-13","1","ios"
"6617","2025-06-18","1","android"
"6617","2025-07-03","1","android"
"6617","2026-06-19","1","ios"
"6618","2026-03-28","1","ios"
"6618","2026-04-23","1","android"
"6619","2022-08-13","1","android"
"6619","2022-09-23","1","android"
"6620","2021-11-11","1","android"
"6620","2021-11-12","1","android"
"6620","2021-11-22","1","ios"
"6620","2021-12-04","1","ios"
"6620","2024-02-24","1","ios"
"6621","2021-10-14","1","ios"
"6622","2024-10-19","1","web"
"6622","2024-11-25","1","ios"
"6623","2024-12-09","1","android"
"6623","2024-12-12","1","ios"
"6623","2024-12-14","1","android"
"6624","2024-03-16","1","ios"
"6624","2024-03-29","1","ios"
"6624","2024-04-29","1","web"
"6624","2024-06-21","1","android"
"6624","2024-07-04","1","android"
"6624","2024-07-10","1","ios"
"6624","2025-01-10","2","android"
"6624","2025-01-28","1","ios"
"6624","2025-01-29","1","android"
"6624","2025-09-13","1","ios"
"6624","2025-10-05","1","android"
"6624","2025-10-25","1","web"
"6624","2025-10-26","1","ios"
"6624","2025-12-03","1","web"
"6624","2026-01-04","1","android"
"6624","2026-01-10","1","android"
"6624","2026-01-16","1","ios"
"6624","2026-01-17","1","ios"
"6625","2026-02-28","1","ios"
"6625","2026-06-28","1","ios"
"6626","2024-05-14","1","ios"
"6627","2022-04-16","1","android"
"6627","2022-04-22","1","ios"
"6627","2022-05-30","1","web"
"6628","2026-01-17","1","android"
"6629","2025-01-03","1","web"
"6630","2024-11-17","1","web"
"6631","2024-12-20","1","ios"
"6631","2025-02-21","1","ios"
"6631","2025-02-22","1","ios"
"6631","2025-03-11","1","android"
"6631","2026-04-07","1","ios"
"6632","2023-10-17","1","web"
"6632","2023-10-22","1","ios"
"6632","2024-04-10","1","android"
"6632","2026-01-17","1","android"
"6633","2025-11-06","1","ios"
"6633","2025-11-14","1","ios"
"6633","2026-06-01","1","ios"
"6633","2026-06-27","1","ios"
"6634","2022-01-22","1","android"
"6635","2024-02-28","1","ios"
"6636","2021-04-27","1","android"
"6636","2021-05-08","1","web"
"6636","2021-05-17","1","web"
"6636","2021-05-25","1","ios"
"6636","2022-05-27","1","android"
"6637","2025-03-09","1","ios"
"6637","2025-03-10","1","ios"
"6637","2025-07-19","1","ios"
"6637","2025-07-26","1","android"
"6637","2025-08-13","1","ios"
"6637","2025-08-14","1","android"
"6637","2025-08-22","1","ios"
"6637","2025-12-26","1","ios"
"6637","2026-01-06","1","web"
"6637","2026-02-25","2","android"
"6637","2026-03-20","1","ios"
"6637","2026-03-30","1","ios"
"6637","2026-04-24","1","ios"
"6637","2026-05-02","1","android"
"6638","2021-11-16","1","ios"
"6638","2023-02-04","1","android"
"6639","2025-09-06","1","ios"
"6639","2025-09-07","1","ios"
"6639","2025-09-20","1","android"
"6639","2025-10-17","1","ios"
"6639","2025-10-23","1","android"
"6639","2025-11-18","1","ios"
"6639","2025-11-24","2","ios"
"6639","2026-01-16","1","android"
"6640","2024-04-06","1","ios"
"6640","2025-06-17","1","web"
"6641","2026-06-19","1","ios"
"6642","2024-10-03","1","ios"
"6642","2024-10-26","1","web"
"6643","2024-12-07","1","android"
"6643","2024-12-08","1","android"
"6643","2024-12-31","1","ios"
"6644","2023-10-04","1","android"
"6644","2023-11-30","1","android"
"6644","2023-12-06","1","ios"
"6644","2023-12-24","1","android"
"6644","2023-12-28","1","ios"
"6644","2024-01-31","1","ios"
"6644","2024-02-14","1","web"
"6644","2024-02-18","1","android"
"6644","2024-04-23","1","ios"
"6644","2024-05-09","1","ios"
"6644","2024-05-21","1","ios"
"6644","2024-07-06","1","web"
"6645","2020-12-16","1","ios"
"6645","2020-12-20","1","android"
"6646","2022-02-21","1","web"
"6647","2024-05-07","1","ios"
"6647","2024-05-12","1","android"
"6648","2024-12-03","1","android"
"6648","2024-12-08","1","ios"
"6648","2025-12-08","1","ios"
"6648","2025-12-26","1","ios"
"6648","2026-01-02","1","ios"
"6649","2024-05-13","1","ios"
"6649","2024-05-14","1","web"
"6650","2021-01-13","1","web"
"6651","2024-12-09","1","ios"
"6651","2025-01-04","1","web"
"6651","2025-02-01","1","android"
"6651","2025-02-02","1","android"
"6651","2025-02-05","1","android"
"6651","2026-03-08","1","android"
"6651","2026-03-12","1","ios"
"6652","2026-03-01","1","ios"
"6652","2026-03-12","1","ios"
"6652","2026-03-21","1","web"
"6652","2026-03-22","1","ios"
"6653","2024-11-12","1","web"
"6653","2024-12-21","1","ios"
"6653","2024-12-22","1","web"
"6653","2025-01-05","1","ios"
"6654","2023-11-19","1","ios"
"6654","2023-11-22","1","ios"
"6654","2023-11-25","1","ios"
"6654","2025-08-24","1","ios"
"6655","2023-06-20","1","android"
"6655","2023-06-28","1","web"
"6655","2023-12-24","1","ios"
"6655","2026-02-28","1","android"
"6655","2026-03-06","1","ios"
"6656","2023-09-30","1","android"
"6656","2023-11-12","1","android"
"6656","2023-11-21","1","android"
"6656","2024-03-19","1","android"
"6656","2024-03-20","1","ios"
"6656","2024-03-31","1","ios"
"6656","2025-03-13","1","ios"
"6656","2026-05-20","2","ios"
"6657","2021-12-12","1","android"
"6657","2022-10-15","1","android"
"6657","2023-12-03","1","ios"
"6657","2023-12-23","1","android"
"6657","2024-01-03","1","ios"
"6657","2024-07-24","1","ios"
"6657","2025-04-30","1","android"
"6657","2026-02-18","1","android"
"6658","2026-04-01","1","ios"
"6658","2026-04-13","1","android"
"6659","2025-08-17","1","android"
"6660","2023-06-06","1","web"
"6660","2023-07-14","1","ios"
"6660","2023-07-27","1","android"
"6660","2024-04-07","1","web"
"6660","2024-04-18","1","web"
"6660","2024-04-26","2","ios"
"6660","2025-03-18","1","ios"
"6660","2025-03-28","1","android"
"6661","2025-05-13","1","web"
"6662","2026-05-18","1","android"
"6663","2026-03-12","1","android"
"6663","2026-03-13","1","ios"
"6664","2022-12-05","1","android"
"6665","2021-05-01","1","web"
"6665","2021-05-14","1","ios"
"6665","2021-05-15","1","ios"
"6665","2021-09-11","1","ios"
"6665","2021-11-12","1","web"
"6665","2021-11-28","1","android"
"6665","2021-12-02","1","android"
"6665","2021-12-09","1","android"
"6665","2021-12-17","1","android"
"6665","2022-01-14","1","android"
"6665","2022-02-04","1","ios"
"6665","2022-04-07","1","android"
"6665","2022-04-15","1","ios"
"6665","2022-04-21","1","ios"
"6665","2022-05-11","1","ios"
"6665","2022-05-16","1","web"
"6665","2022-05-25","1","ios"
"6666","2023-12-30","1","ios"
"6666","2025-07-05","1","ios"
"6667","2025-06-23","1","android"
"6667","2026-02-24","1","ios"
"6667","2026-05-04","1","ios"
"6667","2026-05-13","1","web"
"6667","2026-05-17","1","web"
"6668","2022-06-19","1","android"
"6669","2021-01-23","1","web"
"6669","2021-02-08","1","ios"
"6669","2022-11-29","1","android"
"6669","2024-01-29","1","android"
"6670","2025-11-17","1","ios"
"6671","2020-03-19","1","ios"
"6672","2025-09-08","1","android"
"6672","2025-10-01","1","android"
"6673","2026-02-10","1","web"
"6673","2026-02-11","1","android"
"6673","2026-04-07","1","ios"
"6674","2022-11-20","1","web"
"6674","2022-11-29","1","android"
"6674","2024-04-07","1","web"
"6674","2024-05-31","1","ios"
"6674","2025-03-30","1","ios"
"6674","2025-05-05","1","android"
"6674","2025-05-24","1","ios"
"6674","2025-06-01","1","ios"
"6675","2024-09-22","1","android"
"6675","2024-10-26","1","ios"
"6675","2024-11-05","1","ios"
"6675","2025-09-20","1","ios"
"6676","2024-09-30","1","web"
"6677","2021-11-09","1","ios"
"6677","2021-12-26","1","android"
"6677","2021-12-29","1","ios"
"6677","2022-01-08","1","ios"
"6677","2022-12-11","1","ios"
"6677","2023-01-01","1","android"
"6677","2023-05-25","1","ios"
"6677","2023-06-22","1","ios"
"6677","2025-07-26","1","ios"
"6677","2025-07-27","1","ios"
"6678","2022-06-14","1","web"
"6679","2023-05-21","1","ios"
"6679","2023-06-13","1","ios"
"6680","2023-03-04","1","android"
"6680","2023-04-01","1","ios"
"6680","2023-04-09","1","web"
"6680","2024-02-25","1","android"
"6680","2025-11-27","1","android"
"6681","2022-08-07","1","web"
"6681","2022-08-14","1","ios"
"6681","2022-09-07","1","android"
"6681","2022-09-23","1","ios"
"6681","2023-09-10","1","android"
"6682","2026-03-25","1","android"
"6683","2025-06-25","1","ios"
"6683","2025-07-04","1","ios"
"6683","2025-08-01","1","ios"
"6683","2025-09-11","1","web"
"6684","2024-02-22","1","android"
"6684","2026-03-29","1","ios"
"6684","2026-04-06","1","android"
"6685","2026-06-06","1","ios"
"6686","2021-04-04","1","web"
"6687","2021-05-02","1","ios"
"6688","2026-02-04","1","ios"
"6688","2026-04-24","1","android"
"6689","2022-03-05","1","ios"
"6689","2023-03-27","1","ios"
"6689","2023-04-06","1","web"
"6690","2020-05-02","1","android"
"6691","2023-02-23","1","ios"
"6691","2023-03-18","1","ios"
"6691","2023-04-09","1","ios"
"6691","2024-04-10","1","ios"
"6692","2022-10-22","1","ios"
"6693","2024-04-11","1","web"
"6693","2024-04-12","1","ios"
"6693","2024-04-19","1","ios"
"6693","2024-05-03","1","ios"
"6693","2025-05-10","1","ios"
"6693","2025-10-07","1","ios"
"6694","2020-10-04","1","ios"
"6694","2022-02-01","1","android"
"6694","2023-03-08","1","ios"
"6694","2023-10-29","1","web"
"6694","2024-11-21","1","ios"
"6695","2024-09-16","1","android"
"6695","2024-10-08","1","ios"
"6695","2024-10-26","1","ios"
"6695","2025-10-24","1","ios"
"6696","2022-05-10","1","android"
"6696","2022-05-15","1","web"
"6696","2022-09-19","2","android"
"6696","2023-10-28","1","android"
"6696","2023-11-11","1","ios"
"6696","2024-07-11","1","ios"
"6696","2024-07-18","1","ios"
"6697","2024-09-20","1","ios"
"6698","2021-12-24","1","ios"
"6698","2022-01-26","1","android"
"6698","2022-12-24","1","ios"
"6698","2023-01-06","1","web"
"6698","2024-08-04","1","web"
"6698","2025-03-31","1","web"
"6698","2025-04-03","1","android"
"6698","2025-04-06","1","android"
"6698","2025-04-25","1","ios"
"6698","2025-04-28","1","ios"
"6699","2024-07-14","1","ios"
"6700","2024-05-09","1","ios"
"6700","2025-11-14","1","web"
"6700","2025-11-23","1","web"
"6700","2025-12-19","1","android"
"6701","2022-04-01","1","ios"
"6701","2022-04-13","1","web"
"6701","2022-05-08","1","ios"
"6701","2022-05-09","1","ios"
"6701","2022-05-10","1","android"
"6701","2024-11-20","1","web"
"6701","2025-07-08","1","ios"
"6702","2026-04-04","1","ios"
"6702","2026-04-07","1","android"
"6702","2026-04-09","1","ios"
"6703","2020-09-22","1","android"
"6703","2020-09-28","1","web"
"6703","2022-01-05","1","android"
"6703","2022-01-06","1","android"
"6703","2022-01-19","1","ios"
"6704","2021-06-06","1","ios"
"6704","2021-06-16","1","ios"
"6705","2021-10-19","1","ios"
"6705","2021-11-07","1","ios"
"6705","2022-08-23","1","web"
"6705","2023-04-18","1","ios"
"6705","2023-05-10","1","web"
"6706","2021-10-25","1","android"
"6706","2021-10-26","1","ios"
"6706","2021-10-30","1","ios"
"6706","2021-11-12","1","ios"
"6706","2021-11-14","1","ios"
"6706","2021-11-28","1","android"
"6706","2023-09-18","1","android"
"6706","2023-09-19","2","ios"
"6706","2023-10-13","1","web"
"6706","2023-12-03","1","ios"
"6707","2021-12-23","1","ios"
"6707","2023-02-24","1","android"
"6707","2023-03-09","1","android"
"6707","2023-03-26","1","ios"
"6707","2023-12-01","1","ios"
"6707","2024-09-13","1","android"
"6708","2026-06-24","1","web"
"6709","2020-11-16","1","ios"
"6709","2022-06-21","1","ios"
"6710","2025-01-12","1","android"
"6710","2025-05-07","1","android"
"6710","2025-05-18","1","ios"
"6710","2025-05-30","1","ios"
"6710","2025-07-13","1","android"
"6710","2026-05-26","1","ios"
"6710","2026-06-05","1","android"
"6711","2019-04-08","1","android"
"6711","2019-04-17","1","ios"
"6711","2019-08-02","1","ios"
"6711","2019-08-28","1","web"
"6711","2019-09-15","1","android"
"6711","2019-12-04","1","android"
"6711","2020-11-17","1","ios"
"6712","2019-11-20","1","web"
"6712","2019-11-27","1","web"
"6713","2025-11-02","1","web"
"6713","2026-01-17","1","ios"
"6713","2026-02-05","1","android"
"6713","2026-02-13","1","web"
"6713","2026-03-06","1","ios"
"6714","2024-03-31","1","ios"
"6714","2024-04-19","1","ios"
"6714","2025-04-27","1","web"
"6714","2026-02-10","1","android"
"6714","2026-04-06","1","ios"
"6714","2026-06-08","2","web"
"6714","2026-06-14","1","ios"
"6715","2025-05-06","1","android"
"6716","2025-08-04","1","ios"
"6717","2024-10-27","1","ios"
"6717","2024-11-10","1","web"
"6718","2026-06-09","1","android"
"6719","2022-06-09","1","android"
"6719","2022-07-18","1","ios"
"6719","2023-03-01","1","android"
"6719","2023-10-29","1","ios"
"6719","2023-11-05","1","web"
"6719","2023-11-22","1","android"
"6720","2024-10-28","1","android"
"6720","2024-11-14","1","ios"
"6721","2024-04-02","1","ios"
"6722","2026-04-21","1","ios"
"6723","2022-05-08","1","android"
"6723","2022-10-05","1","web"
"6723","2022-10-09","1","web"
"6724","2024-02-22","1","ios"
"6724","2024-04-03","1","web"
"6724","2024-04-15","1","web"
"6724","2025-09-11","1","android"
"6724","2025-09-19","1","ios"
"6725","2024-12-23","1","ios"
"6726","2020-09-02","1","ios"
"6727","2025-12-18","1","android"
"6728","2021-04-21","1","ios"
"6728","2023-11-25","1","web"
"6728","2025-07-16","1","android"
"6729","2025-11-18","1","web"
"6730","2024-11-29","1","ios"
"6730","2025-04-26","1","android"
"6730","2025-05-25","1","web"
"6730","2025-06-03","1","android"
"6730","2025-06-08","1","web"
"6730","2025-06-13","1","ios"
"6730","2025-06-14","1","ios"
"6730","2025-06-18","1","ios"
"6730","2025-07-11","1","ios"
"6730","2025-10-19","1","web"
"6731","2025-03-26","1","ios"
"6731","2026-06-14","1","web"
"6732","2020-05-15","1","ios"
"6732","2020-05-27","1","android"
"6732","2020-05-30","1","ios"
"6732","2020-06-20","1","ios"
"6732","2020-06-21","1","ios"
"6732","2020-06-22","1","android"
"6732","2024-10-26","1","ios"
"6733","2025-04-29","1","web"
"6733","2025-05-04","1","android"
"6733","2025-05-07","1","ios"
"6733","2025-05-09","1","ios"
"6733","2025-06-07","1","android"
"6734","2023-12-19","1","ios"
"6735","2020-04-24","1","web"
"6735","2021-06-30","1","ios"
"6735","2022-12-01","1","ios"
"6735","2023-10-05","1","ios"
"6736","2026-01-05","1","android"
"6736","2026-01-07","1","web"
"6736","2026-01-09","1","ios"
"6736","2026-01-10","1","ios"
"6737","2020-07-23","1","ios"
"6737","2020-08-09","1","ios"
"6737","2020-08-17","1","ios"
"6738","2021-01-03","1","ios"
"6738","2021-01-19","1","web"
"6738","2021-01-31","1","ios"
"6738","2021-03-10","1","web"
"6738","2021-06-05","1","android"
"6738","2021-06-07","2","ios"
"6738","2021-06-25","2","ios"
"6738","2021-07-03","1","ios"
"6738","2021-07-09","1","ios"
"6738","2021-07-31","1","ios"
"6738","2021-11-03","1","ios"
"6738","2021-11-04","1","web"
"6738","2021-11-13","2","ios"
"6738","2022-08-26","1","android"
"6738","2022-08-31","1","android"
"6738","2022-09-26","1","ios"
"6738","2023-06-06","1","ios"
"6738","2024-06-20","2","android"
"6739","2019-03-04","1","android"
"6739","2019-12-29","1","android"
"6739","2020-01-20","1","android"
"6739","2020-06-13","1","android"
"6739","2021-01-31","1","ios"
"6739","2022-05-03","1","ios"
"6740","2025-08-28","1","ios"
"6740","2025-09-10","1","ios"
"6740","2025-09-12","1","android"
"6740","2025-09-13","1","android"
"6740","2025-09-14","1","web"
"6740","2026-02-15","1","android"
"6741","2023-04-17","1","ios"
"6741","2023-10-28","1","android"
"6741","2023-11-06","1","ios"
"6741","2025-07-06","1","ios"
"6741","2026-03-20","1","web"
"6742","2023-02-05","1","android"
"6742","2023-08-19","1","ios"
"6742","2023-09-21","1","ios"
"6742","2023-09-23","1","ios"
"6742","2023-10-10","1","ios"
"6742","2023-12-22","1","ios"
"6742","2023-12-23","1","android"
"6742","2024-01-05","1","web"
"6743","2019-07-03","1","ios"
"6743","2019-07-05","1","ios"
"6744","2023-09-30","1","android"
"6744","2023-10-07","1","android"
"6744","2024-07-08","1","android"
"6744","2024-07-29","1","ios"
"6744","2026-02-22","1","ios"
"6745","2023-06-19","1","android"
"6745","2023-07-16","1","ios"
"6745","2023-09-09","1","android"
"6745","2023-09-13","1","android"
"6745","2023-09-20","1","ios"
"6745","2023-10-11","1","ios"
"6745","2023-11-17","1","android"
"6745","2024-09-18","1","ios"
"6745","2024-10-13","1","ios"
"6745","2024-10-26","1","ios"
"6745","2024-11-04","1","ios"
"6745","2024-11-30","1","ios"
"6745","2025-01-31","1","android"
"6745","2025-02-28","1","android"
"6745","2025-03-02","1","android"
"6745","2025-03-04","2","ios"
"6745","2025-03-10","1","android"
"6745","2025-03-19","1","android"
"6745","2025-03-22","1","ios"
"6745","2025-04-15","1","ios"
"6746","2026-03-11","1","ios"
"6747","2023-01-02","1","ios"
"6748","2023-11-20","1","android"
"6749","2026-06-25","1","android"
"6750","2025-06-25","1","ios"
"6750","2025-07-08","1","ios"
"6751","2025-06-25","1","ios"
"6752","2023-07-30","1","android"
"6752","2023-08-27","1","ios"
"6752","2023-08-28","1","web"
"6752","2023-09-09","1","android"
"6752","2023-12-07","1","ios"
"6752","2024-02-09","1","android"
"6752","2024-02-12","1","ios"
"6752","2024-11-28","2","android"
"6752","2024-12-05","1","ios"
"6752","2024-12-17","1","ios"
"6752","2025-09-07","1","ios"
"6752","2025-11-12","1","android"
"6752","2025-11-26","1","ios"
"6753","2025-06-19","1","ios"
"6753","2025-07-09","1","web"
"6753","2025-07-30","1","web"
"6753","2025-08-31","1","ios"
"6753","2025-09-01","1","ios"
"6753","2026-03-07","1","ios"
"6754","2022-12-18","1","ios"
"6754","2022-12-24","1","android"
"6755","2023-03-25","1","ios"
"6756","2024-11-07","1","ios"
"6756","2025-12-08","1","ios"
"6756","2026-06-27","1","ios"
"6757","2024-12-10","1","ios"
"6757","2024-12-13","1","ios"
"6757","2025-06-20","1","android"
"6757","2025-06-26","1","ios"
"6757","2025-10-01","1","android"
"6757","2026-06-24","1","ios"
"6758","2022-12-09","1","ios"
"6758","2022-12-15","1","web"
"6758","2022-12-18","1","android"
"6758","2022-12-23","1","ios"
"6758","2023-06-01","1","web"
"6758","2023-10-04","1","web"
"6758","2025-03-01","1","android"
"6758","2026-02-13","1","ios"
"6759","2020-04-19","1","ios"
"6759","2020-09-09","1","ios"
"6759","2020-09-20","1","ios"
"6760","2021-12-04","1","android"
"6760","2021-12-18","1","ios"
"6760","2022-09-25","1","android"
"6760","2022-10-07","1","ios"
"6760","2023-03-22","1","ios"
"6760","2023-09-24","1","ios"
"6760","2023-10-17","1","ios"
"6760","2023-11-05","1","ios"
"6760","2023-11-09","1","ios"
"6760","2023-11-10","1","ios"
"6760","2023-11-15","2","ios"
"6760","2024-03-30","1","web"
"6760","2025-06-19","1","ios"
"6760","2026-05-26","1","ios"
"6761","2022-02-01","1","android"
"6762","2026-01-21","1","ios"
"6763","2026-03-20","1","ios"
"6763","2026-04-12","1","ios"
"6763","2026-04-14","1","ios"
"6764","2019-10-02","1","ios"
"6764","2019-10-08","1","android"
"6765","2024-09-24","1","ios"
"6765","2025-05-14","1","android"
"6766","2019-12-22","1","ios"
"6766","2020-01-06","1","ios"
"6767","2026-03-30","1","web"
"6767","2026-04-09","1","android"
"6767","2026-04-18","1","ios"
"6768","2023-10-22","1","android"
"6768","2025-03-02","1","ios"
"6768","2026-01-02","1","ios"
"6769","2026-01-25","1","android"
"6769","2026-02-11","2","ios"
"6769","2026-02-25","1","ios"
"6770","2024-07-28","1","ios"
"6770","2024-08-02","1","android"
"6771","2026-05-29","1","android"
"6771","2026-05-30","1","ios"
"6771","2026-06-09","1","ios"
"6772","2025-10-26","1","web"
"6772","2025-10-29","1","ios"
"6772","2025-11-04","1","android"
"6772","2025-11-27","1","ios"
"6772","2025-12-04","1","ios"
"6772","2025-12-05","1","ios"
"6772","2025-12-06","1","ios"
"6773","2020-10-22","1","android"
"6773","2020-11-10","2","web"
"6774","2022-12-24","1","android"
"6774","2022-12-26","1","android"
"6775","2026-02-04","1","android"
"6775","2026-02-12","1","web"
"6775","2026-02-25","1","android"
"6775","2026-03-07","1","ios"
"6775","2026-03-11","1","ios"
"6775","2026-03-16","1","ios"
"6775","2026-04-12","2","ios"
"6775","2026-04-19","1","ios"
"6775","2026-05-21","1","ios"
"6775","2026-06-30","1","ios"
"6776","2025-11-03","1","ios"
"6776","2025-11-09","1","ios"
"6777","2022-12-01","1","android"
"6778","2024-11-29","1","ios"
"6778","2024-11-30","1","android"
"6779","2024-12-24","1","android"
"6779","2025-02-21","1","web"
"6779","2025-02-26","1","ios"
"6779","2025-03-08","1","android"
"6779","2025-03-12","1","android"
"6779","2025-04-12","1","ios"
"6779","2025-04-18","2","android"
"6779","2025-05-03","1","ios"
"6779","2025-05-06","1","ios"
"6779","2025-05-23","1","ios"
"6779","2025-07-03","1","ios"
"6779","2025-07-10","1","ios"
"6780","2026-05-28","1","ios"
"6781","2022-12-28","1","ios"
"6781","2024-10-20","1","ios"
"6781","2024-10-22","2","web"
"6782","2025-01-29","1","ios"
"6782","2025-02-08","1","android"
"6782","2025-06-21","1","ios"
"6782","2025-06-23","1","android"
"6782","2025-07-03","1","web"
"6782","2025-07-09","1","android"
"6782","2025-07-23","2","android"
"6782","2025-08-16","1","web"
"6782","2025-09-29","1","ios"
"6783","2021-10-22","1","ios"
"6783","2021-10-23","1","ios"
"6783","2021-10-30","1","ios"
"6784","2023-05-26","1","web"
"6784","2023-12-13","1","ios"
"6784","2024-03-09","1","android"
"6784","2024-03-10","1","ios"
"6784","2024-03-29","1","ios"
"6784","2024-06-24","1","ios"
"6784","2024-07-02","1","ios"
"6785","2021-10-04","1","ios"
"6786","2022-01-09","1","android"
"6786","2022-01-22","1","web"
"6787","2021-09-26","1","android"
"6787","2021-10-08","1","ios"
"6787","2025-07-02","1","android"
"6788","2024-03-10","1","android"
"6788","2025-02-28","1","ios"
"6789","2025-06-19","1","ios"
"6789","2025-07-15","1","web"
"6789","2026-02-07","1","android"
"6789","2026-02-12","1","ios"
"6789","2026-02-19","1","ios"
"6789","2026-02-21","1","android"
"6790","2022-06-03","1","ios"
"6790","2023-05-13","1","ios"
"6790","2023-06-23","1","ios"
"6790","2024-05-04","1","ios"
"6790","2024-05-21","1","ios"
"6790","2024-06-14","1","android"
"6790","2024-08-01","1","android"
"6791","2023-03-23","1","android"
"6791","2023-04-08","1","web"
"6791","2025-06-27","1","android"
"6792","2026-03-24","1","android"
"6792","2026-03-26","1","ios"
"6792","2026-03-27","1","web"
"6793","2024-04-05","1","web"
"6794","2025-05-09","1","android"
"6795","2024-05-01","1","android"
"6796","2024-10-26","1","android"
"6796","2024-11-06","1","android"
"6796","2024-11-15","1","ios"
"6796","2025-07-31","1","ios"
"6796","2025-08-29","1","android"
"6796","2025-09-14","1","android"
"6796","2025-09-21","1","ios"
"6796","2025-09-30","1","ios"
"6796","2025-10-27","1","ios"
"6796","2025-11-18","1","ios"
"6797","2021-09-09","1","ios"
"6797","2021-10-08","1","ios"
"6797","2021-11-03","1","android"
"6797","2021-12-09","1","ios"
"6797","2022-01-03","1","android"
"6797","2022-01-07","1","ios"
"6797","2023-02-20","1","android"
"6797","2024-05-27","1","android"
"6797","2025-07-11","1","ios"
"6798","2026-04-23","1","ios"
"6798","2026-04-24","1","ios"
"6798","2026-05-28","1","android"
"6799","2025-12-20","1","android"
"6800","2024-10-23","1","web"
"6800","2024-10-29","1","ios"
"6800","2024-11-30","1","ios"
"6800","2024-12-06","1","ios"
"6800","2025-04-06","1","ios"
"6800","2025-04-13","2","ios"
"6800","2026-04-22","1","ios"
"6800","2026-04-28","1","android"
"6801","2023-10-06","1","ios"
"6801","2023-10-07","1","android"
"6801","2024-03-28","1","web"
"6801","2024-04-15","1","ios"
"6801","2024-04-21","1","ios"
"6801","2025-04-26","1","android"
"6801","2025-05-01","1","ios"
"6802","2026-04-30","1","ios"
"6802","2026-05-04","1","ios"
"6802","2026-05-09","1","ios"
"6803","2020-09-14","1","ios"
"6803","2022-01-21","1","ios"
"6803","2023-04-15","1","ios"
"6803","2023-04-22","1","android"
"6804","2025-03-31","1","android"
"6804","2026-02-06","1","ios"
"6804","2026-02-20","1","ios"
"6805","2024-11-22","1","ios"
"6805","2024-12-02","1","android"
"6805","2024-12-05","1","ios"
"6806","2022-05-19","1","ios"
"6807","2022-05-18","1","android"
"6807","2023-06-11","1","android"
"6807","2023-06-22","1","ios"
"6808","2022-06-24","1","ios"
"6809","2025-10-17","1","ios"
"6809","2025-10-19","1","web"
"6809","2025-10-31","1","android"
"6809","2025-11-02","1","android"
"6809","2026-03-14","1","ios"
"6810","2025-10-29","1","ios"
"6810","2025-11-22","1","ios"
"6811","2024-10-25","1","ios"
"6811","2025-11-22","1","ios"
"6812","2025-11-21","1","ios"
"6812","2025-12-12","1","android"
"6812","2025-12-31","1","ios"
"6813","2024-05-26","1","android"
"6813","2024-07-03","1","ios"
"6813","2024-07-13","1","web"
"6813","2024-07-22","1","ios"
"6813","2024-08-02","1","android"
"6813","2024-09-05","2","web"
"6814","2026-02-28","1","android"
"6814","2026-03-26","1","android"
"6815","2022-10-30","1","ios"
"6816","2025-11-11","1","android"
"6816","2025-11-24","1","ios"
"6816","2025-12-11","1","web"
"6816","2026-01-16","1","android"
"6817","2024-06-01","1","web"
"6817","2024-06-14","1","ios"
"6818","2020-04-17","1","android"
"6818","2020-04-19","1","android"
"6818","2020-04-25","1","web"
"6818","2021-01-05","1","ios"
"6818","2022-05-11","2","android"
"6818","2022-06-04","1","ios"
"6818","2022-06-20","1","ios"
"6818","2022-07-08","1","ios"
"6818","2022-08-07","1","web"
"6819","2024-05-14","1","ios"
"6819","2025-01-31","1","ios"
"6819","2025-02-21","1","ios"
"6819","2025-03-07","1","ios"
"6819","2025-03-16","1","ios"
"6819","2026-02-01","1","android"
"6820","2025-04-15","1","ios"
"6821","2020-10-14","1","web"
"6821","2020-11-20","1","web"
"6821","2020-12-15","1","ios"
"6821","2021-01-16","1","android"
"6822","2021-06-23","1","ios"
"6822","2021-07-25","1","ios"
"6823","2019-06-05","1","android"
"6823","2019-09-15","1","ios"
"6823","2020-11-08","1","web"
"6823","2020-11-10","2","android"
"6823","2020-12-21","1","web"
"6823","2020-12-31","1","android"
"6824","2024-09-16","1","web"
"6824","2024-10-05","1","android"
"6824","2024-12-13","1","web"
"6824","2025-01-21","1","web"
"6824","2025-02-09","1","ios"
"6824","2025-02-13","1","android"
"6825","2024-09-04","1","ios"
"6826","2019-09-22","1","ios"
"6826","2019-10-10","1","ios"
"6826","2019-11-01","1","web"
"6826","2019-11-12","1","ios"
"6826","2019-11-16","1","ios"
"6826","2019-12-06","1","ios"
"6826","2019-12-08","1","ios"
"6826","2020-01-08","1","android"
"6827","2024-09-04","1","ios"
"6828","2022-10-30","1","android"
"6829","2024-05-06","1","ios"
"6829","2024-05-22","1","web"
"6829","2025-05-09","1","android"
"6829","2025-05-21","1","ios"
"6829","2025-06-28","2","ios"
"6830","2023-11-27","1","ios"
"6830","2024-10-25","1","ios"
"6830","2024-10-27","1","android"
"6830","2025-01-13","1","ios"
"6830","2025-01-28","2","ios"
"6830","2025-02-02","1","ios"
"6831","2020-10-25","1","web"
"6831","2020-11-14","1","ios"
"6831","2020-11-16","1","ios"
"6831","2021-01-03","1","web"
"6831","2024-08-11","1","ios"
"6831","2024-09-24","1","ios"
"6831","2024-10-25","1","android"
"6831","2024-10-29","1","ios"
"6831","2024-10-31","2","android"
"6831","2024-11-21","1","android"
"6831","2025-05-01","1","ios"
"6832","2020-07-24","1","web"
"6832","2020-07-25","1","ios"
"6833","2025-09-02","1","web"
"6833","2025-09-18","1","web"
"6833","2025-10-13","1","web"
"6833","2026-02-15","1","android"
"6833","2026-02-18","1","ios"
"6833","2026-03-08","1","web"
"6833","2026-03-27","1","android"
"6833","2026-05-22","1","android"
"6833","2026-06-02","1","android"
"6833","2026-06-16","1","ios"
"6833","2026-06-20","1","ios"
"6834","2022-09-15","1","ios"
"6834","2022-09-24","1","ios"
"6834","2023-02-22","1","ios"
"6835","2025-05-12","1","web"
"6835","2025-06-12","1","ios"
"6835","2025-06-19","1","ios"
"6836","2024-11-18","1","ios"
"6836","2025-10-21","1","ios"
"6836","2025-11-14","1","android"
"6836","2025-11-22","1","ios"
"6836","2025-12-19","1","ios"
"6836","2025-12-20","1","ios"
"6837","2024-09-13","1","ios"
"6837","2024-09-16","1","ios"
"6837","2024-09-29","1","ios"
"6837","2024-10-14","1","android"
"6837","2024-10-18","1","web"
"6837","2024-11-30","1","android"
"6837","2025-01-01","1","ios"
"6837","2025-01-11","1","android"
"6837","2025-02-14","1","ios"
"6837","2025-09-01","1","ios"
"6837","2025-09-04","1","android"
"6838","2024-10-31","1","ios"
"6839","2021-07-09","1","ios"
"6839","2022-02-02","1","ios"
"6839","2022-02-06","1","web"
"6839","2022-02-09","1","ios"
"6839","2023-05-09","1","android"
"6840","2024-12-25","1","android"
"6840","2025-01-20","1","ios"
"6840","2025-01-24","1","ios"
"6840","2025-02-22","1","ios"
"6841","2025-11-28","1","android"
"6842","2022-12-25","1","android"
"6843","2025-04-28","1","web"
"6844","2025-10-07","1","ios"
"6845","2021-01-24","1","web"
"6845","2022-10-08","1","web"
"6846","2021-08-30","1","android"
"6846","2021-09-13","1","ios"
"6846","2022-04-16","1","ios"
"6846","2023-01-25","1","android"
"6846","2024-03-15","1","android"
"6846","2025-04-29","1","web"
"6847","2023-05-02","1","ios"
"6847","2023-05-18","1","ios"
"6848","2025-07-08","1","ios"
"6849","2024-12-01","1","ios"
"6849","2024-12-09","1","ios"
"6849","2024-12-12","1","android"
"6850","2024-04-10","1","ios"
"6850","2024-04-24","1","ios"
"6850","2025-01-09","1","web"
"6850","2025-02-02","1","android"
"6850","2025-02-04","1","ios"
"6850","2025-02-26","1","web"
"6850","2025-02-28","1","web"
"6850","2025-03-03","1","android"
"6851","2025-02-27","1","ios"
"6851","2025-03-02","1","web"
"6851","2025-03-20","1","ios"
"6852","2025-04-05","1","android"
"6852","2025-05-25","1","android"
"6852","2025-05-27","1","ios"
"6852","2025-07-12","1","ios"
"6852","2025-08-20","1","android"
"6852","2025-09-06","1","web"
"6852","2026-02-14","2","web"
"6853","2022-06-15","1","ios"
"6853","2022-07-19","1","ios"
"6854","2024-06-01","1","ios"
"6854","2024-06-04","1","web"
"6854","2024-06-07","1","android"
"6854","2024-07-08","1","android"
"6854","2024-07-28","1","web"
"6854","2024-08-17","1","ios"
"6854","2024-08-18","1","android"
"6854","2024-08-21","1","ios"
"6854","2024-09-06","1","ios"
"6854","2025-08-17","1","android"
"6854","2025-08-31","2","web"
"6854","2025-09-25","1","ios"
"6854","2025-10-22","1","ios"
"6855","2024-07-24","1","web"
"6855","2024-08-05","1","android"
"6855","2024-08-14","1","android"
"6855","2024-08-21","1","android"
"6856","2025-06-22","1","web"
"6856","2026-06-28","1","ios"
"6857","2025-06-08","1","ios"
"6857","2025-06-15","1","android"
"6858","2026-05-19","1","ios"
"6858","2026-05-25","1","ios"
"6858","2026-06-05","1","web"
"6859","2022-10-20","1","ios"
"6859","2022-10-23","1","web"
"6859","2023-06-09","1","ios"
"6859","2023-06-10","1","ios"
"6859","2023-07-11","1","web"
"6859","2023-07-25","1","ios"
"6859","2023-07-26","1","web"
"6859","2025-05-28","1","ios"
"6859","2025-06-27","1","ios"
"6859","2025-07-08","1","ios"
"6860","2019-06-27","1","web"
"6861","2026-02-10","1","ios"
"6862","2020-07-03","1","ios"
"6862","2020-07-14","2","ios"
"6863","2024-10-07","1","android"
"6864","2026-04-07","1","ios"
"6864","2026-04-10","1","web"
"6864","2026-04-13","1","ios"
"6864","2026-05-02","1","ios"
"6864","2026-05-18","1","ios"
"6864","2026-05-25","1","web"
"6864","2026-06-07","1","ios"
"6865","2024-05-26","1","ios"
"6865","2024-05-30","1","android"
"6866","2026-01-20","1","android"
"6866","2026-02-20","1","ios"
"6866","2026-06-24","1","android"
"6867","2022-05-14","1","ios"
"6867","2022-08-05","1","android"
"6867","2024-05-10","1","ios"
"6867","2024-05-22","1","android"
"6867","2025-01-19","1","ios"
"6867","2025-01-30","1","web"
"6867","2025-06-22","2","ios"
"6868","2020-08-17","1","ios"
"6868","2020-09-01","1","ios"
"6868","2021-03-20","1","android"
"6868","2021-03-28","1","ios"
"6868","2022-07-10","1","ios"
"6868","2022-07-18","2","android"
"6868","2022-11-04","1","ios"
"6868","2022-11-05","1","android"
"6868","2022-12-03","1","web"
"6869","2022-07-17","1","android"
"6870","2026-02-26","1","android"
"6870","2026-03-07","1","ios"
"6871","2020-09-15","1","ios"
"6871","2020-09-17","1","android"
"6871","2020-09-29","1","ios"
"6871","2020-10-11","1","ios"
"6872","2020-03-19","1","android"
"6872","2020-03-20","1","android"
"6872","2020-04-16","1","android"
"6872","2021-02-23","1","web"
"6872","2021-03-25","1","ios"
"6872","2021-04-13","2","android"
"6872","2021-04-15","1","ios"
"6872","2021-05-06","1","ios"
"6872","2022-07-11","1","ios"
"6872","2023-02-08","1","android"
"6872","2023-07-27","1","android"
"6873","2024-12-22","1","android"
"6873","2025-08-23","1","ios"
"6873","2025-09-27","1","android"
"6873","2025-10-08","1","ios"
"6873","2025-10-25","1","web"
"6873","2025-11-26","1","ios"
"6873","2025-12-17","1","ios"
"6873","2025-12-18","1","web"
"6874","2023-05-24","1","ios"
"6874","2023-05-25","1","android"
"6875","2022-04-03","1","ios"
"6875","2022-04-07","1","web"
"6875","2024-02-27","1","android"
"6876","2023-11-23","1","android"
"6876","2023-11-24","1","ios"
"6877","2023-08-22","1","ios"
"6877","2023-09-07","1","android"
"6877","2023-10-17","1","android"
"6877","2023-11-02","2","ios"
"6877","2023-11-15","1","web"
"6877","2025-10-25","1","ios"
"6877","2025-11-07","1","ios"
"6877","2025-11-12","1","ios"
"6877","2025-11-27","2","ios"
"6877","2025-11-28","1","android"
"6878","2026-05-03","1","android"
"6878","2026-06-02","1","ios"
"6879","2021-11-26","1","web"
"6879","2022-01-19","1","ios"
"6879","2022-08-18","1","web"
"6879","2022-09-16","1","web"
"6880","2024-06-24","1","ios"
"6881","2024-12-08","1","ios"
"6881","2024-12-20","1","ios"
"6882","2024-01-19","1","android"
"6882","2024-01-29","1","web"
"6882","2024-02-07","1","ios"
"6882","2024-02-08","1","ios"
"6882","2024-02-09","1","android"
"6883","2023-01-18","1","android"
"6883","2025-02-08","1","ios"
"6883","2025-03-09","1","android"
"6883","2025-03-12","1","web"
"6884","2024-04-17","1","android"
"6884","2024-04-23","1","android"
"6884","2024-11-08","1","ios"
"6884","2024-11-09","1","web"
"6885","2019-06-28","1","android"
"6885","2020-01-26","1","android"
"6885","2020-02-24","1","ios"
"6885","2020-02-25","1","ios"
"6885","2020-03-10","1","ios"
"6885","2020-03-22","1","ios"
"6885","2020-03-24","1","android"
"6885","2020-03-26","1","android"
"6885","2020-04-12","1","android"
"6885","2021-02-11","1","ios"
"6885","2021-11-23","1","web"
"6885","2021-12-03","1","ios"
"6885","2022-02-12","1","ios"
"6885","2022-02-18","1","ios"
"6885","2022-10-30","1","ios"
"6885","2022-11-23","2","android"
"6885","2022-11-26","1","ios"
"6885","2022-12-17","1","ios"
"6885","2023-01-16","1","web"
"6885","2023-02-18","1","ios"
"6885","2023-02-21","1","android"
"6886","2022-07-29","1","web"
"6886","2024-09-22","1","ios"
"6886","2024-09-30","1","ios"
"6886","2024-11-16","1","web"
"6887","2024-08-14","1","web"
"6888","2020-03-08","1","ios"
"6889","2024-08-18","1","ios"
"6889","2025-09-14","1","android"
"6889","2025-09-23","1","ios"
"6890","2023-11-16","1","web"
"6890","2023-12-12","1","web"
"6890","2023-12-17","1","ios"
"6890","2023-12-28","1","ios"
"6890","2024-01-02","1","ios"
"6890","2024-01-29","1","ios"
"6890","2024-02-19","1","ios"
"6890","2024-02-24","1","ios"
"6890","2024-06-05","1","ios"
"6890","2024-06-15","1","ios"
"6890","2024-07-05","1","ios"
"6890","2024-07-15","1","android"
"6890","2024-12-22","1","ios"
"6890","2024-12-25","1","ios"
"6891","2025-05-24","1","android"
"6891","2025-05-31","1","web"
"6891","2025-08-16","1","android"
"6891","2025-08-21","1","android"
"6891","2026-03-17","1","ios"
"6892","2021-10-14","1","ios"
"6893","2022-10-10","1","android"
"6893","2022-10-15","1","web"
"6893","2022-10-17","1","ios"
"6893","2022-10-18","1","ios"
"6894","2024-05-04","1","ios"
"6894","2024-05-14","1","android"
"6894","2024-05-20","1","web"
"6895","2023-06-20","1","ios"
"6896","2024-01-17","1","web"
"6896","2024-07-27","1","ios"
"6897","2025-09-27","1","ios"
"6898","2019-08-17","1","ios"
"6898","2019-08-20","1","android"
"6898","2019-08-21","1","web"
"6898","2019-08-23","1","android"
"6899","2025-02-04","1","ios"
"6899","2025-02-28","1","ios"
"6899","2025-03-11","1","android"
"6899","2025-04-26","1","android"
"6899","2025-07-29","2","web"
"6899","2025-12-25","2","ios"
"6899","2026-01-05","1","ios"
"6900","2023-02-05","1","web"
"6901","2026-03-03","1","ios"
"6901","2026-03-08","1","web"
"6902","2019-03-15","1","ios"
"6902","2019-04-12","1","ios"
"6902","2019-04-20","1","android"
"6902","2019-05-02","1","android"
"6902","2020-01-27","1","web"
"6902","2020-02-09","1","ios"
"6902","2020-05-11","2","web"
"6902","2020-06-09","1","web"
"6903","2022-10-08","1","android"
"6903","2023-06-09","1","web"
"6903","2023-07-10","1","android"
"6903","2023-07-22","1","web"
"6903","2023-08-14","1","ios"
"6903","2023-08-28","1","ios"
"6903","2023-09-26","1","android"
"6903","2023-10-05","1","ios"
"6903","2024-08-10","1","android"
"6903","2024-09-16","1","ios"
"6904","2023-12-30","1","android"
"6904","2024-01-12","1","ios"
"6904","2024-01-26","1","ios"
"6904","2024-02-17","1","android"
"6904","2024-02-20","2","android"
"6904","2024-03-01","1","ios"
"6905","2024-12-01","1","web"
"6906","2024-10-17","1","ios"
"6907","2022-03-06","1","ios"
"6907","2022-03-12","1","ios"
"6908","2021-10-03","1","ios"
"6909","2025-09-26","1","android"
"6909","2025-09-28","1","android"
"6910","2023-12-24","1","android"
"6910","2024-05-11","1","android"
"6911","2022-11-04","1","web"
"6911","2022-11-09","1","android"
"6911","2023-08-29","1","web"
"6911","2023-09-20","1","android"
"6911","2023-09-28","1","ios"
"6912","2023-08-21","1","ios"
"6912","2024-09-15","1","ios"
"6912","2026-02-16","1","android"
"6913","2023-07-02","1","ios"
"6914","2023-04-14","1","android"
"6914","2024-10-14","1","android"
"6914","2024-10-17","1","ios"
"6914","2025-01-01","1","ios"
"6915","2026-01-27","1","android"
"6916","2024-07-25","1","android"
"6916","2024-09-24","1","ios"
"6916","2024-10-28","2","ios"
"6916","2024-11-09","1","web"
"6916","2026-04-20","1","android"
"6916","2026-04-21","1","ios"
"6916","2026-05-13","1","ios"
"6916","2026-05-30","1","web"
"6917","2022-11-03","1","web"
"6917","2022-11-14","1","android"
"6918","2026-06-22","1","ios"
"6919","2024-10-27","1","web"
"6919","2025-05-19","1","ios"
"6919","2026-01-19","1","ios"
"6920","2021-12-14","1","web"
"6920","2021-12-25","1","android"
"6920","2021-12-26","1","android"
"6921","2025-08-13","1","ios"
"6921","2025-08-20","1","web"
"6922","2023-01-17","1","ios"
"6922","2023-01-31","1","ios"
"6922","2023-02-19","1","web"
"6922","2023-03-03","1","android"
"6923","2025-06-17","1","ios"
"6923","2025-07-19","1","ios"
"6923","2025-08-12","1","ios"
"6923","2025-08-15","1","android"
"6923","2025-08-25","1","ios"
"6923","2026-05-06","1","android"
"6923","2026-05-09","1","ios"
"6924","2021-02-18","1","ios"
"6924","2021-03-20","1","ios"
"6925","2023-02-04","1","android"
"6925","2023-09-27","1","ios"
"6925","2025-01-17","1","android"
"6925","2026-04-15","1","android"
"6925","2026-05-09","1","android"
"6925","2026-05-14","1","web"
"6925","2026-05-18","1","android"
"6925","2026-06-28","1","ios"
"6926","2022-08-17","1","ios"
"6926","2022-09-09","1","web"
"6926","2022-10-03","1","android"
"6927","2026-03-05","1","ios"
"6928","2021-02-18","1","android"
"6928","2021-03-17","1","web"
"6929","2025-01-19","1","ios"
"6929","2025-02-04","1","android"
"6929","2025-02-09","1","android"
"6929","2025-03-29","1","ios"
"6929","2025-04-12","1","ios"
"6929","2025-04-20","1","android"
"6930","2022-05-16","1","web"
"6930","2022-05-21","1","web"
"6931","2023-02-19","1","android"
"6931","2023-02-22","1","android"
"6931","2023-04-02","1","android"
"6932","2022-10-19","1","web"
"6932","2022-10-20","1","ios"
"6932","2022-12-29","1","web"
"6932","2023-11-01","1","ios"
"6932","2023-11-10","1","web"
"6932","2023-11-22","1","ios"
"6932","2023-11-29","1","ios"
"6932","2023-12-11","1","android"
"6933","2023-09-30","1","android"
"6933","2023-10-28","1","web"
"6933","2023-11-26","1","web"
"6933","2024-06-02","1","ios"
"6933","2025-10-20","1","ios"
"6934","2021-05-13","1","ios"
"6934","2021-05-15","1","android"
"6934","2021-05-22","1","web"
"6934","2021-05-23","1","ios"
"6934","2021-05-24","1","android"
"6934","2021-06-15","1","android"
"6934","2021-07-20","1","android"
"6934","2021-08-16","1","android"
"6934","2021-08-21","1","ios"
"6934","2021-08-23","1","ios"
"6934","2021-09-03","1","android"
"6934","2021-09-17","1","ios"
"6934","2021-10-01","1","android"
"6934","2021-10-13","1","android"
"6934","2021-10-21","1","android"
"6934","2021-10-30","1","ios"
"6934","2021-11-27","1","ios"
"6934","2023-08-01","1","ios"
"6934","2023-09-08","1","ios"
"6934","2023-09-25","1","android"
"6934","2023-09-29","2","ios"
"6934","2023-10-07","1","android"
"6934","2023-10-26","1","web"
"6935","2022-07-05","1","ios"
"6935","2024-09-03","1","ios"
"6935","2025-12-25","1","ios"
"6936","2025-02-03","1","ios"
"6936","2025-02-04","1","web"
"6936","2025-02-23","1","ios"
"6936","2025-02-28","1","android"
"6936","2025-05-24","2","android"
"6936","2025-05-30","1","ios"
"6936","2025-06-15","1","android"
"6936","2025-06-25","1","ios"
"6936","2025-08-05","1","web"
"6936","2025-08-16","1","ios"
"6936","2025-08-28","1","android"
"6936","2025-09-11","1","ios"
"6936","2025-09-26","1","android"
"6936","2025-10-06","1","ios"
"6936","2025-10-13","2","ios"
"6936","2025-10-23","1","android"
"6937","2024-10-01","1","ios"
"6937","2024-10-13","1","ios"
"6937","2024-10-18","1","android"
"6937","2026-01-20","1","ios"
"6938","2024-07-28","1","ios"
"6938","2024-08-17","1","ios"
"6938","2024-09-07","1","ios"
"6938","2025-11-29","2","android"
"6939","2022-04-11","1","ios"
"6940","2026-01-30","1","android"
"6940","2026-02-11","1","web"
"6941","2023-10-22","1","android"
"6941","2023-11-13","1","ios"
"6941","2024-01-05","1","ios"
"6941","2024-09-09","1","android"
"6941","2024-09-18","1","ios"
"6941","2024-09-27","1","ios"
"6941","2024-09-28","1","web"
"6942","2024-07-27","1","android"
"6943","2024-10-22","1","web"
"6943","2024-10-23","1","android"
"6943","2024-11-01","1","ios"
"6943","2024-11-04","1","ios"
"6943","2024-11-22","1","android"
"6943","2024-11-23","1","ios"
"6944","2023-11-18","1","ios"
"6944","2023-11-21","1","android"
"6944","2023-12-08","1","android"
"6945","2022-07-20","1","android"
"6945","2022-07-21","1","ios"
"6945","2022-07-30","1","web"
"6945","2022-08-03","1","ios"
"6945","2022-08-06","1","ios"
"6945","2022-08-07","1","ios"
"6945","2022-08-22","1","web"
"6945","2022-09-30","1","android"
"6945","2022-10-23","1","ios"
"6945","2022-11-10","1","ios"
"6945","2023-07-22","2","android"
"6945","2023-08-15","1","ios"
"6945","2023-08-29","1","android"
"6945","2024-02-05","1","web"
"6946","2026-01-22","1","ios"
"6946","2026-02-06","1","ios"
"6946","2026-03-19","1","ios"
"6947","2023-03-16","1","ios"
"6947","2023-03-17","1","web"
"6947","2023-03-28","1","android"
"6947","2023-04-01","1","android"
"6947","2023-05-26","2","ios"
"6948","2021-10-13","1","android"
"6948","2021-10-28","1","ios"
"6948","2022-09-02","1","ios"
"6949","2025-09-29","1","ios"
"6950","2019-09-11","1","ios"
"6950","2019-09-14","1","ios"
"6950","2019-10-07","1","ios"
"6950","2019-10-30","1","android"
"6950","2020-09-17","1","ios"
"6950","2025-09-09","1","ios"
"6950","2026-05-19","1","ios"
"6951","2025-09-12","1","ios"
"6952","2019-11-11","1","android"
"6953","2026-04-29","1","android"
"6954","2024-09-25","1","web"
"6954","2024-09-30","1","ios"
"6954","2024-10-05","1","ios"
"6954","2024-10-15","1","android"
"6954","2024-11-02","1","ios"
"6954","2024-11-09","1","web"
"6954","2024-11-22","1","ios"
"6954","2025-06-11","1","android"
"6955","2020-09-05","1","ios"
"6955","2022-04-11","1","ios"
"6955","2022-09-19","1","ios"
"6955","2022-10-01","1","ios"
"6955","2024-11-01","1","android"
"6955","2024-11-07","1","android"
"6955","2024-11-08","1","ios"
"6955","2025-07-23","1","android"
"6956","2024-07-30","1","web"
"6956","2024-08-08","1","ios"
"6956","2024-12-28","1","ios"
"6956","2025-01-07","1","ios"
"6956","2025-02-28","1","android"
"6957","2024-01-27","1","ios"
"6957","2024-02-10","1","web"
"6957","2024-03-10","1","ios"
"6957","2024-03-21","1","android"
"6958","2025-07-25","1","android"
"6958","2025-08-01","1","web"
"6958","2025-08-30","1","ios"
"6958","2025-10-01","1","web"
"6958","2025-10-07","1","ios"
"6958","2025-10-19","1","ios"
"6958","2025-11-02","1","ios"
"6958","2025-11-07","1","ios"
"6958","2026-05-24","1","web"
"6958","2026-06-12","1","web"
"6958","2026-06-16","1","ios"
"6958","2026-06-25","1","ios"
"6959","2024-05-08","1","ios"
"6959","2024-05-12","1","android"
"6959","2024-07-04","1","web"
"6959","2024-07-16","1","ios"
"6959","2024-07-29","1","ios"
"6959","2024-11-19","1","android"
"6959","2024-11-20","1","web"
"6959","2024-12-01","1","ios"
"6959","2025-06-08","1","ios"
"6959","2025-08-22","1","web"
"6959","2025-09-08","1","android"
"6959","2025-09-22","1","web"
"6959","2026-03-19","1","android"
"6960","2021-10-11","1","android"
"6960","2021-10-15","1","ios"
"6961","2025-10-23","1","ios"
"6961","2025-11-03","1","ios"
"6962","2022-06-04","1","ios"
"6962","2023-02-23","1","ios"
"6962","2023-04-07","1","android"
"6962","2023-04-08","1","web"
"6962","2023-04-30","1","web"
"6962","2024-09-12","1","ios"
"6962","2025-06-14","1","android"
"6963","2022-08-26","1","web"
"6963","2022-09-10","1","ios"
"6963","2022-09-18","1","web"
"6963","2022-09-19","1","web"
"6964","2023-10-03","1","android"
"6964","2024-08-27","1","android"
"6965","2025-08-06","1","android"
"6966","2022-12-02","1","ios"
"6967","2025-12-12","1","android"
"6968","2023-02-16","1","android"
"6968","2023-11-14","1","web"
"6968","2023-11-20","1","android"
"6968","2023-11-24","1","ios"
"6969","2025-06-04","1","android"
"6969","2025-06-20","1","ios"
"6969","2025-06-21","1","ios"
"6970","2023-12-11","1","android"
"6970","2024-12-17","1","android"
"6971","2024-01-31","1","android"
"6972","2022-04-08","1","ios"
"6972","2022-04-10","1","android"
"6973","2024-06-08","1","ios"
"6973","2024-06-09","1","web"
"6973","2024-06-17","1","android"
"6973","2024-10-19","1","ios"
"6973","2024-10-26","1","ios"
"6973","2024-10-27","1","android"
"6973","2024-11-12","1","ios"
"6973","2024-11-22","1","web"
"6973","2024-11-27","1","android"
"6974","2020-07-14","1","android"
"6974","2020-07-17","1","ios"
"6974","2020-07-18","1","ios"
"6975","2023-11-14","1","android"
"6975","2024-05-18","1","android"
"6976","2024-10-02","1","android"
"6976","2024-10-07","1","web"
"6976","2024-10-25","1","android"
"6976","2024-10-27","1","android"
"6976","2024-11-22","1","ios"
"6976","2024-11-23","1","android"
"6976","2025-09-18","1","ios"
"6977","2023-09-01","1","android"
"6977","2024-02-19","1","web"
"6977","2024-02-27","1","web"
"6977","2024-03-02","1","ios"
"6977","2025-10-04","1","android"
"6977","2025-11-01","1","ios"
"6977","2025-11-02","1","android"
"6977","2025-11-14","1","ios"
"6978","2021-07-14","1","android"
"6978","2021-07-24","1","ios"
"6979","2022-05-26","1","ios"
"6979","2022-06-03","1","web"
"6979","2022-06-06","1","android"
"6979","2022-06-11","1","ios"
"6979","2022-08-24","2","android"
"6979","2024-03-05","1","ios"
"6979","2024-03-25","1","ios"
"6979","2024-05-11","1","ios"
"6980","2019-11-19","1","android"
"6980","2019-11-29","1","android"
"6980","2020-01-09","2","ios"
"6980","2020-01-10","1","ios"
"6981","2021-09-01","1","android"
"6981","2021-09-03","1","android"
"6981","2021-09-04","1","web"
"6981","2021-09-08","1","web"
"6982","2025-07-27","1","android"
"6983","2023-07-13","1","android"
"6984","2023-01-19","1","ios"
"6984","2023-01-21","1","web"
"6984","2023-01-22","1","android"
"6985","2024-04-17","1","android"
"6985","2024-04-28","1","ios"
"6985","2024-05-02","1","ios"
"6985","2025-04-13","1","web"
"6985","2026-03-15","1","ios"
"6986","2025-05-25","1","ios"
"6986","2025-06-02","1","ios"
"6986","2026-03-03","1","ios"
"6987","2023-11-18","1","web"
"6987","2023-11-28","1","android"
"6988","2024-12-11","1","ios"
"6988","2025-01-15","1","web"
"6989","2021-06-07","1","ios"
"6989","2021-06-18","1","ios"
"6989","2024-01-15","1","web"
"6989","2024-03-02","2","android"
"6989","2024-04-14","1","ios"
"6989","2024-04-16","1","ios"
"6989","2025-07-29","2","ios"
"6989","2025-08-05","1","android"
"6989","2026-02-13","1","android"
"6990","2024-09-10","1","android"
"6991","2020-05-01","1","ios"
"6991","2023-02-18","1","ios"
"6991","2023-02-24","1","ios"
"6991","2024-04-22","1","web"
"6991","2025-04-10","2","ios"
"6992","2021-12-10","1","ios"
"6992","2022-10-17","1","android"
"6992","2023-10-03","1","ios"
"6992","2023-10-13","1","web"
"6993","2024-08-31","1","ios"
"6994","2024-12-02","1","android"
"6994","2024-12-11","1","ios"
"6994","2026-03-11","1","web"
"6994","2026-03-14","1","ios"
"6995","2022-12-13","1","android"
"6995","2025-08-02","1","ios"
"6995","2025-11-17","1","ios"
"6995","2026-01-03","1","android"
"6995","2026-05-01","1","ios"
"6996","2025-07-22","1","web"
"6996","2025-07-23","1","web"
"6996","2025-07-26","1","android"
"6996","2025-08-06","1","web"
"6996","2025-08-26","1","ios"
"6997","2026-03-05","1","android"
"6997","2026-03-18","1","ios"
"6997","2026-03-31","1","web"
"6997","2026-05-27","1","android"
"6997","2026-06-09","1","ios"
"6998","2025-12-17","1","android"
"6999","2022-11-23","1","android"
"6999","2022-12-23","1","ios"
"6999","2023-01-01","1","ios"
"7000","2026-06-03","1","ios"
"7001","2023-09-10","1","android"
"7001","2025-05-07","1","android"
"7001","2025-05-26","1","ios"
"7002","2020-05-16","1","ios"
"7002","2020-05-17","1","ios"
"7002","2020-05-31","1","android"
"7002","2020-12-30","1","ios"
"7002","2020-12-31","2","web"
"7002","2021-01-11","1","ios"
"7002","2021-01-12","1","ios"
"7002","2021-12-29","1","ios"
"7002","2022-12-28","1","ios"
"7002","2024-01-10","1","ios"
"7003","2024-09-14","1","android"
"7004","2026-03-02","1","ios"
"7005","2019-05-24","1","android"
"7005","2019-06-16","1","ios"
"7005","2019-06-19","1","android"
"7005","2019-07-04","1","web"
"7005","2019-07-18","1","ios"
"7006","2024-10-07","1","android"
"7006","2024-10-15","1","android"
"7006","2024-10-29","1","android"
"7006","2024-11-02","1","ios"
"7007","2023-07-17","1","ios"
"7007","2025-12-02","1","ios"
"7007","2026-05-24","1","web"
"7008","2022-06-02","1","android"
"7008","2022-06-11","1","web"
"7008","2022-06-21","1","web"
"7009","2020-05-24","1","ios"
"7010","2023-04-13","1","ios"
"7011","2025-12-29","1","ios"
"7012","2019-11-23","1","ios"
"7012","2019-12-20","1","ios"
"7012","2020-01-09","1","web"
"7012","2020-01-29","1","android"
"7012","2020-04-03","1","ios"
"7012","2020-04-23","1","ios"
"7012","2020-04-24","1","ios"
"7012","2020-05-05","1","android"
"7012","2020-05-21","1","android"
"7012","2021-01-03","1","android"
"7013","2022-12-30","1","ios"
"7013","2023-01-14","1","web"
"7013","2023-01-17","1","android"
"7013","2023-02-09","1","ios"
"7013","2023-02-21","1","ios"
"7013","2023-03-16","1","android"
"7013","2024-03-20","1","ios"
"7013","2024-03-27","1","android"
"7013","2024-03-30","1","android"
"7013","2024-04-07","1","web"
"7013","2024-12-15","1","web"
"7013","2026-05-01","1","ios"
"7013","2026-06-01","1","web"
"7013","2026-06-03","2","ios"
"7014","2024-04-16","1","android"
"7014","2024-04-17","1","ios"
"7014","2026-02-21","1","web"
"7014","2026-02-22","2","android"
"7014","2026-03-14","1","ios"
"7015","2025-04-26","1","ios"
"7015","2025-05-09","1","android"
"7015","2025-05-15","1","ios"
"7015","2025-05-28","1","web"
"7015","2025-05-31","1","android"
"7015","2025-07-14","1","web"
"7015","2025-08-24","1","ios"
"7015","2025-08-27","1","ios"
"7015","2025-09-06","1","ios"
"7015","2025-10-01","1","ios"
"7015","2025-10-21","1","android"
"7016","2020-11-06","1","android"
"7016","2020-12-08","1","web"
"7016","2022-04-28","2","ios"
"7016","2023-05-08","1","android"
"7016","2024-07-23","1","ios"
"7016","2025-08-17","1","android"
"7016","2026-04-20","1","ios"
"7017","2025-11-20","1","ios"
"7018","2021-08-24","1","ios"
"7018","2021-09-16","1","ios"
"7018","2021-09-28","1","ios"
"7018","2024-05-31","1","android"
"7018","2024-06-02","1","ios"
"7018","2024-08-23","1","ios"
"7018","2024-09-06","1","android"
"7018","2024-09-07","1","ios"
"7018","2026-03-23","1","android"
"7019","2024-11-26","1","ios"
"7019","2025-04-12","1","ios"
"7019","2026-05-26","1","ios"
"7020","2025-04-23","1","ios"
"7020","2026-05-08","1","web"
"7021","2025-02-07","1","android"
"7021","2025-02-16","1","ios"
"7022","2025-12-28","1","android"
"7022","2025-12-29","1","android"
"7022","2026-01-03","1","web"
"7022","2026-01-06","1","android"
"7022","2026-02-14","1","ios"
"7022","2026-03-07","1","android"
"7022","2026-03-23","1","web"
"7022","2026-04-13","1","android"
"7022","2026-04-19","1","ios"
"7022","2026-05-01","1","web"
"7023","2025-12-23","1","ios"
"7023","2025-12-29","1","android"
"7024","2023-09-19","1","ios"
"7024","2025-01-19","1","ios"
"7025","2025-07-10","1","ios"
"7025","2025-07-23","1","web"
"7025","2025-08-09","1","android"
"7025","2025-08-18","1","android"
"7025","2026-05-09","2","ios"
"7025","2026-05-10","1","ios"
"7025","2026-05-18","1","ios"
"7025","2026-05-22","1","ios"
"7025","2026-05-23","1","android"
"7025","2026-05-30","1","ios"
"7025","2026-06-20","1","ios"
"7026","2020-12-30","1","ios"
"7027","2024-07-09","1","ios"
"7027","2024-07-10","1","android"
"7027","2024-08-11","1","ios"
"7027","2024-08-13","1","android"
"7027","2026-02-11","1","android"
"7027","2026-03-19","1","web"
"7028","2023-01-03","1","ios"
"7028","2023-01-19","1","ios"
"7029","2020-12-09","1","ios"
"7029","2021-08-22","1","android"
"7029","2022-05-09","1","ios"
"7029","2023-08-21","1","web"
"7030","2019-11-04","1","android"
"7030","2019-11-06","1","ios"
"7030","2019-11-25","1","ios"
"7030","2019-11-28","1","android"
"7030","2019-12-08","1","web"
"7030","2020-01-05","1","android"
"7030","2020-01-13","2","android"
"7030","2020-01-22","1","android"
"7030","2020-01-27","1","web"
"7030","2020-01-31","2","web"
"7031","2020-12-21","1","android"
"7031","2021-01-05","1","ios"
"7032","2022-04-29","1","ios"
"7032","2022-05-05","1","web"
"7032","2022-05-07","1","android"
"7032","2022-06-08","1","android"
"7032","2022-06-25","1","ios"
"7032","2022-07-01","1","ios"
"7033","2023-08-16","1","android"
"7033","2023-08-18","1","web"
"7034","2023-12-06","1","web"
"7035","2022-08-10","1","ios"
"7035","2022-09-09","1","ios"
"7035","2022-10-26","1","ios"
"7035","2022-11-10","1","ios"
"7035","2022-11-11","1","ios"
"7035","2022-11-14","1","ios"
"7035","2022-12-02","1","web"
"7035","2022-12-17","2","web"
"7035","2022-12-26","1","ios"
"7035","2022-12-29","1","ios"
"7035","2024-07-12","1","web"
"7036","2024-10-17","1","ios"
"7036","2025-03-11","1","android"
"7036","2026-05-06","1","ios"
"7037","2025-06-04","1","android"
"7037","2025-07-09","1","ios"
"7037","2025-07-13","1","web"
"7037","2025-08-16","1","web"
"7037","2025-08-20","1","web"
"7038","2023-11-08","1","ios"
"7039","2023-09-22","1","web"
"7039","2023-10-02","1","android"
"7039","2024-07-08","1","ios"
"7040","2026-05-31","1","ios"
"7040","2026-06-13","1","web"
"7041","2024-07-31","1","ios"
"7041","2024-08-03","1","android"
"7041","2024-09-15","1","ios"
"7041","2024-09-21","1","ios"
"7042","2020-08-27","1","android"
"7042","2022-01-28","1","android"
"7042","2022-05-06","1","web"
"7042","2022-10-22","1","ios"
"7042","2022-11-14","1","web"
"7042","2022-12-10","1","ios"
"7042","2022-12-31","1","web"
"7042","2023-01-01","1","ios"
"7042","2023-01-13","1","android"
"7042","2023-03-19","1","android"
"7043","2023-06-07","1","android"
"7043","2023-06-24","1","android"
"7043","2023-07-31","1","android"
"7043","2023-08-20","1","ios"
"7043","2023-09-19","1","android"
"7043","2023-10-06","1","web"
"7043","2023-10-08","1","android"
"7043","2023-11-04","1","ios"
"7043","2023-12-08","1","android"
"7043","2023-12-31","1","ios"
"7043","2024-01-14","1","android"
"7043","2024-01-28","1","ios"
"7043","2024-02-01","1","ios"
"7043","2024-02-14","1","android"
"7043","2024-03-14","1","ios"
"7043","2024-03-30","1","android"
"7043","2024-11-11","1","ios"
"7043","2024-11-23","1","web"
"7043","2026-06-14","1","ios"
"7043","2026-06-15","1","ios"
"7044","2021-11-21","1","web"
"7044","2023-01-19","1","ios"
"7044","2023-08-23","1","web"
"7044","2024-03-17","1","android"
"7044","2024-08-02","1","ios"
"7045","2024-05-04","1","web"
"7045","2025-02-07","1","ios"
"7045","2025-02-14","1","ios"
"7045","2025-04-04","1","web"
"7046","2026-02-02","1","ios"
"7046","2026-02-07","1","web"
"7047","2024-10-21","1","ios"
"7047","2025-10-07","2","android"
"7047","2025-10-08","1","web"
"7047","2025-11-02","1","ios"
"7047","2025-12-16","2","android"
"7048","2021-11-13","1","android"
"7048","2021-11-20","1","android"
"7048","2022-08-14","1","ios"
"7048","2023-04-17","1","ios"
"7048","2024-07-21","1","android"
"7049","2022-11-18","1","ios"
"7049","2023-08-02","1","android"
"7049","2023-08-26","1","android"
"7049","2023-09-07","1","ios"
"7049","2023-09-12","1","ios"
"7049","2023-09-18","1","ios"
"7049","2024-05-26","1","ios"
"7049","2024-06-23","1","web"
"7049","2025-08-29","1","ios"
"7050","2022-10-10","1","ios"
"7050","2025-07-21","2","ios"
"7050","2025-09-08","1","android"
"7051","2021-09-29","1","ios"
"7051","2021-10-13","1","ios"
"7051","2021-10-14","1","web"
"7051","2021-10-30","1","ios"
"7051","2022-06-26","1","ios"
"7051","2022-07-05","1","web"
"7051","2023-01-07","2","ios"
"7051","2023-02-03","1","android"
"7051","2023-02-06","1","ios"
"7052","2020-11-20","1","web"
"7053","2024-02-25","1","android"
"7053","2024-02-28","1","ios"
"7053","2024-03-25","1","web"
"7054","2025-06-17","1","ios"
"7055","2025-11-30","1","ios"
"7056","2021-07-29","1","ios"
"7056","2021-07-31","1","android"
"7057","2021-12-25","1","android"
"7057","2023-01-25","2","android"
"7057","2023-02-01","1","ios"
"7057","2024-01-03","2","ios"
"7057","2024-09-05","2","ios"
"7057","2025-06-16","1","android"
"7058","2025-07-15","1","ios"
"7058","2025-07-25","1","android"
"7059","2025-07-14","1","ios"
"7059","2025-07-17","1","ios"
"7059","2026-02-24","1","ios"
"7060","2024-06-17","1","ios"
"7060","2024-06-18","1","ios"
"7060","2025-04-11","1","android"
"7060","2025-04-27","2","ios"
"7060","2026-02-23","1","ios"
"7060","2026-03-17","1","ios"
"7060","2026-03-25","1","ios"
"7060","2026-04-02","1","android"
"7060","2026-04-06","1","ios"
"7060","2026-04-26","1","ios"
"7060","2026-04-27","1","android"
"7061","2025-08-26","1","ios"
"7061","2025-09-14","1","web"
"7061","2026-02-07","1","android"
"7061","2026-02-13","1","android"
"7061","2026-03-09","1","ios"
"7061","2026-03-23","1","android"
"7062","2021-08-27","1","android"
"7062","2024-04-14","1","ios"
"7062","2025-09-26","1","ios"
"7063","2023-12-31","1","android"
"7063","2024-08-03","1","android"
"7064","2026-03-14","1","ios"
"7064","2026-03-18","1","android"
"7065","2025-03-03","1","ios"
"7065","2025-03-23","1","android"
"7065","2025-04-06","1","android"
"7065","2025-05-01","1","web"
"7065","2025-05-19","1","ios"
"7066","2021-02-14","1","ios"
"7066","2021-03-13","1","ios"
"7066","2022-04-23","1","ios"
"7066","2023-01-04","1","web"
"7066","2024-03-21","1","web"
"7066","2024-09-22","1","web"
"7067","2026-06-05","1","android"
"7067","2026-06-12","1","ios"
"7068","2022-05-04","1","ios"
"7068","2023-08-24","1","ios"
"7068","2024-11-22","1","ios"
"7068","2024-11-23","1","android"
"7068","2024-12-01","1","android"
"7068","2024-12-18","1","web"
"7068","2024-12-21","1","ios"
"7068","2025-08-23","1","web"
"7068","2026-03-27","1","ios"
"7068","2026-04-30","1","ios"
"7069","2025-10-14","1","ios"
"7070","2023-12-23","1","android"
"7071","2023-09-30","1","android"
"7072","2022-04-03","1","android"
"7072","2022-04-07","1","ios"
"7073","2024-02-06","1","ios"
"7074","2023-01-21","1","ios"
"7075","2026-06-06","1","android"
"7075","2026-06-20","1","ios"
"7076","2022-04-12","1","ios"
"7076","2022-04-14","1","web"
"7076","2023-06-21","2","ios"
"7076","2023-06-28","1","ios"
"7077","2025-04-28","1","ios"
"7077","2025-05-03","1","android"
"7077","2025-07-27","1","android"
"7078","2026-05-19","1","ios"
"7078","2026-05-28","1","web"
"7078","2026-06-06","1","ios"
"7078","2026-06-27","1","android"
"7079","2022-04-18","1","web"
"7079","2023-01-14","1","android"
"7080","2026-04-15","1","web"
"7080","2026-05-14","1","android"
"7081","2025-10-01","1","web"
"7082","2025-03-19","1","web"
"7083","2024-07-11","1","ios"
"7083","2024-07-14","1","ios"
"7083","2024-07-23","1","android"
"7084","2024-03-24","1","web"
"7085","2022-09-23","1","web"
"7085","2022-09-26","1","ios"
"7085","2022-10-01","1","ios"
"7085","2022-10-10","1","ios"
"7086","2021-12-04","1","ios"
"7086","2021-12-05","1","android"
"7086","2022-04-11","1","android"
"7086","2024-10-23","1","ios"
"7086","2024-11-02","1","ios"
"7087","2025-11-12","1","ios"
"7087","2026-02-01","1","ios"
"7088","2023-01-04","1","android"
"7088","2023-01-28","1","ios"
"7088","2024-02-23","1","android"
"7088","2024-07-14","1","android"
"7088","2024-08-18","1","ios"
"7088","2025-03-27","1","android"
"7088","2025-04-20","1","ios"
"7088","2025-05-23","1","ios"
"7088","2025-05-24","1","android"
"7088","2025-06-08","1","android"
"7089","2025-02-02","1","android"
"7089","2025-02-06","1","ios"
"7090","2021-06-28","1","ios"
"7091","2023-02-09","1","ios"
"7091","2023-03-02","1","ios"
"7091","2023-04-22","1","android"
"7091","2023-05-15","1","ios"
"7091","2024-02-25","1","web"
"7091","2024-04-25","1","ios"
"7091","2025-05-07","1","ios"
"7091","2025-05-14","1","ios"
"7091","2025-05-24","1","ios"
"7091","2025-05-25","1","ios"
"7091","2025-05-28","1","ios"
"7091","2025-06-24","1","android"
"7091","2025-07-04","1","web"
"7091","2025-07-19","1","web"
"7091","2025-08-02","1","android"
"7091","2025-08-04","1","ios"
"7091","2025-08-14","1","android"
"7091","2025-09-05","1","android"
"7092","2025-11-03","1","android"
"7092","2025-11-14","1","ios"
"7092","2025-11-28","1","ios"
"7092","2026-01-22","1","ios"
"7092","2026-01-28","1","web"
"7092","2026-02-05","1","web"
"7092","2026-03-20","1","web"
"7092","2026-03-23","1","android"
"7092","2026-05-22","1","web"
"7092","2026-05-25","1","ios"
"7092","2026-05-26","1","ios"
"7093","2024-06-12","1","android"
"7093","2024-07-07","1","ios"
"7093","2024-07-11","1","android"
"7094","2019-10-14","1","ios"
"7094","2020-03-17","1","ios"
"7094","2020-11-29","1","android"
"7095","2024-10-25","1","android"
"7095","2024-11-29","1","android"
"7095","2024-11-30","1","web"
"7095","2026-06-11","1","ios"
"7096","2024-07-14","1","ios"
"7096","2024-09-03","1","ios"
"7096","2025-01-13","1","ios"
"7096","2025-01-24","1","android"
"7096","2025-03-14","2","android"
"7096","2025-03-30","1","ios"
"7096","2025-04-16","1","ios"
"7096","2025-05-03","1","web"
"7096","2025-05-04","1","android"
"7096","2025-05-16","1","ios"
"7096","2025-05-18","1","ios"
"7096","2025-05-21","1","android"
"7096","2025-06-16","1","android"
"7096","2025-07-13","1","android"
"7096","2025-08-08","1","ios"
"7097","2024-01-05","1","android"
"7097","2024-10-04","1","android"
"7097","2024-10-24","1","ios"
"7097","2025-10-05","1","android"
"7098","2021-10-05","1","android"
"7099","2024-12-09","1","web"
"7099","2024-12-20","1","ios"
"7099","2024-12-27","1","android"
"7099","2025-01-08","1","ios"
"7099","2025-02-18","1","ios"
"7100","2025-07-11","1","ios"
"7100","2025-07-13","1","ios"
"7100","2025-07-30","1","web"
"7101","2020-10-06","1","android"
"7101","2020-10-15","1","android"
"7101","2020-11-18","1","ios"
"7101","2021-06-16","1","android"
"7101","2022-01-15","1","android"
"7101","2023-03-14","1","android"
"7101","2023-09-11","1","android"
"7102","2025-07-08","1","android"
"7103","2021-12-06","1","ios"
"7103","2023-06-05","1","android"
"7104","2023-06-08","1","web"
"7104","2023-06-16","1","android"
"7104","2023-07-23","2","ios"
"7104","2023-08-03","1","android"
"7104","2023-08-12","1","android"
"7104","2025-06-14","1","ios"
"7105","2023-04-15","1","ios"
"7105","2023-04-29","1","ios"
"7105","2023-10-03","1","android"
"7105","2023-11-02","1","ios"
"7105","2024-09-19","1","ios"
"7105","2025-11-16","1","android"
"7106","2024-05-20","1","web"
"7106","2025-03-17","1","ios"
"7107","2021-10-28","1","web"
"7108","2025-01-20","1","ios"
"7108","2025-02-01","1","ios"
"7108","2025-02-02","1","web"
"7109","2024-10-28","1","android"
"7109","2024-10-29","1","ios"
"7109","2026-05-02","1","ios"
"7109","2026-05-04","1","android"
"7109","2026-05-09","1","ios"
"7109","2026-05-17","1","ios"
"7110","2025-12-12","1","ios"
"7110","2025-12-24","1","ios"
"7110","2026-02-08","1","android"
"7110","2026-02-17","1","web"
"7110","2026-02-27","1","android"
"7111","2021-11-04","1","web"
"7111","2021-11-09","1","android"
"7112","2025-10-21","1","ios"
"7112","2026-03-19","1","ios"
"7113","2022-04-19","1","web"
"7113","2022-04-21","1","ios"
"7113","2022-04-22","1","android"
"7113","2022-04-30","1","ios"
"7114","2023-07-17","1","ios"
"7114","2024-08-07","1","ios"
"7115","2022-11-02","1","android"
"7115","2022-11-03","1","android"
"7115","2022-11-04","1","ios"
"7115","2022-11-12","1","android"
"7115","2022-11-17","1","android"
"7115","2022-12-03","1","ios"
"7115","2022-12-05","1","ios"
"7115","2022-12-25","1","web"
"7115","2023-03-26","1","ios"
"7115","2024-01-29","1","android"
"7115","2025-05-30","1","android"
"7115","2025-06-11","1","ios"
"7115","2026-03-12","1","ios"
"7116","2025-11-06","1","android"
"7116","2025-11-14","1","ios"
"7116","2026-01-30","1","android"
"7117","2025-03-20","1","web"
"7117","2025-08-07","1","ios"
"7118","2020-03-26","1","web"
"7118","2020-04-12","1","android"
"7118","2020-05-16","1","android"
"7118","2020-05-30","1","android"
"7118","2021-10-11","1","android"
"7119","2024-02-10","1","android"
"7119","2024-02-13","1","web"
"7119","2024-12-01","1","ios"
"7119","2024-12-10","1","ios"
"7120","2026-02-18","1","ios"
"7120","2026-03-21","1","web"
"7121","2026-02-27","1","ios"
"7121","2026-05-13","1","android"
"7122","2024-06-24","1","web"
"7123","2024-01-01","1","ios"
"7124","2019-03-31","1","ios"
"7125","2020-01-29","1","ios"
"7125","2020-08-20","1","android"
"7125","2020-09-07","1","web"
"7126","2025-09-27","1","ios"
"7127","2022-04-26","1","ios"
"7127","2024-03-29","1","ios"
"7127","2025-06-09","1","android"
"7127","2025-08-12","1","web"
"7127","2025-08-14","1","ios"
"7127","2025-09-16","1","web"
"7127","2026-04-06","1","web"
"7127","2026-04-25","1","android"
"7128","2019-02-22","1","android"
"7129","2026-05-01","1","web"
"7129","2026-05-06","1","ios"
"7129","2026-05-23","1","android"
"7130","2026-05-15","1","android"
"7130","2026-06-12","1","web"
"7131","2023-09-16","1","android"
"7132","2019-05-03","1","android"
"7132","2019-05-08","1","ios"
"7132","2019-05-25","1","android"
"7133","2026-03-30","1","ios"
"7134","2024-11-11","1","android"
"7135","2022-05-31","1","android"
"7135","2022-07-22","1","ios"
"7135","2022-07-31","1","ios"
"7135","2024-07-24","1","ios"
"7136","2025-10-16","1","ios"
"7137","2023-11-14","1","web"
"7137","2024-01-16","1","web"
"7137","2024-01-20","1","android"
"7137","2024-06-26","1","android"
"7137","2024-07-09","1","ios"
"7137","2024-07-10","1","android"
"7138","2020-03-09","1","web"
"7138","2020-03-28","1","web"
"7138","2021-12-31","1","ios"
"7138","2022-10-12","1","web"
"7139","2021-11-23","1","ios"
"7139","2021-11-28","1","ios"
"7139","2022-04-28","1","ios"
"7140","2021-11-10","1","android"
"7140","2021-11-20","1","ios"
"7140","2021-11-22","1","ios"
"7141","2022-01-19","1","web"
"7141","2022-01-24","1","ios"
"7141","2022-06-06","1","web"
"7141","2022-06-08","1","android"
"7141","2024-08-19","1","ios"
"7142","2024-07-03","1","web"
"7142","2024-08-03","1","ios"
"7143","2020-12-05","1","ios"
"7144","2022-08-25","1","ios"
"7144","2022-08-28","1","ios"
"7144","2022-09-06","1","ios"
"7144","2022-09-09","1","android"
"7145","2024-08-11","1","android"
"7145","2025-06-14","1","web"
"7145","2025-08-26","1","web"
"7146","2026-02-02","1","ios"
"7147","2024-01-24","1","ios"
"7147","2024-02-22","1","android"
"7147","2024-03-08","1","android"
"7147","2024-03-19","1","ios"
"7147","2024-12-12","1","ios"
"7147","2024-12-19","2","ios"
"7147","2025-01-11","1","ios"
"7148","2019-03-28","1","android"
"7148","2019-04-28","1","web"
"7149","2022-02-26","1","web"
"7149","2022-02-27","1","ios"
"7149","2022-12-03","1","ios"
"7149","2022-12-09","1","android"
"7149","2024-09-04","1","ios"
"7149","2024-09-10","1","web"
"7149","2024-09-20","1","ios"
"7149","2024-09-24","1","web"
"7149","2024-10-04","1","ios"
"7149","2025-05-09","1","web"
"7149","2025-05-11","1","ios"
"7149","2025-05-17","1","ios"
"7150","2020-03-19","1","android"
"7151","2023-05-21","1","ios"
"7151","2023-06-11","1","ios"
"7151","2023-06-14","1","ios"
"7151","2023-07-07","1","android"
"7152","2025-05-08","1","ios"
"7152","2025-11-04","1","android"
"7153","2023-05-21","1","ios"
"7153","2023-06-10","1","android"
"7153","2023-06-11","1","android"
"7153","2023-06-15","1","ios"
"7153","2023-06-28","1","ios"
"7153","2023-07-01","1","ios"
"7153","2024-02-19","1","ios"
"7153","2025-08-09","1","ios"
"7154","2025-03-22","1","android"
"7154","2025-05-11","1","ios"
"7154","2025-06-03","1","ios"
"7155","2022-11-09","1","ios"
"7155","2022-12-04","1","android"
"7155","2023-09-24","1","web"
"7155","2024-04-23","1","web"
"7155","2024-11-27","1","web"
"7155","2025-06-01","1","ios"
"7156","2020-10-12","1","ios"
"7156","2020-10-23","1","ios"
"7156","2020-11-12","1","ios"
"7156","2022-04-21","1","web"
"7157","2025-08-14","1","web"
"7158","2020-08-09","1","ios"
"7158","2021-07-11","1","ios"
"7158","2021-08-18","1","android"
"7158","2023-12-02","1","ios"
"7158","2023-12-07","1","web"
"7158","2023-12-27","1","ios"
"7158","2024-01-01","1","android"
"7158","2024-02-19","1","web"
"7158","2024-03-10","2","ios"
"7158","2025-02-21","1","ios"
"7159","2021-09-08","1","web"
"7159","2023-07-01","1","android"
"7159","2023-07-23","1","ios"
"7159","2023-07-25","1","ios"
"7160","2025-07-02","1","ios"
"7161","2021-07-04","1","ios"
"7161","2021-07-13","1","ios"
"7161","2021-07-24","1","ios"
"7162","2024-10-30","1","ios"
"7162","2025-05-11","1","ios"
"7162","2025-06-01","1","android"
"7163","2025-02-20","1","ios"
"7163","2025-12-12","1","web"
"7164","2023-09-24","1","web"
"7164","2023-09-27","1","web"
"7164","2023-10-22","1","ios"
"7165","2021-10-04","1","ios"
"7165","2021-10-17","1","android"
"7165","2021-11-01","1","ios"
"7165","2023-07-04","1","android"
"7165","2023-07-05","1","ios"
"7165","2023-07-08","1","android"
"7165","2023-11-04","1","ios"
"7165","2023-11-06","2","ios"
"7166","2025-06-07","1","ios"
"7166","2025-07-04","1","web"
"7166","2025-07-09","2","ios"
"7166","2025-07-10","1","ios"
"7167","2023-05-08","1","ios"
"7167","2024-06-07","1","ios"
"7167","2024-06-11","1","android"
"7167","2024-07-27","1","android"
"7167","2025-03-06","1","android"
"7167","2026-06-29","1","ios"
"7168","2024-11-18","1","ios"
"7168","2024-12-07","1","android"
"7168","2024-12-22","1","ios"
"7168","2024-12-29","1","ios"
"7169","2025-01-22","1","ios"
"7169","2025-01-24","1","ios"
"7169","2025-06-01","1","web"
"7169","2025-06-03","1","ios"
"7169","2025-06-08","1","ios"
"7170","2026-03-19","1","web"
"7171","2024-12-01","1","ios"
"7171","2024-12-12","1","android"
"7171","2024-12-18","1","ios"
"7171","2024-12-21","1","web"
"7171","2025-04-16","1","ios"
"7171","2025-04-28","1","ios"
"7171","2025-06-18","1","ios"
"7171","2025-07-06","1","android"
"7171","2025-07-24","1","ios"
"7172","2024-10-14","1","web"
"7172","2024-10-24","1","android"
"7173","2020-08-13","1","ios"
"7173","2020-08-28","1","android"
"7173","2020-09-19","1","android"
"7173","2020-09-20","1","web"
"7174","2023-08-23","1","ios"
"7175","2025-12-01","1","ios"
"7175","2025-12-05","1","web"
"7176","2022-04-13","1","ios"
"7176","2022-05-13","1","web"
"7176","2022-06-12","1","android"
"7176","2022-06-28","1","android"
"7176","2024-03-22","1","ios"
"7176","2024-04-10","1","android"
"7176","2024-04-11","1","android"
"7177","2026-04-04","1","ios"
"7178","2024-08-11","1","android"
"7178","2024-09-17","1","web"
"7179","2023-04-12","1","android"
"7179","2024-04-02","1","ios"
"7179","2024-05-02","1","ios"
"7179","2025-01-04","1","ios"
"7179","2025-01-08","1","ios"
"7179","2025-02-24","1","android"
"7179","2025-03-20","1","ios"
"7179","2025-03-21","2","ios"
"7180","2023-09-10","1","web"
"7180","2023-09-19","1","web"
"7180","2026-03-01","1","ios"
"7180","2026-04-01","1","android"
"7180","2026-04-24","1","ios"
"7180","2026-05-05","1","web"
"7180","2026-05-06","1","android"
"7180","2026-05-20","1","web"
"7180","2026-05-28","1","ios"
"7180","2026-06-22","1","ios"
"7181","2024-05-23","1","ios"
"7181","2025-05-03","1","ios"
"7181","2025-05-16","2","android"
"7181","2025-05-30","2","android"
"7181","2025-06-04","1","android"
"7182","2025-02-12","1","ios"
"7182","2025-12-13","2","ios"
"7183","2020-08-08","1","android"
"7183","2021-09-03","1","android"
"7183","2021-09-08","1","ios"
"7184","2021-03-14","1","android"
"7184","2021-03-21","1","android"
"7184","2021-03-25","1","ios"
"7184","2021-04-01","1","web"
"7184","2021-04-19","1","web"
"7184","2021-04-20","1","ios"
"7184","2022-02-06","1","web"
"7185","2021-06-27","1","ios"
"7185","2021-07-10","1","android"
"7185","2026-02-18","1","web"
"7186","2026-05-19","1","web"
"7187","2024-04-01","1","ios"
"7188","2024-01-09","1","ios"
"7188","2024-01-16","1","web"
"7188","2024-02-03","1","android"
"7188","2024-02-14","1","ios"
"7189","2022-11-23","1","web"
"7189","2022-12-28","1","android"
"7190","2024-09-29","1","ios"
"7190","2025-04-17","1","ios"
"7190","2025-11-28","1","ios"
"7191","2022-05-02","1","ios"
"7192","2025-02-09","1","ios"
"7192","2025-02-10","1","ios"
"7192","2025-02-11","1","android"
"7193","2026-03-11","1","android"
"7193","2026-04-20","1","ios"
"7194","2025-05-03","1","ios"
"7194","2025-05-17","1","ios"
"7195","2025-08-14","1","ios"
"7196","2020-02-25","1","ios"
"7197","2025-10-16","1","android"
"7197","2025-10-23","1","ios"
"7197","2025-11-08","1","ios"
"7197","2025-11-15","1","ios"
"7197","2025-12-26","1","ios"
"7198","2020-12-07","1","web"
"7198","2020-12-08","1","android"
"7198","2020-12-31","1","web"
"7198","2021-01-01","1","web"
"7198","2021-01-22","1","ios"
"7198","2021-02-15","1","web"
"7198","2021-05-30","1","android"
"7198","2021-06-02","2","ios"
"7198","2022-07-17","1","android"
"7198","2024-08-14","1","ios"
"7199","2026-06-21","1","ios"
"7200","2025-08-21","1","ios"
"7200","2025-12-21","1","ios"
"7201","2025-04-11","1","android"
"7201","2026-04-26","1","ios"
"7201","2026-05-12","1","android"
"7202","2024-03-01","1","web"
"7202","2024-03-15","1","ios"
"7202","2024-04-04","1","ios"
"7202","2024-04-13","1","android"
"7202","2024-04-14","1","ios"
"7202","2024-04-17","2","web"
"7202","2024-05-03","1","ios"
"7202","2024-05-30","1","web"
"7202","2024-07-03","1","android"
"7202","2024-07-07","1","android"
"7202","2024-07-12","1","android"
"7202","2024-08-23","1","ios"
"7203","2024-10-16","1","ios"
"7203","2024-10-25","1","web"
"7203","2024-11-27","1","android"
"7203","2024-12-09","1","web"
"7203","2026-03-06","1","ios"
"7203","2026-03-08","1","web"
"7203","2026-03-14","1","ios"
"7204","2021-06-16","1","ios"
"7204","2021-06-18","1","android"
"7204","2021-06-20","1","android"
"7204","2022-03-06","1","web"
"7204","2022-03-27","1","ios"
"7204","2024-05-21","1","android"
"7204","2025-07-18","2","android"
"7204","2025-07-23","1","web"
"7204","2025-08-06","1","ios"
"7204","2026-01-15","1","ios"
"7205","2025-11-11","1","android"
"7206","2019-04-09","1","android"
"7206","2019-05-19","1","web"
"7206","2019-06-01","1","web"
"7206","2019-06-02","1","android"
"7206","2019-06-10","1","android"
"7206","2019-07-11","1","android"
"7206","2019-07-28","1","web"
"7206","2019-08-04","1","ios"
"7206","2019-08-23","1","ios"
"7206","2019-09-01","1","web"
"7206","2019-09-28","1","android"
"7206","2019-10-04","1","web"
"7206","2019-10-20","1","ios"
"7206","2020-06-01","1","web"
"7206","2021-03-14","1","android"
"7206","2021-06-22","1","android"
"7207","2023-01-24","1","web"
"7207","2023-02-01","1","ios"
"7208","2023-09-30","1","ios"
"7208","2023-10-03","1","ios"
"7208","2023-10-04","1","ios"
"7208","2023-11-05","1","ios"
"7208","2023-11-22","1","android"
"7208","2023-12-02","1","ios"
"7208","2026-05-12","1","ios"
"7209","2024-11-27","1","android"
"7210","2024-10-27","1","ios"
"7210","2025-09-26","1","ios"
"7211","2023-11-20","1","ios"
"7212","2025-08-18","1","android"
"7212","2025-08-24","1","ios"
"7212","2025-10-24","2","ios"
"7212","2025-11-01","1","ios"
"7212","2025-11-18","1","android"
"7212","2026-01-27","1","ios"
"7212","2026-02-21","1","ios"
"7212","2026-03-11","1","android"
"7212","2026-06-26","1","android"
"7212","2026-06-27","1","ios"
"7213","2022-12-19","1","web"
"7213","2023-01-03","1","ios"
"7213","2023-01-04","1","android"
"7213","2023-01-08","1","ios"
"7213","2023-01-15","1","ios"
"7214","2024-01-06","1","web"
"7214","2024-08-05","1","ios"
"7215","2023-02-27","1","android"
"7215","2023-03-01","1","ios"
"7215","2023-05-13","1","android"
"7215","2023-12-25","1","android"
"7216","2025-08-14","1","ios"
"7216","2026-02-14","1","ios"
"7217","2026-05-31","1","ios"
"7217","2026-06-01","1","ios"
"7217","2026-06-06","1","ios"
"7218","2024-07-09","1","ios"
"7218","2025-03-21","1","web"
"7219","2022-07-26","1","web"
"7219","2022-08-01","1","ios"
"7219","2022-08-02","1","android"
"7219","2022-08-13","1","ios"
"7219","2023-08-03","1","ios"
"7219","2023-09-08","1","android"
"7220","2025-12-15","1","web"
"7220","2026-04-06","1","android"
"7220","2026-04-23","2","web"
"7220","2026-04-24","2","ios"
"7220","2026-04-30","1","web"
"7220","2026-05-07","1","ios"
"7220","2026-05-09","1","ios"
"7220","2026-05-12","1","ios"
"7220","2026-05-14","1","ios"
"7221","2022-12-26","1","ios"
"7221","2023-08-26","1","android"
"7221","2023-09-16","1","web"
"7221","2023-09-24","1","android"
"7221","2023-10-08","1","android"
"7221","2023-10-19","1","ios"
"7221","2024-01-09","1","web"
"7222","2024-06-14","1","android"
"7222","2024-06-21","1","android"
"7222","2024-07-21","1","ios"
"7222","2024-07-22","1","ios"
"7223","2023-01-19","1","web"
"7224","2024-06-29","1","ios"
"7224","2024-08-13","1","web"
"7224","2024-08-22","1","android"
"7224","2025-04-11","2","web"
"7224","2025-04-12","1","android"
"7225","2024-11-01","1","ios"
"7226","2024-03-02","1","ios"
"7226","2024-03-25","1","ios"
"7226","2025-04-27","1","web"
"7226","2025-05-04","1","ios"
"7226","2025-06-21","1","ios"
"7226","2025-06-25","1","ios"
"7226","2025-07-10","1","ios"
"7227","2025-10-28","1","ios"
"7227","2026-04-24","1","ios"
"7228","2025-04-30","1","android"
"7228","2026-06-27","1","android"
"7229","2022-06-07","1","android"
"7229","2022-07-01","1","ios"
"7230","2026-03-22","1","web"
"7231","2023-07-08","1","ios"
"7231","2025-01-26","1","web"
"7231","2025-03-07","1","ios"
"7232","2023-11-22","1","ios"
"7232","2023-11-23","1","android"
"7232","2023-12-04","1","ios"
"7232","2023-12-08","1","android"
"7232","2023-12-10","1","ios"
"7232","2023-12-14","1","ios"
"7232","2023-12-17","1","android"
"7232","2024-01-03","1","ios"
"7233","2021-08-07","1","ios"
"7234","2025-07-07","1","ios"
"7234","2025-07-20","1","ios"
"7234","2025-07-28","1","web"
"7235","2020-06-12","1","ios"
"7235","2021-01-04","1","android"
"7235","2021-01-06","1","ios"
"7235","2021-01-14","1","android"
"7235","2021-01-15","1","ios"
"7235","2021-01-19","1","web"
"7235","2021-12-30","1","android"
"7235","2023-03-07","1","web"
"7235","2024-08-04","1","ios"
"7236","2019-06-08","1","web"
"7236","2019-06-19","1","android"
"7237","2025-08-31","1","ios"
"7238","2025-07-01","1","ios"
"7238","2025-08-01","1","android"
"7239","2020-11-02","1","ios"
"7240","2026-04-07","1","ios"
"7241","2024-01-25","1","ios"
"7241","2024-01-26","1","ios"
"7241","2024-12-13","1","ios"
"7241","2024-12-29","1","ios"
"7242","2020-11-14","1","android"
"7242","2020-11-20","1","ios"
"7242","2022-02-20","1","android"
"7242","2022-02-21","1","web"
"7243","2024-09-30","1","android"
"7243","2025-08-08","1","ios"
"7243","2025-08-15","1","ios"
"7244","2025-10-11","1","android"
"7244","2025-11-07","1","ios"
"7245","2021-05-28","1","ios"
"7245","2021-06-13","1","web"
"7246","2021-06-13","1","ios"
"7247","2022-12-24","1","ios"
"7247","2023-01-01","1","ios"
"7248","2021-01-30","1","android"
"7249","2024-12-30","1","ios"
"7249","2025-01-15","1","ios"
"7249","2025-10-10","1","ios"
"7249","2025-10-11","1","web"
"7249","2025-10-12","1","ios"
"7249","2026-05-18","1","ios"
"7249","2026-06-20","1","ios"
"7250","2020-09-16","1","android"
"7250","2020-09-28","1","ios"
"7250","2020-10-10","1","web"
"7251","2024-10-19","1","ios"
"7251","2025-10-17","1","ios"
"7251","2025-10-22","1","android"
"7252","2023-07-08","1","ios"
"7252","2023-07-22","1","ios"
"7252","2023-09-15","1","android"
"7252","2023-12-02","1","ios"
"7253","2021-08-16","1","ios"
"7254","2025-06-22","1","android"
"7254","2025-07-06","1","web"
"7254","2025-07-24","1","web"
"7254","2025-07-27","1","android"
"7255","2020-01-15","1","android"
"7255","2020-01-25","1","android"
"7255","2020-02-08","2","ios"
"7255","2020-12-10","1","web"
"7255","2020-12-12","1","ios"
"7255","2021-08-12","1","ios"
"7256","2026-06-03","1","android"
"7256","2026-06-18","1","ios"
"7257","2021-03-14","1","ios"
"7258","2024-06-26","1","android"
"7258","2024-11-04","1","ios"
"7258","2024-12-07","1","ios"
"7258","2024-12-19","2","ios"
"7258","2024-12-22","1","ios"
"7258","2024-12-24","1","android"
"7258","2025-01-02","1","ios"
"7258","2025-01-06","1","android"
"7258","2025-01-22","1","ios"
"7258","2026-03-14","1","web"
"7258","2026-03-16","1","ios"
"7258","2026-06-06","2","ios"
"7258","2026-06-09","1","web"
"7259","2024-12-03","1","ios"
"7259","2024-12-31","1","ios"
"7259","2025-01-25","1","web"
"7259","2025-04-29","1","android"
"7259","2025-05-02","1","ios"
"7259","2026-03-07","2","android"
"7260","2025-11-22","1","ios"
"7260","2025-11-23","1","ios"
"7261","2026-04-29","1","android"
"7261","2026-05-04","1","android"
"7261","2026-05-20","1","android"
"7262","2025-08-28","1","android"
"7263","2020-07-08","1","android"
"7263","2021-01-16","1","ios"
"7263","2021-12-15","1","android"
"7263","2023-02-25","1","web"
"7263","2023-09-07","1","android"
"7263","2024-09-01","1","web"
"7264","2024-12-08","1","web"
"7264","2024-12-17","1","web"
"7264","2024-12-25","1","ios"
"7265","2020-12-26","1","android"
"7265","2021-01-03","1","ios"
"7265","2021-01-12","1","android"
"7265","2021-02-08","1","ios"
"7265","2021-02-19","1","ios"
"7265","2021-03-01","1","android"
"7265","2023-10-04","1","android"
"7265","2023-10-07","1","ios"
"7265","2025-10-09","1","ios"
"7265","2026-05-03","1","web"
"7266","2026-06-12","1","ios"
"7266","2026-06-13","1","ios"
"7266","2026-06-21","1","android"
"7266","2026-06-22","1","web"
"7267","2024-12-22","1","ios"
"7267","2025-11-06","1","android"
"7267","2025-11-27","1","ios"
"7267","2025-12-01","1","ios"
"7267","2025-12-19","1","ios"
"7268","2020-04-26","1","ios"
"7268","2020-05-02","1","web"
"7268","2020-05-03","1","ios"
"7269","2023-05-11","1","android"
"7269","2023-08-12","1","android"
"7270","2025-11-10","1","android"
"7270","2025-12-17","1","web"
"7270","2026-01-16","1","ios"
"7270","2026-01-22","1","web"
"7270","2026-01-23","1","web"
"7270","2026-02-20","1","web"
"7270","2026-02-23","1","android"
"7270","2026-03-03","1","ios"
"7270","2026-03-10","1","ios"
"7270","2026-04-02","1","web"
"7270","2026-04-03","1","ios"
"7270","2026-04-04","1","ios"
"7270","2026-05-14","1","android"
"7270","2026-05-23","2","ios"
"7271","2020-05-31","1","ios"
"7271","2021-10-09","1","ios"
"7271","2023-01-29","1","android"
"7271","2023-06-23","1","ios"
"7272","2026-06-22","1","ios"
"7273","2026-03-06","1","ios"
"7273","2026-05-24","1","web"
"7274","2025-02-25","1","ios"
"7274","2025-07-10","1","ios"
"7274","2025-07-25","1","android"
"7275","2023-01-09","1","android"
"7275","2023-11-29","1","android"
"7275","2023-12-07","1","ios"
"7275","2024-04-12","1","ios"
"7275","2024-04-13","1","ios"
"7275","2025-01-06","1","android"
"7275","2025-08-23","1","android"
"7275","2026-04-07","1","ios"
"7276","2026-05-08","1","ios"
"7276","2026-05-22","1","web"
"7276","2026-05-23","1","android"
"7276","2026-05-29","1","ios"
"7277","2024-08-18","1","android"
"7278","2021-05-28","1","android"
"7279","2020-04-26","1","web"
"7279","2020-05-30","1","android"
"7279","2021-01-25","1","web"
"7280","2026-06-16","1","ios"
"7281","2023-05-23","1","android"
"7281","2023-07-05","1","ios"
"7281","2023-07-29","1","ios"
"7281","2023-08-04","2","android"
"7281","2023-08-11","1","ios"
"7281","2023-08-21","1","ios"
"7281","2025-02-17","1","ios"
"7282","2025-05-25","1","android"
"7282","2025-06-19","1","android"
"7282","2025-07-06","1","android"
"7283","2021-03-13","1","ios"
"7283","2021-03-14","1","android"
"7283","2021-03-18","1","ios"
"7283","2021-04-05","1","web"
"7283","2021-04-09","1","ios"
"7283","2022-10-23","1","ios"
"7283","2022-10-25","1","android"
"7284","2026-05-04","1","ios"
"7284","2026-05-05","1","ios"
"7284","2026-05-06","1","ios"
"7284","2026-05-15","1","ios"
"7285","2022-12-23","1","ios"
"7285","2023-12-27","1","web"
"7286","2022-05-03","1","web"
"7286","2022-06-24","1","web"
"7286","2022-06-25","1","ios"
"7286","2024-01-11","1","android"
"7287","2023-11-13","1","android"
"7287","2023-11-16","1","android"
"7287","2023-11-18","1","web"
"7287","2023-11-23","1","ios"
"7287","2023-11-24","1","web"
"7287","2023-11-27","1","android"
"7287","2023-12-14","1","ios"
"7287","2023-12-22","1","ios"
"7287","2024-08-02","1","android"
"7288","2026-04-21","1","ios"
"7288","2026-05-05","1","web"
"7288","2026-05-17","1","android"
"7288","2026-06-12","1","web"
"7289","2025-12-15","1","ios"
"7290","2022-03-07","1","android"
"7291","2022-04-01","1","android"
"7291","2022-04-03","1","ios"
"7291","2022-08-17","1","web"
"7291","2022-08-19","1","ios"
"7291","2022-09-14","1","ios"
"7291","2022-09-24","1","ios"
"7291","2023-07-22","1","web"
"7291","2023-07-30","1","ios"
"7291","2023-08-25","1","android"
"7291","2023-09-09","1","ios"
"7291","2024-02-04","1","ios"
"7292","2026-04-27","1","ios"
"7293","2024-11-14","1","ios"
"7293","2024-12-04","1","ios"
"7293","2025-01-05","1","android"
"7293","2025-01-11","1","ios"
"7294","2019-10-29","1","ios"
"7294","2019-11-25","1","android"
"7294","2019-12-02","1","android"
"7294","2022-04-02","1","web"
"7294","2022-04-07","1","ios"
"7294","2022-09-14","1","ios"
"7294","2024-08-23","1","web"
"7294","2026-02-12","1","ios"
"7295","2023-03-29","1","android"
"7296","2024-09-27","1","android"
"7297","2021-09-30","1","ios"
"7297","2021-10-14","1","android"
"7297","2023-06-18","1","ios"
"7297","2025-04-12","1","ios"
"7297","2025-04-25","1","ios"
"7298","2022-12-13","1","ios"
"7298","2023-03-02","1","android"
"7298","2023-03-03","1","android"
"7299","2022-06-09","1","web"
"7299","2022-06-29","1","web"
"7299","2022-07-15","1","android"
"7299","2022-07-20","1","android"
"7299","2023-01-17","1","ios"
"7299","2023-01-20","2","ios"
"7299","2023-01-21","1","android"
"7299","2023-02-10","1","android"
"7300","2019-05-23","1","ios"
"7301","2023-01-18","1","ios"
"7301","2023-02-04","1","android"
"7302","2019-02-24","1","web"
"7302","2019-03-02","2","ios"
"7302","2019-06-29","1","ios"
"7302","2019-09-15","1","android"
"7302","2019-09-28","1","ios"
"7302","2019-11-01","1","ios"
"7302","2019-11-11","1","android"
"7302","2019-11-26","1","web"
"7302","2020-10-11","1","ios"
"7303","2024-01-16","1","ios"
"7304","2024-06-25","1","web"
"7305","2021-04-02","1","android"
"7305","2021-04-24","1","ios"
"7305","2021-04-30","1","ios"
"7305","2021-05-15","1","web"
"7305","2021-05-26","2","ios"
"7305","2021-06-04","1","android"
"7305","2021-07-11","1","ios"
"7305","2021-07-16","1","ios"
"7306","2023-11-09","1","android"
"7306","2024-10-05","1","android"
"7306","2025-10-11","1","ios"
"7306","2026-04-02","1","ios"
"7307","2020-11-30","1","ios"
"7307","2020-12-29","2","android"
"7307","2021-01-03","1","ios"
"7307","2022-01-07","1","ios"
"7307","2022-01-08","1","ios"
"7307","2022-01-09","2","ios"
"7307","2022-09-08","1","android"
"7307","2022-09-20","1","android"
"7307","2022-09-21","1","web"
"7307","2022-10-04","1","ios"
"7307","2022-10-17","1","ios"
"7307","2022-11-05","1","web"
"7307","2022-11-20","1","web"
"7307","2022-11-25","2","ios"
"7308","2025-01-06","1","ios"
"7308","2025-01-24","1","ios"
"7308","2025-01-28","1","ios"
"7308","2025-12-08","1","ios"
"7309","2026-04-15","1","ios"
"7309","2026-04-17","1","web"
"7310","2025-07-16","1","ios"
"7310","2025-07-21","1","ios"
"7311","2023-01-10","1","android"
"7311","2023-01-29","1","android"
"7311","2023-02-04","1","web"
"7311","2023-02-14","1","android"
"7311","2023-02-27","1","ios"
"7311","2023-04-16","1","ios"
"7311","2024-03-13","2","ios"
"7312","2023-03-27","1","ios"
"7312","2024-05-17","1","ios"
"7312","2024-09-15","1","android"
"7312","2024-09-22","1","android"
"7312","2024-09-28","1","ios"
"7312","2024-10-07","1","ios"
"7312","2026-01-27","1","ios"
"7312","2026-01-30","1","web"
"7313","2022-11-13","1","ios"
"7313","2022-12-04","1","ios"
"7313","2024-10-19","1","ios"
"7313","2024-10-22","1","ios"
"7314","2022-05-07","1","ios"
"7314","2022-05-27","1","ios"
"7314","2022-07-29","1","android"
"7314","2022-09-09","2","ios"
"7314","2022-10-01","1","web"
"7315","2019-10-20","1","ios"
"7315","2019-10-27","1","ios"
"7315","2020-06-06","1","android"
"7315","2020-06-15","1","web"
"7315","2022-05-26","1","android"
"7315","2022-06-05","1","web"
"7315","2022-06-20","1","web"
"7315","2022-07-15","1","android"
"7315","2023-02-06","1","android"
"7315","2023-02-25","1","android"
"7315","2024-12-13","1","ios"
"7315","2024-12-18","1","ios"
"7315","2025-09-29","1","ios"
"7316","2021-05-17","1","android"
"7316","2021-06-19","1","web"
"7316","2021-08-03","1","android"
"7316","2022-10-05","1","android"
"7316","2022-11-09","1","android"
"7316","2022-12-10","1","ios"
"7316","2023-01-06","1","ios"
"7316","2023-04-25","1","ios"
"7317","2024-01-29","1","ios"
"7318","2025-09-08","1","web"
"7318","2025-09-12","1","ios"
"7318","2025-09-17","1","android"
"7318","2025-10-02","1","ios"
"7318","2026-01-03","1","ios"
"7318","2026-01-06","1","ios"
"7319","2019-08-22","1","web"
"7320","2020-09-09","1","ios"
"7320","2020-09-24","1","web"
"7320","2020-10-04","1","ios"
"7320","2020-10-15","1","web"
"7320","2020-10-17","1","ios"
"7320","2023-04-20","1","ios"
"7320","2023-09-16","1","android"
"7320","2024-01-29","1","ios"
"7320","2025-04-02","1","ios"
"7321","2025-10-14","1","android"
"7321","2025-11-07","1","ios"
"7322","2025-09-20","1","ios"
"7323","2022-03-17","1","ios"
"7323","2022-07-14","1","ios"
"7323","2022-07-15","1","ios"
"7323","2022-07-26","1","ios"
"7323","2022-08-09","1","ios"
"7324","2025-02-05","1","ios"
"7325","2023-05-31","1","android"
"7325","2024-05-09","1","android"
"7325","2025-04-24","1","ios"
"7325","2025-05-09","1","web"
"7325","2025-05-23","1","android"
"7325","2025-06-24","1","android"
"7325","2026-03-27","1","ios"
"7325","2026-03-29","1","ios"
"7325","2026-05-10","1","ios"
"7326","2025-05-01","1","android"
"7326","2025-05-04","1","ios"
"7326","2025-05-11","1","web"
"7326","2025-05-12","1","ios"
"7327","2025-04-12","1","web"
"7327","2026-02-14","1","web"
"7328","2026-06-19","1","android"
"7329","2022-06-09","1","android"
"7329","2022-06-11","1","android"
"7329","2025-05-16","1","android"
"7329","2025-06-04","1","ios"
"7329","2025-06-13","1","ios"
"7329","2025-06-21","1","ios"
"7329","2025-06-30","2","android"
"7329","2025-07-01","1","web"
"7329","2026-06-10","1","ios"
"7330","2025-06-11","1","ios"
"7330","2025-07-26","1","android"
"7331","2023-01-16","1","ios"
"7331","2023-09-04","1","ios"
"7331","2026-05-14","1","ios"
"7332","2025-09-12","1","ios"
"7333","2021-11-15","1","android"
"7333","2021-11-28","1","web"
"7334","2026-03-29","1","ios"
"7335","2025-06-03","1","web"
"7335","2026-04-18","1","android"
"7336","2022-06-26","1","android"
"7336","2022-08-16","1","ios"
"7336","2022-08-29","2","android"
"7336","2022-08-30","1","ios"
"7336","2022-09-24","2","android"
"7337","2023-12-05","1","web"
"7337","2023-12-15","1","android"
"7337","2023-12-22","1","ios"
"7337","2023-12-30","1","android"
"7337","2024-01-17","1","ios"
"7337","2024-01-30","1","ios"
"7338","2023-04-02","1","ios"
"7338","2023-05-01","1","web"
"7338","2023-05-04","1","web"
"7338","2023-10-29","1","android"
"7338","2023-11-10","1","ios"
"7338","2023-11-11","1","android"
"7338","2023-11-16","1","web"
"7338","2023-11-24","1","android"
"7338","2023-12-07","1","ios"
"7338","2023-12-15","2","ios"
"7338","2023-12-16","1","ios"
"7338","2023-12-28","1","ios"
"7339","2022-02-01","1","web"
"7340","2020-12-08","1","web"
"7341","2022-07-17","1","ios"
"7341","2022-07-23","1","android"
"7341","2022-08-11","1","android"
"7341","2022-09-05","1","android"
"7341","2022-09-26","2","ios"
"7341","2022-11-09","1","web"
"7341","2022-12-03","1","android"
"7342","2024-09-12","1","ios"
"7342","2024-10-05","1","android"
"7343","2021-09-30","1","ios"
"7343","2021-10-24","1","web"
"7343","2021-10-25","1","android"
"7344","2021-06-13","1","android"
"7344","2021-06-28","1","android"
"7344","2021-08-07","1","ios"
"7345","2024-04-16","1","ios"
"7346","2024-03-12","1","android"
"7347","2023-10-07","1","android"
"7347","2023-10-10","1","android"
"7348","2023-03-08","1","ios"
"7348","2023-05-07","1","ios"
"7348","2023-05-15","1","ios"
"7348","2024-03-20","1","android"
"7349","2026-03-24","1","android"
"7349","2026-03-28","1","android"
"7350","2022-08-08","1","web"
"7350","2023-07-07","1","ios"
"7350","2024-11-04","1","ios"
"7350","2026-01-02","1","web"
"7351","2026-03-11","1","ios"
"7352","2026-04-23","1","ios"
"7352","2026-04-27","1","ios"
"7353","2025-03-06","1","ios"
"7353","2025-03-09","1","android"
"7353","2026-01-30","1","web"
"7353","2026-03-20","1","android"
"7353","2026-03-22","2","ios"
"7353","2026-03-23","1","web"
"7354","2024-12-03","1","ios"
"7354","2025-01-03","1","ios"
"7354","2025-06-20","1","android"
"7354","2025-10-17","1","android"
"7354","2025-10-27","1","ios"
"7354","2025-10-28","1","android"
"7354","2025-11-20","1","web"
"7355","2026-01-04","1","web"
"7356","2023-06-26","1","ios"
"7356","2023-08-25","1","android"
"7356","2024-05-09","1","web"
"7356","2025-01-30","1","android"
"7356","2025-03-05","1","ios"
"7356","2025-03-18","1","ios"
"7356","2025-04-21","1","ios"
"7356","2025-05-18","1","android"
"7356","2025-05-31","1","android"
"7356","2025-06-22","1","android"
"7357","2020-10-10","1","ios"
"7357","2021-01-31","1","ios"
"7357","2021-11-15","1","android"
"7357","2021-11-29","1","ios"
"7358","2025-01-09","1","ios"
"7358","2026-06-06","1","android"
"7359","2024-08-01","1","ios"
"7359","2025-06-23","1","ios"
"7359","2025-07-05","1","ios"
"7359","2025-07-09","1","android"
"7359","2025-07-26","1","ios"
"7360","2025-04-10","1","ios"
"7360","2025-10-22","1","ios"
"7361","2024-10-23","1","ios"
"7361","2024-10-24","1","android"
"7361","2025-09-11","1","android"
"7361","2025-09-26","1","android"
"7362","2020-12-14","1","ios"
"7362","2021-08-31","1","ios"
"7363","2025-06-22","1","ios"
"7363","2025-06-27","1","ios"
"7364","2021-05-31","1","ios"
"7364","2023-11-26","1","web"
"7364","2024-05-06","1","ios"
"7365","2019-12-10","1","ios"
"7365","2019-12-12","1","ios"
"7365","2021-01-05","1","android"
"7366","2021-12-16","1","ios"
"7366","2021-12-22","1","web"
"7367","2026-02-18","1","ios"
"7367","2026-02-26","1","ios"
"7368","2025-06-04","1","android"
"7369","2025-04-26","1","web"
"7369","2026-04-20","1","ios"
"7370","2019-05-24","1","android"
"7371","2022-08-28","1","web"
"7371","2023-08-29","1","web"
"7371","2023-09-01","1","android"
"7371","2023-10-10","1","web"
"7371","2023-10-22","1","android"
"7371","2023-12-16","1","android"
"7371","2025-12-17","2","android"
"7372","2020-10-26","1","android"
"7372","2024-01-06","1","android"
"7372","2024-07-10","1","ios"
"7373","2019-11-12","1","ios"
"7373","2019-11-21","2","web"
"7374","2020-07-07","1","ios"
"7375","2022-02-19","1","android"
"7376","2025-04-20","1","web"
"7376","2025-04-27","1","ios"
"7376","2025-05-06","1","ios"
"7376","2025-05-27","1","ios"
"7377","2023-12-04","1","web"
"7377","2023-12-09","1","ios"
"7378","2026-02-04","1","ios"
"7378","2026-02-09","1","ios"
"7378","2026-02-20","1","ios"
"7378","2026-03-06","1","android"
"7379","2025-11-27","1","ios"
"7379","2025-12-17","1","android"
"7379","2025-12-22","1","ios"
"7380","2022-07-29","1","android"
"7380","2022-08-18","1","web"
"7380","2022-08-28","1","ios"
"7380","2022-09-01","1","ios"
"7380","2022-09-02","1","android"
"7380","2022-09-29","1","web"
"7380","2022-09-30","1","ios"
"7380","2022-10-01","1","android"
"7380","2022-10-05","1","ios"
"7380","2022-10-10","1","android"
"7381","2025-07-28","1","ios"
"7381","2025-10-16","1","web"
"7382","2021-05-10","1","android"
"7382","2021-05-12","1","ios"
"7382","2021-05-14","1","web"
"7382","2021-05-16","1","web"
"7382","2021-07-03","1","web"
"7382","2021-07-23","1","ios"
"7382","2021-07-26","1","ios"
"7382","2021-08-01","1","web"
"7382","2021-08-11","1","ios"
"7382","2021-11-20","1","web"
"7382","2021-12-18","1","ios"
"7382","2021-12-19","1","ios"
"7382","2022-05-29","2","ios"
"7382","2022-06-09","2","web"
"7382","2023-11-30","1","ios"
"7382","2025-01-23","1","android"
"7382","2025-01-30","1","android"
"7383","2023-12-21","1","ios"
"7383","2023-12-26","1","ios"
"7383","2024-01-04","1","ios"
"7383","2024-01-05","1","ios"
"7383","2024-01-10","1","android"
"7383","2024-05-08","1","android"
"7383","2024-08-19","1","web"
"7383","2024-09-11","1","web"
"7383","2024-10-11","2","android"
"7383","2024-10-24","1","android"
"7383","2024-10-25","1","web"
"7383","2024-10-29","1","android"
"7383","2025-04-06","1","android"
"7384","2025-10-11","1","ios"
"7384","2025-12-01","1","ios"
"7385","2019-02-16","1","web"
"7385","2019-03-01","1","web"
"7385","2019-03-06","1","ios"
"7385","2019-03-12","1","android"
"7385","2020-06-16","1","ios"
"7385","2020-12-29","1","ios"
"7386","2024-11-05","1","android"
"7386","2024-12-04","1","android"
"7386","2024-12-12","1","android"
"7386","2025-01-02","2","ios"
"7386","2025-01-12","1","ios"
"7386","2026-04-18","1","ios"
"7386","2026-04-24","1","ios"
"7386","2026-05-07","1","web"
"7386","2026-05-23","1","android"
"7387","2020-06-26","1","ios"
"7387","2022-12-28","1","ios"
"7387","2023-10-02","1","ios"
"7388","2024-12-29","1","ios"
"7388","2024-12-30","1","web"
"7388","2025-01-12","1","android"
"7389","2023-03-16","1","ios"
"7390","2025-02-20","1","android"
"7390","2025-03-09","1","android"
"7391","2022-11-27","1","web"
"7392","2024-10-04","1","ios"
"7393","2023-11-22","1","ios"
"7393","2023-11-23","1","ios"
"7393","2023-12-02","1","android"
"7393","2023-12-27","1","android"
"7393","2024-07-22","1","ios"
"7393","2025-02-20","1","android"
"7393","2025-02-26","1","web"
"7393","2025-03-21","1","ios"
"7393","2025-04-13","1","ios"
"7393","2025-04-23","1","ios"
"7393","2025-04-25","1","ios"
"7394","2025-06-09","1","android"
"7394","2025-06-12","1","android"
"7394","2025-06-20","1","ios"
"7394","2025-07-18","1","ios"
"7394","2025-08-08","1","ios"
"7394","2025-09-20","1","ios"
"7394","2025-09-21","1","web"
"7395","2020-05-19","1","ios"
"7395","2020-05-29","1","ios"
"7396","2024-11-24","1","ios"
"7396","2024-12-04","1","web"
"7397","2024-12-06","1","android"
"7397","2024-12-19","1","web"
"7397","2024-12-21","1","ios"
"7397","2025-01-17","1","android"
"7397","2025-01-26","1","ios"
"7398","2025-11-08","1","android"
"7399","2026-06-15","1","ios"
"7399","2026-06-18","1","web"
"7399","2026-06-25","1","ios"
"7400","2023-04-01","1","ios"
"7400","2023-04-02","1","web"
"7400","2023-06-15","1","ios"
"7400","2024-04-18","1","ios"
"7400","2024-04-28","1","ios"
"7400","2024-05-12","1","ios"
"7401","2020-02-10","1","web"
"7401","2020-02-12","1","android"
"7401","2020-02-19","1","ios"
"7401","2021-12-13","1","ios"
"7401","2022-02-27","1","ios"
"7401","2022-04-07","1","android"
"7402","2020-09-28","1","ios"
"7402","2020-11-17","1","ios"
"7402","2020-12-14","1","ios"
"7402","2021-11-23","2","ios"
"7402","2021-12-12","1","ios"
"7402","2022-01-04","2","android"
"7403","2025-02-09","1","android"
"7403","2025-02-16","2","web"
"7404","2025-06-18","1","android"
"7404","2025-12-30","1","web"
"7405","2023-04-01","1","ios"
"7405","2023-04-14","1","web"
"7405","2024-06-15","1","ios"
"7405","2024-06-19","1","ios"
"7405","2024-06-24","1","web"
"7405","2025-05-20","1","ios"
"7405","2025-06-15","1","web"
"7405","2025-06-19","1","web"
"7405","2025-06-24","1","web"
"7406","2023-06-08","1","web"
"7406","2023-06-23","1","ios"
"7407","2024-04-18","1","web"
"7407","2025-05-01","1","ios"
"7408","2023-05-03","1","android"
"7409","2026-05-18","1","ios"
"7409","2026-05-20","1","android"
"7409","2026-06-05","1","android"
"7409","2026-06-17","1","web"
"7410","2022-08-31","1","android"
"7410","2022-09-16","1","ios"
"7410","2023-03-14","1","android"
"7410","2023-08-10","1","android"
"7410","2024-03-16","1","web"
"7410","2024-12-08","1","android"
"7411","2019-09-25","1","android"
"7411","2019-10-03","1","android"
"7411","2019-10-13","1","android"
"7411","2019-11-05","2","android"
"7412","2022-11-08","1","ios"
"7412","2022-11-09","1","android"
"7412","2022-12-26","1","android"
"7412","2022-12-27","1","android"
"7412","2022-12-30","2","ios"
"7412","2023-01-04","1","android"
"7412","2023-04-22","1","android"
"7412","2023-05-19","1","android"
"7412","2023-05-28","1","ios"
"7412","2023-06-17","1","android"
"7412","2023-07-15","1","web"
"7412","2024-12-04","1","web"
"7412","2024-12-08","1","android"
"7412","2024-12-13","1","ios"
"7413","2022-12-29","1","ios"
"7413","2024-07-04","1","ios"
"7414","2025-10-06","1","ios"
"7414","2025-11-12","1","android"
"7414","2025-11-30","1","android"
"7414","2025-12-16","1","ios"
"7414","2025-12-29","1","ios"
"7415","2022-11-06","1","ios"
"7415","2022-11-09","1","web"
"7416","2022-09-04","1","web"
"7417","2023-02-21","1","ios"
"7417","2023-11-12","1","android"
"7417","2024-09-03","1","android"
"7417","2024-09-20","1","ios"
"7417","2024-10-03","1","ios"
"7418","2020-01-12","1","ios"
"7419","2022-07-23","1","web"
"7419","2022-08-16","1","ios"
"7419","2022-09-11","1","android"
"7419","2022-10-02","1","ios"
"7419","2023-04-21","1","ios"
"7419","2024-03-15","1","ios"
"7419","2024-05-08","1","ios"
"7419","2024-05-11","1","web"
"7419","2024-11-11","1","ios"
"7419","2025-07-28","1","ios"
"7420","2020-12-03","1","web"
"7420","2020-12-31","1","android"
"7420","2021-01-30","1","android"
"7421","2021-10-07","1","web"
"7421","2022-02-09","1","android"
"7421","2022-02-10","1","ios"
"7421","2022-03-12","2","ios"
"7421","2022-03-23","1","ios"
"7421","2022-04-08","1","android"
"7421","2022-05-10","1","ios"
"7421","2022-07-03","1","android"
"7421","2022-07-31","1","ios"
"7421","2022-08-06","1","android"
"7421","2022-08-07","1","android"
"7422","2023-08-02","1","ios"
"7422","2023-08-04","1","android"
"7422","2023-08-12","2","ios"
"7423","2024-11-28","1","ios"
"7423","2024-12-19","1","ios"
"7423","2025-01-23","1","ios"
"7424","2024-10-24","1","ios"
"7424","2026-01-23","1","web"
"7425","2024-07-09","1","android"
"7425","2024-07-10","1","ios"
"7425","2024-07-12","1","ios"
"7426","2023-02-18","1","android"
"7427","2024-12-06","1","ios"
"7427","2024-12-17","1","ios"
"7427","2025-01-16","1","android"
"7427","2025-06-18","1","web"
"7428","2025-01-11","1","ios"
"7428","2025-02-18","1","android"
"7428","2025-02-19","2","ios"
"7428","2025-02-20","1","ios"
"7428","2025-04-07","1","ios"
"7428","2025-05-03","1","web"
"7428","2025-09-27","1","web"
"7428","2025-10-13","1","web"
"7428","2025-10-18","1","android"
"7428","2025-10-25","1","android"
"7428","2025-11-06","2","ios"
"7428","2026-02-08","1","ios"
"7428","2026-03-06","1","web"
"7428","2026-03-20","1","ios"
"7429","2026-04-28","1","android"
"7429","2026-05-19","1","ios"
"7429","2026-06-09","1","ios"
"7429","2026-06-25","1","web"
"7430","2024-01-27","1","ios"
"7430","2024-09-04","1","web"
"7430","2024-09-17","1","android"
"7430","2024-09-30","1","web"
"7430","2025-06-24","1","web"
"7431","2021-04-20","1","web"
"7432","2019-08-19","1","android"
"7432","2019-09-19","1","ios"
"7432","2019-09-29","1","ios"
"7432","2019-10-02","1","android"
"7432","2023-02-09","1","android"
"7432","2024-01-14","1","ios"
"7432","2024-01-15","1","android"
"7432","2025-02-03","1","android"
"7432","2025-10-31","1","ios"
"7433","2024-04-01","1","web"
"7433","2024-04-20","1","ios"
"7433","2025-04-09","1","web"
"7433","2025-12-01","1","android"
"7434","2026-06-11","1","ios"
"7435","2020-05-07","1","android"
"7435","2020-05-09","1","web"
"7435","2020-08-22","2","ios"
"7435","2020-08-23","1","ios"
"7435","2020-09-11","1","ios"
"7435","2020-09-12","1","ios"
"7436","2023-08-18","1","ios"
"7436","2024-03-04","1","android"
"7436","2024-03-18","1","ios"
"7436","2025-02-13","1","ios"
"7436","2025-10-17","1","ios"
"7437","2026-01-25","1","android"
"7437","2026-02-06","1","android"
"7438","2022-04-12","1","ios"
"7439","2024-02-12","1","ios"
"7439","2024-02-16","1","web"
"7440","2025-12-25","1","android"
"7440","2026-06-10","1","android"
"7441","2026-02-25","1","ios"
"7441","2026-04-03","1","ios"
"7442","2023-10-27","1","web"
"7442","2025-10-11","1","android"
"7442","2025-10-22","1","android"
"7442","2025-10-27","1","android"
"7443","2020-02-09","1","ios"
"7443","2020-02-10","1","web"
"7443","2020-02-22","1","ios"
"7444","2024-10-18","1","ios"
"7444","2024-11-15","1","android"
"7444","2025-08-20","1","ios"
"7444","2025-08-22","1","android"
"7445","2025-01-21","1","ios"
"7445","2025-02-02","1","android"
"7445","2025-03-01","1","ios"
"7445","2025-03-02","1","ios"
"7445","2025-03-07","2","ios"
"7445","2025-04-09","1","ios"
"7445","2025-04-12","1","web"
"7445","2025-05-15","1","ios"
"7445","2025-12-06","2","web"
"7445","2026-01-08","1","android"
"7445","2026-01-25","1","ios"
"7445","2026-02-07","2","ios"
"7445","2026-05-02","1","ios"
"7446","2025-12-30","1","ios"
"7447","2023-07-14","1","android"
"7447","2023-07-22","1","web"
"7447","2023-07-31","1","ios"
"7448","2021-10-19","1","ios"
"7448","2023-01-08","1","ios"
"7449","2023-06-20","1","android"
"7449","2023-07-10","1","android"
"7450","2021-11-20","1","android"
"7450","2021-11-26","1","ios"
"7450","2021-12-01","1","android"
"7450","2026-01-02","1","android"
"7450","2026-01-16","1","ios"
"7451","2020-01-04","1","web"
"7451","2020-02-01","1","web"
"7451","2020-02-24","1","android"
"7451","2020-03-12","1","ios"
"7451","2020-03-28","1","android"
"7451","2020-12-02","2","android"
"7451","2022-03-05","1","ios"
"7451","2022-03-09","1","ios"
"7451","2022-05-07","1","web"
"7451","2022-05-21","1","ios"
"7452","2020-06-09","1","ios"
"7452","2020-06-11","1","ios"
"7452","2020-06-15","1","web"
"7452","2020-06-23","1","ios"
"7452","2020-07-12","1","ios"
"7453","2024-09-15","1","ios"
"7453","2024-09-20","1","ios"
"7453","2024-09-26","1","web"
"7454","2026-01-23","1","android"
"7455","2023-01-14","1","ios"
"7455","2024-03-12","1","ios"
"7455","2024-03-31","1","android"
"7455","2024-09-11","1","ios"
"7455","2024-09-22","1","web"
"7455","2024-09-28","1","ios"
"7455","2024-10-17","1","android"
"7455","2024-11-30","1","android"
"7455","2024-12-03","2","ios"
"7456","2019-10-16","1","android"
"7457","2021-07-11","1","web"
"7458","2026-03-22","1","web"
"7458","2026-03-28","1","ios"
"7458","2026-03-31","1","android"
"7458","2026-05-02","1","ios"
"7459","2024-10-18","1","ios"
"7459","2025-12-05","1","ios"
"7460","2020-12-27","1","ios"
"7460","2020-12-28","1","ios"
"7460","2021-01-01","1","ios"
"7461","2025-08-14","1","android"
"7462","2019-01-02","1","ios"
"7462","2019-01-15","1","ios"
"7462","2019-02-02","1","ios"
"7462","2019-02-03","1","android"
"7462","2020-02-23","1","android"
"7462","2021-08-24","1","android"
"7463","2022-09-13","1","android"
"7463","2023-08-25","1","ios"
"7464","2019-02-23","1","android"
"7464","2019-12-02","1","android"
"7464","2020-06-22","1","ios"
"7464","2021-08-03","1","android"
"7464","2022-06-20","1","android"
"7465","2025-10-27","1","ios"
"7466","2020-09-13","1","ios"
"7466","2020-09-18","1","ios"
"7466","2020-10-06","1","ios"
"7466","2020-11-21","1","ios"
"7466","2023-04-30","2","ios"
"7466","2023-05-16","1","android"
"7467","2020-07-02","1","web"
"7467","2021-12-09","1","web"
"7468","2023-04-15","1","ios"
"7469","2025-06-03","1","web"
"7469","2025-06-27","1","ios"
"7469","2025-07-02","1","web"
"7469","2025-07-28","1","ios"
"7469","2025-08-02","1","ios"
"7470","2023-12-24","1","android"
"7470","2024-01-07","1","android"
"7471","2023-01-05","1","ios"
"7471","2023-02-08","1","android"
"7471","2023-04-28","1","ios"
"7471","2023-06-13","1","android"
"7471","2023-06-27","1","ios"
"7471","2026-05-13","1","ios"
"7471","2026-05-22","1","ios"
"7472","2026-03-22","1","android"
"7473","2023-09-30","1","ios"
"7473","2024-05-03","1","android"
"7473","2024-05-06","1","ios"
"7473","2024-05-24","1","ios"
"7474","2024-03-16","1","ios"
"7475","2023-05-23","1","web"
"7475","2023-06-06","1","ios"
"7475","2023-06-20","1","android"
"7475","2023-06-27","1","android"
"7475","2023-07-26","1","web"
"7475","2023-08-02","1","ios"
"7475","2023-08-13","1","ios"
"7475","2023-09-17","2","android"
"7475","2024-09-04","1","android"
"7475","2024-09-20","1","ios"
"7476","2020-01-16","1","ios"
"7476","2020-08-11","1","ios"
"7476","2023-10-08","1","web"
"7476","2023-10-30","1","ios"
"7476","2024-10-29","1","ios"
"7476","2024-11-09","1","ios"
"7476","2024-11-13","1","android"
"7476","2025-03-06","1","ios"
"7476","2025-06-26","1","android"
"7476","2025-07-10","1","android"
"7476","2025-07-11","1","ios"
"7476","2025-10-29","1","ios"
"7476","2025-12-16","1","ios"
"7477","2024-05-04","1","android"
"7477","2024-05-29","1","web"
"7477","2024-10-12","1","web"
"7477","2024-10-24","1","ios"
"7477","2024-11-10","1","ios"
"7478","2026-03-27","1","ios"
"7479","2025-01-15","1","ios"
"7479","2025-01-21","1","web"
"7479","2025-01-23","1","ios"
"7479","2025-02-01","1","ios"
"7479","2025-12-01","1","android"
"7480","2022-11-16","1","web"
"7480","2022-12-01","1","ios"
"7480","2023-02-04","1","android"
"7480","2023-02-22","1","ios"
"7480","2023-12-20","1","android"
"7480","2024-01-06","1","android"
"7481","2021-11-02","1","ios"
"7481","2021-12-18","1","web"
"7482","2025-07-17","1","android"
"7482","2025-07-22","1","ios"
"7482","2025-07-25","1","ios"
"7483","2026-05-05","1","ios"
"7483","2026-05-31","1","ios"
"7484","2023-09-22","1","web"
"7484","2023-09-23","1","android"
"7484","2023-12-13","1","android"
"7485","2023-06-18","1","ios"
"7485","2023-06-19","1","android"
"7485","2023-07-05","1","web"
"7485","2023-07-07","1","android"
"7485","2023-07-12","1","ios"
"7485","2023-07-22","2","ios"
"7485","2023-08-11","1","ios"
"7485","2024-08-18","1","ios"
"7485","2024-08-31","1","ios"
"7486","2023-03-31","1","android"
"7486","2024-04-16","1","android"
"7487","2022-08-28","1","ios"
"7487","2022-09-08","1","ios"
"7487","2024-01-03","1","ios"
"7487","2024-06-16","1","ios"
"7488","2025-01-13","1","android"
"7489","2023-10-09","1","web"
"7490","2026-05-28","1","ios"
"7491","2025-10-28","1","android"
"7492","2025-08-14","1","ios"
"7493","2024-11-16","1","ios"
"7494","2023-06-11","1","web"
"7494","2023-10-26","1","web"
"7495","2024-08-01","1","android"
"7495","2025-04-18","1","ios"
"7495","2025-05-04","1","ios"
"7495","2025-06-06","1","android"
"7495","2025-06-07","1","web"
"7495","2025-09-27","1","ios"
"7495","2025-09-28","1","android"
"7495","2025-11-24","1","ios"
"7496","2024-03-05","1","android"
"7497","2020-11-19","1","android"
"7498","2021-10-13","1","android"
"7498","2022-03-12","1","web"
"7498","2022-03-20","1","android"
"7498","2022-11-21","1","android"
"7499","2020-05-11","1","ios"
"7499","2020-05-21","1","ios"
"7500","2025-01-24","1","android"
"7501","2023-11-12","1","ios"
"7501","2025-01-27","1","ios"
"7501","2025-03-02","1","android"
"7501","2025-03-09","1","web"
"7501","2026-05-27","1","ios"
"7501","2026-06-04","1","android"
"7502","2022-07-19","1","android"
"7502","2022-07-20","1","android"
"7502","2022-07-31","1","ios"
"7503","2021-01-27","1","web"
"7503","2022-03-05","1","web"
"7503","2022-03-13","1","web"
"7504","2025-12-22","1","web"
"7505","2025-12-02","1","ios"
"7505","2025-12-08","1","ios"
"7506","2022-07-24","1","android"
"7506","2022-07-30","1","ios"
"7506","2022-07-31","1","android"
"7506","2024-03-15","1","ios"
"7506","2025-01-14","1","ios"
"7506","2025-09-01","1","web"
"7507","2021-06-30","1","android"
"7507","2021-08-01","1","android"
"7507","2021-08-06","1","android"
"7507","2021-08-15","1","android"
"7507","2021-12-19","1","ios"
"7508","2025-07-10","1","android"
"7509","2023-12-18","1","ios"
"7509","2024-01-18","1","android"
"7509","2024-02-04","1","android"
"7509","2024-02-26","1","android"
"7509","2024-03-04","1","ios"
"7509","2024-05-12","1","android"
"7509","2024-05-17","1","android"
"7509","2024-06-14","1","ios"
"7509","2024-06-15","2","android"
"7509","2024-06-23","2","android"
"7509","2024-06-30","1","ios"
"7509","2024-07-29","2","ios"
"7509","2024-08-23","1","ios"
"7509","2024-09-09","2","ios"
"7509","2024-10-12","1","ios"
"7509","2024-10-25","1","web"
"7510","2024-07-02","1","android"
"7511","2024-03-06","1","ios"
"7512","2026-06-05","1","ios"
"7512","2026-06-28","1","ios"
"7513","2024-07-05","1","android"
"7514","2025-02-17","1","ios"
"7515","2025-04-11","1","web"
"7516","2025-11-29","1","ios"
"7517","2024-09-11","1","android"
"7517","2024-10-09","1","ios"
"7518","2025-05-01","1","android"
"7518","2025-05-02","1","android"
"7519","2024-06-12","1","ios"
"7519","2024-06-28","1","ios"
"7519","2026-05-23","1","android"
"7519","2026-05-27","1","ios"
"7520","2019-09-06","1","android"
"7521","2024-04-24","1","ios"
"7521","2024-05-27","1","android"
"7521","2024-05-31","1","ios"
"7521","2025-02-07","1","web"
"7521","2025-02-18","2","android"
"7521","2025-02-28","1","ios"
"7521","2026-06-19","1","ios"
"7522","2024-09-06","1","ios"
"7523","2023-12-04","1","web"
"7523","2023-12-22","1","android"
"7523","2024-01-17","1","android"
"7523","2024-03-02","1","android"
"7523","2024-03-03","1","android"
"7523","2024-11-11","1","android"
"7523","2024-11-12","1","web"
"7523","2025-10-02","1","ios"
"7523","2025-10-07","1","ios"
"7523","2025-10-19","1","web"
"7523","2025-10-23","1","ios"
"7524","2023-02-25","1","ios"
"7524","2023-03-07","1","ios"
"7524","2025-04-22","1","ios"
"7524","2025-04-29","2","ios"
"7524","2025-05-03","1","ios"
"7525","2022-08-10","1","android"
"7525","2022-10-10","1","ios"
"7525","2022-10-16","1","android"
"7525","2023-03-09","1","android"
"7525","2023-03-19","1","web"
"7525","2024-10-08","1","android"
"7525","2024-10-10","1","web"
"7525","2024-10-14","1","android"
"7525","2024-11-29","1","web"
"7525","2024-12-01","1","android"
"7526","2023-09-06","1","ios"
"7527","2023-01-21","1","ios"
"7527","2023-01-25","1","ios"
"7527","2024-02-27","1","ios"
"7527","2024-03-14","2","ios"
"7527","2024-04-12","1","android"
"7527","2024-04-18","1","android"
"7527","2024-04-19","1","web"
"7527","2024-05-12","1","web"
"7527","2024-06-06","1","ios"
"7527","2024-06-14","1","android"
"7527","2025-03-19","2","android"
"7528","2026-05-10","1","android"
"7529","2021-02-25","1","ios"
"7529","2021-02-26","1","ios"
"7529","2021-03-10","1","ios"
"7529","2021-03-19","1","ios"
"7529","2021-04-03","1","ios"
"7529","2022-01-13","1","web"
"7529","2022-02-27","1","web"
"7529","2022-03-14","1","android"
"7529","2023-01-07","1","ios"
"7529","2023-02-12","1","ios"
"7530","2024-02-14","1","android"
"7530","2024-03-08","1","ios"
"7530","2024-05-05","1","web"
"7530","2024-05-24","1","web"
"7530","2025-01-20","1","android"
"7530","2025-02-11","1","ios"
"7530","2025-02-15","1","ios"
"7530","2025-02-17","1","ios"
"7530","2025-03-31","1","android"
"7531","2024-02-14","1","android"
"7531","2026-05-04","1","android"
"7532","2020-10-09","1","android"
"7533","2025-02-03","1","ios"
"7534","2022-11-12","1","web"
"7535","2025-03-27","1","android"
"7535","2025-03-28","1","ios"
"7535","2025-11-24","1","android"
"7535","2025-11-26","1","ios"
"7535","2025-12-04","1","ios"
"7535","2025-12-07","1","ios"
"7535","2025-12-16","1","ios"
"7536","2024-06-06","1","web"
"7536","2025-11-18","1","android"
"7537","2026-03-31","1","ios"
"7537","2026-04-02","1","android"
"7538","2023-01-15","1","ios"
"7538","2023-01-17","1","android"
"7538","2023-06-03","1","ios"
"7538","2023-06-14","1","ios"
"7538","2023-06-22","1","web"
"7538","2023-10-22","1","android"
"7539","2022-05-13","1","ios"
"7539","2022-05-27","1","ios"
"7539","2022-12-23","1","android"
"7539","2023-11-30","1","android"
"7539","2024-06-16","1","android"
"7539","2025-04-09","1","ios"
"7540","2020-08-02","1","android"
"7540","2020-09-28","1","ios"
"7540","2020-10-17","1","android"
"7540","2020-11-04","1","web"
"7540","2020-11-12","2","ios"
"7540","2022-04-23","1","ios"
"7540","2022-05-18","2","android"
"7540","2022-06-11","1","ios"
"7540","2022-07-14","1","ios"
"7540","2022-12-22","1","android"
"7540","2023-01-05","2","ios"
"7540","2023-01-07","1","android"
"7541","2021-10-31","1","android"
"7541","2021-11-11","1","ios"
"7542","2022-09-29","1","web"
"7542","2023-10-02","1","web"
"7542","2024-09-02","1","ios"
"7542","2024-09-03","1","android"
"7542","2024-09-10","1","ios"
"7542","2024-09-25","1","ios"
"7542","2024-10-19","1","ios"
"7543","2025-02-11","1","ios"
"7544","2024-04-08","1","web"
"7544","2024-08-05","1","android"
"7544","2024-09-08","1","android"
"7544","2024-09-14","1","ios"
"7544","2024-09-25","1","ios"
"7544","2024-11-13","1","android"
"7544","2025-01-11","1","web"
"7544","2025-11-18","1","ios"
"7545","2022-09-17","1","web"
"7546","2026-05-10","1","ios"
"7546","2026-05-21","1","web"
"7547","2023-01-22","1","ios"
"7547","2023-01-23","1","android"
"7547","2023-01-29","1","web"
"7547","2023-11-26","1","android"
"7548","2023-07-24","1","ios"
"7548","2023-08-24","1","android"
"7549","2020-10-21","1","android"
"7549","2020-12-30","1","android"
"7549","2021-02-16","1","ios"
"7549","2021-03-04","1","ios"
"7550","2026-04-13","1","ios"
"7550","2026-04-21","1","android"
"7551","2020-05-11","1","android"
"7551","2020-05-27","1","ios"
"7551","2020-06-14","1","ios"
"7551","2023-08-12","1","ios"
"7552","2020-07-17","1","android"
"7552","2020-08-21","1","ios"
"7552","2020-09-15","1","android"
"7552","2020-09-24","1","ios"
"7552","2020-09-25","1","ios"
"7552","2021-05-08","1","ios"
"7552","2021-05-27","1","ios"
"7552","2021-06-15","1","web"
"7552","2022-07-16","1","ios"
"7552","2023-01-25","1","android"
"7552","2023-04-04","1","ios"
"7553","2022-09-16","1","ios"
"7553","2022-12-31","1","ios"
"7553","2023-01-01","1","android"
"7553","2023-01-26","1","web"
"7553","2024-09-11","1","web"
"7553","2024-09-19","1","android"
"7554","2019-05-29","1","web"
"7554","2020-05-10","1","web"
"7554","2020-07-23","1","ios"
"7554","2020-08-09","1","ios"
"7554","2020-08-14","1","ios"
"7555","2020-11-17","1","android"
"7556","2024-04-24","1","web"
"7556","2025-05-03","1","ios"
"7556","2025-12-23","1","android"
"7557","2021-12-06","1","ios"
"7557","2022-11-26","1","android"
"7558","2023-12-29","1","ios"
"7558","2024-03-27","1","ios"
"7558","2024-06-29","1","web"
"7558","2024-07-03","1","web"
"7558","2024-07-27","1","android"
"7558","2025-05-14","1","ios"
"7558","2026-02-28","1","ios"
"7559","2025-05-18","1","web"
"7560","2024-02-01","1","web"
"7561","2025-06-27","1","android"
"7562","2022-11-28","1","ios"
"7563","2023-06-15","1","android"
"7563","2023-07-04","1","android"
"7563","2023-12-03","1","web"
"7564","2025-10-24","1","ios"
"7564","2025-11-01","1","ios"
"7564","2025-11-13","1","android"
"7564","2025-11-14","1","android"
"7564","2025-12-27","1","ios"
"7565","2024-04-07","1","web"
"7565","2025-01-23","1","ios"
"7566","2024-04-29","1","ios"
"7566","2024-06-02","1","android"
"7566","2024-06-03","1","android"
"7566","2024-06-13","1","android"
"7566","2024-06-15","1","web"
"7566","2024-06-29","2","ios"
"7566","2024-07-10","1","ios"
"7566","2024-07-27","1","ios"
"7566","2026-01-02","2","ios"
"7566","2026-03-17","1","android"
"7566","2026-03-20","1","ios"
"7567","2021-02-22","1","ios"
"7567","2021-03-03","1","android"
"7567","2021-03-11","1","ios"
"7567","2021-05-15","1","android"
"7567","2022-01-16","1","web"
"7567","2022-06-15","1","android"
"7568","2022-12-09","1","web"
"7568","2022-12-12","1","ios"
"7568","2022-12-15","1","ios"
"7568","2022-12-17","1","ios"
"7568","2022-12-21","1","android"
"7568","2022-12-29","1","android"
"7568","2023-01-12","1","android"
"7569","2023-10-31","1","ios"
"7569","2024-02-27","1","ios"
"7569","2024-05-10","1","android"
"7569","2024-05-27","1","android"
"7569","2025-03-09","1","ios"
"7569","2025-03-15","1","ios"
"7570","2023-10-13","1","web"
"7570","2023-10-14","1","web"
"7570","2023-10-18","1","android"
"7570","2023-10-31","1","ios"
"7570","2023-11-16","1","web"
"7570","2023-12-10","1","android"
"7570","2024-01-21","1","ios"
"7570","2024-02-18","1","ios"
"7570","2024-02-21","2","web"
"7570","2024-03-29","1","web"
"7570","2024-04-01","1","ios"
"7570","2024-04-21","1","android"
"7570","2024-05-01","1","web"
"7570","2024-05-17","1","ios"
"7571","2019-07-14","1","ios"
"7571","2019-09-21","1","ios"
"7571","2019-09-25","1","ios"
"7571","2019-10-09","1","android"
"7571","2019-10-11","1","ios"
"7572","2022-01-01","1","web"
"7572","2022-01-14","1","android"
"7573","2021-06-09","1","android"
"7574","2020-06-20","1","android"
"7574","2022-04-29","1","web"
"7575","2024-10-25","1","android"
"7576","2023-01-17","1","android"
"7576","2023-01-19","1","ios"
"7576","2023-01-20","1","web"
"7576","2023-03-07","1","ios"
"7576","2024-01-30","1","ios"
"7576","2024-08-28","1","ios"
"7576","2024-09-15","1","ios"
"7576","2024-10-07","1","web"
"7576","2024-10-25","1","web"
"7576","2024-12-01","1","android"
"7576","2024-12-12","1","ios"
"7577","2021-08-10","1","android"
"7578","2022-08-28","1","web"
"7579","2024-03-28","1","ios"
"7579","2025-09-08","1","ios"
"7580","2020-07-31","1","ios"
"7580","2020-08-11","1","web"
"7580","2020-08-15","1","web"
"7581","2025-04-26","1","ios"
"7582","2021-10-08","1","ios"
"7583","2025-03-12","1","web"
"7583","2025-05-02","1","ios"
"7583","2025-05-03","1","android"
"7583","2025-05-08","1","android"
"7583","2025-05-10","1","android"
"7583","2025-05-16","1","ios"
"7583","2025-05-24","1","android"
"7583","2025-09-04","1","android"
"7584","2023-03-29","1","web"
"7584","2023-05-03","1","android"
"7584","2023-05-13","1","ios"
"7584","2023-05-15","1","ios"
"7584","2023-05-22","1","ios"
"7584","2023-07-01","1","ios"
"7584","2023-07-04","1","ios"
"7584","2023-07-06","1","android"
"7584","2023-08-24","2","ios"
"7584","2023-09-19","1","android"
"7584","2023-10-13","1","web"
"7584","2023-10-14","2","android"
"7585","2022-02-19","1","web"
"7585","2024-01-12","1","ios"
"7585","2024-12-17","1","web"
"7586","2025-07-15","1","ios"
"7586","2025-07-21","1","android"
"7587","2025-01-15","1","ios"
"7588","2023-08-22","1","ios"
"7588","2023-09-11","1","web"
"7588","2023-10-12","1","android"
"7588","2023-10-14","1","ios"
"7589","2022-05-06","1","android"
"7589","2022-05-11","1","web"
"7590","2025-04-07","1","android"
"7590","2025-04-13","1","ios"
"7590","2025-05-07","1","android"
"7590","2025-05-12","1","ios"
"7590","2025-07-27","1","android"
"7591","2025-06-23","1","ios"
"7591","2025-07-03","1","ios"
"7592","2023-05-06","1","ios"
"7592","2023-05-17","1","web"
"7592","2023-05-26","1","ios"
"7592","2025-04-14","1","android"
"7592","2025-07-16","1","ios"
"7592","2025-07-20","1","ios"
"7592","2026-04-10","1","web"
"7593","2021-01-04","1","android"
"7594","2022-09-26","1","ios"
"7594","2022-10-23","1","ios"
"7594","2022-10-25","1","web"
"7594","2022-11-24","1","ios"
"7594","2023-09-06","1","web"
"7594","2023-09-09","1","web"
"7594","2023-10-07","1","android"
"7594","2023-10-10","1","android"
"7594","2024-07-21","1","android"
"7594","2024-08-24","1","ios"
"7594","2024-09-21","1","ios"
"7594","2024-10-17","1","ios"
"7594","2026-01-17","1","ios"
"7595","2021-03-10","1","ios"
"7595","2021-03-18","1","android"
"7595","2021-03-29","1","ios"
"7595","2021-04-24","1","android"
"7596","2025-04-18","1","ios"
"7596","2025-05-19","1","web"
"7596","2025-06-25","1","android"
"7597","2022-07-11","1","ios"
"7597","2022-09-11","1","web"
"7598","2025-04-19","1","ios"
"7598","2025-05-04","1","android"
"7598","2025-10-24","1","ios"
"7598","2025-12-17","1","web"
"7599","2023-09-25","1","android"
"7599","2024-05-29","1","ios"
"7599","2024-06-03","1","web"
"7600","2023-12-11","1","android"
"7600","2023-12-14","1","ios"
"7600","2024-01-08","1","android"
"7600","2024-01-09","1","web"
"7600","2024-01-11","1","ios"
"7600","2024-01-17","1","web"
"7600","2024-03-25","1","ios"
"7600","2024-04-05","1","android"
"7601","2023-10-22","1","web"
"7601","2023-10-30","1","ios"
"7601","2023-11-08","1","android"
"7601","2024-10-06","1","ios"
"7601","2024-10-10","1","ios"
"7601","2024-10-29","1","ios"
"7602","2024-04-25","1","ios"
"7602","2024-05-07","1","android"
"7602","2024-05-29","1","web"
"7602","2024-07-16","1","android"
"7602","2025-03-20","1","ios"
"7602","2026-05-08","1","ios"
"7603","2022-05-23","1","android"
"7603","2024-09-24","1","ios"
"7604","2025-05-12","1","web"
"7604","2025-05-16","1","android"
"7604","2025-12-28","1","ios"
"7605","2021-07-23","1","ios"
"7605","2021-08-24","1","web"
"7605","2021-09-18","1","android"
"7605","2021-09-22","1","ios"
"7605","2021-09-29","1","ios"
"7605","2022-07-09","1","android"
"7606","2021-12-08","1","ios"
"7606","2021-12-16","1","web"
"7606","2022-06-02","1","web"
"7606","2023-05-06","1","android"
"7606","2023-05-10","1","android"
"7607","2020-07-14","1","android"
"7608","2023-04-28","1","android"
"7608","2023-05-18","1","ios"
"7608","2023-07-22","1","ios"
"7608","2023-07-23","1","web"
"7608","2024-02-11","1","web"
"7609","2025-04-10","1","ios"
"7609","2025-04-18","1","ios"
"7609","2025-05-13","1","ios"
"7609","2025-07-09","1","ios"
"7610","2019-03-14","1","android"
"7610","2020-07-24","1","ios"
"7610","2020-07-25","1","web"
"7611","2026-04-30","1","android"
"7612","2023-12-06","1","ios"
"7613","2024-08-24","1","web"
"7613","2024-08-28","1","ios"
"7613","2024-09-01","1","android"
"7613","2025-04-25","1","ios"
"7613","2025-05-07","1","web"
"7613","2025-05-08","1","android"
"7613","2025-05-19","1","android"
"7614","2024-09-08","1","ios"
"7614","2025-06-06","1","web"
"7614","2025-12-11","1","ios"
"7615","2025-10-11","1","web"
"7615","2026-03-28","1","ios"
"7616","2021-06-16","1","ios"
"7617","2022-06-16","1","android"
"7618","2022-02-17","1","android"
"7618","2022-02-25","1","android"
"7618","2022-02-28","1","android"
"7618","2022-03-26","1","ios"
"7618","2022-03-31","1","android"
"7618","2022-04-01","1","ios"
"7618","2022-05-03","1","web"
"7618","2022-11-13","1","android"
"7618","2022-12-12","1","ios"
"7618","2023-05-27","1","ios"
"7618","2023-06-29","1","android"
"7618","2023-08-01","1","android"
"7619","2023-11-10","1","ios"
"7619","2025-10-15","1","ios"
"7619","2025-11-05","1","web"
"7620","2025-08-28","1","ios"
"7620","2025-08-29","1","android"
"7620","2025-09-26","2","ios"
"7620","2025-11-21","1","ios"
"7621","2020-05-30","1","ios"
"7622","2025-06-22","1","ios"
"7623","2023-03-25","1","web"
"7624","2025-11-19","1","android"
"7624","2025-11-25","1","ios"
"7624","2026-01-08","1","android"
"7624","2026-01-10","1","ios"
"7625","2026-02-22","1","ios"
"7625","2026-03-21","1","ios"
"7626","2023-10-11","1","android"
"7626","2023-10-13","1","web"
"7626","2023-10-18","1","ios"
"7626","2024-06-12","1","web"
"7626","2024-10-22","1","ios"
"7626","2024-10-28","1","ios"
"7626","2024-11-01","1","web"
"7626","2024-11-14","1","android"
"7627","2021-12-01","1","ios"
"7627","2021-12-27","1","ios"
"7628","2023-03-14","1","web"
"7628","2023-11-13","1","web"
"7628","2023-11-14","1","ios"
"7628","2023-12-07","1","android"
"7628","2023-12-20","1","web"
"7628","2026-02-06","1","ios"
"7628","2026-03-24","1","ios"
"7628","2026-04-07","1","ios"
"7628","2026-06-08","1","web"
"7628","2026-06-19","1","android"
"7628","2026-06-21","1","ios"
"7629","2020-11-30","1","ios"
"7629","2020-12-15","1","android"
"7629","2021-04-11","1","ios"
"7630","2023-04-26","1","ios"
"7630","2023-05-01","1","android"
"7630","2023-05-10","1","ios"
"7630","2023-06-17","1","ios"
"7630","2024-09-21","1","ios"
"7630","2024-10-10","1","android"
"7630","2024-11-03","1","ios"
"7630","2026-01-29","1","ios"
"7631","2026-06-24","1","web"
"7632","2022-10-06","1","ios"
"7632","2023-07-28","1","android"
"7632","2024-06-19","1","android"
"7632","2025-04-17","1","android"
"7633","2024-11-10","1","web"
"7633","2024-11-15","1","web"
"7633","2024-11-23","1","ios"
"7633","2024-12-06","1","android"
"7633","2025-11-17","1","ios"
"7634","2024-12-08","1","web"
"7634","2024-12-12","1","web"
"7634","2026-02-08","1","ios"
"7635","2022-02-19","1","android"
"7635","2022-04-11","1","web"
"7635","2022-07-09","1","ios"
"7636","2022-12-11","1","ios"
"7636","2022-12-29","1","web"
"7636","2023-01-29","1","ios"
"7636","2023-03-21","1","ios"
"7636","2023-04-19","1","web"
"7636","2023-04-27","1","ios"
"7636","2023-05-18","1","ios"
"7636","2023-06-08","1","web"
"7636","2023-06-22","1","ios"
"7636","2023-06-24","1","android"
"7636","2023-07-02","1","android"
"7637","2025-05-25","1","ios"
"7637","2025-05-26","1","ios"
"7637","2025-06-14","1","android"
"7637","2025-07-29","1","ios"
"7637","2025-08-14","1","android"
"7637","2025-09-02","1","web"
"7637","2025-10-02","1","web"
"7637","2026-02-20","2","ios"
"7637","2026-03-09","1","android"
"7637","2026-03-18","1","ios"
"7637","2026-03-22","1","android"
"7637","2026-04-03","1","ios"
"7637","2026-04-27","1","android"
"7637","2026-05-22","1","web"
"7638","2024-10-03","1","android"
"7638","2024-10-09","1","ios"
"7638","2024-10-29","1","ios"
"7638","2025-07-19","1","ios"
"7638","2025-08-22","1","android"
"7639","2024-10-01","1","ios"
"7639","2024-10-04","1","ios"
"7639","2024-10-23","1","web"
"7639","2024-11-28","1","ios"
"7640","2023-10-03","1","web"
"7640","2023-10-26","1","ios"
"7641","2024-06-09","1","android"
"7641","2024-11-05","1","ios"
"7641","2024-11-23","1","android"
"7642","2026-04-17","1","android"
"7642","2026-04-28","1","android"
"7642","2026-05-07","1","ios"
"7642","2026-05-22","1","ios"
"7642","2026-05-23","1","android"
"7642","2026-06-04","1","ios"
"7643","2023-06-21","1","android"
"7643","2023-06-29","1","android"
"7643","2023-07-28","1","web"
"7643","2024-03-15","1","ios"
"7643","2024-03-16","1","ios"
"7643","2024-05-05","2","ios"
"7644","2025-07-24","1","ios"
"7644","2025-07-26","1","ios"
"7645","2025-07-13","1","ios"
"7645","2025-07-30","1","ios"
"7645","2025-07-31","1","ios"
"7645","2025-08-03","1","ios"
"7646","2023-09-21","1","ios"
"7647","2020-10-28","1","ios"
"7647","2021-02-08","1","ios"
"7647","2021-02-15","1","ios"
"7647","2021-04-18","1","android"
"7648","2024-06-23","1","android"
"7648","2024-07-01","1","android"
"7649","2019-06-23","1","ios"
"7649","2019-07-01","1","android"
"7649","2021-05-19","1","ios"
"7649","2021-05-23","1","ios"
"7649","2021-06-04","1","android"
"7649","2021-06-06","1","ios"
"7649","2021-07-07","1","android"
"7649","2021-07-09","1","ios"
"7650","2023-06-05","1","ios"
"7651","2022-07-30","1","web"
"7651","2023-06-26","1","ios"
"7651","2023-07-13","1","ios"
"7651","2023-08-01","1","ios"
"7651","2023-08-09","1","ios"
"7651","2024-10-01","1","ios"
"7651","2024-10-04","1","web"
"7652","2023-03-01","1","android"
"7652","2023-03-05","1","android"
"7652","2023-03-16","1","ios"
"7652","2023-04-09","1","ios"
"7652","2023-05-27","1","ios"
"7652","2023-05-28","1","android"
"7652","2023-06-09","1","ios"
"7652","2023-06-17","1","ios"
"7652","2023-08-31","1","ios"
"7652","2023-09-27","1","ios"
"7652","2024-07-02","1","ios"
"7652","2024-07-26","1","ios"
"7653","2026-01-19","1","web"
"7653","2026-02-04","1","ios"
"7654","2024-03-05","1","android"
"7655","2025-05-26","1","ios"
"7656","2025-03-10","1","ios"
"7657","2025-06-01","1","web"
"7657","2025-07-06","1","web"
"7657","2025-07-16","1","ios"
"7657","2025-08-05","1","ios"
"7657","2025-08-19","1","ios"
"7657","2025-08-31","2","ios"
"7658","2023-06-25","1","ios"
"7658","2023-08-20","1","web"
"7658","2023-08-28","1","ios"
"7658","2023-08-30","1","ios"
"7658","2023-08-31","2","android"
"7658","2023-09-16","1","android"
"7659","2020-01-10","1","ios"
"7659","2020-01-12","1","ios"
"7659","2020-01-30","1","ios"
"7659","2020-02-23","1","android"
"7659","2020-02-25","1","ios"
"7659","2020-03-04","1","android"
"7659","2020-09-14","1","android"
"7659","2020-09-15","1","android"
"7659","2020-09-20","1","ios"
"7660","2021-08-09","1","ios"
"7660","2022-02-13","1","web"
"7661","2026-01-19","1","ios"
"7662","2021-11-22","1","android"
"7662","2023-08-18","1","ios"
"7663","2024-01-30","1","ios"
"7664","2020-07-04","1","ios"
"7664","2021-03-19","1","android"
"7664","2021-03-20","1","android"
"7664","2021-04-01","1","web"
"7665","2025-03-31","1","ios"
"7665","2025-04-14","1","android"
"7665","2025-06-08","1","android"
"7665","2025-06-14","1","ios"
"7665","2025-06-18","1","android"
"7665","2025-08-10","2","android"
"7665","2025-09-09","1","android"
"7665","2025-09-13","1","ios"
"7666","2025-07-14","1","ios"
"7666","2025-08-12","1","ios"
"7667","2022-12-10","1","android"
"7667","2022-12-16","1","web"
"7667","2023-01-07","1","android"
"7667","2023-02-10","1","ios"
"7668","2024-09-01","1","ios"
"7668","2026-05-13","1","android"
"7668","2026-06-13","1","android"
"7669","2024-12-20","1","ios"
"7670","2024-11-19","1","android"
"7670","2024-11-26","1","android"
"7670","2025-01-14","2","ios"
"7670","2025-02-03","1","android"
"7670","2025-05-04","1","ios"
"7670","2025-05-15","1","web"
"7670","2025-05-31","2","android"
"7670","2025-06-06","1","android"
"7670","2025-07-03","1","ios"
"7671","2022-11-19","1","web"
"7672","2023-06-09","1","ios"
"7672","2023-06-28","1","android"
"7672","2023-06-30","1","web"
"7672","2023-07-03","1","ios"
"7672","2023-07-09","1","ios"
"7672","2023-08-05","1","ios"
"7672","2024-03-30","1","ios"
"7673","2022-09-29","1","ios"
"7674","2022-12-02","1","android"
"7674","2024-07-27","1","android"
"7674","2024-08-12","1","ios"
"7674","2024-09-01","1","web"
"7674","2025-07-30","1","android"
"7674","2025-08-23","1","web"
"7674","2025-09-09","1","ios"
"7674","2025-09-12","2","web"
"7675","2025-02-07","1","ios"
"7675","2025-02-08","1","android"
"7676","2021-07-20","1","ios"
"7676","2021-09-12","1","android"
"7676","2021-09-14","1","ios"
"7676","2021-09-17","1","ios"
"7676","2021-09-26","1","ios"
"7676","2023-09-27","1","android"
"7676","2024-12-14","1","web"
"7677","2025-11-22","1","ios"
"7677","2026-05-20","1","android"
"7678","2025-09-29","1","android"
"7678","2025-10-26","1","android"
"7679","2022-10-11","1","ios"
"7679","2022-10-14","1","android"
"7679","2022-10-15","1","ios"
"7680","2026-02-08","1","android"
"7680","2026-02-12","1","android"
"7681","2024-12-20","1","ios"
"7681","2025-01-05","1","android"
"7681","2025-02-21","1","ios"
"7682","2026-02-03","1","ios"
"7683","2025-08-08","1","web"
"7684","2020-07-05","1","android"
"7685","2021-01-16","1","ios"
"7685","2021-01-28","1","ios"
"7685","2021-01-30","2","ios"
"7685","2021-02-01","1","web"
"7685","2021-03-05","1","ios"
"7685","2021-03-13","1","android"
"7685","2021-03-27","1","ios"
"7686","2024-11-07","1","web"
"7686","2024-11-08","1","web"
"7687","2026-05-24","1","ios"
"7687","2026-06-02","1","ios"
"7687","2026-06-05","1","ios"
"7688","2025-05-13","1","ios"
"7689","2023-11-05","1","ios"
"7690","2024-04-13","1","android"
"7690","2024-04-18","1","ios"
"7690","2024-04-19","1","web"
"7690","2024-06-03","1","android"
"7690","2024-10-01","1","ios"
"7690","2025-10-03","1","ios"
"7691","2022-10-20","1","web"
"7692","2020-01-12","1","ios"
"7692","2022-08-07","1","ios"
"7693","2022-12-31","1","android"
"7693","2023-01-05","1","android"
"7694","2022-12-01","1","ios"
"7694","2022-12-16","1","ios"
"7694","2022-12-29","1","ios"
"7695","2023-11-14","1","web"
"7695","2023-11-19","1","web"
"7695","2024-12-15","1","android"
"7696","2021-07-02","1","android"
"7696","2021-07-06","1","ios"
"7696","2021-07-23","1","web"
"7696","2023-02-14","1","ios"
"7696","2023-02-22","1","android"
"7696","2023-03-13","1","ios"
"7696","2023-03-18","1","android"
"7696","2023-08-12","1","web"
"7696","2023-09-07","1","ios"
"7696","2023-10-03","1","android"
"7696","2023-10-10","1","ios"
"7697","2025-10-10","1","ios"
"7697","2025-10-17","1","ios"
"7698","2025-05-29","1","ios"
"7698","2026-05-01","1","ios"
"7698","2026-05-10","1","ios"
"7699","2022-04-26","1","ios"
"7699","2022-05-03","1","ios"
"7700","2021-05-14","1","ios"
"7700","2021-05-23","1","android"
"7700","2024-04-11","1","ios"
"7700","2024-04-21","1","ios"
"7700","2024-05-08","1","ios"
"7700","2024-05-22","2","android"
"7700","2024-10-15","1","web"
"7700","2024-10-18","1","android"
"7700","2024-10-25","1","web"
"7700","2025-07-08","1","android"
"7700","2026-01-18","1","ios"
"7700","2026-01-19","1","ios"
"7701","2025-06-18","1","ios"
"7701","2025-07-17","1","web"
"7701","2025-07-24","1","android"
"7702","2024-04-22","1","android"
"7702","2024-05-06","1","android"
"7703","2019-11-25","1","web"
"7703","2020-08-01","1","ios"
"7704","2025-08-07","1","android"
"7704","2025-08-25","1","android"
"7704","2025-09-17","1","ios"
"7704","2025-09-21","1","web"
"7704","2025-10-07","1","ios"
"7704","2025-10-08","1","android"
"7704","2025-11-02","1","android"
"7704","2025-11-06","1","web"
"7705","2021-02-21","1","android"
"7705","2021-07-07","1","android"
"7705","2023-06-05","1","android"
"7705","2023-06-24","1","android"
"7705","2024-08-06","1","ios"
"7705","2024-08-30","1","android"
"7706","2026-05-06","1","ios"
"7706","2026-05-23","1","web"
"7706","2026-05-26","1","ios"
"7706","2026-06-09","1","ios"
"7706","2026-06-16","1","ios"
"7706","2026-06-24","1","web"
"7707","2024-05-13","1","android"
"7708","2022-10-19","1","web"
"7708","2022-12-18","1","web"
"7708","2023-04-16","1","ios"
"7708","2023-04-18","1","web"
"7708","2023-04-19","1","android"
"7708","2023-05-13","1","ios"
"7708","2024-02-28","1","ios"
"7709","2023-04-02","1","ios"
"7709","2023-05-27","1","android"
"7709","2023-06-10","1","ios"
"7709","2023-06-22","1","android"
"7710","2023-08-18","1","android"
"7710","2023-09-17","1","ios"
"7710","2023-10-24","1","web"
"7710","2023-10-29","1","ios"
"7710","2023-11-04","1","ios"
"7710","2023-11-12","1","ios"
"7710","2024-05-10","1","ios"
"7710","2024-05-17","1","web"
"7710","2025-11-16","1","ios"
"7710","2025-12-06","1","ios"
"7710","2025-12-19","1","ios"
"7710","2025-12-22","1","ios"
"7711","2024-01-17","1","ios"
"7711","2024-01-18","1","android"
"7712","2020-07-31","1","ios"
"7712","2020-08-14","1","android"
"7712","2020-08-25","1","android"
"7712","2021-10-18","1","android"
"7712","2021-10-19","1","web"
"7712","2021-10-22","1","android"
"7712","2025-02-08","1","android"
"7712","2025-06-14","1","ios"
"7712","2025-07-18","1","ios"
"7713","2020-02-06","1","web"
"7713","2020-05-08","1","ios"
"7713","2020-05-27","1","ios"
"7713","2020-05-29","2","ios"
"7713","2021-09-27","1","ios"
"7714","2023-12-31","1","web"
"7714","2024-01-09","1","ios"
"7714","2024-02-07","2","android"
"7714","2024-02-23","1","ios"
"7714","2024-06-23","1","android"
"7714","2024-07-02","1","ios"
"7714","2024-07-03","1","ios"
"7714","2024-07-04","1","ios"
"7714","2024-07-24","1","android"
"7714","2024-08-18","1","ios"
"7714","2024-08-21","1","web"
"7714","2024-09-12","1","ios"
"7714","2024-10-20","1","android"
"7714","2024-10-30","1","ios"
"7714","2024-12-12","1","ios"
"7714","2025-01-06","1","web"
"7714","2025-01-09","1","android"
"7714","2025-01-14","2","android"
"7714","2025-08-27","1","web"
"7714","2025-12-28","1","ios"
"7714","2026-02-27","1","android"
"7714","2026-03-13","1","ios"
"7714","2026-05-22","1","ios"
"7714","2026-06-16","1","ios"
"7714","2026-06-26","1","ios"
"7715","2022-11-10","1","ios"
"7715","2023-06-01","1","ios"
"7715","2023-07-19","1","android"
"7715","2023-07-22","1","web"
"7715","2023-08-26","1","ios"
"7715","2023-08-27","1","ios"
"7715","2024-03-10","1","web"
"7716","2020-05-08","1","ios"
"7716","2022-01-05","1","android"
"7717","2024-07-29","1","ios"
"7717","2025-09-15","1","ios"
"7718","2024-07-23","1","web"
"7718","2024-08-08","1","ios"
"7719","2023-11-02","1","web"
"7719","2023-11-12","1","android"
"7720","2024-04-03","1","ios"
"7720","2024-04-22","1","ios"
"7720","2024-05-27","1","ios"
"7720","2024-06-01","1","ios"
"7720","2024-07-15","1","ios"
"7720","2026-03-03","1","ios"
"7720","2026-03-06","1","web"
"7720","2026-05-14","1","ios"
"7721","2026-01-01","1","web"
"7722","2025-10-23","1","android"
"7723","2023-07-01","1","android"
"7724","2021-08-04","1","web"
"7724","2021-08-22","1","ios"
"7724","2021-09-02","1","android"
"7724","2021-09-09","1","ios"
"7724","2022-03-05","1","ios"
"7725","2025-04-28","1","ios"
"7725","2025-09-27","1","ios"
"7726","2023-11-17","1","android"
"7726","2024-07-08","1","android"
"7726","2024-07-16","1","ios"
"7726","2025-10-20","1","ios"
"7726","2026-05-23","1","android"
"7727","2024-10-24","1","web"
"7727","2024-11-06","1","ios"
"7727","2025-02-26","1","web"
"7727","2025-03-19","1","ios"
"7727","2026-02-10","1","ios"
"7728","2024-09-11","1","web"
"7728","2025-02-20","1","ios"
"7728","2025-10-22","1","android"
"7728","2025-11-21","1","android"
"7729","2022-10-12","1","ios"
"7729","2022-10-23","1","android"
"7729","2023-01-19","1","ios"
"7729","2024-02-02","1","ios"
"7729","2024-02-03","1","ios"
"7729","2025-03-07","1","ios"
"7729","2025-03-22","1","ios"
"7729","2025-04-14","1","ios"
"7729","2025-04-20","1","ios"
"7729","2025-05-09","1","ios"
"7729","2025-09-18","1","android"
"7729","2025-10-20","1","android"
"7730","2022-04-17","1","ios"
"7730","2022-04-18","1","ios"
"7730","2022-04-22","1","ios"
"7730","2022-05-15","1","ios"
"7730","2022-05-17","1","ios"
"7730","2022-06-11","2","ios"
"7730","2025-06-18","1","web"
"7731","2023-07-05","1","web"
"7731","2023-08-15","1","web"
"7731","2023-09-30","1","android"
"7731","2023-10-10","1","web"
"7731","2023-10-14","1","web"
"7731","2023-10-25","1","web"
"7731","2024-04-10","1","android"
"7731","2024-04-20","1","ios"
"7731","2024-08-23","1","android"
"7731","2024-09-06","1","android"
"7731","2024-11-01","1","web"
"7731","2025-10-11","1","android"
"7732","2024-08-13","1","web"
"7732","2025-08-15","1","ios"
"7732","2025-08-18","1","ios"
"7732","2025-08-27","1","android"
"7732","2025-10-04","1","ios"
"7732","2025-11-23","1","ios"
"7732","2025-12-26","1","ios"
"7732","2025-12-29","1","web"
"7732","2026-01-08","1","android"
"7733","2022-06-03","1","ios"
"7734","2024-06-20","1","ios"
"7734","2024-08-03","1","web"
"7734","2024-08-10","1","ios"
"7734","2025-09-18","1","ios"
"7734","2025-10-17","1","ios"
"7734","2025-10-20","1","android"
"7734","2025-10-25","1","android"
"7735","2025-07-20","1","web"
"7736","2022-01-21","1","ios"
"7736","2022-01-22","1","web"
"7736","2022-02-09","1","web"
"7736","2022-02-10","1","ios"
"7736","2022-02-17","1","ios"
"7736","2024-08-01","1","ios"
"7736","2025-01-22","1","ios"
"7736","2025-10-21","1","web"
"7737","2021-03-21","1","web"
"7737","2021-04-21","1","ios"
"7737","2021-04-27","1","ios"
"7737","2021-04-28","1","ios"
"7737","2021-06-07","1","android"
"7737","2021-06-08","1","android"
"7737","2022-04-17","1","ios"
"7737","2022-05-09","1","android"
"7738","2024-07-30","1","ios"
"7738","2024-08-14","1","web"
"7738","2024-08-28","1","ios"
"7739","2023-02-07","1","ios"
"7739","2023-02-26","1","ios"
"7739","2023-03-07","1","web"
"7740","2019-11-02","1","ios"
"7740","2021-01-12","1","web"
"7740","2021-01-16","1","android"
"7741","2023-05-20","1","android"
"7741","2023-05-26","1","android"
"7741","2023-06-07","1","ios"
"7741","2023-06-18","1","android"
"7741","2023-07-05","1","ios"
"7741","2023-07-13","1","android"
"7741","2023-07-20","1","android"
"7741","2023-07-21","1","ios"
"7741","2023-08-09","1","ios"
"7742","2023-04-10","1","web"
"7742","2023-04-30","1","android"
"7742","2024-06-12","1","android"
"7742","2024-06-21","1","ios"
"7743","2020-04-04","1","android"
"7743","2020-04-24","1","ios"
"7743","2020-05-02","1","android"
"7743","2023-05-24","1","android"
"7743","2023-06-17","1","android"
"7743","2023-07-16","1","android"
"7743","2023-07-23","1","ios"
"7743","2023-07-28","1","web"
"7743","2023-08-11","1","web"
"7743","2023-08-12","1","web"
"7743","2023-10-06","1","ios"
"7743","2023-10-20","1","ios"
"7743","2023-10-21","1","android"
"7743","2023-10-24","1","android"
"7743","2024-07-09","1","ios"
"7744","2023-04-07","1","android"
"7744","2023-04-09","1","ios"
"7744","2024-02-11","1","ios"
"7744","2024-02-15","1","web"
"7745","2022-06-08","1","android"
"7745","2022-11-22","1","ios"
"7746","2025-08-27","1","android"
"7746","2025-09-02","1","web"
"7746","2025-09-03","1","ios"
"7746","2025-10-10","1","ios"
"7746","2025-10-15","1","android"
"7746","2025-11-06","1","android"
"7747","2023-04-06","1","ios"
"7747","2023-04-28","1","android"
"7747","2023-05-20","1","ios"
"7747","2023-05-22","1","web"
"7747","2023-05-26","1","web"
"7747","2023-10-09","1","android"
"7747","2023-10-25","1","web"
"7747","2024-06-09","1","android"
"7747","2024-06-13","1","ios"
"7747","2024-06-23","2","web"
"7747","2024-06-29","1","ios"
"7748","2024-07-11","1","web"
"7748","2025-07-22","1","web"
"7749","2024-12-26","1","ios"
"7749","2025-01-11","1","web"
"7749","2025-01-15","1","web"
"7749","2025-01-17","1","android"
"7749","2025-02-28","1","ios"
"7749","2025-11-01","1","android"
"7749","2025-11-08","1","android"
"7750","2023-07-14","1","ios"
"7750","2023-07-15","1","android"
"7750","2023-07-19","1","android"
"7750","2025-04-20","1","ios"
"7751","2025-10-25","1","ios"
"7751","2025-10-26","1","web"
"7752","2020-08-08","1","android"
"7752","2020-09-19","1","web"
"7753","2022-08-19","1","ios"
"7754","2024-06-16","1","web"
"7754","2024-06-17","1","ios"
"7754","2026-06-23","1","android"
"7755","2026-01-21","1","ios"
"7756","2022-02-03","1","ios"
"7757","2021-06-08","1","ios"
"7757","2021-06-09","1","ios"
"7758","2021-10-30","1","android"
"7758","2021-11-06","1","ios"
"7758","2021-11-07","1","ios"
"7758","2021-11-19","1","web"
"7758","2021-11-24","1","ios"
"7759","2023-07-23","1","web"
"7759","2023-08-04","1","ios"
"7759","2023-08-06","1","ios"
"7760","2024-03-27","1","web"
"7760","2024-04-06","1","ios"
"7760","2025-05-26","1","ios"
"7761","2023-07-02","1","web"
"7761","2023-08-15","1","android"
"7762","2025-11-17","1","web"
"7763","2024-06-13","1","web"
"7764","2022-05-04","1","ios"
"7764","2022-05-14","1","ios"
"7764","2022-05-17","1","web"
"7765","2024-02-20","1","ios"
"7765","2024-02-28","1","android"
"7765","2025-04-29","1","ios"
"7766","2025-12-13","1","android"
"7766","2026-01-15","1","ios"
"7766","2026-01-16","1","web"
"7767","2023-02-19","1","ios"
"7767","2023-03-19","1","android"
"7767","2023-04-16","1","ios"
"7767","2023-04-20","1","ios"
"7767","2023-04-29","1","android"
"7767","2023-05-02","1","android"
"7767","2023-05-19","1","ios"
"7767","2023-05-30","1","ios"
"7767","2023-07-08","2","android"
"7767","2023-07-10","1","ios"
"7767","2023-08-02","1","web"
"7767","2023-08-13","2","android"
"7767","2023-08-15","1","ios"
"7767","2024-12-01","1","ios"
"7767","2024-12-02","1","android"
"7767","2024-12-16","1","web"
"7768","2024-01-20","1","ios"
"7768","2024-02-03","2","ios"
"7768","2024-02-05","1","web"
"7768","2024-02-10","1","ios"
"7768","2024-02-15","1","android"
"7768","2024-03-16","2","ios"
"7768","2024-04-14","1","web"
"7768","2024-04-19","1","ios"
"7768","2024-05-07","1","android"
"7769","2019-04-07","1","android"
"7769","2019-05-11","1","ios"
"7769","2019-05-30","1","android"
"7769","2019-06-15","1","android"
"7769","2019-06-26","1","web"
"7770","2022-12-06","1","ios"
"7771","2026-02-08","1","web"
"7771","2026-02-14","1","ios"
"7772","2026-06-02","1","ios"
"7772","2026-06-18","1","ios"
"7772","2026-06-19","1","ios"
"7773","2024-05-26","1","ios"
"7773","2024-06-06","1","android"
"7773","2024-06-12","1","ios"
"7774","2019-08-31","1","web"
"7775","2020-07-10","1","web"
"7775","2020-07-23","1","ios"
"7776","2021-11-21","1","android"
"7777","2026-03-09","1","ios"
"7778","2025-02-05","1","android"
"7778","2026-03-12","1","ios"
"7779","2025-11-13","1","android"
"7779","2025-12-02","1","web"
"7780","2024-09-26","1","ios"
"7781","2025-11-13","1","ios"
"7782","2026-03-23","1","android"
"7782","2026-04-19","1","ios"
"7782","2026-05-03","1","android"
"7782","2026-05-16","1","android"
"7782","2026-05-27","1","android"
"7782","2026-05-28","1","ios"
"7783","2025-12-19","1","ios"
"7783","2025-12-28","1","ios"
"7784","2022-02-12","1","web"
"7784","2022-02-28","1","web"
"7784","2022-04-06","1","ios"
"7784","2022-04-11","1","ios"
"7784","2023-03-19","1","ios"
"7784","2023-06-27","1","android"
"7784","2026-04-09","1","android"
"7784","2026-05-14","1","ios"
"7784","2026-05-28","2","android"
"7785","2023-02-17","1","android"
"7785","2023-02-21","1","android"
"7785","2023-11-28","1","android"
"7785","2025-05-17","1","ios"
"7785","2025-05-18","1","ios"
"7785","2025-06-08","1","ios"
"7786","2023-05-08","1","ios"
"7787","2026-04-30","1","ios"
"7787","2026-05-02","1","ios"
"7787","2026-05-18","2","android"
"7788","2024-08-14","1","ios"
"7789","2024-01-10","1","android"
"7789","2024-01-25","1","android"
"7789","2024-02-07","1","ios"
"7789","2026-06-10","1","web"
"7790","2026-03-22","1","ios"
"7791","2022-01-25","1","ios"
"7791","2022-02-05","2","ios"
"7791","2022-02-20","1","web"
"7792","2023-12-08","1","ios"
"7792","2024-01-22","1","ios"
"7792","2024-12-16","1","ios"
"7792","2026-01-13","1","ios"
"7792","2026-01-16","1","android"
"7792","2026-02-02","1","android"
"7792","2026-02-15","1","ios"
"7793","2025-05-07","1","ios"
"7793","2025-05-14","1","ios"
"7793","2026-01-21","1","ios"
"7793","2026-02-20","1","ios"
"7793","2026-02-25","1","ios"
"7794","2026-04-18","1","android"
"7795","2024-04-07","1","ios"
"7795","2024-04-12","1","ios"
"7795","2026-05-28","1","ios"
"7796","2021-04-08","1","android"
"7797","2025-05-09","1","web"
"7797","2025-05-26","1","ios"
"7797","2025-06-05","1","web"
"7797","2025-06-30","1","ios"
"7797","2025-07-06","1","android"
"7797","2025-07-15","1","web"
"7797","2025-10-04","1","ios"
"7797","2025-11-07","1","android"
"7798","2024-04-01","1","ios"
"7799","2024-12-16","1","android"
"7799","2024-12-21","2","ios"
"7799","2026-01-20","1","android"
"7799","2026-02-03","1","android"
"7800","2020-04-09","1","ios"
"7800","2020-10-20","1","android"
"7800","2020-10-28","1","ios"
"7800","2020-12-09","1","ios"
"7800","2020-12-12","1","ios"
"7800","2021-01-09","1","ios"
"7800","2021-01-20","1","ios"
"7800","2021-01-24","1","ios"
"7800","2021-03-29","1","ios"
"7800","2021-06-05","1","ios"
"7800","2021-06-13","1","android"
"7800","2023-03-25","1","android"
"7801","2023-06-22","1","android"
"7801","2023-06-29","1","ios"
"7801","2024-07-17","1","ios"
"7801","2025-10-13","1","ios"
"7802","2025-02-07","1","ios"
"7803","2023-12-30","1","ios"
"7803","2024-01-27","1","ios"
"7803","2024-01-28","1","web"
"7803","2026-03-03","1","ios"
"7803","2026-03-10","1","ios"
"7804","2020-06-04","1","ios"
"7805","2023-12-30","1","web"
"7805","2024-01-05","1","ios"
"7805","2024-10-30","1","ios"
"7805","2024-11-13","1","android"
"7805","2024-12-01","2","web"
"7805","2024-12-06","1","ios"
"7805","2024-12-27","1","ios"
"7805","2024-12-29","1","ios"
"7805","2024-12-30","1","ios"
"7805","2025-01-11","1","android"
"7805","2025-01-19","1","android"
"7805","2025-01-29","1","android"
"7805","2025-06-17","1","ios"
"7805","2025-07-12","1","ios"
"7805","2025-07-18","2","ios"
"7805","2025-07-25","1","android"
"7806","2020-09-13","1","ios"
"7807","2021-05-16","1","android"
"7807","2021-06-14","1","ios"
"7807","2021-10-09","1","ios"
"7808","2020-04-06","1","ios"
"7808","2021-06-20","1","android"
"7808","2021-10-21","1","web"
"7808","2024-02-19","1","ios"
"7808","2024-02-22","1","ios"
"7808","2026-05-18","1","web"
"7809","2024-11-23","1","android"
"7809","2024-12-11","1","ios"
"7809","2025-01-03","1","ios"
"7809","2025-02-16","1","ios"
"7809","2025-02-27","1","android"
"7809","2025-03-07","1","web"
"7809","2025-08-06","1","ios"
"7810","2023-09-14","1","android"
"7810","2023-09-26","1","android"
"7810","2023-10-11","1","android"
"7810","2025-04-29","1","ios"
"7811","2026-02-11","1","android"
"7811","2026-03-04","1","ios"
"7811","2026-04-06","1","android"
"7811","2026-05-02","1","ios"
"7811","2026-05-08","1","ios"
"7811","2026-05-09","1","ios"
"7811","2026-05-13","1","ios"
"7812","2025-09-17","1","android"
"7812","2025-10-31","1","ios"
"7813","2024-10-17","1","ios"
"7813","2024-10-29","1","ios"
"7813","2024-12-27","1","ios"
"7813","2025-01-22","1","ios"
"7813","2025-02-14","1","ios"
"7813","2025-02-19","2","android"
"7814","2021-10-24","1","android"
"7814","2021-11-23","1","android"
"7814","2021-11-27","1","ios"
"7814","2022-03-05","1","ios"
"7814","2022-04-01","1","ios"
"7814","2022-04-07","1","ios"
"7814","2023-09-05","1","ios"
"7815","2026-05-30","1","android"
"7816","2020-11-25","1","ios"
"7816","2020-12-13","1","android"
"7816","2022-07-20","1","web"
"7817","2026-05-09","1","web"
"7818","2022-07-20","1","android"
"7819","2025-08-05","1","ios"
"7820","2019-05-18","1","ios"
"7820","2019-05-26","1","android"
"7820","2019-05-29","1","web"
"7820","2021-03-09","1","web"
"7821","2026-04-26","1","ios"
"7821","2026-04-29","1","ios"
"7821","2026-05-08","1","ios"
"7822","2020-04-17","1","ios"
"7822","2020-04-22","1","ios"
"7822","2020-04-25","1","ios"
"7822","2021-04-09","1","ios"
"7822","2021-10-11","1","android"
"7823","2020-05-25","1","ios"
"7823","2020-06-22","1","ios"
"7823","2021-02-23","1","android"
"7823","2021-05-13","1","ios"
"7823","2022-05-08","1","ios"
"7824","2022-12-25","1","android"
"7824","2023-01-21","1","web"
"7824","2023-01-22","1","ios"
"7824","2023-12-29","1","ios"
"7824","2024-01-01","1","web"
"7824","2024-01-05","1","ios"
"7824","2025-02-28","1","ios"
"7825","2023-10-17","1","web"
"7825","2023-10-28","1","ios"
"7826","2026-02-08","1","ios"
"7827","2023-03-11","1","android"
"7827","2023-05-06","1","ios"
"7827","2023-05-24","1","ios"
"7828","2022-07-29","1","android"
"7828","2022-08-12","1","android"
"7829","2022-07-03","1","ios"
"7829","2022-07-11","1","web"
"7829","2022-09-14","1","android"
"7829","2022-09-30","1","android"
"7829","2023-07-31","1","android"
"7829","2024-02-29","1","ios"
"7829","2024-04-24","2","ios"
"7829","2024-11-08","1","ios"
"7829","2026-03-12","1","web"
"7830","2022-04-25","1","web"
"7831","2021-12-23","1","ios"
"7831","2022-09-01","1","android"
"7831","2023-01-19","1","ios"
"7831","2024-04-09","1","ios"
"7831","2024-09-23","1","ios"
"7832","2025-10-19","1","android"
"7832","2025-10-25","1","ios"
"7833","2026-02-15","1","web"
"7833","2026-02-16","1","android"
"7833","2026-02-22","1","ios"
"7834","2022-07-01","1","android"
"7834","2022-07-08","1","ios"
"7834","2024-04-09","1","web"
"7834","2024-04-12","1","ios"
"7835","2023-06-21","1","ios"
"7835","2023-07-02","1","android"
"7835","2023-07-05","1","android"
"7835","2023-08-16","1","android"
"7835","2023-08-27","1","ios"
"7835","2023-10-21","1","ios"
"7835","2023-12-19","1","ios"
"7836","2022-08-22","1","ios"
"7837","2020-01-02","1","ios"
"7837","2020-01-22","1","web"
"7837","2020-01-27","1","ios"
"7837","2021-01-01","1","ios"
"7838","2022-07-23","1","web"
"7838","2022-09-06","1","android"
"7838","2022-09-13","1","ios"
"7839","2020-06-15","1","ios"
"7839","2020-06-19","1","android"
"7839","2020-07-04","1","android"
"7839","2020-07-14","1","android"
"7839","2021-03-23","2","ios"
"7840","2023-11-15","1","ios"
"7841","2026-01-29","1","ios"
"7841","2026-01-31","1","android"
"7842","2020-07-29","1","ios"
"7843","2025-11-03","1","android"
"7843","2025-11-28","1","ios"
"7843","2026-01-06","1","ios"
"7843","2026-01-17","1","ios"
"7844","2019-11-22","1","android"
"7844","2019-12-09","1","ios"
"7844","2020-08-08","1","ios"
"7844","2020-08-09","1","ios"
"7844","2021-07-21","1","android"
"7844","2021-08-06","1","android"
"7845","2022-07-26","1","android"
"7845","2025-07-26","1","android"
"7846","2022-07-06","1","android"
"7846","2022-07-15","1","android"
"7846","2022-12-16","1","web"
"7847","2025-06-03","1","ios"
"7848","2019-05-29","1","ios"
"7849","2025-02-08","1","ios"
"7849","2025-02-21","1","android"
"7849","2025-03-06","1","ios"
"7849","2025-03-27","1","android"
"7849","2025-04-05","1","ios"
"7849","2025-04-10","1","ios"
"7849","2025-05-11","1","android"
"7849","2025-05-23","1","ios"
"7850","2019-10-16","1","ios"
"7850","2021-06-20","1","web"
"7851","2024-04-03","1","ios"
"7851","2024-04-09","1","ios"
"7851","2024-09-07","1","ios"
"7852","2019-05-22","1","ios"
"7852","2021-01-11","1","ios"
"7852","2021-06-05","1","ios"
"7852","2021-07-27","2","android"
"7853","2024-02-07","1","web"
"7854","2025-11-27","1","ios"
"7854","2025-12-07","2","ios"
"7854","2025-12-10","2","ios"
"7854","2025-12-14","1","ios"
"7854","2025-12-20","1","android"
"7854","2025-12-22","2","ios"
"7854","2026-01-13","1","web"
"7854","2026-01-24","2","web"
"7854","2026-02-06","1","android"
"7854","2026-02-23","1","ios"
"7854","2026-02-25","2","web"
"7854","2026-06-28","1","android"
"7855","2024-12-12","1","android"
"7855","2025-09-25","1","web"
"7856","2026-05-06","1","ios"
"7857","2025-01-19","1","android"
"7857","2025-01-24","1","android"
"7857","2025-01-26","1","ios"
"7857","2025-02-14","1","ios"
"7858","2026-05-15","1","ios"
"7858","2026-05-18","1","ios"
"7859","2024-08-13","1","ios"
"7859","2024-08-14","1","android"
"7859","2024-08-20","1","web"
"7859","2024-12-28","1","android"
"7860","2023-08-23","1","ios"
"7861","2021-01-16","1","web"
"7862","2026-03-26","1","ios"
"7862","2026-04-01","1","android"
"7863","2023-12-07","1","web"
"7863","2026-03-18","1","android"
"7863","2026-04-10","1","android"
"7863","2026-04-11","1","ios"
"7864","2021-05-23","1","ios"
"7864","2022-07-09","1","ios"
"7865","2020-12-19","1","android"
"7865","2020-12-28","1","ios"
"7865","2021-01-13","1","ios"
"7866","2025-06-30","1","android"
"7867","2021-03-14","1","android"
"7867","2021-04-15","1","ios"
"7867","2021-04-23","1","ios"
"7867","2021-12-31","1","android"
"7868","2025-02-19","1","android"
"7869","2022-03-05","1","android"
"7869","2022-03-10","1","android"
"7869","2022-03-17","1","ios"
"7870","2021-01-02","1","web"
"7871","2024-05-19","1","web"
"7871","2024-05-24","1","web"
"7871","2024-06-01","1","ios"
"7871","2024-06-02","1","ios"
"7871","2024-11-17","1","ios"
"7872","2025-05-26","1","android"
"7872","2025-05-28","2","ios"
"7873","2022-04-24","1","android"
"7873","2024-09-20","1","web"
"7874","2021-08-16","1","ios"
"7874","2022-09-27","1","android"
"7874","2022-10-05","1","ios"
"7875","2026-01-14","1","ios"
"7875","2026-01-20","1","ios"
"7875","2026-01-27","1","ios"
"7875","2026-02-01","1","web"
"7875","2026-02-03","1","ios"
"7875","2026-02-10","1","ios"
"7876","2021-11-12","1","web"
"7876","2021-11-25","1","android"
"7876","2021-12-10","1","ios"
"7876","2023-03-08","1","ios"
"7876","2023-07-05","2","web"
"7876","2023-07-06","1","android"
"7876","2023-11-19","1","ios"
"7877","2022-04-23","1","android"
"7877","2022-06-09","1","web"
"7877","2022-07-18","1","ios"
"7877","2022-11-09","1","android"
"7877","2024-02-29","1","web"
"7877","2024-03-09","1","web"
"7877","2024-03-19","1","web"
"7877","2024-04-07","1","ios"
"7878","2026-04-19","1","android"
"7878","2026-05-05","1","ios"
"7879","2020-11-02","1","ios"
"7879","2021-10-16","1","android"
"7879","2021-10-17","1","ios"
"7880","2024-02-24","1","ios"
"7880","2024-03-11","1","ios"
"7880","2024-03-12","1","android"
"7880","2024-03-13","1","ios"
"7880","2024-03-20","1","web"
"7880","2026-06-15","1","ios"
"7881","2019-12-22","1","web"
"7882","2024-05-11","1","android"
"7882","2024-05-21","1","web"
"7883","2022-06-19","1","ios"
"7883","2023-02-21","1","android"
"7884","2019-10-20","1","ios"
"7885","2025-02-26","1","ios"
"7886","2025-09-27","1","android"
"7887","2023-04-28","1","android"
"7887","2023-05-01","1","ios"
"7888","2021-01-19","1","ios"
"7888","2021-02-19","1","android"
"7888","2021-06-25","1","ios"
"7888","2021-07-10","1","web"
"7888","2021-07-22","2","ios"
"7888","2021-08-07","1","ios"
"7888","2021-08-15","1","android"
"7888","2021-08-20","2","ios"
"7888","2021-09-02","1","web"
"7888","2022-04-22","1","android"
"7888","2022-05-13","1","ios"
"7888","2023-09-30","1","ios"
"7888","2024-05-23","1","ios"
"7889","2025-06-27","1","ios"
"7889","2025-06-30","1","web"
"7890","2025-12-12","1","ios"
"7890","2025-12-25","1","android"
"7891","2021-08-07","1","ios"
"7891","2021-08-17","1","ios"
"7891","2021-09-19","1","ios"
"7891","2021-09-25","1","ios"
"7891","2022-01-26","1","ios"
"7891","2022-02-19","1","android"
"7892","2023-12-07","1","ios"
"7892","2023-12-09","1","ios"
"7892","2023-12-10","1","ios"
"7892","2024-01-09","1","android"
"7892","2024-01-12","1","ios"
"7892","2024-02-06","1","android"
"7893","2019-11-06","1","android"
"7893","2019-11-12","1","ios"
"7893","2021-10-18","1","android"
"7893","2023-01-06","1","ios"
"7894","2026-02-17","1","ios"
"7895","2026-03-11","1","web"
"7896","2024-05-03","1","android"
"7896","2024-05-19","1","web"
"7897","2024-07-29","1","web"
"7897","2024-08-03","1","ios"
"7897","2024-09-11","1","android"
"7897","2024-11-01","1","android"
"7897","2024-11-15","1","ios"
"7897","2025-01-15","1","web"
"7897","2025-01-18","1","ios"
"7897","2025-04-12","1","ios"
"7898","2025-10-11","1","ios"
"7898","2025-12-11","1","ios"
"7898","2026-05-01","1","ios"
"7899","2021-02-28","1","android"
"7899","2023-03-04","1","ios"
"7899","2023-09-20","1","android"
"7899","2024-08-24","1","web"
"7900","2021-06-21","1","android"
"7900","2021-07-21","1","web"
"7900","2021-07-22","1","ios"
"7900","2021-08-04","1","android"
"7900","2021-09-10","1","android"
"7900","2022-05-06","1","web"
"7900","2022-05-28","1","ios"
"7900","2023-04-12","1","ios"
"7900","2023-04-16","1","android"
"7900","2023-05-07","1","android"
"7900","2023-05-18","1","ios"
"7900","2023-05-26","1","ios"
"7900","2026-02-02","1","web"
"7900","2026-02-03","1","ios"
"7900","2026-02-13","1","ios"
"7900","2026-02-14","1","ios"
"7901","2022-12-04","1","android"
"7902","2023-09-17","1","android"
"7902","2023-09-18","1","web"
"7902","2023-10-03","1","ios"
"7902","2023-10-07","1","ios"
"7903","2025-10-29","1","ios"
"7903","2025-11-20","1","ios"
"7904","2021-09-12","1","ios"
"7904","2021-09-27","1","ios"
"7904","2021-10-01","1","android"
"7904","2022-06-16","1","android"
"7904","2022-12-16","1","android"
"7904","2022-12-27","1","android"
"7904","2022-12-30","1","ios"
"7904","2023-01-01","1","android"
"7904","2023-01-02","1","ios"
"7904","2023-01-20","1","ios"
"7904","2024-09-21","1","android"
"7904","2024-10-21","1","ios"
"7904","2024-10-23","1","android"
"7904","2025-05-11","1","ios"
"7904","2025-05-18","1","ios"
"7904","2025-05-29","1","ios"
"7904","2025-06-20","1","web"
"7904","2025-07-29","1","ios"
"7905","2026-01-21","1","ios"
"7905","2026-01-31","1","ios"
"7905","2026-02-05","1","ios"
"7905","2026-02-19","1","ios"
"7905","2026-03-06","1","ios"
"7906","2019-04-07","1","ios"
"7906","2020-05-05","1","android"
"7907","2025-03-03","1","android"
"7907","2025-04-21","1","android"
"7907","2025-04-24","1","web"
"7908","2025-11-26","1","ios"
"7908","2026-05-22","1","ios"
"7909","2021-11-02","1","android"
"7909","2021-11-06","1","web"
"7910","2024-07-14","1","android"
"7911","2022-08-15","1","android"
"7911","2022-08-29","1","android"
"7911","2022-09-10","1","web"
"7911","2022-09-11","2","ios"
"7912","2022-07-12","1","ios"
"7912","2022-07-30","1","web"
"7912","2023-05-17","1","web"
"7912","2024-03-29","2","ios"
"7912","2024-04-10","1","web"
"7912","2024-05-23","1","ios"
"7912","2024-05-25","1","ios"
"7912","2024-07-14","1","android"
"7912","2024-07-21","2","android"
"7912","2024-08-21","1","ios"
"7913","2020-08-11","1","ios"
"7913","2020-08-14","1","ios"
"7913","2020-08-18","1","ios"
"7913","2021-02-05","1","android"
"7914","2024-09-19","1","web"
"7914","2024-09-28","1","web"
"7915","2022-02-21","1","web"
"7915","2022-04-03","1","ios"
"7915","2022-04-04","1","android"
"7915","2022-04-17","1","web"
"7915","2022-04-18","1","ios"
"7916","2026-05-09","1","ios"
"7917","2024-05-31","1","android"
"7917","2024-11-17","1","ios"
"7917","2024-11-21","1","ios"
"7917","2024-12-21","1","ios"
"7917","2025-01-30","1","android"
"7917","2025-10-03","1","ios"
"7918","2024-04-16","1","web"
"7918","2024-06-22","1","web"
"7918","2024-12-22","1","ios"
"7918","2025-10-01","1","ios"
"7919","2024-11-18","1","ios"
"7920","2026-06-14","1","ios"
"7921","2021-07-09","1","android"
"7921","2021-07-22","1","ios"
"7921","2021-07-31","1","ios"
"7921","2021-08-19","1","ios"
"7921","2021-08-22","1","ios"
"7921","2022-02-14","1","android"
"7921","2022-02-24","1","ios"
"7921","2022-09-21","1","android"
"7921","2022-10-07","1","ios"
"7921","2022-10-08","1","ios"
"7921","2023-12-18","1","web"
"7921","2024-01-05","1","android"
"7921","2024-01-06","1","ios"
"7921","2024-01-08","1","ios"
"7921","2024-02-13","1","web"
"7921","2024-02-18","1","android"
"7921","2024-03-23","1","ios"
"7921","2024-04-03","1","ios"
"7921","2024-04-05","1","ios"
"7921","2024-04-22","1","ios"
"7922","2026-01-13","1","web"
"7923","2022-03-22","1","ios"
"7923","2022-03-23","1","web"
"7923","2024-10-03","1","ios"
"7923","2024-11-07","1","ios"
"7923","2025-09-01","1","android"
"7924","2022-10-01","1","android"
"7924","2022-10-19","1","ios"
"7925","2022-09-19","1","ios"
"7926","2023-05-04","1","ios"
"7926","2023-05-18","1","ios"
"7926","2023-05-30","1","web"
"7926","2025-11-29","1","ios"
"7926","2025-12-03","1","ios"
"7926","2026-02-15","1","web"
"7926","2026-02-20","1","android"
"7926","2026-02-26","1","android"
"7926","2026-03-09","1","ios"
"7927","2023-04-11","1","ios"
"7927","2023-05-11","1","web"
"7927","2024-05-09","1","ios"
"7927","2024-05-22","1","android"
"7927","2024-05-31","1","ios"
"7927","2024-06-12","1","ios"
"7928","2023-06-04","1","android"
"7929","2020-07-03","1","web"
"7929","2020-08-01","1","ios"
"7929","2020-08-07","1","android"
"7929","2021-09-13","1","android"
"7929","2022-01-30","1","ios"
"7929","2023-03-14","1","ios"
"7930","2023-06-07","1","ios"
"7930","2023-07-07","1","android"
"7930","2023-07-15","1","ios"
"7930","2023-07-26","1","ios"
"7930","2023-08-18","1","ios"
"7930","2023-08-19","1","ios"
"7930","2023-08-31","1","ios"
"7931","2021-11-28","1","ios"
"7931","2022-11-19","1","ios"
"7931","2022-11-21","1","android"
"7931","2022-12-09","1","ios"
"7932","2025-06-11","1","ios"
"7932","2025-06-14","1","android"
"7932","2025-06-27","1","ios"
"7932","2025-07-09","1","ios"
"7932","2026-06-16","1","android"
"7933","2023-09-29","1","web"
"7934","2023-01-11","1","android"
"7934","2024-02-06","1","android"
"7934","2024-02-13","1","ios"
"7935","2025-06-17","1","web"
"7935","2025-06-28","1","ios"
"7936","2023-01-09","1","android"
"7936","2023-01-15","1","ios"
"7936","2023-01-27","1","web"
"7936","2023-02-05","1","web"
"7936","2023-02-07","1","ios"
"7936","2023-02-08","1","ios"
"7936","2023-02-10","1","ios"
"7936","2023-03-19","1","android"
"7936","2023-03-23","2","android"
"7936","2024-05-19","1","android"
"7936","2025-04-11","1","ios"
"7936","2025-04-21","1","android"
"7936","2025-05-09","1","ios"
"7936","2026-06-07","1","android"
"7937","2025-04-27","1","web"
"7938","2026-03-20","1","android"
"7938","2026-04-04","1","ios"
"7939","2020-10-20","1","ios"
"7939","2020-10-23","1","ios"
"7939","2020-11-02","1","ios"
"7939","2022-03-30","1","android"
"7940","2026-04-07","1","web"
"7940","2026-04-15","1","android"
"7940","2026-04-28","1","android"
"7941","2023-07-25","1","android"
"7941","2025-02-19","1","ios"
"7941","2025-02-23","1","ios"
"7941","2026-01-07","1","android"
"7942","2019-10-20","1","android"
"7942","2019-11-15","1","ios"
"7942","2019-12-15","1","android"
"7942","2020-01-14","1","ios"
"7943","2022-12-14","1","android"
"7943","2023-03-04","1","android"
"7943","2023-03-13","1","ios"
"7943","2023-03-16","1","ios"
"7943","2023-12-15","1","ios"
"7943","2023-12-19","2","web"
"7943","2023-12-24","1","ios"
"7943","2024-01-17","1","ios"
"7943","2024-02-05","1","web"
"7944","2026-06-25","1","web"
"7945","2025-12-01","1","ios"
"7945","2026-01-03","1","android"
"7946","2022-07-06","1","android"
"7946","2022-08-19","1","android"
"7946","2023-01-16","1","ios"
"7946","2023-01-17","2","android"
"7946","2023-07-10","1","android"
"7946","2023-07-27","1","ios"
"7946","2023-08-18","1","web"
"7947","2020-12-29","1","ios"
"7947","2021-01-01","1","android"
"7948","2020-06-05","1","ios"
"7948","2020-07-27","1","web"
"7948","2020-08-20","1","web"
"7948","2021-01-22","1","android"
"7948","2021-05-22","1","web"
"7948","2021-06-04","1","ios"
"7948","2021-07-11","1","web"
"7948","2021-08-26","1","android"
"7948","2021-09-01","1","ios"
"7948","2021-09-09","1","android"
"7948","2021-09-19","1","web"
"7948","2023-01-28","1","web"
"7948","2023-10-22","1","ios"
"7948","2024-07-19","1","android"
"7949","2026-06-02","1","web"
"7949","2026-06-25","1","web"
"7949","2026-06-27","1","ios"
"7950","2023-12-13","1","web"
"7950","2024-04-02","1","android"
"7950","2024-04-13","1","ios"
"7950","2024-04-14","1","ios"
"7951","2024-09-03","1","android"
"7951","2025-10-28","1","ios"
"7951","2026-05-05","1","ios"
"7952","2026-01-09","1","ios"
"7953","2022-02-25","1","web"
"7953","2022-03-20","1","web"
"7954","2021-07-16","1","ios"
"7954","2021-08-01","1","web"
"7955","2023-03-06","1","web"
"7955","2023-03-19","1","android"
"7955","2024-05-28","1","android"
"7955","2025-01-05","1","ios"
"7955","2025-06-05","1","android"
"7956","2024-04-12","1","ios"
"7956","2024-05-08","1","ios"
"7957","2022-06-28","1","android"
"7957","2024-08-30","1","android"
"7958","2024-05-10","1","web"
"7958","2024-06-24","1","ios"
"7958","2024-07-29","1","android"
"7959","2022-11-01","1","android"
"7959","2023-01-09","1","ios"
"7960","2020-11-13","1","web"
"7960","2021-06-22","1","web"
"7960","2021-06-26","1","ios"
"7960","2022-07-28","1","android"
"7960","2022-07-29","1","web"
"7961","2021-06-27","1","android"
"7961","2021-07-17","1","web"
"7961","2021-08-10","1","ios"
"7962","2020-10-29","1","ios"
"7962","2020-11-11","1","android"
"7963","2025-10-30","1","android"
"7963","2025-11-11","1","ios"
"7963","2025-11-28","1","web"
"7964","2026-05-05","1","android"
"7964","2026-05-09","1","ios"
"7964","2026-05-21","1","android"
"7964","2026-06-01","1","android"
"7965","2023-07-22","1","ios"
"7965","2023-08-27","1","web"
"7965","2023-09-08","1","android"
"7965","2023-09-09","1","ios"
"7965","2023-09-13","1","android"
"7965","2024-03-16","1","web"
"7965","2024-04-20","1","android"
"7965","2024-04-24","1","web"
"7965","2024-05-07","2","ios"
"7965","2024-05-22","1","android"
"7965","2024-06-29","1","android"
"7965","2025-03-06","1","android"
"7965","2025-09-02","1","ios"
"7966","2024-12-29","1","web"
"7966","2025-01-02","1","android"
"7966","2025-02-07","1","android"
"7967","2024-07-31","1","android"
"7968","2021-02-20","1","android"
"7969","2021-08-12","1","android"
"7969","2021-08-13","1","android"
"7969","2021-09-09","1","android"
"7969","2021-10-09","1","android"
"7969","2021-10-24","2","android"
"7969","2022-07-31","1","ios"
"7969","2022-09-14","1","web"
"7969","2024-12-11","1","ios"
"7969","2025-01-05","2","android"
"7969","2025-01-10","1","ios"
"7970","2025-06-24","1","ios"
"7970","2025-07-19","1","ios"
"7971","2026-05-16","1","ios"
"7971","2026-05-21","1","android"
"7971","2026-06-12","1","android"
"7971","2026-06-29","1","ios"
"7972","2024-12-07","1","ios"
"7973","2021-12-08","1","ios"
"7973","2021-12-13","1","web"
"7973","2022-01-10","1","android"
"7973","2022-02-12","1","android"
"7973","2022-02-13","1","ios"
"7974","2024-04-14","1","ios"
"7974","2024-04-19","1","ios"
"7974","2024-04-20","1","web"
"7974","2024-12-06","1","ios"
"7974","2025-09-15","1","ios"
"7975","2021-09-22","1","ios"
"7975","2021-09-24","1","ios"
"7975","2021-10-03","1","ios"
"7975","2023-01-25","1","ios"
"7976","2022-02-06","1","web"
"7976","2023-05-10","1","ios"
"7977","2026-02-21","1","ios"
"7977","2026-03-24","1","android"
"7977","2026-04-01","1","ios"
"7977","2026-04-16","1","web"
"7978","2024-09-16","1","ios"
"7978","2024-09-20","1","web"
"7978","2024-09-24","1","android"
"7978","2024-09-27","1","ios"
"7979","2023-10-05","1","web"
"7979","2024-06-14","1","android"
"7979","2024-07-06","1","ios"
"7980","2019-12-17","1","ios"
"7980","2019-12-22","1","android"
"7980","2021-06-25","1","android"
"7980","2021-07-05","1","ios"
"7980","2021-07-16","2","ios"
"7981","2024-09-15","1","ios"
"7981","2024-09-19","1","ios"
"7982","2025-12-25","1","ios"
"7983","2025-05-08","1","android"
"7983","2025-06-08","1","web"
"7983","2025-06-14","1","ios"
"7983","2025-07-10","1","ios"
"7983","2025-07-11","1","ios"
"7983","2025-07-15","1","web"
"7983","2025-07-28","1","ios"
"7984","2023-01-22","1","ios"
"7984","2023-02-08","1","ios"
"7984","2023-02-19","1","ios"
"7984","2023-03-04","1","ios"
"7984","2023-03-23","1","ios"
"7984","2024-01-28","1","android"
"7985","2025-07-03","1","ios"
"7985","2025-07-11","1","android"
"7985","2025-07-23","1","ios"
"7985","2025-11-09","1","android"
"7986","2025-06-21","1","android"
"7986","2025-07-06","1","android"
"7986","2025-07-14","1","android"
"7986","2025-07-31","1","android"
"7986","2025-08-01","1","android"
"7986","2026-03-28","1","ios"
"7986","2026-04-19","2","ios"
"7986","2026-04-21","1","android"
"7986","2026-04-26","1","android"
"7986","2026-04-27","1","android"
"7986","2026-05-18","1","web"
"7987","2021-08-06","1","ios"
"7987","2021-08-10","1","ios"
"7987","2021-08-25","1","ios"
"7987","2021-09-06","1","ios"
"7987","2021-09-11","1","ios"
"7987","2021-09-27","1","web"
"7987","2021-10-02","1","android"
"7987","2021-10-20","1","web"
"7987","2021-11-01","1","web"
"7987","2024-11-05","1","ios"
"7987","2024-11-14","1","ios"
"7988","2022-08-14","1","web"
"7988","2023-04-26","1","ios"
"7988","2023-11-16","1","ios"
"7988","2023-11-19","1","ios"
"7988","2023-12-09","1","android"
"7988","2023-12-24","1","ios"
"7988","2024-06-02","1","ios"
"7988","2024-06-22","1","android"
"7988","2024-07-10","1","ios"
"7988","2025-04-30","1","web"
"7989","2025-12-03","1","android"
"7989","2025-12-18","1","ios"
"7989","2026-01-17","1","android"
"7989","2026-02-12","1","ios"
"7990","2025-12-25","1","android"
"7990","2026-01-21","1","web"
"7991","2024-10-02","1","android"
"7991","2025-03-31","1","ios"
"7991","2025-04-13","1","ios"
"7991","2025-04-14","1","ios"
"7991","2025-04-17","1","ios"
"7991","2025-04-23","2","ios"
"7992","2023-12-04","1","ios"
"7992","2023-12-05","1","ios"
"7992","2023-12-16","1","ios"
"7993","2023-06-02","1","ios"
"7993","2023-06-04","1","android"
"7994","2024-12-12","1","ios"
"7994","2025-05-18","2","web"
"7994","2025-05-20","1","ios"
"7995","2022-02-09","1","web"
"7995","2022-02-11","1","android"
"7995","2022-02-12","1","android"
"7995","2022-02-25","1","android"
"7995","2023-07-10","1","ios"
"7995","2023-07-17","2","ios"
"7995","2023-08-07","2","android"
"7995","2023-08-23","1","ios"
"7995","2023-08-30","1","ios"
"7995","2023-09-03","1","web"
"7995","2023-09-19","1","web"
"7995","2023-09-26","1","android"
"7995","2023-10-19","1","ios"
"7996","2023-03-27","1","ios"
"7996","2024-02-02","1","ios"
"7996","2024-06-05","1","ios"
"7997","2024-10-14","1","ios"
"7997","2024-10-30","1","android"
"7997","2024-11-19","2","ios"
"7997","2025-03-14","1","ios"
"7997","2025-03-16","1","android"
"7997","2025-04-15","1","web"
"7997","2025-05-25","1","android"
"7997","2025-06-02","1","ios"
"7997","2025-06-12","2","ios"
"7998","2025-07-10","1","ios"
"7999","2024-08-20","1","ios"
"7999","2024-09-06","1","android"
"7999","2024-09-17","2","android"
"7999","2024-10-16","1","android"
"7999","2024-11-06","2","ios"
"7999","2024-11-08","1","android"
"8000","2024-02-22","1","web"
"8000","2024-02-24","1","android"
"8000","2024-03-16","2","ios"
"8000","2025-02-02","1","android"
"8000","2025-03-01","1","ios"
"8000","2025-03-02","1","ios"
"8000","2025-03-12","1","ios"
"8000","2025-03-15","1","ios"
