"notice_id","driver_id","sent_on","channel","notice_type","bounced"
"1","1","2025-08-11","postal","promo_email","0"
"2","2","2024-08-20","email","balance_statement","1"
"3","2","2025-02-26","email","balance_statement","0"
"4","3","2019-10-26","email","service_alert","1"
"5","3","2025-07-13","email","balance_statement","0"
"6","4","2026-01-20","email","balance_statement","0"
"7","9","2023-04-24","email","balance_statement","0"
"8","9","2024-09-20","email","promo_email","0"
"9","9","2025-07-04","push","balance_statement","0"
"10","11","2024-11-25","email","balance_statement","1"
"11","11","2025-01-10","email","balance_statement","1"
"12","12","2024-03-20","email","promo_email","0"
"13","12","2025-06-12","postal","promo_email","0"
"14","12","2026-04-07","postal","promo_email","0"
"15","13","2026-04-24","postal","balance_statement","0"
"16","15","2022-08-05","email","balance_statement","0"
"17","15","2024-08-27","email","promo_email","0"
"18","15","2025-10-20","email","balance_statement","0"
"19","15","2026-06-16","email","balance_statement","0"
"20","16","2021-01-04","email","balance_statement","0"
"21","16","2022-04-03","push","service_alert","0"
"22","16","2024-02-16","postal","balance_statement","0"
"23","17","2024-11-10","email","promo_email","0"
"24","19","2026-01-25","email","service_alert","0"
"25","20","2024-12-09","email","service_alert","0"
"26","21","2025-07-10","email","service_alert","1"
"27","23","2025-07-28","push","service_alert","0"
"28","24","2025-06-11","email","balance_statement","0"
"29","29","2025-08-14","email","balance_statement","0"
"30","30","2021-11-25","postal","promo_email","0"
"31","30","2023-03-22","email","balance_statement","0"
"32","30","2026-05-02","email","balance_statement","0"
"33","32","2026-06-02","email","promo_email","0"
"34","33","2022-10-06","email","balance_statement","0"
"35","33","2024-04-06","push","balance_statement","0"
"36","33","2026-06-22","email","promo_email","0"
"37","35","2021-06-18","push","balance_statement","0"
"38","35","2022-12-21","email","balance_statement","0"
"39","35","2024-10-16","email","balance_statement","0"
"40","36","2025-04-11","push","balance_statement","0"
"41","36","2026-05-23","email","service_alert","0"
"42","37","2025-03-08","postal","promo_email","0"
"43","39","2024-07-16","email","balance_statement","0"
"44","39","2025-07-24","postal","promo_email","0"
"45","40","2024-05-13","email","balance_statement","0"
"46","42","2025-08-14","postal","promo_email","0"
"47","43","2025-12-23","email","balance_statement","0"
"48","44","2020-10-02","postal","promo_email","0"
"49","44","2021-11-11","postal","service_alert","0"
"50","44","2025-04-20","email","balance_statement","1"
"51","45","2025-07-04","email","balance_statement","0"
"52","46","2023-12-05","push","balance_statement","0"
"53","46","2024-09-22","email","balance_statement","0"
"54","46","2025-11-21","email","promo_email","0"
"55","46","2026-01-04","postal","promo_email","0"
"56","47","2026-01-24","postal","balance_statement","0"
"57","48","2022-05-21","postal","balance_statement","0"
"58","48","2023-06-02","email","service_alert","0"
"59","48","2024-03-11","email","promo_email","0"
"60","48","2026-06-15","email","service_alert","0"
"61","49","2021-09-01","email","promo_email","0"
"62","49","2022-03-26","email","balance_statement","0"
"63","49","2023-07-25","email","service_alert","0"
"64","49","2024-08-28","push","service_alert","1"
"65","49","2025-01-14","postal","promo_email","1"
"66","52","2022-12-17","push","balance_statement","0"
"67","52","2024-08-02","email","promo_email","0"
"68","52","2025-05-09","push","balance_statement","0"
"69","53","2025-09-01","email","promo_email","0"
"70","54","2023-04-06","postal","promo_email","0"
"71","54","2024-08-26","postal","balance_statement","0"
"72","54","2025-02-21","email","service_alert","0"
"73","55","2023-09-03","email","promo_email","0"
"74","55","2024-07-21","push","balance_statement","0"
"75","56","2023-01-12","email","balance_statement","0"
"76","56","2024-01-14","email","balance_statement","0"
"77","57","2023-10-22","push","balance_statement","1"
"78","57","2024-04-20","postal","promo_email","0"
"79","57","2025-10-28","email","service_alert","0"
"80","57","2026-05-24","email","balance_statement","0"
"81","59","2021-10-10","postal","balance_statement","0"
"82","59","2024-11-14","email","balance_statement","0"
"83","60","2026-05-27","email","balance_statement","0"
"84","61","2025-03-15","email","service_alert","0"
"85","62","2022-11-20","email","service_alert","0"
"86","62","2023-09-23","email","balance_statement","0"
"87","63","2025-03-03","email","balance_statement","0"
"88","64","2025-03-08","postal","promo_email","0"
"89","66","2022-10-20","email","promo_email","0"
"90","66","2023-05-13","email","promo_email","0"
"91","66","2024-05-01","email","promo_email","0"
"92","67","2022-12-25","email","promo_email","0"
"93","67","2024-04-25","email","balance_statement","0"
"94","68","2021-12-01","push","balance_statement","0"
"95","68","2022-04-25","push","balance_statement","0"
"96","68","2024-06-02","push","balance_statement","0"
"97","68","2025-07-23","email","balance_statement","0"
"98","68","2026-03-01","email","balance_statement","0"
"99","70","2023-10-21","push","balance_statement","0"
"100","70","2024-03-23","email","balance_statement","0"
"101","71","2025-08-18","email","balance_statement","0"
"102","72","2023-01-19","email","balance_statement","0"
"103","73","2026-01-09","email","service_alert","0"
"104","74","2025-11-20","email","balance_statement","1"
"105","74","2026-03-04","email","balance_statement","1"
"106","75","2025-10-08","postal","balance_statement","0"
"107","76","2025-05-04","push","promo_email","0"
"108","77","2024-11-01","email","balance_statement","0"
"109","77","2025-07-06","email","balance_statement","0"
"110","77","2026-02-03","push","promo_email","0"
"111","78","2023-08-15","email","balance_statement","0"
"112","78","2024-08-10","push","promo_email","0"
"113","79","2021-07-25","email","promo_email","0"
"114","79","2022-05-13","email","promo_email","1"
"115","79","2024-02-11","email","promo_email","0"
"116","79","2025-08-16","email","balance_statement","0"
"117","80","2024-04-12","email","balance_statement","0"
"118","83","2022-09-04","push","promo_email","0"
"119","83","2023-01-09","email","service_alert","0"
"120","83","2024-02-25","email","promo_email","0"
"121","84","2022-05-26","push","promo_email","0"
"122","84","2024-11-18","email","promo_email","0"
"123","84","2025-12-08","email","promo_email","0"
"124","85","2025-10-28","postal","balance_statement","0"
"125","85","2026-05-08","push","promo_email","0"
"126","87","2026-03-18","email","balance_statement","0"
"127","89","2021-02-08","email","balance_statement","0"
"128","89","2022-03-18","email","promo_email","0"
"129","90","2023-06-08","email","balance_statement","0"
"130","90","2025-10-27","email","balance_statement","0"
"131","91","2025-01-26","postal","service_alert","0"
"132","91","2026-02-20","postal","promo_email","0"
"133","92","2025-06-19","email","service_alert","0"
"134","93","2025-11-22","email","promo_email","0"
"135","94","2021-03-03","push","promo_email","0"
"136","94","2022-01-23","postal","promo_email","0"
"137","94","2024-03-18","email","balance_statement","0"
"138","94","2025-06-10","email","balance_statement","1"
"139","94","2026-02-03","email","service_alert","0"
"140","95","2022-10-15","email","balance_statement","1"
"141","95","2024-03-05","email","promo_email","0"
"142","95","2025-08-04","push","service_alert","0"
"143","96","2024-01-21","postal","balance_statement","0"
"144","96","2025-04-19","email","service_alert","0"
"145","97","2022-09-25","email","balance_statement","0"
"146","98","2023-08-04","email","promo_email","0"
"147","98","2024-10-22","email","promo_email","0"
"148","99","2025-07-15","email","balance_statement","0"
"149","100","2026-05-14","email","balance_statement","0"
"150","101","2020-02-11","email","balance_statement","0"
"151","101","2022-03-24","push","balance_statement","0"
"152","101","2023-02-08","push","balance_statement","0"
"153","101","2025-02-11","email","promo_email","0"
"154","102","2021-09-25","email","balance_statement","0"
"155","102","2022-12-28","push","balance_statement","0"
"156","102","2023-08-04","email","promo_email","0"
"157","102","2024-08-01","email","balance_statement","0"
"158","103","2023-06-06","postal","balance_statement","0"
"159","103","2024-04-11","email","promo_email","0"
"160","104","2023-03-03","email","service_alert","0"
"161","104","2024-03-21","email","promo_email","0"
"162","106","2022-01-28","email","promo_email","0"
"163","106","2024-12-25","push","promo_email","0"
"164","106","2025-07-12","email","promo_email","0"
"165","106","2026-05-28","email","promo_email","0"
"166","107","2024-04-23","push","promo_email","0"
"167","108","2025-06-17","email","balance_statement","0"
"168","109","2022-02-13","email","promo_email","0"
"169","109","2025-03-05","email","balance_statement","0"
"170","110","2025-10-20","email","promo_email","0"
"171","111","2025-07-19","email","service_alert","0"
"172","112","2025-09-27","email","promo_email","0"
"173","113","2025-08-24","postal","balance_statement","0"
"174","113","2026-04-15","email","promo_email","0"
"175","114","2026-06-25","email","balance_statement","1"
"176","115","2023-12-12","postal","balance_statement","0"
"177","115","2025-07-28","email","balance_statement","0"
"178","115","2026-02-21","email","promo_email","0"
"179","116","2023-03-10","email","balance_statement","0"
"180","116","2024-03-18","email","balance_statement","0"
"181","116","2025-10-06","email","promo_email","0"
"182","116","2026-02-22","push","balance_statement","0"
"183","117","2026-04-15","push","balance_statement","0"
"184","118","2024-10-25","push","promo_email","0"
"185","118","2025-12-17","email","balance_statement","0"
"186","119","2024-02-06","email","promo_email","0"
"187","119","2025-09-03","email","balance_statement","0"
"188","119","2026-02-17","push","promo_email","0"
"189","120","2026-06-19","postal","service_alert","0"
"190","121","2024-07-22","email","balance_statement","0"
"191","121","2025-12-05","postal","promo_email","0"
"192","122","2021-12-19","postal","balance_statement","0"
"193","122","2022-03-19","email","promo_email","0"
"194","122","2023-09-20","email","balance_statement","0"
"195","122","2025-04-09","email","promo_email","0"
"196","122","2026-02-13","email","promo_email","0"
"197","123","2025-01-18","email","balance_statement","0"
"198","125","2024-07-28","email","promo_email","0"
"199","125","2025-11-22","push","promo_email","0"
"200","126","2024-06-02","postal","promo_email","0"
"201","126","2025-02-03","email","balance_statement","0"
"202","128","2022-10-09","email","balance_statement","0"
"203","128","2023-07-03","email","service_alert","0"
"204","128","2024-02-25","postal","promo_email","0"
"205","128","2025-12-02","email","balance_statement","1"
"206","130","2023-12-18","email","promo_email","0"
"207","130","2024-03-18","email","balance_statement","1"
"208","130","2026-05-09","postal","promo_email","0"
"209","131","2024-04-28","postal","balance_statement","0"
"210","131","2025-01-21","email","balance_statement","1"
"211","132","2024-11-04","postal","promo_email","0"
"212","132","2026-02-23","email","promo_email","0"
"213","133","2025-02-18","push","balance_statement","0"
"214","135","2026-04-10","push","promo_email","0"
"215","137","2021-10-04","email","balance_statement","0"
"216","137","2022-10-03","postal","promo_email","0"
"217","137","2024-07-14","push","balance_statement","1"
"218","138","2022-01-10","email","balance_statement","0"
"219","138","2023-02-09","postal","service_alert","0"
"220","139","2024-10-06","email","promo_email","0"
"221","139","2025-01-18","email","promo_email","0"
"222","141","2025-11-16","email","balance_statement","0"
"223","142","2025-04-10","email","promo_email","0"
"224","143","2022-12-07","postal","promo_email","0"
"225","143","2024-09-02","postal","promo_email","0"
"226","143","2025-11-09","email","balance_statement","0"
"227","144","2024-12-15","email","balance_statement","0"
"228","145","2021-12-15","email","service_alert","1"
"229","145","2022-07-22","email","balance_statement","1"
"230","145","2024-11-05","postal","promo_email","1"
"231","145","2025-08-23","push","balance_statement","1"
"232","146","2025-03-16","postal","promo_email","0"
"233","147","2026-05-11","postal","promo_email","0"
"234","148","2022-06-05","email","service_alert","0"
"235","148","2023-06-12","email","promo_email","0"
"236","148","2024-05-07","email","promo_email","0"
"237","148","2026-03-07","email","service_alert","1"
"238","149","2020-06-26","push","balance_statement","0"
"239","149","2023-12-24","email","balance_statement","0"
"240","149","2024-03-26","email","balance_statement","0"
"241","149","2025-07-15","postal","balance_statement","1"
"242","152","2025-04-10","postal","promo_email","1"
"243","153","2025-05-10","email","balance_statement","0"
"244","154","2022-05-02","email","balance_statement","0"
"245","154","2023-09-11","email","service_alert","0"
"246","154","2024-04-18","postal","service_alert","0"
"247","154","2025-10-28","email","service_alert","0"
"248","155","2026-04-28","email","promo_email","0"
"249","156","2023-09-14","push","balance_statement","1"
"250","156","2024-09-15","push","promo_email","0"
"251","156","2025-10-06","push","balance_statement","0"
"252","158","2023-12-06","email","promo_email","0"
"253","158","2026-06-06","email","balance_statement","0"
"254","160","2025-09-17","email","promo_email","0"
"255","161","2022-11-01","email","balance_statement","0"
"256","161","2023-05-26","postal","balance_statement","0"
"257","161","2025-08-04","email","service_alert","0"
"258","163","2023-10-06","push","balance_statement","0"
"259","163","2024-09-17","email","promo_email","0"
"260","163","2025-12-10","postal","balance_statement","0"
"261","164","2021-11-14","email","balance_statement","0"
"262","164","2025-04-20","email","service_alert","0"
"263","164","2026-06-05","email","balance_statement","0"
"264","165","2025-09-22","postal","balance_statement","0"
"265","166","2022-08-15","email","balance_statement","0"
"266","166","2023-07-16","email","balance_statement","0"
"267","166","2024-11-21","push","balance_statement","0"
"268","166","2025-04-10","push","balance_statement","0"
"269","167","2024-06-27","email","promo_email","1"
"270","167","2025-08-03","postal","balance_statement","0"
"271","167","2026-05-22","postal","balance_statement","0"
"272","168","2024-10-18","postal","promo_email","0"
"273","168","2025-09-26","push","promo_email","0"
"274","169","2022-08-26","email","service_alert","0"
"275","169","2024-08-03","email","promo_email","0"
"276","170","2024-11-09","push","balance_statement","1"
"277","171","2024-06-15","email","balance_statement","0"
"278","174","2021-06-17","push","promo_email","0"
"279","174","2022-06-08","email","promo_email","0"
"280","175","2024-10-12","email","balance_statement","1"
"281","175","2025-07-03","email","balance_statement","0"
"282","176","2024-12-10","email","balance_statement","0"
"283","177","2021-06-17","email","balance_statement","0"
"284","177","2024-03-20","email","balance_statement","0"
"285","177","2025-05-13","email","promo_email","0"
"286","178","2023-02-24","email","promo_email","0"
"287","179","2021-10-22","email","balance_statement","1"
"288","179","2023-07-14","postal","promo_email","1"
"289","179","2024-01-01","postal","service_alert","1"
"290","181","2020-11-24","email","balance_statement","0"
"291","181","2021-11-24","email","balance_statement","0"
"292","181","2022-06-02","postal","balance_statement","0"
"293","181","2024-05-08","push","service_alert","0"
"294","183","2022-10-06","email","service_alert","0"
"295","183","2023-12-14","postal","promo_email","0"
"296","183","2024-09-04","email","promo_email","0"
"297","184","2021-07-03","postal","balance_statement","1"
"298","184","2023-03-04","email","service_alert","1"
"299","184","2026-06-11","email","balance_statement","1"
"300","186","2024-02-10","postal","promo_email","1"
"301","186","2025-04-06","email","service_alert","0"
"302","186","2026-03-13","email","promo_email","1"
"303","187","2020-08-27","postal","service_alert","0"
"304","187","2023-02-10","postal","balance_statement","0"
"305","187","2025-02-16","email","promo_email","0"
"306","187","2026-03-28","postal","balance_statement","0"
"307","188","2021-06-20","email","balance_statement","0"
"308","188","2022-12-23","push","balance_statement","0"
"309","188","2024-11-09","push","balance_statement","0"
"310","189","2024-01-14","email","balance_statement","0"
"311","191","2022-12-22","email","promo_email","0"
"312","191","2023-12-06","email","service_alert","0"
"313","191","2024-05-20","push","balance_statement","0"
"314","193","2026-06-27","email","promo_email","0"
"315","194","2023-04-17","push","promo_email","0"
"316","195","2022-09-01","email","promo_email","0"
"317","195","2023-03-25","postal","balance_statement","0"
"318","196","2024-09-15","email","promo_email","0"
"319","197","2024-09-07","email","balance_statement","0"
"320","197","2025-12-02","postal","balance_statement","0"
"321","200","2025-03-02","email","promo_email","0"
"322","201","2020-02-28","email","balance_statement","0"
"323","201","2022-11-27","email","service_alert","0"
"324","201","2023-09-03","email","balance_statement","0"
"325","201","2025-06-22","push","promo_email","0"
"326","202","2023-10-07","postal","promo_email","0"
"327","202","2025-08-22","push","promo_email","0"
"328","203","2022-03-15","email","promo_email","1"
"329","203","2023-05-08","email","balance_statement","1"
"330","203","2026-05-02","email","balance_statement","1"
"331","204","2026-02-21","email","service_alert","0"
"332","205","2024-12-13","email","balance_statement","0"
"333","205","2025-03-02","push","service_alert","0"
"334","206","2023-11-15","email","balance_statement","0"
"335","206","2024-12-27","email","balance_statement","0"
"336","206","2025-03-16","email","balance_statement","0"
"337","207","2026-05-06","push","promo_email","0"
"338","208","2022-07-01","email","promo_email","1"
"339","208","2024-07-05","email","promo_email","0"
"340","208","2025-05-14","email","balance_statement","0"
"341","210","2026-05-24","email","promo_email","0"
"342","211","2021-11-02","email","balance_statement","0"
"343","211","2022-06-02","postal","promo_email","0"
"344","211","2023-06-25","push","service_alert","0"
"345","211","2024-04-10","email","promo_email","0"
"346","212","2024-03-16","postal","balance_statement","0"
"347","213","2022-01-05","email","service_alert","0"
"348","214","2024-12-24","email","balance_statement","0"
"349","215","2024-10-20","email","balance_statement","0"
"350","215","2025-06-03","email","balance_statement","0"
"351","215","2026-06-03","push","promo_email","0"
"352","216","2026-06-10","email","promo_email","0"
"353","218","2026-06-03","email","service_alert","1"
"354","219","2025-12-04","email","promo_email","0"
"355","221","2024-06-09","email","promo_email","0"
"356","221","2025-05-14","email","service_alert","0"
"357","221","2026-04-05","email","promo_email","0"
"358","222","2023-02-11","push","balance_statement","0"
"359","222","2024-12-25","email","promo_email","0"
"360","222","2025-09-11","postal","service_alert","0"
"361","223","2026-03-21","postal","balance_statement","0"
"362","224","2022-12-09","email","promo_email","0"
"363","224","2024-04-10","email","promo_email","0"
"364","224","2025-01-28","postal","balance_statement","0"
"365","225","2023-01-12","push","balance_statement","0"
"366","227","2024-10-05","postal","balance_statement","0"
"367","228","2024-12-10","email","balance_statement","0"
"368","229","2023-04-12","postal","balance_statement","0"
"369","229","2024-01-21","email","promo_email","1"
"370","230","2024-11-18","email","balance_statement","0"
"371","230","2026-06-10","email","balance_statement","0"
"372","231","2023-05-15","email","service_alert","1"
"373","231","2026-04-05","email","promo_email","0"
"374","232","2024-07-23","postal","service_alert","0"
"375","232","2025-10-14","email","balance_statement","0"
"376","232","2026-05-07","postal","balance_statement","0"
"377","234","2026-06-18","push","balance_statement","0"
"378","236","2024-11-23","postal","promo_email","0"
"379","236","2025-12-23","postal","balance_statement","1"
"380","237","2024-03-07","email","balance_statement","0"
"381","237","2025-01-18","email","balance_statement","0"
"382","238","2024-02-12","email","balance_statement","0"
"383","238","2025-07-26","email","promo_email","0"
"384","238","2026-04-27","push","promo_email","0"
"385","239","2024-03-10","push","promo_email","1"
"386","240","2026-04-18","email","promo_email","0"
"387","241","2023-05-12","email","balance_statement","1"
"388","241","2024-04-24","email","service_alert","0"
"389","241","2025-12-26","push","promo_email","0"
"390","242","2023-03-13","email","promo_email","0"
"391","242","2024-03-26","postal","promo_email","0"
"392","242","2025-01-06","push","balance_statement","1"
"393","243","2025-09-05","postal","balance_statement","0"
"394","244","2023-01-07","push","balance_statement","0"
"395","244","2025-09-13","email","promo_email","0"
"396","245","2021-02-10","email","promo_email","0"
"397","245","2025-02-04","email","balance_statement","0"
"398","247","2023-10-14","email","promo_email","0"
"399","247","2026-06-08","email","balance_statement","1"
"400","248","2020-07-01","email","balance_statement","0"
"401","248","2021-02-24","email","balance_statement","1"
"402","248","2022-09-14","email","promo_email","1"
"403","248","2023-05-20","email","service_alert","0"
"404","249","2025-10-12","push","promo_email","0"
"405","250","2023-09-04","email","promo_email","0"
"406","250","2024-07-05","push","balance_statement","0"
"407","250","2025-12-17","email","service_alert","0"
"408","252","2021-09-10","email","balance_statement","0"
"409","252","2022-12-01","postal","balance_statement","0"
"410","252","2024-09-07","email","balance_statement","0"
"411","252","2025-07-20","push","promo_email","0"
"412","252","2026-01-18","email","promo_email","0"
"413","253","2024-04-04","email","balance_statement","0"
"414","253","2025-02-11","email","balance_statement","0"
"415","255","2025-10-10","push","service_alert","0"
"416","256","2022-11-07","email","promo_email","0"
"417","256","2025-05-10","email","balance_statement","1"
"418","258","2023-01-22","email","promo_email","0"
"419","258","2024-03-25","email","service_alert","0"
"420","258","2025-04-19","postal","service_alert","0"
"421","259","2024-11-17","email","balance_statement","0"
"422","259","2025-01-20","email","balance_statement","0"
"423","259","2026-06-26","email","promo_email","0"
"424","260","2022-12-17","email","balance_statement","0"
"425","260","2023-09-08","email","promo_email","0"
"426","260","2025-12-24","email","promo_email","1"
"427","261","2026-01-03","email","balance_statement","0"
"428","263","2024-03-02","push","balance_statement","0"
"429","263","2026-02-23","postal","balance_statement","0"
"430","266","2025-02-06","email","balance_statement","0"
"431","266","2026-03-25","email","promo_email","1"
"432","267","2025-05-17","postal","service_alert","0"
"433","269","2026-03-01","email","promo_email","0"
"434","270","2025-07-04","email","balance_statement","1"
"435","272","2021-04-17","email","promo_email","0"
"436","272","2022-06-19","email","balance_statement","0"
"437","272","2025-03-07","email","promo_email","0"
"438","273","2026-03-28","postal","balance_statement","0"
"439","274","2022-01-06","postal","promo_email","0"
"440","274","2023-07-12","email","promo_email","0"
"441","275","2025-01-04","postal","service_alert","0"
"442","276","2026-06-13","push","balance_statement","0"
"443","277","2022-08-15","push","promo_email","0"
"444","277","2024-07-26","email","service_alert","0"
"445","278","2024-11-01","email","promo_email","0"
"446","278","2026-01-09","push","promo_email","0"
"447","279","2020-10-05","email","balance_statement","0"
"448","279","2022-05-04","postal","service_alert","0"
"449","279","2023-09-05","postal","service_alert","0"
"450","279","2024-12-28","push","service_alert","0"
"451","279","2025-10-10","postal","service_alert","0"
"452","280","2020-05-09","email","balance_statement","0"
"453","280","2021-09-06","email","promo_email","0"
"454","280","2022-02-03","email","balance_statement","0"
"455","281","2023-10-26","push","balance_statement","0"
"456","281","2025-02-23","email","promo_email","0"
"457","282","2022-10-22","postal","promo_email","0"
"458","282","2023-06-11","email","balance_statement","0"
"459","282","2025-11-27","email","promo_email","0"
"460","282","2026-01-02","email","promo_email","0"
"461","283","2023-02-18","push","balance_statement","0"
"462","283","2024-06-06","postal","promo_email","0"
"463","283","2025-09-26","email","service_alert","0"
"464","283","2026-05-18","push","balance_statement","0"
"465","284","2025-06-21","email","balance_statement","0"
"466","285","2026-04-03","email","service_alert","0"
"467","288","2023-01-15","postal","promo_email","0"
"468","288","2025-04-01","push","balance_statement","0"
"469","290","2021-05-16","email","balance_statement","0"
"470","290","2023-04-28","email","promo_email","0"
"471","290","2025-04-09","postal","promo_email","0"
"472","290","2026-01-11","push","balance_statement","1"
"473","292","2021-08-06","email","balance_statement","0"
"474","292","2022-11-02","push","balance_statement","1"
"475","292","2023-07-19","push","service_alert","0"
"476","292","2024-08-18","postal","promo_email","0"
"477","292","2026-01-19","push","balance_statement","0"
"478","293","2023-07-09","email","promo_email","1"
"479","293","2024-02-19","push","balance_statement","1"
"480","294","2022-09-18","push","promo_email","0"
"481","294","2023-08-02","postal","promo_email","0"
"482","295","2024-07-26","postal","balance_statement","0"
"483","295","2025-03-08","postal","service_alert","0"
"484","296","2023-07-20","push","balance_statement","0"
"485","296","2025-06-14","postal","promo_email","0"
"486","298","2024-08-17","email","balance_statement","0"
"487","298","2025-02-15","email","promo_email","0"
"488","299","2026-04-03","email","promo_email","1"
"489","300","2022-08-12","email","promo_email","0"
"490","300","2023-02-03","postal","promo_email","0"
"491","300","2024-05-14","postal","promo_email","0"
"492","300","2025-06-16","email","promo_email","0"
"493","302","2020-12-28","postal","promo_email","0"
"494","302","2023-10-18","email","promo_email","0"
"495","302","2024-08-23","email","service_alert","0"
"496","302","2026-03-13","email","promo_email","0"
"497","303","2024-05-08","email","promo_email","0"
"498","303","2025-07-05","push","promo_email","0"
"499","305","2023-12-02","push","balance_statement","0"
"500","305","2024-11-10","push","balance_statement","0"
"501","305","2025-12-04","email","balance_statement","0"
"502","306","2025-07-07","email","promo_email","0"
"503","306","2026-01-01","email","balance_statement","0"
"504","310","2023-12-20","email","promo_email","0"
"505","310","2024-01-17","postal","balance_statement","0"
"506","311","2021-04-16","postal","promo_email","0"
"507","311","2023-05-10","email","promo_email","0"
"508","311","2024-04-22","email","balance_statement","0"
"509","314","2026-06-19","email","promo_email","0"
"510","316","2020-09-20","email","balance_statement","0"
"511","316","2021-11-17","email","service_alert","0"
"512","316","2023-01-09","push","balance_statement","0"
"513","316","2025-01-16","push","promo_email","0"
"514","317","2025-09-08","push","balance_statement","0"
"515","317","2026-01-14","email","service_alert","0"
"516","318","2024-08-20","push","promo_email","0"
"517","318","2025-07-06","email","balance_statement","0"
"518","318","2026-04-01","email","balance_statement","0"
"519","319","2025-05-16","email","balance_statement","0"
"520","319","2026-04-02","email","promo_email","0"
"521","321","2022-02-04","email","promo_email","0"
"522","321","2023-03-12","email","balance_statement","0"
"523","321","2024-07-24","push","promo_email","0"
"524","322","2026-03-05","postal","balance_statement","0"
"525","324","2024-03-11","email","balance_statement","0"
"526","325","2025-01-16","email","balance_statement","0"
"527","327","2024-10-27","email","balance_statement","0"
"528","328","2022-09-02","email","promo_email","0"
"529","328","2023-08-13","postal","promo_email","0"
"530","328","2024-06-28","email","service_alert","0"
"531","329","2026-05-28","postal","promo_email","0"
"532","330","2025-10-27","postal","promo_email","0"
"533","331","2023-07-01","email","balance_statement","0"
"534","331","2024-09-20","email","service_alert","0"
"535","332","2023-08-10","email","balance_statement","0"
"536","332","2024-07-25","email","balance_statement","0"
"537","332","2025-09-18","postal","promo_email","0"
"538","336","2024-12-06","push","balance_statement","0"
"539","336","2025-03-08","email","promo_email","0"
"540","338","2023-12-20","email","promo_email","0"
"541","338","2025-05-17","email","promo_email","0"
"542","338","2026-04-23","postal","promo_email","0"
"543","339","2024-01-15","postal","promo_email","0"
"544","340","2025-08-06","push","promo_email","0"
"545","341","2020-07-18","email","promo_email","0"
"546","341","2021-02-27","email","balance_statement","0"
"547","341","2022-10-23","email","promo_email","0"
"548","341","2024-01-20","email","promo_email","0"
"549","341","2025-07-28","email","promo_email","0"
"550","342","2025-05-16","postal","promo_email","0"
"551","344","2020-01-15","email","promo_email","1"
"552","344","2021-04-25","email","promo_email","0"
"553","344","2023-08-20","push","balance_statement","0"
"554","344","2024-08-28","postal","balance_statement","0"
"555","344","2025-10-09","email","service_alert","0"
"556","345","2020-06-23","email","promo_email","1"
"557","345","2021-06-14","postal","balance_statement","0"
"558","345","2023-06-10","push","balance_statement","0"
"559","345","2024-07-04","email","balance_statement","0"
"560","345","2025-08-28","email","balance_statement","0"
"561","346","2024-09-09","postal","promo_email","0"
"562","346","2025-06-18","email","balance_statement","1"
"563","346","2026-03-19","email","promo_email","0"
"564","349","2023-08-17","email","promo_email","1"
"565","349","2025-04-18","push","balance_statement","0"
"566","350","2021-10-22","email","promo_email","0"
"567","350","2023-08-26","email","promo_email","1"
"568","350","2024-12-08","push","promo_email","0"
"569","350","2025-06-05","email","promo_email","0"
"570","351","2024-05-11","email","balance_statement","0"
"571","351","2025-06-27","push","balance_statement","0"
"572","352","2025-10-01","push","promo_email","0"
"573","354","2023-04-22","push","promo_email","0"
"574","354","2025-09-16","email","balance_statement","0"
"575","355","2025-11-10","email","promo_email","0"
"576","355","2026-02-25","postal","balance_statement","0"
"577","357","2024-09-14","postal","balance_statement","0"
"578","357","2025-01-10","postal","promo_email","0"
"579","358","2022-08-22","email","promo_email","0"
"580","358","2023-05-11","email","balance_statement","0"
"581","358","2025-09-17","email","promo_email","0"
"582","360","2022-10-02","email","promo_email","0"
"583","360","2023-11-17","email","balance_statement","1"
"584","360","2025-09-07","push","promo_email","0"
"585","361","2025-07-18","email","promo_email","0"
"586","362","2022-06-18","email","balance_statement","0"
"587","362","2023-04-10","push","balance_statement","0"
"588","362","2024-09-28","email","balance_statement","0"
"589","366","2025-10-05","postal","promo_email","0"
"590","367","2022-05-22","email","balance_statement","0"
"591","367","2023-10-26","email","balance_statement","0"
"592","367","2026-02-19","push","service_alert","0"
"593","368","2024-07-06","postal","service_alert","0"
"594","369","2022-10-18","email","service_alert","0"
"595","369","2024-10-28","email","service_alert","0"
"596","369","2025-02-15","push","promo_email","0"
"597","370","2023-03-02","email","service_alert","1"
"598","370","2025-10-03","email","promo_email","1"
"599","371","2020-07-17","push","promo_email","0"
"600","371","2021-08-21","postal","balance_statement","0"
"601","371","2022-03-06","email","balance_statement","1"
"602","371","2023-02-14","postal","balance_statement","0"
"603","371","2024-04-08","email","promo_email","0"
"604","371","2025-01-24","email","service_alert","0"
"605","372","2024-08-12","email","balance_statement","1"
"606","372","2025-09-21","postal","service_alert","0"
"607","374","2026-02-20","push","promo_email","0"
"608","377","2025-07-20","email","service_alert","0"
"609","377","2026-06-01","email","promo_email","0"
"610","378","2024-11-12","email","promo_email","0"
"611","378","2025-10-03","email","balance_statement","0"
"612","379","2021-11-22","postal","promo_email","0"
"613","379","2025-12-18","email","balance_statement","0"
"614","380","2020-11-21","email","promo_email","1"
"615","380","2022-07-16","email","promo_email","1"
"616","380","2023-01-14","push","balance_statement","1"
"617","380","2026-02-11","email","promo_email","1"
"618","381","2025-10-26","push","balance_statement","0"
"619","383","2024-03-01","email","promo_email","0"
"620","383","2025-06-26","push","balance_statement","0"
"621","385","2024-05-12","email","promo_email","1"
"622","385","2025-07-26","email","balance_statement","0"
"623","387","2025-11-13","email","promo_email","0"
"624","388","2026-03-24","postal","balance_statement","0"
"625","390","2024-08-13","push","promo_email","0"
"626","390","2025-11-05","push","promo_email","0"
"627","392","2024-05-09","push","service_alert","1"
"628","392","2026-02-01","email","balance_statement","1"
"629","393","2024-09-09","email","balance_statement","0"
"630","393","2025-11-15","email","promo_email","1"
"631","394","2023-01-02","email","balance_statement","0"
"632","395","2021-10-20","email","balance_statement","0"
"633","395","2022-03-20","email","service_alert","0"
"634","395","2023-08-05","postal","promo_email","0"
"635","395","2024-02-17","postal","balance_statement","0"
"636","396","2024-02-18","email","balance_statement","0"
"637","396","2025-06-19","email","balance_statement","0"
"638","397","2019-12-15","email","service_alert","0"
"639","397","2020-11-12","email","balance_statement","0"
"640","397","2021-03-17","email","balance_statement","0"
"641","397","2022-10-15","postal","service_alert","0"
"642","397","2023-09-25","postal","service_alert","0"
"643","397","2026-05-27","email","promo_email","0"
"644","398","2022-10-25","email","balance_statement","0"
"645","398","2026-04-14","email","service_alert","0"
"646","399","2025-08-03","postal","balance_statement","0"
"647","400","2025-05-15","email","balance_statement","0"
"648","401","2021-11-28","email","service_alert","0"
"649","401","2022-05-10","email","balance_statement","0"
"650","401","2023-08-20","email","service_alert","0"
"651","401","2024-05-28","email","promo_email","0"
"652","402","2026-05-08","email","promo_email","0"
"653","403","2022-12-10","email","balance_statement","1"
"654","403","2023-06-23","email","balance_statement","1"
"655","404","2023-04-20","email","promo_email","0"
"656","404","2024-05-20","email","service_alert","0"
"657","405","2026-04-27","email","promo_email","1"
"658","407","2023-04-16","postal","service_alert","0"
"659","407","2024-06-04","postal","promo_email","0"
"660","408","2025-02-28","email","promo_email","0"
"661","409","2023-01-23","email","promo_email","0"
"662","409","2024-04-20","email","promo_email","0"
"663","409","2025-07-18","email","promo_email","0"
"664","411","2024-09-22","postal","service_alert","0"
"665","412","2024-02-14","postal","balance_statement","0"
"666","413","2023-05-15","email","balance_statement","0"
"667","413","2024-10-14","push","promo_email","0"
"668","414","2024-10-14","postal","balance_statement","0"
"669","415","2026-02-22","postal","promo_email","0"
"670","416","2023-09-04","push","balance_statement","0"
"671","416","2025-05-13","email","promo_email","0"
"672","417","2024-01-27","email","promo_email","0"
"673","418","2024-12-10","email","balance_statement","0"
"674","418","2025-03-13","email","promo_email","0"
"675","419","2021-06-04","email","balance_statement","0"
"676","419","2022-11-23","email","balance_statement","0"
"677","419","2023-12-10","email","balance_statement","0"
"678","419","2025-02-04","postal","balance_statement","0"
"679","421","2021-03-21","postal","balance_statement","0"
"680","421","2022-10-09","email","service_alert","0"
"681","421","2025-01-25","postal","promo_email","0"
"682","422","2026-06-14","postal","promo_email","0"
"683","423","2021-08-24","push","promo_email","0"
"684","424","2022-06-02","email","balance_statement","0"
"685","424","2023-04-13","push","service_alert","1"
"686","424","2024-02-21","postal","promo_email","0"
"687","424","2025-11-24","email","promo_email","0"
"688","424","2026-02-12","push","promo_email","0"
"689","425","2025-03-13","email","promo_email","0"
"690","426","2025-01-26","postal","balance_statement","0"
"691","427","2022-07-09","push","promo_email","0"
"692","427","2026-06-24","postal","promo_email","0"
"693","429","2024-03-15","postal","promo_email","0"
"694","429","2025-08-11","email","promo_email","0"
"695","432","2024-10-18","email","promo_email","0"
"696","432","2025-07-02","push","promo_email","0"
"697","432","2026-01-20","email","promo_email","0"
"698","433","2025-09-26","email","promo_email","0"
"699","434","2026-03-07","email","promo_email","0"
"700","435","2023-09-06","email","promo_email","0"
"701","435","2024-01-09","email","promo_email","0"
"702","436","2021-11-11","email","balance_statement","0"
"703","436","2022-11-03","push","balance_statement","0"
"704","436","2024-07-14","push","balance_statement","0"
"705","436","2025-02-28","postal","service_alert","0"
"706","437","2025-10-23","email","promo_email","0"
"707","437","2026-02-13","postal","promo_email","0"
"708","438","2024-12-14","postal","service_alert","0"
"709","438","2025-10-15","push","promo_email","0"
"710","439","2023-12-02","email","balance_statement","1"
"711","439","2024-02-15","push","promo_email","1"
"712","439","2025-10-20","email","promo_email","1"
"713","440","2025-10-07","postal","promo_email","0"
"714","441","2024-12-25","email","service_alert","0"
"715","441","2025-01-25","email","promo_email","0"
"716","441","2026-01-11","push","balance_statement","0"
"717","443","2025-02-05","email","promo_email","0"
"718","445","2024-10-14","push","service_alert","0"
"719","445","2025-03-03","email","service_alert","0"
"720","446","2022-04-20","email","balance_statement","0"
"721","446","2023-05-04","push","balance_statement","0"
"722","446","2024-10-27","push","balance_statement","0"
"723","447","2026-05-06","email","balance_statement","0"
"724","448","2022-11-07","email","balance_statement","0"
"725","448","2023-10-01","email","promo_email","0"
"726","448","2024-10-11","email","promo_email","0"
"727","448","2025-08-01","postal","balance_statement","0"
"728","448","2026-06-11","email","promo_email","0"
"729","449","2021-08-28","email","service_alert","0"
"730","449","2022-01-21","email","promo_email","0"
"731","449","2023-10-28","push","service_alert","0"
"732","450","2024-12-26","postal","balance_statement","0"
"733","450","2025-09-15","push","service_alert","0"
"734","451","2024-01-02","postal","service_alert","0"
"735","451","2025-12-02","email","promo_email","0"
"736","451","2026-02-17","email","service_alert","0"
"737","452","2025-12-09","postal","balance_statement","0"
"738","453","2026-05-11","push","balance_statement","0"
"739","454","2021-12-09","push","balance_statement","0"
"740","454","2024-05-15","email","promo_email","0"
"741","455","2022-12-20","email","promo_email","0"
"742","455","2024-06-07","push","promo_email","0"
"743","455","2025-05-25","postal","promo_email","0"
"744","455","2026-02-19","push","balance_statement","0"
"745","456","2024-05-09","postal","balance_statement","1"
"746","458","2025-09-13","email","service_alert","0"
"747","458","2026-05-24","email","balance_statement","0"
"748","459","2023-11-28","email","promo_email","0"
"749","459","2024-08-13","postal","service_alert","0"
"750","460","2024-10-23","email","balance_statement","0"
"751","460","2025-05-14","email","promo_email","0"
"752","460","2026-02-27","email","promo_email","0"
"753","461","2024-08-10","email","balance_statement","0"
"754","461","2025-02-03","email","balance_statement","0"
"755","462","2025-11-09","email","balance_statement","0"
"756","464","2026-03-20","postal","promo_email","0"
"757","465","2024-09-24","email","balance_statement","1"
"758","465","2025-10-27","email","promo_email","1"
"759","465","2026-05-21","email","balance_statement","1"
"760","467","2026-03-15","postal","promo_email","0"
"761","470","2020-06-19","email","promo_email","0"
"762","470","2021-06-18","push","balance_statement","0"
"763","470","2022-11-06","push","balance_statement","0"
"764","470","2024-01-01","email","promo_email","1"
"765","470","2025-08-13","postal","balance_statement","0"
"766","471","2023-07-09","email","promo_email","0"
"767","471","2025-11-18","postal","service_alert","0"
"768","472","2022-07-28","email","balance_statement","1"
"769","472","2023-05-11","postal","balance_statement","1"
"770","472","2024-10-19","postal","balance_statement","1"
"771","472","2025-06-15","push","balance_statement","1"
"772","472","2026-05-05","email","promo_email","1"
"773","473","2024-04-16","push","promo_email","0"
"774","473","2025-01-19","postal","balance_statement","0"
"775","474","2021-07-28","push","promo_email","0"
"776","474","2023-10-20","email","balance_statement","0"
"777","474","2024-02-25","postal","balance_statement","0"
"778","474","2025-08-01","email","balance_statement","0"
"779","475","2024-06-24","postal","service_alert","0"
"780","475","2025-01-12","email","promo_email","0"
"781","475","2026-01-25","push","promo_email","0"
"782","476","2024-11-23","postal","balance_statement","0"
"783","477","2021-08-26","email","balance_statement","1"
"784","478","2025-05-08","email","promo_email","0"
"785","479","2025-03-23","email","balance_statement","0"
"786","480","2025-03-15","postal","service_alert","0"
"787","481","2024-01-01","email","promo_email","0"
"788","481","2025-02-07","push","promo_email","0"
"789","483","2023-11-24","email","balance_statement","0"
"790","483","2024-03-12","push","balance_statement","0"
"791","483","2025-04-12","postal","balance_statement","0"
"792","486","2023-02-21","email","service_alert","0"
"793","486","2025-07-23","email","balance_statement","0"
"794","487","2025-12-13","push","service_alert","0"
"795","487","2026-04-18","postal","promo_email","0"
"796","489","2025-10-04","email","promo_email","0"
"797","491","2024-05-26","email","promo_email","0"
"798","491","2025-10-08","postal","balance_statement","0"
"799","491","2026-01-24","email","balance_statement","0"
"800","493","2025-12-20","email","balance_statement","0"
"801","495","2024-01-18","email","balance_statement","0"
"802","495","2026-03-02","postal","promo_email","0"
"803","496","2022-12-08","email","promo_email","0"
"804","496","2023-08-16","email","service_alert","0"
"805","496","2025-10-17","postal","balance_statement","0"
"806","497","2025-12-19","push","promo_email","0"
"807","499","2024-04-18","email","promo_email","0"
"808","499","2025-02-13","email","promo_email","0"
"809","500","2023-10-18","push","promo_email","0"
"810","501","2023-05-01","postal","balance_statement","0"
"811","501","2024-07-08","email","promo_email","0"
"812","502","2024-12-17","push","promo_email","0"
"813","505","2024-05-08","email","promo_email","1"
"814","506","2025-10-01","postal","promo_email","0"
"815","507","2020-08-06","push","promo_email","1"
"816","507","2022-02-18","email","service_alert","0"
"817","507","2025-06-17","email","balance_statement","0"
"818","508","2023-07-20","email","balance_statement","0"
"819","508","2025-03-25","email","balance_statement","1"
"820","509","2025-11-02","email","promo_email","0"
"821","510","2021-06-23","email","service_alert","0"
"822","510","2024-04-07","postal","balance_statement","0"
"823","510","2025-10-08","email","balance_statement","1"
"824","511","2026-04-07","postal","service_alert","0"
"825","512","2025-12-08","email","balance_statement","0"
"826","512","2026-05-13","email","balance_statement","0"
"827","513","2023-08-14","push","service_alert","1"
"828","513","2025-12-05","email","service_alert","1"
"829","513","2026-05-25","push","promo_email","1"
"830","514","2023-08-11","email","promo_email","0"
"831","514","2024-05-20","email","promo_email","0"
"832","517","2025-12-20","email","promo_email","0"
"833","518","2025-08-21","email","balance_statement","0"
"834","518","2026-03-21","push","balance_statement","0"
"835","519","2021-05-13","email","balance_statement","1"
"836","519","2023-07-10","email","promo_email","0"
"837","519","2024-06-12","email","balance_statement","0"
"838","520","2025-04-27","email","promo_email","0"
"839","521","2026-06-12","push","promo_email","0"
"840","522","2025-04-19","email","promo_email","0"
"841","522","2026-02-11","postal","promo_email","1"
"842","523","2019-07-08","email","promo_email","0"
"843","523","2020-05-11","email","promo_email","0"
"844","523","2022-12-19","email","balance_statement","0"
"845","523","2023-02-25","email","promo_email","0"
"846","523","2024-08-10","email","promo_email","1"
"847","524","2024-12-17","postal","promo_email","0"
"848","524","2025-03-20","email","promo_email","0"
"849","525","2021-07-23","email","balance_statement","0"
"850","525","2022-04-03","push","promo_email","0"
"851","525","2023-01-06","email","balance_statement","0"
"852","525","2025-04-08","email","balance_statement","0"
"853","526","2020-08-08","push","balance_statement","0"
"854","526","2021-06-08","postal","balance_statement","0"
"855","526","2022-06-17","email","balance_statement","0"
"856","526","2023-10-19","email","balance_statement","0"
"857","526","2024-03-05","email","balance_statement","0"
"858","527","2024-06-15","email","promo_email","0"
"859","527","2026-03-04","push","balance_statement","0"
"860","528","2024-03-13","email","promo_email","0"
"861","529","2026-03-19","postal","promo_email","0"
"862","530","2021-10-12","postal","balance_statement","0"
"863","530","2022-03-17","email","balance_statement","0"
"864","530","2023-06-09","email","promo_email","0"
"865","530","2024-05-21","email","balance_statement","0"
"866","531","2023-11-04","email","balance_statement","1"
"867","532","2020-12-18","email","balance_statement","0"
"868","532","2022-12-20","push","promo_email","0"
"869","532","2023-07-25","postal","promo_email","0"
"870","532","2024-04-20","email","balance_statement","0"
"871","533","2024-12-20","email","promo_email","0"
"872","533","2026-01-22","push","balance_statement","0"
"873","534","2025-07-21","email","balance_statement","1"
"874","535","2022-01-05","postal","promo_email","0"
"875","535","2023-12-14","push","promo_email","0"
"876","535","2024-09-21","postal","balance_statement","0"
"877","535","2025-10-01","email","promo_email","0"
"878","536","2021-11-11","email","balance_statement","0"
"879","537","2022-12-08","postal","balance_statement","0"
"880","538","2023-12-21","email","service_alert","0"
"881","538","2024-04-12","email","balance_statement","0"
"882","538","2025-07-10","email","promo_email","0"
"883","538","2026-05-16","postal","promo_email","0"
"884","539","2023-12-05","postal","balance_statement","0"
"885","539","2024-07-27","email","promo_email","0"
"886","540","2021-08-27","email","promo_email","1"
"887","540","2022-02-07","push","balance_statement","0"
"888","540","2023-03-26","email","balance_statement","0"
"889","540","2026-05-09","push","promo_email","0"
"890","541","2020-12-27","push","balance_statement","0"
"891","541","2021-04-25","email","promo_email","0"
"892","541","2023-09-15","postal","promo_email","0"
"893","541","2024-03-23","email","balance_statement","0"
"894","541","2026-03-27","email","service_alert","1"
"895","543","2020-05-02","postal","promo_email","0"
"896","543","2021-05-21","email","balance_statement","1"
"897","543","2022-02-18","email","promo_email","0"
"898","543","2023-08-01","email","service_alert","0"
"899","545","2022-01-28","email","promo_email","0"
"900","545","2023-04-06","email","promo_email","0"
"901","545","2024-04-20","email","service_alert","0"
"902","546","2024-04-25","email","balance_statement","1"
"903","546","2025-05-14","email","balance_statement","1"
"904","548","2024-01-07","email","balance_statement","0"
"905","548","2025-08-18","email","promo_email","0"
"906","548","2026-01-20","email","balance_statement","0"
"907","549","2024-10-20","email","promo_email","0"
"908","549","2025-07-20","postal","promo_email","0"
"909","550","2025-05-27","postal","balance_statement","0"
"910","551","2025-06-21","email","promo_email","0"
"911","551","2026-06-05","email","balance_statement","1"
"912","552","2026-05-08","push","promo_email","0"
"913","553","2022-04-12","postal","promo_email","0"
"914","553","2026-05-15","postal","service_alert","0"
"915","555","2025-12-03","email","promo_email","1"
"916","555","2026-03-05","email","balance_statement","1"
"917","556","2023-04-18","email","balance_statement","0"
"918","556","2024-04-22","postal","balance_statement","0"
"919","557","2023-05-10","email","promo_email","0"
"920","557","2025-10-24","push","promo_email","0"
"921","558","2026-06-03","email","balance_statement","0"
"922","560","2022-11-22","postal","balance_statement","0"
"923","560","2023-10-05","email","balance_statement","0"
"924","560","2026-02-28","email","balance_statement","0"
"925","561","2023-07-13","push","promo_email","0"
"926","562","2022-01-13","email","balance_statement","0"
"927","562","2023-07-04","email","service_alert","0"
"928","562","2025-06-06","email","balance_statement","0"
"929","563","2023-08-04","email","promo_email","1"
"930","563","2025-05-23","email","balance_statement","0"
"931","565","2023-10-27","email","balance_statement","0"
"932","565","2024-05-08","email","promo_email","0"
"933","565","2025-02-12","postal","balance_statement","0"
"934","565","2026-03-24","email","promo_email","0"
"935","566","2026-03-05","email","balance_statement","1"
"936","568","2020-09-03","email","promo_email","0"
"937","568","2021-02-03","email","promo_email","0"
"938","568","2022-07-07","email","promo_email","0"
"939","569","2025-07-09","email","promo_email","0"
"940","570","2022-03-07","postal","balance_statement","0"
"941","570","2023-12-25","email","promo_email","0"
"942","570","2024-12-05","email","promo_email","0"
"943","570","2025-08-09","email","promo_email","0"
"944","572","2025-12-14","postal","service_alert","0"
"945","573","2020-07-19","email","promo_email","0"
"946","573","2024-02-03","email","promo_email","0"
"947","574","2024-03-09","push","balance_statement","0"
"948","574","2025-10-20","email","promo_email","0"
"949","575","2024-04-22","postal","balance_statement","0"
"950","576","2026-02-17","email","service_alert","0"
"951","577","2024-06-22","push","service_alert","0"
"952","577","2025-05-04","email","service_alert","1"
"953","578","2022-03-17","postal","promo_email","0"
"954","578","2023-02-08","email","promo_email","1"
"955","578","2024-08-03","email","balance_statement","0"
"956","581","2024-09-13","email","promo_email","0"
"957","582","2025-10-23","push","balance_statement","0"
"958","582","2026-04-04","postal","promo_email","0"
"959","584","2025-08-24","postal","service_alert","0"
"960","586","2022-10-05","email","balance_statement","0"
"961","586","2023-07-26","email","service_alert","0"
"962","586","2024-05-12","email","balance_statement","0"
"963","586","2025-11-18","email","balance_statement","0"
"964","587","2020-06-14","postal","balance_statement","0"
"965","587","2021-09-07","email","balance_statement","0"
"966","587","2026-02-19","email","balance_statement","0"
"967","588","2024-03-15","email","balance_statement","0"
"968","588","2025-01-25","push","promo_email","0"
"969","590","2022-07-13","email","balance_statement","0"
"970","590","2023-05-15","email","balance_statement","0"
"971","590","2024-01-26","email","balance_statement","0"
"972","591","2026-04-25","email","promo_email","0"
"973","592","2025-12-07","email","service_alert","0"
"974","593","2026-04-15","postal","balance_statement","0"
"975","594","2023-11-14","postal","service_alert","0"
"976","594","2024-02-22","postal","promo_email","0"
"977","594","2025-02-12","email","balance_statement","0"
"978","596","2020-08-22","email","promo_email","0"
"979","596","2022-06-07","email","service_alert","0"
"980","596","2025-05-14","email","balance_statement","0"
"981","597","2021-04-24","email","balance_statement","0"
"982","598","2023-10-25","email","promo_email","0"
"983","598","2026-01-03","email","balance_statement","0"
"984","599","2026-01-04","email","balance_statement","0"
"985","601","2025-08-24","email","balance_statement","0"
"986","601","2026-03-20","email","balance_statement","0"
"987","602","2024-02-21","postal","promo_email","0"
"988","602","2025-10-17","email","promo_email","0"
"989","602","2026-01-06","postal","balance_statement","0"
"990","603","2023-12-08","email","promo_email","0"
"991","604","2025-09-27","postal","service_alert","0"
"992","604","2026-05-28","postal","balance_statement","0"
"993","606","2025-03-09","email","balance_statement","0"
"994","607","2022-05-20","postal","service_alert","0"
"995","607","2023-04-11","email","service_alert","0"
"996","607","2025-09-07","email","balance_statement","0"
"997","607","2026-03-23","postal","service_alert","0"
"998","609","2025-04-22","email","balance_statement","0"
"999","611","2020-10-04","push","promo_email","0"
"1000","611","2021-09-10","email","balance_statement","0"
"1001","611","2022-03-22","email","promo_email","0"
"1002","611","2024-11-23","email","balance_statement","0"
"1003","611","2025-12-19","email","service_alert","0"
"1004","612","2021-09-03","email","promo_email","0"
"1005","612","2022-08-18","push","promo_email","0"
"1006","612","2023-03-07","push","promo_email","0"
"1007","612","2024-03-05","email","promo_email","0"
"1008","613","2023-09-28","email","promo_email","0"
"1009","613","2024-08-24","email","balance_statement","0"
"1010","613","2025-08-28","email","balance_statement","0"
"1011","614","2022-10-10","email","balance_statement","0"
"1012","614","2023-07-16","push","service_alert","0"
"1013","614","2024-07-17","push","service_alert","0"
"1014","614","2025-07-04","postal","promo_email","0"
"1015","615","2026-02-02","email","promo_email","0"
"1016","616","2022-08-05","email","balance_statement","0"
"1017","616","2024-05-08","email","promo_email","0"
"1018","616","2025-12-27","email","balance_statement","0"
"1019","616","2026-06-11","postal","balance_statement","0"
"1020","617","2024-01-04","push","promo_email","0"
"1021","617","2025-11-25","email","balance_statement","0"
"1022","619","2024-12-05","email","balance_statement","0"
"1023","621","2022-11-18","email","promo_email","0"
"1024","621","2024-06-14","push","balance_statement","0"
"1025","621","2026-03-10","postal","balance_statement","0"
"1026","624","2022-04-23","email","service_alert","0"
"1027","624","2024-05-02","email","promo_email","0"
"1028","624","2025-04-25","push","balance_statement","0"
"1029","627","2026-03-22","push","balance_statement","0"
"1030","628","2021-04-11","email","balance_statement","0"
"1031","628","2022-10-02","email","balance_statement","0"
"1032","628","2023-12-18","email","service_alert","1"
"1033","628","2025-12-09","email","balance_statement","0"
"1034","630","2022-05-09","email","balance_statement","0"
"1035","630","2023-07-07","email","service_alert","0"
"1036","630","2024-08-07","email","balance_statement","0"
"1037","631","2024-12-15","email","balance_statement","0"
"1038","632","2023-03-15","email","promo_email","0"
"1039","632","2024-03-04","postal","service_alert","0"
"1040","633","2022-12-24","email","balance_statement","0"
"1041","633","2024-11-23","email","service_alert","0"
"1042","633","2025-10-17","email","promo_email","0"
"1043","634","2024-06-26","push","promo_email","1"
"1044","635","2024-10-15","email","promo_email","0"
"1045","636","2023-02-21","email","balance_statement","0"
"1046","636","2024-06-25","email","balance_statement","0"
"1047","636","2025-01-24","email","promo_email","0"
"1048","637","2020-10-19","email","promo_email","0"
"1049","637","2021-07-05","email","promo_email","0"
"1050","637","2022-10-17","email","promo_email","0"
"1051","637","2025-05-09","postal","promo_email","0"
"1052","638","2021-05-26","email","promo_email","0"
"1053","638","2022-11-24","postal","balance_statement","0"
"1054","638","2023-03-21","email","balance_statement","0"
"1055","638","2024-08-23","email","balance_statement","0"
"1056","639","2021-09-25","push","balance_statement","0"
"1057","639","2024-12-18","push","service_alert","1"
"1058","640","2025-06-07","postal","balance_statement","0"
"1059","640","2026-06-01","email","balance_statement","0"
"1060","641","2025-03-03","email","balance_statement","1"
"1061","642","2025-07-12","email","promo_email","1"
"1062","643","2021-05-15","email","promo_email","0"
"1063","643","2022-07-25","email","promo_email","1"
"1064","643","2024-06-24","email","balance_statement","0"
"1065","645","2025-07-04","postal","promo_email","0"
"1066","646","2024-08-11","postal","promo_email","0"
"1067","646","2026-03-10","postal","promo_email","0"
"1068","647","2022-10-13","email","promo_email","0"
"1069","647","2023-03-12","email","promo_email","0"
"1070","647","2024-04-03","postal","promo_email","0"
"1071","647","2025-03-23","email","promo_email","0"
"1072","648","2022-01-21","push","balance_statement","1"
"1073","648","2023-05-19","email","promo_email","1"
"1074","648","2024-08-02","push","balance_statement","1"
"1075","648","2025-04-01","email","promo_email","1"
"1076","649","2024-04-09","email","balance_statement","1"
"1077","650","2023-09-09","email","balance_statement","0"
"1078","650","2024-06-27","push","service_alert","0"
"1079","650","2025-03-28","email","balance_statement","0"
"1080","650","2026-03-07","email","balance_statement","0"
"1081","651","2026-01-16","email","promo_email","0"
"1082","653","2023-12-03","push","promo_email","0"
"1083","653","2024-02-17","postal","balance_statement","0"
"1084","654","2024-09-12","email","promo_email","0"
"1085","654","2025-07-05","email","service_alert","0"
"1086","655","2025-07-25","email","promo_email","0"
"1087","656","2024-09-26","email","promo_email","0"
"1088","656","2025-09-17","email","service_alert","0"
"1089","657","2020-11-24","email","promo_email","0"
"1090","657","2021-05-15","email","balance_statement","0"
"1091","657","2025-10-26","postal","promo_email","0"
"1092","658","2022-10-14","email","balance_statement","0"
"1093","658","2023-01-20","email","balance_statement","0"
"1094","658","2025-01-01","postal","balance_statement","0"
"1095","658","2026-06-16","email","service_alert","0"
"1096","659","2024-05-20","email","service_alert","0"
"1097","660","2023-03-27","email","balance_statement","0"
"1098","661","2019-11-27","push","service_alert","0"
"1099","661","2020-11-13","email","promo_email","0"
"1100","661","2021-12-11","push","balance_statement","0"
"1101","661","2022-11-06","postal","promo_email","0"
"1102","661","2023-10-22","push","balance_statement","0"
"1103","661","2024-04-27","email","balance_statement","0"
"1104","661","2025-10-01","email","balance_statement","0"
"1105","661","2026-05-19","push","service_alert","0"
"1106","662","2026-05-10","email","balance_statement","0"
"1107","663","2022-11-19","email","balance_statement","0"
"1108","663","2024-05-03","postal","promo_email","0"
"1109","664","2026-02-15","email","service_alert","0"
"1110","666","2024-11-15","email","promo_email","0"
"1111","666","2026-03-10","postal","promo_email","0"
"1112","667","2025-06-21","email","promo_email","0"
"1113","668","2026-04-22","postal","balance_statement","0"
"1114","669","2023-11-14","push","promo_email","1"
"1115","669","2026-01-26","postal","balance_statement","1"
"1116","673","2020-12-10","email","promo_email","0"
"1117","673","2021-12-20","push","promo_email","0"
"1118","673","2024-01-28","push","promo_email","0"
"1119","674","2023-07-14","postal","service_alert","0"
"1120","674","2025-04-10","push","balance_statement","0"
"1121","679","2024-01-12","email","service_alert","0"
"1122","679","2025-06-22","push","service_alert","1"
"1123","680","2024-07-03","email","promo_email","0"
"1124","682","2024-11-10","email","service_alert","0"
"1125","683","2023-09-10","push","promo_email","0"
"1126","683","2024-01-05","push","balance_statement","0"
"1127","683","2025-06-13","push","promo_email","0"
"1128","683","2026-03-20","email","promo_email","0"
"1129","684","2022-05-20","email","balance_statement","0"
"1130","684","2023-10-01","email","balance_statement","1"
"1131","684","2025-06-03","email","promo_email","0"
"1132","685","2021-10-25","email","balance_statement","0"
"1133","685","2022-01-20","email","service_alert","0"
"1134","685","2023-11-02","postal","promo_email","0"
"1135","685","2024-02-16","email","balance_statement","0"
"1136","687","2024-06-17","email","balance_statement","0"
"1137","688","2025-10-04","push","promo_email","0"
"1138","689","2019-11-12","email","promo_email","0"
"1139","689","2020-01-25","email","balance_statement","0"
"1140","689","2021-11-03","postal","balance_statement","0"
"1141","689","2023-02-01","email","balance_statement","0"
"1142","689","2024-04-09","email","service_alert","1"
"1143","689","2025-11-26","push","balance_statement","1"
"1144","690","2020-04-08","push","promo_email","0"
"1145","690","2021-06-15","push","balance_statement","0"
"1146","690","2022-02-12","email","balance_statement","0"
"1147","690","2023-12-07","email","balance_statement","0"
"1148","690","2024-03-09","email","promo_email","0"
"1149","690","2025-07-12","postal","service_alert","0"
"1150","691","2022-12-14","email","balance_statement","1"
"1151","691","2025-01-12","email","balance_statement","0"
"1152","694","2023-03-01","push","balance_statement","0"
"1153","694","2025-03-07","email","balance_statement","0"
"1154","696","2025-12-07","push","service_alert","0"
"1155","697","2026-03-11","push","service_alert","0"
"1156","698","2023-08-23","postal","balance_statement","0"
"1157","698","2026-06-03","email","promo_email","0"
"1158","699","2025-10-16","postal","service_alert","0"
"1159","700","2021-10-01","email","balance_statement","0"
"1160","700","2023-08-09","email","promo_email","0"
"1161","700","2025-02-28","postal","balance_statement","0"
"1162","701","2025-08-24","email","service_alert","0"
"1163","702","2022-07-08","postal","balance_statement","1"
"1164","702","2023-03-05","email","service_alert","1"
"1165","704","2021-02-05","push","service_alert","0"
"1166","704","2022-04-03","email","service_alert","0"
"1167","704","2025-06-15","push","balance_statement","0"
"1168","704","2026-01-27","email","balance_statement","0"
"1169","705","2023-11-05","push","balance_statement","0"
"1170","705","2025-05-04","push","balance_statement","0"
"1171","706","2024-11-18","email","balance_statement","0"
"1172","706","2025-04-12","email","service_alert","0"
"1173","707","2022-12-11","email","balance_statement","0"
"1174","709","2025-03-18","email","balance_statement","0"
"1175","709","2026-04-02","push","balance_statement","0"
"1176","710","2020-08-15","email","balance_statement","0"
"1177","710","2024-08-02","email","promo_email","0"
"1178","710","2026-02-24","push","promo_email","0"
"1179","713","2024-03-16","email","balance_statement","0"
"1180","713","2025-11-28","email","promo_email","0"
"1181","714","2023-03-10","email","balance_statement","0"
"1182","714","2024-10-23","push","balance_statement","0"
"1183","714","2026-06-27","push","balance_statement","0"
"1184","715","2020-11-19","push","balance_statement","0"
"1185","715","2023-07-16","push","promo_email","0"
"1186","715","2024-01-04","postal","service_alert","0"
"1187","715","2025-07-06","push","promo_email","0"
"1188","716","2026-04-05","postal","balance_statement","0"
"1189","717","2026-05-02","email","balance_statement","0"
"1190","721","2025-09-05","email","promo_email","0"
"1191","722","2025-08-05","email","promo_email","0"
"1192","722","2026-03-26","email","promo_email","0"
"1193","723","2024-06-22","push","service_alert","0"
"1194","725","2023-09-27","email","balance_statement","0"
"1195","726","2023-08-12","email","promo_email","1"
"1196","727","2024-11-10","email","balance_statement","0"
"1197","727","2025-05-09","postal","promo_email","0"
"1198","730","2025-01-12","email","promo_email","0"
"1199","731","2025-05-01","postal","service_alert","0"
"1200","732","2023-06-13","postal","service_alert","1"
"1201","732","2024-01-14","email","promo_email","1"
"1202","735","2024-05-14","email","balance_statement","0"
"1203","735","2025-05-04","email","balance_statement","0"
"1204","738","2024-09-25","postal","balance_statement","0"
"1205","738","2025-04-04","email","promo_email","0"
"1206","739","2025-11-10","push","balance_statement","0"
"1207","740","2020-10-12","email","promo_email","0"
"1208","740","2022-09-10","email","service_alert","0"
"1209","740","2024-01-06","email","promo_email","1"
"1210","741","2024-12-06","email","balance_statement","0"
"1211","741","2026-06-22","email","promo_email","0"
"1212","742","2024-10-24","email","balance_statement","0"
"1213","742","2026-05-04","email","promo_email","0"
"1214","743","2024-04-05","email","service_alert","0"
"1215","743","2025-02-27","push","service_alert","0"
"1216","743","2026-03-08","push","promo_email","0"
"1217","744","2024-06-12","email","promo_email","0"
"1218","745","2025-04-09","email","promo_email","0"
"1219","746","2021-09-27","email","promo_email","0"
"1220","746","2023-12-06","email","service_alert","0"
"1221","746","2024-09-16","email","balance_statement","0"
"1222","747","2025-12-07","push","balance_statement","0"
"1223","748","2022-05-13","push","promo_email","0"
"1224","748","2023-08-24","email","balance_statement","0"
"1225","748","2024-02-12","email","promo_email","0"
"1226","748","2025-12-15","push","balance_statement","0"
"1227","749","2025-11-22","email","promo_email","0"
"1228","752","2021-04-24","email","balance_statement","1"
"1229","752","2023-05-10","postal","promo_email","1"
"1230","752","2025-07-05","email","promo_email","1"
"1231","752","2026-03-16","push","balance_statement","1"
"1232","753","2025-12-26","push","service_alert","0"
"1233","754","2023-11-13","push","promo_email","1"
"1234","754","2024-11-09","email","service_alert","1"
"1235","756","2024-01-27","email","service_alert","0"
"1236","758","2024-06-26","email","service_alert","0"
"1237","759","2022-11-16","postal","balance_statement","0"
"1238","759","2024-07-22","push","balance_statement","0"
"1239","759","2025-04-24","postal","promo_email","0"
"1240","760","2023-10-27","email","balance_statement","0"
"1241","760","2024-05-11","email","promo_email","0"
"1242","760","2025-02-20","push","promo_email","1"
"1243","762","2023-07-20","email","service_alert","0"
"1244","762","2025-10-24","email","service_alert","0"
"1245","763","2022-04-28","push","balance_statement","0"
"1246","763","2023-04-20","email","promo_email","0"
"1247","763","2024-12-08","email","promo_email","0"
"1248","763","2025-07-17","email","balance_statement","0"
"1249","765","2026-06-04","push","promo_email","1"
"1250","767","2026-03-06","push","promo_email","0"
"1251","768","2024-09-10","email","balance_statement","0"
"1252","768","2025-02-10","email","balance_statement","1"
"1253","770","2024-12-10","email","balance_statement","0"
"1254","770","2025-05-24","email","promo_email","1"
"1255","771","2023-03-07","push","balance_statement","0"
"1256","771","2024-10-13","postal","promo_email","0"
"1257","772","2026-05-27","email","promo_email","0"
"1258","774","2020-06-09","postal","balance_statement","0"
"1259","774","2022-04-07","email","promo_email","0"
"1260","774","2023-08-19","push","balance_statement","0"
"1261","774","2024-10-06","postal","balance_statement","0"
"1262","774","2025-02-06","email","balance_statement","0"
"1263","774","2026-05-28","postal","balance_statement","0"
"1264","777","2021-11-15","email","service_alert","0"
"1265","777","2023-10-17","push","balance_statement","0"
"1266","777","2024-12-17","email","promo_email","0"
"1267","777","2026-04-13","email","balance_statement","0"
"1268","779","2025-01-22","email","service_alert","0"
"1269","781","2021-06-25","email","balance_statement","0"
"1270","781","2022-08-12","push","balance_statement","0"
"1271","781","2025-03-06","email","promo_email","0"
"1272","782","2023-01-24","email","balance_statement","0"
"1273","782","2024-06-27","email","promo_email","0"
"1274","783","2024-10-28","push","balance_statement","0"
"1275","783","2026-03-13","push","service_alert","0"
"1276","784","2025-11-11","email","balance_statement","0"
"1277","785","2026-04-23","email","balance_statement","0"
"1278","786","2025-04-23","push","promo_email","0"
"1279","788","2023-10-22","email","balance_statement","0"
"1280","788","2025-04-14","email","balance_statement","0"
"1281","788","2026-06-04","postal","balance_statement","0"
"1282","789","2024-10-21","email","promo_email","0"
"1283","790","2020-06-21","email","service_alert","0"
"1284","790","2023-11-03","email","service_alert","0"
"1285","790","2025-12-24","email","promo_email","0"
"1286","791","2024-06-14","push","service_alert","0"
"1287","791","2025-06-23","email","promo_email","0"
"1288","792","2023-02-22","email","balance_statement","0"
"1289","792","2024-02-05","postal","balance_statement","0"
"1290","793","2023-08-03","email","service_alert","0"
"1291","793","2024-07-19","email","balance_statement","0"
"1292","794","2021-06-03","push","balance_statement","0"
"1293","794","2022-08-21","email","service_alert","0"
"1294","794","2024-10-02","push","promo_email","0"
"1295","796","2024-10-03","email","service_alert","0"
"1296","796","2025-05-21","email","balance_statement","0"
"1297","797","2025-07-24","email","promo_email","0"
"1298","797","2026-04-13","email","promo_email","1"
"1299","798","2026-06-13","email","balance_statement","0"
"1300","799","2023-11-10","email","balance_statement","0"
"1301","799","2024-06-10","push","promo_email","0"
"1302","799","2026-06-22","push","promo_email","0"
"1303","800","2025-11-18","email","balance_statement","1"
"1304","800","2026-03-24","postal","balance_statement","0"
"1305","801","2025-09-13","email","balance_statement","0"
"1306","801","2026-06-28","push","balance_statement","0"
"1307","803","2026-06-06","postal","service_alert","0"
"1308","804","2023-08-20","postal","service_alert","0"
"1309","804","2025-06-21","email","balance_statement","0"
"1310","805","2024-08-14","email","promo_email","0"
"1311","807","2020-10-23","email","balance_statement","0"
"1312","807","2021-12-08","push","service_alert","1"
"1313","807","2022-03-02","email","balance_statement","0"
"1314","807","2024-09-17","postal","promo_email","0"
"1315","807","2025-04-14","postal","balance_statement","0"
"1316","808","2026-04-04","postal","balance_statement","1"
"1317","809","2020-01-27","push","promo_email","0"
"1318","809","2021-04-25","email","service_alert","0"
"1319","809","2023-09-28","email","promo_email","0"
"1320","809","2025-11-22","push","balance_statement","0"
"1321","810","2024-12-17","email","promo_email","0"
"1322","810","2025-01-04","push","promo_email","0"
"1323","812","2023-09-02","push","balance_statement","0"
"1324","812","2024-04-11","email","promo_email","0"
"1325","812","2025-03-28","email","balance_statement","0"
"1326","813","2023-11-16","push","service_alert","0"
"1327","813","2024-07-25","postal","promo_email","0"
"1328","813","2026-05-26","email","promo_email","0"
"1329","814","2024-07-25","email","promo_email","0"
"1330","814","2025-06-05","postal","balance_statement","1"
"1331","815","2026-03-14","push","balance_statement","0"
"1332","816","2024-11-07","email","service_alert","0"
"1333","816","2025-01-10","postal","promo_email","0"
"1334","816","2026-03-04","email","service_alert","0"
"1335","817","2020-08-06","push","service_alert","0"
"1336","817","2021-07-25","email","balance_statement","0"
"1337","817","2022-10-20","push","balance_statement","0"
"1338","817","2025-05-23","email","service_alert","0"
"1339","819","2026-04-13","email","promo_email","1"
"1340","820","2022-04-10","postal","balance_statement","0"
"1341","820","2024-12-10","email","service_alert","0"
"1342","820","2025-02-14","email","promo_email","1"
"1343","821","2023-10-04","email","service_alert","0"
"1344","821","2024-06-12","postal","balance_statement","0"
"1345","821","2025-05-08","email","balance_statement","0"
"1346","822","2025-03-03","email","promo_email","0"
"1347","823","2022-04-14","email","balance_statement","0"
"1348","823","2024-02-01","email","balance_statement","0"
"1349","823","2026-02-18","postal","promo_email","0"
"1350","824","2020-12-27","push","balance_statement","0"
"1351","824","2022-03-03","email","balance_statement","0"
"1352","824","2024-07-09","postal","promo_email","0"
"1353","826","2024-03-26","email","balance_statement","0"
"1354","827","2024-12-18","email","balance_statement","0"
"1355","827","2025-08-23","email","promo_email","0"
"1356","828","2024-07-01","email","balance_statement","0"
"1357","831","2019-07-27","email","promo_email","0"
"1358","831","2021-05-25","email","service_alert","0"
"1359","831","2022-11-24","push","promo_email","0"
"1360","831","2025-10-23","email","balance_statement","0"
"1361","833","2023-10-12","email","balance_statement","0"
"1362","834","2024-09-28","postal","balance_statement","0"
"1363","834","2025-03-24","email","balance_statement","0"
"1364","835","2024-07-05","email","balance_statement","0"
"1365","835","2025-06-16","email","promo_email","0"
"1366","835","2026-02-16","email","balance_statement","0"
"1367","836","2026-02-18","postal","balance_statement","0"
"1368","837","2022-05-05","postal","promo_email","0"
"1369","837","2025-12-20","postal","promo_email","0"
"1370","838","2019-08-24","postal","promo_email","0"
"1371","838","2020-11-08","push","promo_email","0"
"1372","838","2021-12-04","postal","promo_email","0"
"1373","838","2022-12-18","email","promo_email","0"
"1374","838","2023-03-11","postal","balance_statement","0"
"1375","838","2024-06-11","postal","promo_email","0"
"1376","838","2025-08-10","postal","promo_email","0"
"1377","840","2025-10-02","push","balance_statement","1"
"1378","841","2025-12-13","email","promo_email","0"
"1379","842","2024-03-01","email","balance_statement","0"
"1380","842","2025-06-16","push","service_alert","0"
"1381","842","2026-06-03","email","promo_email","0"
"1382","843","2024-12-03","push","balance_statement","0"
"1383","843","2025-01-06","push","promo_email","0"
"1384","844","2023-06-13","email","service_alert","0"
"1385","845","2025-05-16","email","balance_statement","0"
"1386","846","2020-12-03","email","balance_statement","0"
"1387","846","2021-04-18","push","balance_statement","0"
"1388","846","2023-09-19","email","balance_statement","0"
"1389","847","2025-09-09","email","service_alert","0"
"1390","848","2021-10-11","email","balance_statement","0"
"1391","848","2022-08-03","push","promo_email","0"
"1392","848","2023-09-07","email","promo_email","0"
"1393","848","2024-08-08","email","balance_statement","0"
"1394","849","2025-12-09","postal","promo_email","0"
"1395","850","2024-12-05","postal","balance_statement","0"
"1396","850","2025-06-02","email","promo_email","0"
"1397","851","2022-09-23","email","balance_statement","0"
"1398","851","2024-05-15","push","balance_statement","0"
"1399","851","2025-02-25","postal","promo_email","0"
"1400","851","2026-03-13","email","balance_statement","0"
"1401","853","2024-03-03","email","promo_email","0"
"1402","854","2021-08-24","email","balance_statement","0"
"1403","854","2025-12-04","email","balance_statement","0"
"1404","855","2026-06-08","email","balance_statement","0"
"1405","856","2023-06-12","email","promo_email","0"
"1406","856","2024-11-04","email","balance_statement","0"
"1407","856","2025-12-22","push","promo_email","0"
"1408","857","2019-10-16","email","promo_email","0"
"1409","857","2020-03-16","email","promo_email","0"
"1410","857","2022-02-02","email","promo_email","0"
"1411","857","2023-12-13","email","promo_email","0"
"1412","857","2024-01-24","push","balance_statement","1"
"1413","857","2025-01-27","email","promo_email","0"
"1414","858","2026-05-13","email","promo_email","0"
"1415","859","2023-07-06","postal","promo_email","1"
"1416","859","2025-01-11","postal","balance_statement","1"
"1417","860","2024-12-08","email","balance_statement","0"
"1418","861","2020-12-22","email","balance_statement","0"
"1419","861","2022-07-01","email","promo_email","0"
"1420","861","2023-03-17","postal","service_alert","0"
"1421","861","2026-02-26","email","promo_email","0"
"1422","862","2024-09-17","email","balance_statement","0"
"1423","863","2021-04-19","email","promo_email","0"
"1424","863","2022-06-21","email","service_alert","0"
"1425","863","2023-10-19","postal","balance_statement","0"
"1426","863","2025-11-24","push","balance_statement","0"
"1427","863","2026-05-07","push","balance_statement","0"
"1428","864","2024-12-26","push","promo_email","0"
"1429","864","2025-01-09","push","balance_statement","0"
"1430","867","2025-07-24","email","balance_statement","0"
"1431","872","2024-08-24","postal","promo_email","0"
"1432","872","2026-04-07","email","service_alert","0"
"1433","874","2024-02-03","email","promo_email","0"
"1434","874","2025-07-06","postal","balance_statement","0"
"1435","875","2021-07-15","email","promo_email","0"
"1436","875","2022-08-17","email","promo_email","0"
"1437","875","2023-09-10","email","promo_email","0"
"1438","875","2024-08-24","email","promo_email","0"
"1439","875","2025-02-09","postal","balance_statement","1"
"1440","875","2026-06-06","push","promo_email","0"
"1441","876","2023-04-03","postal","promo_email","0"
"1442","876","2024-04-28","email","balance_statement","0"
"1443","876","2025-12-09","email","service_alert","0"
"1444","877","2025-09-22","email","balance_statement","0"
"1445","878","2024-10-19","email","balance_statement","1"
"1446","879","2024-06-17","postal","service_alert","0"
"1447","879","2025-08-04","email","promo_email","0"
"1448","880","2024-06-28","postal","promo_email","0"
"1449","881","2022-12-10","email","service_alert","0"
"1450","881","2024-07-22","email","promo_email","0"
"1451","884","2020-09-21","push","promo_email","0"
"1452","884","2021-11-19","email","promo_email","0"
"1453","884","2023-09-08","email","service_alert","0"
"1454","884","2025-03-16","email","service_alert","0"
"1455","885","2023-09-04","email","promo_email","0"
"1456","885","2024-11-26","postal","promo_email","0"
"1457","886","2023-02-25","push","balance_statement","0"
"1458","886","2024-04-14","postal","balance_statement","0"
"1459","887","2024-05-09","email","promo_email","0"
"1460","887","2025-05-10","email","balance_statement","1"
"1461","888","2024-01-25","postal","promo_email","0"
"1462","888","2025-10-28","email","balance_statement","0"
"1463","889","2021-10-28","postal","balance_statement","0"
"1464","889","2023-05-08","email","promo_email","0"
"1465","889","2024-05-02","push","promo_email","0"
"1466","890","2021-11-18","email","balance_statement","0"
"1467","890","2022-04-14","email","promo_email","0"
"1468","890","2023-02-07","push","balance_statement","0"
"1469","890","2024-09-20","postal","service_alert","0"
"1470","891","2024-11-28","email","promo_email","0"
"1471","891","2026-03-01","email","balance_statement","0"
"1472","893","2025-04-17","email","promo_email","0"
"1473","894","2026-06-20","email","promo_email","0"
"1474","895","2024-12-12","postal","balance_statement","0"
"1475","895","2025-10-27","email","balance_statement","0"
"1476","895","2026-03-07","email","service_alert","0"
"1477","896","2022-08-19","email","service_alert","0"
"1478","896","2023-11-09","email","balance_statement","0"
"1479","896","2024-03-20","email","balance_statement","0"
"1480","897","2022-04-22","email","service_alert","0"
"1481","897","2023-03-13","email","promo_email","0"
"1482","899","2024-11-06","email","balance_statement","0"
"1483","899","2026-04-24","postal","promo_email","0"
"1484","900","2022-11-07","email","promo_email","0"
"1485","900","2025-07-07","email","balance_statement","0"
"1486","901","2026-03-28","push","promo_email","0"
"1487","905","2024-09-24","email","promo_email","0"
"1488","905","2025-11-20","email","promo_email","0"
"1489","906","2024-01-03","email","balance_statement","0"
"1490","906","2025-08-01","email","balance_statement","0"
"1491","907","2021-10-11","email","promo_email","0"
"1492","907","2023-10-20","postal","promo_email","0"
"1493","907","2024-03-11","push","promo_email","0"
"1494","909","2024-08-28","postal","promo_email","0"
"1495","909","2026-04-11","email","balance_statement","0"
"1496","910","2023-02-16","email","promo_email","0"
"1497","910","2024-06-20","postal","balance_statement","0"
"1498","910","2025-09-17","push","promo_email","1"
"1499","911","2020-11-09","email","promo_email","0"
"1500","911","2021-04-01","email","promo_email","0"
"1501","911","2022-01-23","email","balance_statement","0"
"1502","911","2024-12-14","email","balance_statement","0"
"1503","915","2022-12-24","postal","service_alert","1"
"1504","915","2024-09-02","email","promo_email","1"
"1505","917","2021-03-02","push","balance_statement","0"
"1506","917","2022-03-01","email","promo_email","0"
"1507","917","2025-05-25","email","service_alert","0"
"1508","919","2022-10-25","email","service_alert","0"
"1509","919","2024-12-02","email","promo_email","0"
"1510","919","2025-06-14","postal","balance_statement","0"
"1511","922","2024-12-05","email","promo_email","0"
"1512","923","2022-11-03","email","balance_statement","0"
"1513","923","2023-02-27","email","promo_email","0"
"1514","923","2025-12-20","email","balance_statement","0"
"1515","924","2025-10-15","email","promo_email","0"
"1516","925","2022-10-04","push","balance_statement","1"
"1517","925","2024-07-12","email","promo_email","1"
"1518","926","2024-03-11","email","promo_email","0"
"1519","927","2026-05-07","push","balance_statement","0"
"1520","928","2022-01-18","postal","promo_email","0"
"1521","928","2023-02-06","email","promo_email","0"
"1522","928","2025-01-24","email","balance_statement","0"
"1523","928","2026-02-24","email","balance_statement","0"
"1524","930","2025-06-24","email","balance_statement","0"
"1525","932","2025-07-08","email","promo_email","0"
"1526","932","2026-02-12","postal","promo_email","0"
"1527","933","2026-04-26","postal","balance_statement","0"
"1528","934","2021-10-22","push","balance_statement","0"
"1529","934","2024-12-03","postal","promo_email","0"
"1530","935","2023-11-26","postal","promo_email","0"
"1531","936","2021-02-17","email","balance_statement","0"
"1532","936","2022-02-28","email","balance_statement","0"
"1533","936","2023-11-06","postal","balance_statement","0"
"1534","936","2024-12-02","email","service_alert","0"
"1535","936","2025-05-06","email","balance_statement","0"
"1536","937","2023-01-22","email","promo_email","0"
"1537","937","2024-07-16","email","service_alert","0"
"1538","938","2021-08-28","email","balance_statement","0"
"1539","938","2023-07-26","email","promo_email","1"
"1540","938","2024-09-17","email","promo_email","0"
"1541","939","2026-06-15","push","balance_statement","0"
"1542","940","2022-10-12","postal","promo_email","0"
"1543","940","2023-06-16","push","balance_statement","0"
"1544","940","2024-02-17","email","service_alert","0"
"1545","940","2025-08-02","postal","balance_statement","0"
"1546","940","2026-02-06","email","promo_email","1"
"1547","941","2026-01-26","email","promo_email","0"
"1548","942","2023-05-10","email","balance_statement","0"
"1549","942","2026-01-27","email","promo_email","0"
"1550","943","2024-04-05","email","service_alert","0"
"1551","943","2025-09-14","email","service_alert","0"
"1552","943","2026-02-18","email","balance_statement","0"
"1553","946","2025-10-19","email","balance_statement","0"
"1554","946","2026-01-06","postal","balance_statement","0"
"1555","947","2023-01-26","email","service_alert","0"
"1556","947","2024-03-18","postal","promo_email","0"
"1557","947","2025-12-18","email","service_alert","0"
"1558","948","2026-05-26","postal","balance_statement","0"
"1559","949","2025-09-24","email","service_alert","0"
"1560","949","2026-05-22","postal","service_alert","0"
"1561","951","2025-10-03","email","balance_statement","0"
"1562","951","2026-05-23","postal","balance_statement","0"
"1563","954","2025-07-20","push","promo_email","0"
"1564","955","2022-09-25","email","balance_statement","0"
"1565","955","2024-12-03","postal","balance_statement","0"
"1566","957","2023-08-10","email","balance_statement","0"
"1567","957","2024-12-03","email","service_alert","0"
"1568","957","2025-02-09","postal","balance_statement","0"
"1569","958","2024-08-16","push","promo_email","0"
"1570","958","2025-09-09","postal","promo_email","0"
"1571","958","2026-06-09","email","service_alert","0"
"1572","959","2026-02-15","email","promo_email","0"
"1573","960","2021-06-03","email","balance_statement","0"
"1574","960","2022-10-02","email","service_alert","1"
"1575","960","2023-04-10","postal","promo_email","0"
"1576","960","2024-07-14","email","balance_statement","0"
"1577","961","2026-01-16","push","balance_statement","0"
"1578","962","2025-10-27","email","balance_statement","0"
"1579","963","2021-07-13","email","balance_statement","0"
"1580","963","2023-10-02","postal","balance_statement","0"
"1581","963","2025-01-19","postal","promo_email","0"
"1582","966","2022-12-03","postal","balance_statement","0"
"1583","966","2023-03-04","email","balance_statement","0"
"1584","966","2024-08-27","email","balance_statement","0"
"1585","966","2026-05-20","postal","service_alert","0"
"1586","967","2025-06-09","email","promo_email","1"
"1587","968","2025-06-04","email","promo_email","0"
"1588","969","2025-06-16","postal","promo_email","0"
"1589","971","2024-11-27","postal","promo_email","0"
"1590","972","2022-01-27","email","balance_statement","1"
"1591","972","2024-07-17","email","balance_statement","1"
"1592","974","2024-10-05","email","service_alert","1"
"1593","974","2026-03-24","push","balance_statement","0"
"1594","975","2024-06-16","postal","promo_email","0"
"1595","975","2025-01-15","email","promo_email","0"
"1596","975","2026-03-18","push","balance_statement","0"
"1597","976","2022-05-13","email","balance_statement","0"
"1598","976","2024-11-11","email","promo_email","0"
"1599","976","2025-06-28","email","service_alert","0"
"1600","977","2024-06-11","postal","service_alert","0"
"1601","978","2022-01-23","email","balance_statement","0"
"1602","978","2023-05-04","postal","promo_email","0"
"1603","978","2024-09-11","email","promo_email","0"
"1604","979","2025-10-02","postal","balance_statement","0"
"1605","980","2022-06-14","postal","balance_statement","0"
"1606","980","2023-04-13","push","balance_statement","0"
"1607","980","2024-07-01","email","balance_statement","0"
"1608","980","2025-07-02","postal","service_alert","0"
"1609","981","2025-07-04","email","promo_email","0"
"1610","982","2024-12-18","push","promo_email","1"
"1611","982","2026-01-15","push","promo_email","0"
"1612","983","2021-05-28","push","service_alert","0"
"1613","983","2022-10-24","push","balance_statement","0"
"1614","983","2023-03-17","email","balance_statement","0"
"1615","983","2024-12-19","push","balance_statement","0"
"1616","983","2025-12-13","push","balance_statement","0"
"1617","983","2026-04-26","postal","promo_email","0"
"1618","984","2022-01-20","push","promo_email","0"
"1619","984","2023-06-26","postal","balance_statement","0"
"1620","984","2024-06-24","push","balance_statement","0"
"1621","984","2025-11-13","email","service_alert","0"
"1622","984","2026-05-15","email","service_alert","0"
"1623","985","2022-09-17","email","promo_email","0"
"1624","985","2023-09-02","postal","promo_email","0"
"1625","985","2024-04-28","email","service_alert","0"
"1626","985","2025-10-11","push","balance_statement","0"
"1627","985","2026-05-04","postal","balance_statement","0"
"1628","986","2024-05-21","postal","promo_email","0"
"1629","989","2024-09-05","email","balance_statement","0"
"1630","990","2025-09-15","email","balance_statement","0"
"1631","991","2024-05-02","postal","balance_statement","0"
"1632","991","2025-12-22","email","balance_statement","0"
"1633","992","2025-07-21","postal","promo_email","1"
"1634","994","2020-02-05","email","promo_email","0"
"1635","994","2022-05-06","email","balance_statement","0"
"1636","994","2025-11-26","email","balance_statement","0"
"1637","994","2026-03-21","email","balance_statement","0"
"1638","995","2023-01-12","email","balance_statement","0"
"1639","995","2025-08-01","push","promo_email","0"
"1640","996","2026-06-25","postal","balance_statement","0"
"1641","997","2023-09-03","email","service_alert","0"
"1642","997","2025-03-13","email","balance_statement","1"
"1643","998","2021-02-02","email","promo_email","1"
"1644","998","2023-10-01","email","promo_email","1"
"1645","998","2025-05-08","push","balance_statement","1"
"1646","1001","2021-12-22","postal","promo_email","0"
"1647","1001","2022-08-10","postal","balance_statement","0"
"1648","1001","2024-02-28","postal","balance_statement","0"
"1649","1003","2026-06-25","email","promo_email","0"
"1650","1004","2022-05-01","postal","balance_statement","0"
"1651","1005","2021-04-06","email","promo_email","0"
"1652","1005","2025-07-10","email","balance_statement","0"
"1653","1005","2026-01-08","postal","balance_statement","0"
"1654","1006","2023-07-02","email","promo_email","0"
"1655","1006","2024-09-11","postal","promo_email","0"
"1656","1006","2025-11-18","email","balance_statement","0"
"1657","1008","2025-08-05","email","balance_statement","0"
"1658","1010","2023-10-18","email","service_alert","0"
"1659","1010","2025-06-24","email","promo_email","0"
"1660","1010","2026-02-08","email","balance_statement","0"
"1661","1011","2025-09-15","push","promo_email","0"
"1662","1012","2022-10-21","email","promo_email","0"
"1663","1012","2026-05-23","email","promo_email","0"
"1664","1013","2021-09-07","postal","promo_email","0"
"1665","1013","2022-08-23","email","service_alert","0"
"1666","1013","2023-05-12","email","service_alert","0"
"1667","1013","2024-11-01","postal","promo_email","0"
"1668","1013","2025-10-19","email","promo_email","0"
"1669","1014","2025-12-11","email","promo_email","0"
"1670","1015","2022-03-13","postal","balance_statement","0"
"1671","1015","2023-08-10","postal","balance_statement","0"
"1672","1018","2025-01-25","postal","service_alert","0"
"1673","1018","2026-06-26","email","balance_statement","0"
"1674","1019","2025-02-12","email","balance_statement","0"
"1675","1019","2026-05-23","push","balance_statement","0"
"1676","1021","2024-01-04","email","balance_statement","0"
"1677","1021","2025-02-11","postal","promo_email","0"
"1678","1022","2023-09-20","email","balance_statement","0"
"1679","1023","2019-05-22","email","balance_statement","0"
"1680","1023","2023-06-26","push","promo_email","0"
"1681","1023","2024-12-13","email","promo_email","0"
"1682","1023","2025-09-23","email","promo_email","0"
"1683","1027","2026-01-26","push","promo_email","0"
"1684","1028","2021-05-12","email","service_alert","0"
"1685","1028","2025-09-17","push","promo_email","0"
"1686","1030","2025-11-09","email","promo_email","0"
"1687","1031","2022-05-01","email","promo_email","0"
"1688","1031","2024-03-03","push","balance_statement","0"
"1689","1032","2021-03-24","postal","balance_statement","0"
"1690","1032","2022-08-15","email","balance_statement","0"
"1691","1033","2023-09-05","push","balance_statement","0"
"1692","1033","2024-05-14","email","promo_email","0"
"1693","1033","2026-04-23","email","promo_email","0"
"1694","1034","2019-11-02","email","balance_statement","0"
"1695","1034","2021-06-21","email","balance_statement","0"
"1696","1034","2022-06-13","email","balance_statement","1"
"1697","1034","2023-10-23","postal","service_alert","0"
"1698","1034","2024-07-07","push","balance_statement","0"
"1699","1037","2023-01-20","postal","balance_statement","0"
"1700","1037","2024-03-04","postal","promo_email","0"
"1701","1037","2025-05-02","push","balance_statement","0"
"1702","1038","2026-01-21","push","service_alert","0"
"1703","1039","2023-05-02","email","promo_email","0"
"1704","1039","2025-08-20","email","balance_statement","0"
"1705","1040","2025-05-26","postal","balance_statement","0"
"1706","1042","2024-09-12","email","promo_email","0"
"1707","1042","2025-08-08","push","promo_email","0"
"1708","1043","2025-10-02","postal","service_alert","0"
"1709","1044","2020-01-12","postal","promo_email","0"
"1710","1044","2022-02-25","postal","service_alert","0"
"1711","1044","2023-12-09","email","promo_email","0"
"1712","1044","2025-02-27","email","service_alert","0"
"1713","1044","2026-06-16","email","service_alert","0"
"1714","1045","2024-04-22","email","promo_email","0"
"1715","1045","2025-05-01","postal","promo_email","0"
"1716","1046","2025-04-04","email","promo_email","0"
"1717","1048","2024-11-27","email","service_alert","0"
"1718","1048","2025-06-01","push","balance_statement","0"
"1719","1049","2024-07-03","email","promo_email","0"
"1720","1049","2026-06-08","email","promo_email","1"
"1721","1050","2024-12-04","email","promo_email","0"
"1722","1051","2023-12-24","email","balance_statement","0"
"1723","1051","2024-10-17","email","promo_email","0"
"1724","1052","2022-01-03","postal","service_alert","1"
"1725","1052","2023-05-05","postal","balance_statement","1"
"1726","1052","2025-05-12","email","balance_statement","1"
"1727","1055","2023-01-18","postal","balance_statement","0"
"1728","1055","2025-03-06","email","promo_email","0"
"1729","1056","2025-11-18","email","balance_statement","0"
"1730","1057","2026-02-28","email","promo_email","0"
"1731","1058","2022-08-27","push","service_alert","0"
"1732","1058","2023-05-06","push","promo_email","0"
"1733","1058","2024-12-17","postal","balance_statement","0"
"1734","1058","2025-07-16","postal","promo_email","0"
"1735","1059","2024-03-12","email","promo_email","0"
"1736","1060","2022-11-27","push","balance_statement","0"
"1737","1060","2025-03-19","email","promo_email","0"
"1738","1061","2024-08-24","postal","promo_email","0"
"1739","1061","2025-05-22","email","promo_email","0"
"1740","1062","2025-06-02","postal","balance_statement","0"
"1741","1064","2024-05-03","email","promo_email","1"
"1742","1065","2024-11-10","postal","promo_email","0"
"1743","1070","2023-02-09","postal","balance_statement","0"
"1744","1071","2026-05-12","push","balance_statement","0"
"1745","1072","2021-04-03","postal","balance_statement","0"
"1746","1072","2022-04-10","email","balance_statement","0"
"1747","1073","2024-04-08","postal","promo_email","0"
"1748","1073","2026-01-11","push","balance_statement","0"
"1749","1074","2026-03-07","email","balance_statement","0"
"1750","1076","2025-04-23","email","promo_email","0"
"1751","1077","2025-05-05","email","balance_statement","0"
"1752","1077","2026-04-12","postal","service_alert","0"
"1753","1078","2023-09-28","email","balance_statement","0"
"1754","1078","2024-05-04","email","balance_statement","0"
"1755","1078","2025-04-28","email","promo_email","0"
"1756","1078","2026-01-06","email","promo_email","0"
"1757","1079","2023-06-24","email","promo_email","0"
"1758","1079","2024-01-02","email","promo_email","0"
"1759","1079","2025-09-04","push","balance_statement","0"
"1760","1079","2026-06-10","email","promo_email","0"
"1761","1081","2020-12-08","email","promo_email","0"
"1762","1081","2021-01-15","email","service_alert","0"
"1763","1081","2022-03-18","email","balance_statement","0"
"1764","1081","2023-10-16","email","promo_email","0"
"1765","1081","2024-01-07","email","balance_statement","1"
"1766","1081","2025-11-17","postal","balance_statement","0"
"1767","1081","2026-02-04","postal","balance_statement","0"
"1768","1082","2022-10-08","email","promo_email","0"
"1769","1082","2025-08-18","email","promo_email","0"
"1770","1083","2022-10-13","email","balance_statement","0"
"1771","1083","2024-07-04","email","service_alert","0"
"1772","1083","2025-01-12","postal","balance_statement","0"
"1773","1085","2021-12-05","email","balance_statement","0"
"1774","1085","2022-10-08","push","balance_statement","0"
"1775","1085","2024-02-09","email","balance_statement","0"
"1776","1085","2025-10-10","email","balance_statement","0"
"1777","1085","2026-06-26","email","promo_email","0"
"1778","1086","2025-07-04","postal","balance_statement","0"
"1779","1088","2019-10-07","email","service_alert","0"
"1780","1088","2020-10-07","push","promo_email","1"
"1781","1088","2021-11-20","push","promo_email","0"
"1782","1088","2022-02-17","postal","balance_statement","0"
"1783","1088","2023-09-12","push","balance_statement","1"
"1784","1088","2024-08-20","email","balance_statement","0"
"1785","1088","2025-06-28","push","balance_statement","0"
"1786","1090","2025-09-28","email","promo_email","0"
"1787","1091","2025-06-03","email","balance_statement","0"
"1788","1091","2026-02-06","email","balance_statement","0"
"1789","1092","2025-05-23","push","balance_statement","0"
"1790","1092","2026-06-05","push","promo_email","0"
"1791","1093","2022-05-06","postal","service_alert","0"
"1792","1093","2023-05-21","email","service_alert","0"
"1793","1093","2025-10-23","email","balance_statement","0"
"1794","1094","2023-09-09","postal","balance_statement","0"
"1795","1094","2024-05-06","email","balance_statement","0"
"1796","1094","2025-04-16","push","promo_email","1"
"1797","1098","2021-09-18","postal","balance_statement","0"
"1798","1099","2019-09-15","postal","promo_email","1"
"1799","1099","2022-12-28","postal","balance_statement","1"
"1800","1099","2023-11-09","postal","balance_statement","1"
"1801","1099","2025-12-16","email","balance_statement","1"
"1802","1100","2025-07-01","push","promo_email","0"
"1803","1101","2025-12-22","email","balance_statement","0"
"1804","1102","2021-03-28","postal","promo_email","0"
"1805","1102","2023-09-17","email","balance_statement","0"
"1806","1102","2024-07-01","email","balance_statement","0"
"1807","1103","2026-01-10","push","promo_email","0"
"1808","1104","2023-05-24","push","service_alert","0"
"1809","1104","2024-09-15","email","service_alert","0"
"1810","1109","2026-05-04","email","service_alert","0"
"1811","1110","2021-07-06","email","promo_email","0"
"1812","1110","2022-03-09","postal","balance_statement","0"
"1813","1110","2023-04-15","email","promo_email","1"
"1814","1110","2024-02-02","postal","balance_statement","0"
"1815","1110","2025-10-10","postal","balance_statement","0"
"1816","1112","2023-02-26","email","service_alert","0"
"1817","1112","2025-09-05","postal","service_alert","0"
"1818","1112","2026-05-04","email","balance_statement","0"
"1819","1113","2020-11-27","email","promo_email","0"
"1820","1114","2026-05-27","email","service_alert","0"
"1821","1115","2020-02-25","email","promo_email","0"
"1822","1115","2023-03-05","email","promo_email","0"
"1823","1115","2024-04-23","email","promo_email","0"
"1824","1115","2025-02-05","postal","balance_statement","0"
"1825","1116","2021-11-24","push","service_alert","0"
"1826","1116","2022-06-24","push","promo_email","0"
"1827","1116","2023-05-01","email","balance_statement","0"
"1828","1116","2024-11-19","email","promo_email","0"
"1829","1119","2020-09-18","email","promo_email","0"
"1830","1119","2021-05-11","postal","promo_email","0"
"1831","1119","2023-04-17","email","balance_statement","0"
"1832","1119","2025-05-18","postal","promo_email","0"
"1833","1121","2025-12-06","postal","promo_email","0"
"1834","1123","2021-08-20","push","promo_email","0"
"1835","1123","2022-09-08","postal","balance_statement","0"
"1836","1123","2023-12-04","email","balance_statement","0"
"1837","1123","2024-03-02","email","promo_email","0"
"1838","1124","2023-12-24","email","promo_email","0"
"1839","1124","2025-05-05","postal","balance_statement","0"
"1840","1125","2025-10-21","email","promo_email","0"
"1841","1126","2020-09-15","push","service_alert","0"
"1842","1126","2022-05-25","email","promo_email","0"
"1843","1127","2023-07-22","email","promo_email","0"
"1844","1129","2023-03-17","postal","balance_statement","0"
"1845","1129","2025-05-02","email","promo_email","0"
"1846","1129","2026-05-07","email","service_alert","0"
"1847","1130","2024-06-06","email","balance_statement","0"
"1848","1131","2025-09-13","postal","promo_email","0"
"1849","1132","2024-04-12","email","promo_email","1"
"1850","1132","2025-10-06","email","service_alert","0"
"1851","1134","2024-05-25","email","promo_email","0"
"1852","1134","2025-05-04","email","promo_email","0"
"1853","1135","2026-05-17","postal","promo_email","0"
"1854","1136","2025-09-23","email","promo_email","0"
"1855","1136","2026-04-15","email","service_alert","0"
"1856","1137","2025-07-26","postal","balance_statement","1"
"1857","1137","2026-06-13","email","promo_email","1"
"1858","1138","2023-04-20","push","promo_email","0"
"1859","1138","2025-05-03","email","balance_statement","0"
"1860","1138","2026-03-21","email","balance_statement","0"
"1861","1139","2025-04-08","push","balance_statement","0"
"1862","1141","2022-05-23","postal","promo_email","0"
"1863","1141","2023-04-17","email","service_alert","0"
"1864","1141","2024-06-10","email","promo_email","0"
"1865","1141","2025-10-10","push","balance_statement","0"
"1866","1141","2026-04-03","email","balance_statement","0"
"1867","1142","2026-04-28","push","promo_email","1"
"1868","1143","2026-02-15","email","promo_email","0"
"1869","1144","2025-09-17","push","balance_statement","0"
"1870","1144","2026-02-25","email","balance_statement","0"
"1871","1145","2025-07-05","postal","balance_statement","1"
"1872","1147","2025-08-12","email","promo_email","0"
"1873","1147","2026-01-21","email","promo_email","0"
"1874","1148","2025-03-06","email","balance_statement","0"
"1875","1149","2022-12-14","push","balance_statement","0"
"1876","1149","2024-11-21","postal","promo_email","0"
"1877","1151","2022-08-08","push","promo_email","0"
"1878","1151","2023-04-19","email","balance_statement","0"
"1879","1152","2025-11-05","email","balance_statement","0"
"1880","1154","2022-12-09","email","service_alert","0"
"1881","1154","2023-03-20","email","promo_email","0"
"1882","1154","2024-12-04","postal","balance_statement","0"
"1883","1154","2025-10-04","push","balance_statement","0"
"1884","1154","2026-01-03","email","promo_email","0"
"1885","1156","2025-08-12","email","promo_email","0"
"1886","1157","2025-06-09","email","promo_email","0"
"1887","1160","2024-11-27","email","balance_statement","0"
"1888","1160","2025-09-12","push","balance_statement","1"
"1889","1161","2026-04-24","email","promo_email","0"
"1890","1167","2021-05-07","email","balance_statement","0"
"1891","1167","2022-07-06","email","balance_statement","0"
"1892","1167","2024-03-16","push","balance_statement","0"
"1893","1167","2025-09-24","email","promo_email","1"
"1894","1167","2026-03-19","email","promo_email","0"
"1895","1168","2023-08-04","postal","service_alert","0"
"1896","1169","2025-01-01","postal","promo_email","0"
"1897","1170","2021-09-09","email","promo_email","0"
"1898","1170","2022-10-22","postal","service_alert","0"
"1899","1170","2024-01-08","postal","balance_statement","0"
"1900","1170","2026-05-16","email","balance_statement","0"
"1901","1171","2025-10-27","postal","balance_statement","0"
"1902","1172","2024-08-19","email","balance_statement","0"
"1903","1172","2025-07-03","push","promo_email","0"
"1904","1176","2026-02-17","email","service_alert","1"
"1905","1177","2023-04-21","push","balance_statement","0"
"1906","1178","2020-09-22","email","balance_statement","0"
"1907","1178","2021-12-11","email","balance_statement","0"
"1908","1178","2022-06-13","postal","promo_email","0"
"1909","1178","2024-04-22","email","promo_email","0"
"1910","1179","2024-12-14","email","promo_email","0"
"1911","1180","2023-11-09","postal","balance_statement","0"
"1912","1180","2024-11-21","postal","promo_email","0"
"1913","1180","2025-07-27","postal","service_alert","0"
"1914","1181","2023-03-09","postal","promo_email","0"
"1915","1181","2024-05-23","email","service_alert","0"
"1916","1181","2026-05-14","push","promo_email","0"
"1917","1182","2025-07-27","email","balance_statement","0"
"1918","1183","2025-06-02","email","promo_email","1"
"1919","1184","2024-12-10","push","balance_statement","0"
"1920","1184","2025-11-02","push","balance_statement","0"
"1921","1184","2026-01-18","email","balance_statement","0"
"1922","1185","2021-05-14","email","balance_statement","1"
"1923","1185","2023-02-12","push","balance_statement","0"
"1924","1185","2025-06-03","email","balance_statement","0"
"1925","1186","2024-02-19","postal","balance_statement","0"
"1926","1187","2022-06-07","push","service_alert","1"
"1927","1187","2025-04-13","email","promo_email","0"
"1928","1189","2025-10-21","email","promo_email","0"
"1929","1191","2025-06-02","email","balance_statement","0"
"1930","1193","2025-09-01","email","service_alert","0"
"1931","1195","2026-02-09","postal","service_alert","0"
"1932","1196","2025-09-11","email","promo_email","0"
"1933","1196","2026-02-26","postal","balance_statement","0"
"1934","1197","2020-06-28","email","promo_email","0"
"1935","1197","2022-08-11","email","balance_statement","0"
"1936","1197","2024-08-25","email","promo_email","0"
"1937","1198","2024-08-04","email","balance_statement","0"
"1938","1199","2023-08-15","push","promo_email","0"
"1939","1199","2025-11-16","postal","balance_statement","0"
"1940","1201","2022-11-21","email","service_alert","0"
"1941","1201","2023-07-02","email","promo_email","0"
"1942","1201","2026-02-09","email","balance_statement","0"
"1943","1202","2023-05-08","push","promo_email","0"
"1944","1202","2024-10-08","email","service_alert","0"
"1945","1202","2025-12-18","postal","balance_statement","0"
"1946","1203","2025-06-28","email","promo_email","0"
"1947","1204","2023-07-12","email","balance_statement","0"
"1948","1204","2024-06-23","postal","service_alert","0"
"1949","1204","2025-02-21","push","promo_email","1"
"1950","1206","2024-02-07","postal","balance_statement","0"
"1951","1206","2025-02-04","email","promo_email","0"
"1952","1207","2024-08-23","email","service_alert","1"
"1953","1208","2023-10-05","email","promo_email","0"
"1954","1208","2026-06-21","email","balance_statement","0"
"1955","1209","2025-05-26","email","balance_statement","0"
"1956","1210","2020-09-14","postal","service_alert","0"
"1957","1210","2022-01-12","postal","balance_statement","0"
"1958","1210","2024-02-24","email","balance_statement","0"
"1959","1210","2025-08-25","email","balance_statement","0"
"1960","1211","2023-07-28","push","promo_email","0"
"1961","1211","2026-03-14","postal","balance_statement","0"
"1962","1212","2025-05-16","email","balance_statement","0"
"1963","1213","2025-10-18","email","promo_email","0"
"1964","1214","2023-12-11","push","promo_email","0"
"1965","1214","2026-02-20","push","promo_email","0"
"1966","1216","2025-04-09","email","balance_statement","0"
"1967","1217","2026-01-13","postal","promo_email","0"
"1968","1219","2026-03-21","email","balance_statement","1"
"1969","1220","2023-08-18","email","promo_email","0"
"1970","1220","2024-12-11","postal","promo_email","0"
"1971","1220","2025-07-13","push","balance_statement","1"
"1972","1220","2026-04-11","postal","promo_email","0"
"1973","1222","2025-10-19","email","balance_statement","0"
"1974","1223","2024-12-12","email","balance_statement","0"
"1975","1225","2022-08-24","postal","promo_email","0"
"1976","1225","2024-06-27","email","promo_email","0"
"1977","1225","2026-04-04","postal","balance_statement","0"
"1978","1227","2026-02-25","email","promo_email","0"
"1979","1229","2026-04-17","email","balance_statement","0"
"1980","1231","2024-12-16","email","promo_email","0"
"1981","1231","2025-04-18","email","balance_statement","0"
"1982","1233","2021-03-09","postal","service_alert","0"
"1983","1233","2022-06-15","email","balance_statement","0"
"1984","1233","2025-12-27","postal","promo_email","1"
"1985","1235","2023-08-21","email","balance_statement","0"
"1986","1235","2024-06-09","email","balance_statement","0"
"1987","1235","2026-05-15","push","promo_email","0"
"1988","1236","2024-10-14","email","balance_statement","0"
"1989","1236","2025-09-27","postal","service_alert","0"
"1990","1236","2026-02-25","email","balance_statement","0"
"1991","1238","2025-07-02","email","balance_statement","1"
"1992","1239","2024-01-25","email","promo_email","1"
"1993","1239","2025-04-22","email","balance_statement","1"
"1994","1239","2026-06-05","email","service_alert","1"
"1995","1240","2022-12-04","email","service_alert","0"
"1996","1240","2023-03-17","email","promo_email","0"
"1997","1240","2024-06-07","push","promo_email","0"
"1998","1240","2025-03-27","postal","promo_email","1"
"1999","1241","2021-10-08","email","balance_statement","1"
"2000","1241","2023-06-03","email","balance_statement","0"
"2001","1241","2024-07-04","push","balance_statement","0"
"2002","1241","2026-01-20","email","promo_email","0"
"2003","1242","2019-12-08","push","balance_statement","0"
"2004","1242","2021-10-18","email","balance_statement","0"
"2005","1242","2023-11-09","postal","promo_email","0"
"2006","1242","2025-06-12","push","promo_email","0"
"2007","1243","2023-02-09","email","promo_email","0"
"2008","1243","2024-08-14","postal","balance_statement","0"
"2009","1243","2025-03-11","email","balance_statement","0"
"2010","1246","2024-04-28","email","balance_statement","0"
"2011","1246","2025-08-07","email","promo_email","0"
"2012","1247","2022-09-13","email","service_alert","0"
"2013","1247","2023-01-01","email","promo_email","0"
"2014","1247","2025-03-21","email","balance_statement","0"
"2015","1247","2026-04-09","email","promo_email","1"
"2016","1252","2024-10-08","email","balance_statement","0"
"2017","1253","2021-05-08","email","balance_statement","0"
"2018","1253","2023-10-22","email","promo_email","0"
"2019","1253","2024-03-27","push","balance_statement","0"
"2020","1253","2025-10-25","push","balance_statement","0"
"2021","1254","2025-07-09","email","balance_statement","0"
"2022","1255","2023-05-10","email","balance_statement","0"
"2023","1256","2022-03-13","email","balance_statement","0"
"2024","1256","2023-06-02","postal","balance_statement","0"
"2025","1256","2024-12-08","email","balance_statement","0"
"2026","1257","2021-07-22","push","balance_statement","0"
"2027","1257","2022-07-12","email","promo_email","0"
"2028","1257","2023-11-13","email","balance_statement","0"
"2029","1257","2024-05-27","push","promo_email","0"
"2030","1257","2025-04-27","postal","promo_email","0"
"2031","1260","2019-11-20","email","balance_statement","0"
"2032","1260","2021-08-23","email","balance_statement","0"
"2033","1260","2022-10-12","email","balance_statement","0"
"2034","1260","2024-05-17","email","promo_email","0"
"2035","1260","2025-11-06","postal","service_alert","0"
"2036","1260","2026-04-18","postal","promo_email","0"
"2037","1262","2025-06-11","postal","balance_statement","0"
"2038","1264","2024-01-06","email","balance_statement","0"
"2039","1264","2025-06-27","push","balance_statement","0"
"2040","1265","2026-04-03","push","balance_statement","0"
"2041","1268","2024-05-06","push","promo_email","0"
"2042","1268","2025-10-10","email","promo_email","0"
"2043","1270","2021-01-20","email","promo_email","0"
"2044","1270","2022-01-18","postal","balance_statement","0"
"2045","1270","2023-12-13","email","promo_email","0"
"2046","1270","2024-04-02","email","promo_email","0"
"2047","1270","2025-04-06","email","balance_statement","0"
"2048","1270","2026-02-20","email","promo_email","0"
"2049","1271","2023-03-20","email","balance_statement","0"
"2050","1271","2024-10-18","postal","balance_statement","0"
"2051","1271","2025-02-11","email","balance_statement","0"
"2052","1272","2026-04-01","postal","balance_statement","0"
"2053","1273","2025-12-26","email","balance_statement","1"
"2054","1274","2025-08-20","email","balance_statement","0"
"2055","1275","2025-11-15","postal","service_alert","0"
"2056","1275","2026-02-13","postal","balance_statement","0"
"2057","1276","2021-09-08","postal","service_alert","0"
"2058","1276","2022-05-13","email","promo_email","0"
"2059","1276","2023-04-13","email","service_alert","0"
"2060","1276","2024-01-20","postal","balance_statement","0"
"2061","1277","2023-03-19","email","promo_email","0"
"2062","1277","2025-10-24","email","promo_email","0"
"2063","1278","2023-12-04","postal","promo_email","0"
"2064","1278","2024-03-10","email","service_alert","1"
"2065","1279","2023-09-18","email","balance_statement","0"
"2066","1280","2025-06-24","postal","balance_statement","0"
"2067","1282","2026-05-15","email","service_alert","1"
"2068","1283","2025-06-27","postal","balance_statement","0"
"2069","1283","2026-04-01","email","promo_email","0"
"2070","1284","2023-01-20","push","balance_statement","0"
"2071","1284","2024-08-02","email","promo_email","0"
"2072","1284","2025-10-05","postal","balance_statement","1"
"2073","1285","2021-01-26","push","balance_statement","0"
"2074","1285","2024-05-21","postal","balance_statement","0"
"2075","1286","2019-05-24","email","promo_email","0"
"2076","1286","2022-12-09","email","balance_statement","0"
"2077","1286","2023-05-12","email","promo_email","0"
"2078","1286","2024-11-22","email","balance_statement","0"
"2079","1286","2025-04-20","push","balance_statement","0"
"2080","1287","2022-12-27","email","balance_statement","0"
"2081","1287","2024-12-14","email","balance_statement","0"
"2082","1288","2026-05-24","email","service_alert","0"
"2083","1289","2025-10-15","email","balance_statement","0"
"2084","1291","2022-07-11","postal","balance_statement","0"
"2085","1291","2023-02-14","email","promo_email","0"
"2086","1291","2024-12-25","push","balance_statement","0"
"2087","1291","2025-04-16","email","balance_statement","0"
"2088","1293","2025-06-04","email","balance_statement","0"
"2089","1294","2022-08-25","push","service_alert","0"
"2090","1294","2023-01-03","postal","promo_email","0"
"2091","1295","2021-09-23","email","promo_email","0"
"2092","1295","2022-12-28","email","promo_email","0"
"2093","1295","2023-01-12","postal","service_alert","0"
"2094","1295","2025-11-11","email","balance_statement","0"
"2095","1296","2023-09-04","postal","balance_statement","0"
"2096","1298","2024-04-08","email","balance_statement","0"
"2097","1299","2022-08-07","email","balance_statement","0"
"2098","1299","2024-06-04","email","balance_statement","0"
"2099","1299","2026-04-19","email","balance_statement","0"
"2100","1301","2023-02-09","email","promo_email","0"
"2101","1301","2025-06-12","email","balance_statement","1"
"2102","1302","2024-07-08","email","promo_email","0"
"2103","1303","2025-04-20","email","promo_email","0"
"2104","1304","2023-07-04","email","service_alert","0"
"2105","1306","2023-12-23","postal","promo_email","0"
"2106","1306","2026-02-06","push","balance_statement","0"
"2107","1307","2021-02-25","email","balance_statement","0"
"2108","1307","2023-08-02","email","promo_email","0"
"2109","1307","2024-02-13","email","balance_statement","1"
"2110","1308","2024-12-05","email","promo_email","1"
"2111","1308","2026-03-02","email","balance_statement","0"
"2112","1309","2022-05-09","email","promo_email","0"
"2113","1309","2023-03-17","email","balance_statement","0"
"2114","1309","2024-06-11","email","balance_statement","0"
"2115","1310","2021-09-25","postal","balance_statement","0"
"2116","1310","2023-01-23","push","promo_email","0"
"2117","1310","2024-06-17","email","promo_email","0"
"2118","1310","2026-05-14","push","promo_email","0"
"2119","1311","2021-10-19","postal","balance_statement","0"
"2120","1311","2024-10-28","email","service_alert","0"
"2121","1311","2026-05-03","push","promo_email","0"
"2122","1312","2019-11-25","postal","promo_email","0"
"2123","1312","2020-07-10","email","balance_statement","0"
"2124","1312","2023-07-06","email","promo_email","0"
"2125","1312","2024-03-13","push","promo_email","0"
"2126","1312","2025-10-05","email","balance_statement","0"
"2127","1313","2025-09-14","push","promo_email","1"
"2128","1314","2022-07-02","postal","promo_email","0"
"2129","1314","2023-05-25","email","promo_email","0"
"2130","1314","2025-02-20","email","service_alert","0"
"2131","1314","2026-02-28","email","service_alert","0"
"2132","1315","2024-07-16","email","balance_statement","0"
"2133","1315","2025-04-24","postal","balance_statement","0"
"2134","1315","2026-01-21","email","balance_statement","0"
"2135","1316","2024-08-11","email","service_alert","0"
"2136","1316","2025-04-01","email","promo_email","0"
"2137","1317","2024-07-25","push","service_alert","0"
"2138","1318","2026-02-04","email","balance_statement","0"
"2139","1319","2021-12-25","email","balance_statement","0"
"2140","1320","2023-12-08","email","balance_statement","0"
"2141","1321","2026-04-08","postal","promo_email","0"
"2142","1322","2022-08-27","push","balance_statement","0"
"2143","1322","2023-01-07","email","balance_statement","0"
"2144","1323","2024-03-13","push","balance_statement","1"
"2145","1323","2025-08-04","push","promo_email","1"
"2146","1325","2022-09-27","email","promo_email","0"
"2147","1325","2024-09-16","push","promo_email","0"
"2148","1325","2026-04-11","email","service_alert","1"
"2149","1326","2024-06-27","postal","balance_statement","0"
"2150","1327","2025-10-22","email","balance_statement","0"
"2151","1327","2026-06-13","postal","promo_email","0"
"2152","1328","2025-10-16","email","promo_email","0"
"2153","1329","2024-06-21","email","promo_email","0"
"2154","1329","2025-05-13","postal","balance_statement","0"
"2155","1330","2026-01-05","push","promo_email","1"
"2156","1331","2024-03-09","email","balance_statement","0"
"2157","1331","2025-07-28","email","promo_email","1"
"2158","1334","2025-03-12","push","balance_statement","0"
"2159","1334","2026-06-06","push","balance_statement","0"
"2160","1335","2025-03-26","postal","balance_statement","0"
"2161","1336","2025-08-19","postal","balance_statement","0"
"2162","1336","2026-02-17","push","balance_statement","0"
"2163","1337","2024-11-26","postal","service_alert","0"
"2164","1337","2025-06-05","email","promo_email","0"
"2165","1340","2022-12-19","postal","balance_statement","0"
"2166","1340","2024-08-28","email","promo_email","0"
"2167","1340","2025-05-05","email","promo_email","0"
"2168","1340","2026-03-20","email","balance_statement","0"
"2169","1342","2022-08-25","email","balance_statement","0"
"2170","1342","2023-06-14","postal","promo_email","0"
"2171","1344","2023-05-17","postal","balance_statement","1"
"2172","1344","2024-03-15","push","promo_email","1"
"2173","1344","2026-04-17","push","service_alert","1"
"2174","1347","2025-10-09","push","service_alert","1"
"2175","1349","2023-03-07","email","balance_statement","0"
"2176","1349","2024-12-25","email","service_alert","0"
"2177","1350","2025-11-04","email","promo_email","0"
"2178","1351","2023-11-25","email","balance_statement","0"
"2179","1351","2024-03-02","email","service_alert","0"
"2180","1352","2025-05-22","push","balance_statement","0"
"2181","1352","2026-02-11","push","balance_statement","0"
"2182","1353","2025-07-22","push","promo_email","0"
"2183","1354","2025-09-05","email","promo_email","0"
"2184","1354","2026-05-24","email","balance_statement","0"
"2185","1355","2025-10-17","email","service_alert","0"
"2186","1356","2025-04-21","postal","promo_email","0"
"2187","1356","2026-06-01","postal","balance_statement","0"
"2188","1358","2023-12-28","email","balance_statement","0"
"2189","1358","2024-01-28","email","promo_email","1"
"2190","1358","2025-05-11","email","service_alert","0"
"2191","1359","2022-08-27","email","promo_email","0"
"2192","1359","2023-07-13","push","balance_statement","0"
"2193","1359","2024-05-14","push","promo_email","0"
"2194","1359","2025-03-03","postal","promo_email","0"
"2195","1360","2023-12-28","postal","promo_email","0"
"2196","1360","2024-01-03","email","promo_email","0"
"2197","1360","2025-12-24","email","promo_email","0"
"2198","1361","2025-08-12","email","promo_email","0"
"2199","1362","2025-05-21","postal","promo_email","0"
"2200","1362","2026-03-16","email","service_alert","0"
"2201","1363","2025-04-07","email","balance_statement","1"
"2202","1364","2022-04-21","push","balance_statement","0"
"2203","1364","2023-09-08","email","promo_email","0"
"2204","1364","2024-07-17","email","promo_email","0"
"2205","1365","2026-06-02","push","promo_email","0"
"2206","1367","2020-10-08","push","balance_statement","0"
"2207","1367","2022-12-19","postal","promo_email","0"
"2208","1368","2025-02-11","push","promo_email","0"
"2209","1368","2026-02-16","email","promo_email","0"
"2210","1369","2021-09-18","email","balance_statement","0"
"2211","1369","2025-08-02","postal","promo_email","0"
"2212","1371","2023-09-09","email","promo_email","0"
"2213","1371","2025-01-28","email","balance_statement","1"
"2214","1373","2021-11-10","postal","promo_email","0"
"2215","1373","2022-07-07","push","promo_email","0"
"2216","1373","2023-03-04","postal","promo_email","0"
"2217","1373","2025-02-19","email","promo_email","0"
"2218","1374","2021-11-26","email","promo_email","0"
"2219","1374","2023-07-21","postal","balance_statement","0"
"2220","1374","2024-11-25","postal","service_alert","0"
"2221","1374","2025-05-23","email","promo_email","0"
"2222","1375","2025-11-10","postal","promo_email","0"
"2223","1376","2023-08-22","push","promo_email","0"
"2224","1376","2025-02-01","email","balance_statement","0"
"2225","1377","2026-02-26","email","promo_email","0"
"2226","1378","2025-03-22","push","balance_statement","0"
"2227","1379","2025-07-23","email","promo_email","0"
"2228","1381","2025-12-24","postal","balance_statement","0"
"2229","1382","2024-12-16","email","promo_email","0"
"2230","1382","2025-12-15","postal","service_alert","0"
"2231","1383","2026-02-05","email","promo_email","0"
"2232","1384","2023-01-21","push","balance_statement","0"
"2233","1384","2025-11-22","email","promo_email","0"
"2234","1384","2026-05-05","email","balance_statement","0"
"2235","1385","2025-03-05","postal","service_alert","1"
"2236","1386","2025-03-17","push","promo_email","0"
"2237","1389","2022-09-07","postal","balance_statement","0"
"2238","1389","2024-09-04","email","balance_statement","0"
"2239","1389","2025-11-21","push","balance_statement","0"
"2240","1390","2023-01-14","email","promo_email","1"
"2241","1390","2025-04-21","email","balance_statement","0"
"2242","1391","2022-11-16","email","promo_email","0"
"2243","1391","2024-05-22","postal","balance_statement","0"
"2244","1391","2025-01-05","email","balance_statement","0"
"2245","1394","2021-11-04","push","service_alert","0"
"2246","1394","2022-11-10","email","promo_email","0"
"2247","1394","2023-12-08","email","service_alert","0"
"2248","1394","2025-04-26","email","balance_statement","0"
"2249","1394","2026-01-02","email","promo_email","0"
"2250","1395","2026-03-04","email","promo_email","0"
"2251","1397","2024-08-01","email","promo_email","0"
"2252","1397","2025-04-05","email","service_alert","1"
"2253","1398","2023-06-08","email","promo_email","0"
"2254","1398","2024-03-18","push","promo_email","0"
"2255","1400","2021-09-07","email","promo_email","0"
"2256","1400","2025-12-07","email","promo_email","0"
"2257","1400","2026-01-11","email","balance_statement","0"
"2258","1402","2022-10-20","email","service_alert","1"
"2259","1404","2022-02-02","push","service_alert","0"
"2260","1404","2026-03-07","email","balance_statement","0"
"2261","1406","2021-03-21","push","promo_email","0"
"2262","1406","2024-09-20","postal","balance_statement","0"
"2263","1408","2021-06-03","push","promo_email","0"
"2264","1408","2022-08-04","email","promo_email","0"
"2265","1408","2023-03-06","email","balance_statement","0"
"2266","1408","2024-07-25","email","balance_statement","0"
"2267","1408","2025-03-04","email","service_alert","0"
"2268","1408","2026-04-18","email","promo_email","0"
"2269","1409","2025-01-23","email","balance_statement","0"
"2270","1410","2024-07-04","postal","promo_email","0"
"2271","1410","2025-12-18","email","promo_email","0"
"2272","1412","2026-06-06","email","balance_statement","0"
"2273","1413","2023-03-15","push","balance_statement","0"
"2274","1413","2025-07-23","email","service_alert","0"
"2275","1413","2026-02-02","email","promo_email","0"
"2276","1414","2025-01-05","email","balance_statement","0"
"2277","1414","2026-02-06","email","balance_statement","0"
"2278","1418","2021-09-06","email","promo_email","0"
"2279","1418","2024-03-10","push","balance_statement","0"
"2280","1418","2025-07-09","email","service_alert","0"
"2281","1419","2024-10-11","email","promo_email","0"
"2282","1419","2025-04-05","postal","balance_statement","0"
"2283","1419","2026-04-18","push","balance_statement","0"
"2284","1420","2025-11-14","email","balance_statement","0"
"2285","1420","2026-06-22","email","promo_email","0"
"2286","1421","2023-11-02","email","promo_email","0"
"2287","1421","2024-10-10","email","promo_email","1"
"2288","1421","2025-08-27","email","balance_statement","0"
"2289","1422","2020-07-20","email","balance_statement","0"
"2290","1422","2022-01-10","email","service_alert","0"
"2291","1422","2024-01-16","email","balance_statement","0"
"2292","1422","2025-12-27","push","balance_statement","0"
"2293","1422","2026-06-14","postal","promo_email","0"
"2294","1423","2026-01-18","email","balance_statement","0"
"2295","1424","2024-09-03","email","balance_statement","0"
"2296","1425","2022-06-07","email","balance_statement","0"
"2297","1425","2024-02-05","email","balance_statement","0"
"2298","1426","2026-06-26","email","promo_email","0"
"2299","1427","2025-02-06","email","balance_statement","0"
"2300","1428","2021-11-27","postal","promo_email","0"
"2301","1428","2022-12-28","push","promo_email","0"
"2302","1428","2023-10-23","email","promo_email","0"
"2303","1428","2026-03-04","postal","promo_email","0"
"2304","1429","2026-03-18","email","balance_statement","0"
"2305","1431","2020-03-02","email","balance_statement","0"
"2306","1431","2021-06-04","postal","balance_statement","0"
"2307","1431","2023-05-11","push","balance_statement","0"
"2308","1431","2024-03-09","postal","promo_email","0"
"2309","1431","2025-04-12","email","balance_statement","0"
"2310","1432","2021-11-28","email","promo_email","0"
"2311","1432","2023-03-11","email","balance_statement","0"
"2312","1432","2024-01-08","email","balance_statement","0"
"2313","1432","2026-02-06","email","service_alert","0"
"2314","1433","2020-08-16","email","promo_email","1"
"2315","1433","2022-04-28","postal","promo_email","0"
"2316","1433","2025-12-10","email","balance_statement","0"
"2317","1434","2019-11-23","email","promo_email","1"
"2318","1434","2021-10-28","email","balance_statement","0"
"2319","1434","2022-05-09","email","balance_statement","0"
"2320","1434","2024-11-28","postal","service_alert","0"
"2321","1438","2024-12-09","email","service_alert","0"
"2322","1438","2025-03-18","email","promo_email","0"
"2323","1439","2026-03-09","email","balance_statement","0"
"2324","1441","2024-02-01","push","balance_statement","0"
"2325","1441","2026-01-18","email","balance_statement","0"
"2326","1442","2025-06-25","email","balance_statement","0"
"2327","1444","2026-06-24","email","balance_statement","0"
"2328","1447","2022-10-20","push","promo_email","1"
"2329","1447","2024-03-16","push","balance_statement","0"
"2330","1447","2025-03-05","postal","balance_statement","0"
"2331","1447","2026-02-21","push","service_alert","1"
"2332","1449","2025-04-03","push","balance_statement","0"
"2333","1449","2026-06-01","postal","balance_statement","0"
"2334","1450","2024-11-17","email","promo_email","0"
"2335","1450","2026-03-23","push","promo_email","0"
"2336","1451","2023-08-04","email","service_alert","0"
"2337","1451","2024-06-12","email","balance_statement","0"
"2338","1453","2021-12-20","email","balance_statement","0"
"2339","1453","2024-04-13","email","balance_statement","0"
"2340","1453","2025-09-19","postal","service_alert","0"
"2341","1453","2026-01-22","email","promo_email","0"
"2342","1454","2021-04-17","push","balance_statement","0"
"2343","1454","2022-08-12","email","promo_email","1"
"2344","1454","2024-10-06","email","balance_statement","0"
"2345","1454","2025-12-25","email","balance_statement","0"
"2346","1454","2026-01-12","postal","promo_email","0"
"2347","1455","2022-10-19","email","service_alert","0"
"2348","1455","2025-11-26","email","service_alert","0"
"2349","1457","2024-08-17","postal","balance_statement","0"
"2350","1457","2025-06-04","push","balance_statement","0"
"2351","1458","2021-12-16","email","balance_statement","0"
"2352","1458","2022-02-04","email","promo_email","0"
"2353","1458","2024-01-17","email","service_alert","0"
"2354","1459","2024-09-08","email","promo_email","0"
"2355","1459","2025-01-10","email","promo_email","0"
"2356","1460","2020-02-06","postal","balance_statement","0"
"2357","1460","2021-04-03","postal","balance_statement","0"
"2358","1460","2022-01-10","email","balance_statement","0"
"2359","1460","2024-05-15","email","promo_email","0"
"2360","1460","2025-05-26","email","balance_statement","0"
"2361","1461","2021-11-07","email","service_alert","0"
"2362","1462","2022-06-03","email","balance_statement","0"
"2363","1462","2024-02-11","push","service_alert","0"
"2364","1462","2025-10-23","postal","promo_email","0"
"2365","1462","2026-03-02","push","service_alert","0"
"2366","1463","2025-06-09","postal","promo_email","0"
"2367","1467","2019-11-24","email","promo_email","0"
"2368","1467","2020-10-28","push","balance_statement","0"
"2369","1467","2021-07-18","push","promo_email","0"
"2370","1467","2023-02-27","email","balance_statement","0"
"2371","1467","2024-08-08","postal","balance_statement","0"
"2372","1468","2023-10-08","postal","service_alert","0"
"2373","1468","2025-05-14","email","promo_email","0"
"2374","1468","2026-06-28","postal","service_alert","0"
"2375","1470","2023-06-16","postal","promo_email","0"
"2376","1470","2025-11-23","email","promo_email","1"
"2377","1471","2024-12-20","email","promo_email","1"
"2378","1471","2025-04-06","email","balance_statement","1"
"2379","1472","2021-03-06","email","balance_statement","0"
"2380","1472","2022-08-21","email","balance_statement","0"
"2381","1472","2025-01-09","email","promo_email","0"
"2382","1474","2024-09-06","email","promo_email","0"
"2383","1474","2025-12-01","email","balance_statement","0"
"2384","1475","2020-06-27","email","promo_email","0"
"2385","1475","2021-12-12","email","balance_statement","1"
"2386","1475","2023-06-14","email","promo_email","0"
"2387","1475","2024-04-14","email","balance_statement","1"
"2388","1475","2026-02-04","postal","balance_statement","0"
"2389","1477","2025-01-27","email","balance_statement","0"
"2390","1478","2022-07-14","postal","balance_statement","0"
"2391","1478","2023-09-14","postal","balance_statement","0"
"2392","1478","2025-07-11","email","promo_email","0"
"2393","1479","2025-05-28","postal","balance_statement","0"
"2394","1479","2026-01-17","email","service_alert","0"
"2395","1480","2022-12-09","email","balance_statement","0"
"2396","1480","2024-03-07","postal","balance_statement","0"
"2397","1480","2025-06-27","email","promo_email","0"
"2398","1481","2023-01-07","email","promo_email","0"
"2399","1481","2025-04-03","email","balance_statement","0"
"2400","1482","2026-03-06","email","service_alert","0"
"2401","1484","2025-06-01","push","promo_email","0"
"2402","1485","2021-06-15","push","balance_statement","0"
"2403","1485","2023-09-07","email","service_alert","0"
"2404","1485","2025-09-09","email","promo_email","1"
"2405","1486","2023-12-11","email","balance_statement","0"
"2406","1486","2025-07-20","email","service_alert","0"
"2407","1487","2021-10-11","postal","promo_email","0"
"2408","1487","2022-05-27","email","promo_email","0"
"2409","1487","2023-07-14","email","balance_statement","0"
"2410","1488","2025-11-28","email","balance_statement","0"
"2411","1489","2022-06-24","postal","balance_statement","0"
"2412","1489","2024-10-06","email","balance_statement","0"
"2413","1489","2025-04-06","email","promo_email","0"
"2414","1490","2024-09-08","email","balance_statement","0"
"2415","1490","2025-02-14","postal","service_alert","0"
"2416","1490","2026-04-18","push","service_alert","0"
"2417","1491","2025-02-03","email","balance_statement","0"
"2418","1492","2023-07-27","email","balance_statement","0"
"2419","1492","2024-06-11","email","promo_email","0"
"2420","1492","2026-05-11","email","balance_statement","0"
"2421","1493","2021-12-05","email","balance_statement","0"
"2422","1493","2022-09-12","email","balance_statement","0"
"2423","1493","2025-02-08","email","balance_statement","0"
"2424","1498","2024-10-22","email","balance_statement","1"
"2425","1498","2025-02-22","push","promo_email","0"
"2426","1500","2025-03-13","email","promo_email","0"
"2427","1502","2025-01-07","postal","balance_statement","0"
"2428","1503","2022-03-11","email","promo_email","0"
"2429","1503","2023-08-10","email","service_alert","0"
"2430","1503","2024-10-26","email","balance_statement","0"
"2431","1503","2025-11-03","email","balance_statement","0"
"2432","1504","2025-05-28","postal","promo_email","0"
"2433","1505","2024-07-14","email","balance_statement","1"
"2434","1505","2025-08-11","email","promo_email","1"
"2435","1506","2021-08-14","push","balance_statement","0"
"2436","1506","2023-12-13","email","balance_statement","0"
"2437","1506","2024-11-24","email","promo_email","0"
"2438","1506","2025-02-14","email","balance_statement","0"
"2439","1506","2026-05-03","postal","balance_statement","0"
"2440","1507","2021-04-27","email","promo_email","0"
"2441","1507","2024-09-01","email","promo_email","0"
"2442","1508","2023-12-24","email","promo_email","0"
"2443","1508","2024-04-15","email","promo_email","0"
"2444","1509","2022-01-22","postal","service_alert","0"
"2445","1509","2024-06-15","email","balance_statement","0"
"2446","1509","2025-09-21","email","service_alert","0"
"2447","1510","2024-10-23","push","promo_email","0"
"2448","1510","2025-10-13","email","balance_statement","0"
"2449","1512","2021-12-25","push","balance_statement","0"
"2450","1512","2023-12-27","email","promo_email","0"
"2451","1512","2024-09-17","push","promo_email","0"
"2452","1512","2025-08-27","push","balance_statement","0"
"2453","1512","2026-02-27","email","service_alert","0"
"2454","1514","2023-12-14","push","balance_statement","0"
"2455","1514","2025-10-09","postal","balance_statement","0"
"2456","1516","2023-12-27","email","promo_email","0"
"2457","1516","2024-01-25","email","service_alert","0"
"2458","1516","2026-01-17","postal","promo_email","0"
"2459","1518","2023-09-09","email","promo_email","0"
"2460","1518","2025-12-25","email","service_alert","0"
"2461","1518","2026-02-02","push","balance_statement","0"
"2462","1520","2024-09-26","postal","promo_email","0"
"2463","1520","2025-09-01","email","service_alert","0"
"2464","1522","2024-06-28","postal","balance_statement","0"
"2465","1522","2025-11-01","email","promo_email","0"
"2466","1523","2025-11-28","push","balance_statement","0"
"2467","1524","2023-06-17","postal","balance_statement","0"
"2468","1524","2026-06-06","email","promo_email","0"
"2469","1525","2026-02-18","push","promo_email","0"
"2470","1527","2023-10-22","email","promo_email","0"
"2471","1527","2024-09-04","email","promo_email","0"
"2472","1527","2025-03-09","email","balance_statement","0"
"2473","1528","2022-12-26","postal","promo_email","0"
"2474","1528","2023-11-17","postal","balance_statement","0"
"2475","1528","2024-10-02","email","balance_statement","0"
"2476","1529","2026-04-02","email","service_alert","0"
"2477","1530","2024-08-22","email","promo_email","0"
"2478","1530","2025-08-14","postal","balance_statement","0"
"2479","1533","2026-02-27","postal","balance_statement","0"
"2480","1534","2025-08-08","push","promo_email","0"
"2481","1535","2023-08-20","push","promo_email","0"
"2482","1535","2025-09-26","push","promo_email","0"
"2483","1536","2025-05-27","email","promo_email","0"
"2484","1536","2026-06-02","postal","balance_statement","0"
"2485","1538","2024-06-14","email","promo_email","0"
"2486","1538","2025-07-14","email","promo_email","0"
"2487","1539","2025-04-03","push","promo_email","0"
"2488","1540","2019-07-16","email","promo_email","0"
"2489","1540","2020-11-13","email","balance_statement","0"
"2490","1540","2022-06-11","email","balance_statement","0"
"2491","1540","2023-05-20","email","promo_email","0"
"2492","1540","2024-10-08","push","promo_email","0"
"2493","1540","2025-05-08","email","promo_email","0"
"2494","1542","2025-03-11","email","service_alert","0"
"2495","1543","2019-11-22","push","service_alert","0"
"2496","1543","2021-12-10","email","promo_email","0"
"2497","1543","2023-11-19","email","balance_statement","0"
"2498","1543","2024-01-19","push","promo_email","0"
"2499","1543","2026-03-20","email","balance_statement","0"
"2500","1544","2023-02-10","email","service_alert","0"
"2501","1544","2024-08-11","push","promo_email","0"
"2502","1544","2025-11-16","push","promo_email","0"
"2503","1545","2023-03-15","postal","balance_statement","0"
"2504","1545","2025-04-25","email","promo_email","0"
"2505","1547","2024-02-07","email","service_alert","0"
"2506","1547","2025-04-22","email","balance_statement","0"
"2507","1548","2022-05-02","postal","balance_statement","0"
"2508","1548","2025-10-07","email","promo_email","0"
"2509","1549","2023-02-22","push","balance_statement","0"
"2510","1549","2025-12-22","postal","balance_statement","0"
"2511","1550","2025-12-18","email","balance_statement","0"
"2512","1551","2026-03-16","email","promo_email","0"
"2513","1553","2022-07-10","push","balance_statement","0"
"2514","1554","2025-01-05","email","promo_email","0"
"2515","1555","2023-04-21","email","balance_statement","0"
"2516","1555","2025-04-10","email","promo_email","0"
"2517","1556","2025-08-21","email","balance_statement","0"
"2518","1556","2026-05-26","push","service_alert","0"
"2519","1557","2024-06-17","email","balance_statement","1"
"2520","1558","2020-07-26","push","balance_statement","0"
"2521","1558","2021-02-08","email","service_alert","0"
"2522","1558","2023-06-18","postal","balance_statement","0"
"2523","1558","2024-01-19","email","balance_statement","0"
"2524","1558","2025-01-26","email","balance_statement","0"
"2525","1558","2026-04-26","email","promo_email","0"
"2526","1559","2025-12-07","email","balance_statement","0"
"2527","1559","2026-06-19","postal","promo_email","1"
"2528","1560","2023-03-06","email","service_alert","0"
"2529","1560","2025-11-09","email","balance_statement","0"
"2530","1561","2026-06-01","email","promo_email","1"
"2531","1562","2023-09-05","email","promo_email","0"
"2532","1562","2025-01-26","postal","balance_statement","0"
"2533","1563","2020-03-05","email","promo_email","0"
"2534","1563","2021-10-08","email","balance_statement","0"
"2535","1563","2023-10-13","email","balance_statement","0"
"2536","1563","2024-06-25","email","promo_email","0"
"2537","1563","2025-03-17","email","promo_email","0"
"2538","1565","2025-04-19","email","balance_statement","1"
"2539","1566","2021-05-24","email","promo_email","0"
"2540","1566","2022-02-12","email","balance_statement","0"
"2541","1567","2023-05-05","email","balance_statement","0"
"2542","1567","2024-06-18","email","balance_statement","0"
"2543","1567","2025-07-18","email","promo_email","0"
"2544","1568","2023-06-04","email","promo_email","0"
"2545","1568","2024-07-01","postal","balance_statement","0"
"2546","1568","2026-05-05","push","balance_statement","0"
"2547","1569","2024-08-15","email","promo_email","0"
"2548","1569","2025-05-27","email","promo_email","0"
"2549","1569","2026-01-07","email","promo_email","0"
"2550","1570","2024-07-04","email","promo_email","0"
"2551","1570","2026-05-03","push","promo_email","0"
"2552","1571","2024-11-01","push","balance_statement","0"
"2553","1573","2025-09-09","email","service_alert","1"
"2554","1574","2022-11-15","email","service_alert","0"
"2555","1574","2023-11-23","email","promo_email","0"
"2556","1574","2024-05-18","email","promo_email","0"
"2557","1574","2025-06-13","postal","promo_email","0"
"2558","1574","2026-05-21","email","promo_email","1"
"2559","1576","2021-05-25","email","promo_email","0"
"2560","1576","2023-08-13","email","promo_email","0"
"2561","1576","2024-10-05","email","promo_email","0"
"2562","1577","2019-08-27","push","balance_statement","0"
"2563","1577","2020-05-06","push","balance_statement","0"
"2564","1577","2022-07-18","email","service_alert","0"
"2565","1577","2023-11-19","email","promo_email","0"
"2566","1577","2025-07-17","email","balance_statement","0"
"2567","1578","2022-02-23","email","balance_statement","0"
"2568","1578","2023-07-22","push","balance_statement","0"
"2569","1578","2025-11-22","push","balance_statement","0"
"2570","1578","2026-05-17","email","balance_statement","1"
"2571","1580","2024-10-02","postal","balance_statement","0"
"2572","1581","2026-02-14","postal","balance_statement","0"
"2573","1582","2023-11-07","push","balance_statement","0"
"2574","1582","2024-09-16","email","balance_statement","0"
"2575","1582","2025-07-04","email","promo_email","0"
"2576","1585","2024-08-23","push","service_alert","0"
"2577","1587","2025-03-08","push","promo_email","0"
"2578","1588","2025-05-28","postal","promo_email","0"
"2579","1588","2026-03-13","email","balance_statement","0"
"2580","1589","2024-01-01","email","balance_statement","0"
"2581","1589","2025-04-09","postal","promo_email","0"
"2582","1590","2021-09-22","postal","balance_statement","0"
"2583","1590","2025-01-23","email","balance_statement","0"
"2584","1590","2026-03-18","email","balance_statement","0"
"2585","1591","2021-04-18","postal","promo_email","0"
"2586","1591","2022-05-27","email","promo_email","1"
"2587","1591","2023-11-22","postal","balance_statement","0"
"2588","1592","2025-10-11","email","service_alert","0"
"2589","1593","2025-05-07","email","promo_email","0"
"2590","1593","2026-01-01","postal","promo_email","0"
"2591","1594","2025-02-26","email","balance_statement","0"
"2592","1594","2026-06-13","push","balance_statement","0"
"2593","1595","2024-11-06","postal","promo_email","0"
"2594","1595","2026-01-10","email","promo_email","0"
"2595","1596","2023-04-07","email","balance_statement","0"
"2596","1596","2024-12-13","email","balance_statement","0"
"2597","1597","2022-10-17","email","balance_statement","0"
"2598","1597","2026-01-17","email","balance_statement","0"
"2599","1598","2026-06-02","email","promo_email","0"
"2600","1599","2023-07-07","postal","promo_email","0"
"2601","1599","2025-12-24","email","balance_statement","0"
"2602","1601","2023-08-20","email","promo_email","0"
"2603","1601","2025-02-21","email","service_alert","0"
"2604","1603","2024-10-01","postal","balance_statement","0"
"2605","1604","2023-10-23","email","promo_email","0"
"2606","1604","2024-07-01","email","promo_email","1"
"2607","1604","2025-05-28","email","balance_statement","0"
"2608","1605","2024-06-22","email","balance_statement","0"
"2609","1605","2025-03-01","email","promo_email","0"
"2610","1607","2024-04-11","email","balance_statement","0"
"2611","1608","2025-05-04","postal","balance_statement","0"
"2612","1608","2026-06-01","email","promo_email","0"
"2613","1609","2025-10-19","push","balance_statement","0"
"2614","1610","2023-01-12","push","balance_statement","0"
"2615","1610","2024-01-06","email","balance_statement","0"
"2616","1610","2025-03-21","email","promo_email","0"
"2617","1611","2022-10-20","email","promo_email","0"
"2618","1611","2023-07-12","push","service_alert","0"
"2619","1611","2025-05-18","email","balance_statement","0"
"2620","1611","2026-02-15","push","balance_statement","1"
"2621","1612","2023-10-26","email","promo_email","0"
"2622","1612","2025-09-22","email","balance_statement","0"
"2623","1613","2022-02-07","email","promo_email","0"
"2624","1613","2023-06-01","push","service_alert","0"
"2625","1613","2024-06-17","email","balance_statement","0"
"2626","1613","2026-01-19","email","service_alert","0"
"2627","1614","2025-06-25","email","balance_statement","0"
"2628","1614","2026-03-26","push","promo_email","0"
"2629","1615","2022-03-01","email","balance_statement","0"
"2630","1615","2024-11-22","email","balance_statement","0"
"2631","1615","2025-12-07","email","balance_statement","0"
"2632","1616","2024-06-05","email","promo_email","0"
"2633","1616","2025-07-19","email","balance_statement","0"
"2634","1617","2020-02-08","postal","balance_statement","0"
"2635","1617","2021-01-16","email","promo_email","0"
"2636","1617","2022-09-20","email","balance_statement","1"
"2637","1617","2025-03-21","email","promo_email","0"
"2638","1617","2026-04-05","push","promo_email","0"
"2639","1618","2024-01-28","push","promo_email","0"
"2640","1618","2025-03-19","push","promo_email","0"
"2641","1618","2026-06-16","push","balance_statement","0"
"2642","1619","2020-07-11","email","balance_statement","0"
"2643","1619","2022-10-24","email","promo_email","0"
"2644","1619","2023-01-08","email","balance_statement","0"
"2645","1619","2024-08-03","postal","balance_statement","0"
"2646","1619","2025-04-15","postal","balance_statement","0"
"2647","1619","2026-03-02","postal","service_alert","0"
"2648","1620","2022-10-11","email","service_alert","0"
"2649","1620","2023-08-05","email","promo_email","0"
"2650","1620","2024-10-20","postal","service_alert","0"
"2651","1620","2025-03-18","email","service_alert","0"
"2652","1621","2023-05-05","push","promo_email","0"
"2653","1621","2024-07-20","email","balance_statement","0"
"2654","1621","2025-06-22","email","promo_email","0"
"2655","1621","2026-01-20","email","balance_statement","0"
"2656","1622","2025-01-22","email","balance_statement","0"
"2657","1623","2023-03-02","email","balance_statement","0"
"2658","1623","2024-07-08","email","service_alert","0"
"2659","1624","2022-08-04","push","service_alert","0"
"2660","1624","2023-08-03","email","promo_email","0"
"2661","1624","2025-04-01","postal","promo_email","0"
"2662","1625","2025-07-25","push","service_alert","0"
"2663","1627","2022-02-26","email","promo_email","0"
"2664","1627","2024-12-04","postal","balance_statement","0"
"2665","1629","2022-09-20","push","balance_statement","0"
"2666","1629","2024-05-17","email","promo_email","1"
"2667","1630","2022-03-06","email","promo_email","0"
"2668","1630","2023-07-04","email","promo_email","0"
"2669","1630","2024-09-19","email","balance_statement","0"
"2670","1631","2023-05-18","email","service_alert","0"
"2671","1631","2024-02-22","email","balance_statement","0"
"2672","1631","2025-06-10","email","service_alert","0"
"2673","1632","2023-01-26","email","promo_email","0"
"2674","1633","2025-11-13","email","balance_statement","0"
"2675","1633","2026-02-07","email","balance_statement","0"
"2676","1634","2026-01-20","postal","balance_statement","0"
"2677","1635","2024-08-03","email","promo_email","0"
"2678","1637","2025-04-26","email","balance_statement","0"
"2679","1638","2023-10-18","postal","balance_statement","0"
"2680","1640","2025-08-08","email","service_alert","0"
"2681","1642","2023-11-23","postal","balance_statement","0"
"2682","1642","2025-07-14","push","balance_statement","0"
"2683","1643","2024-10-04","postal","promo_email","0"
"2684","1643","2025-02-24","postal","balance_statement","0"
"2685","1644","2024-07-10","push","balance_statement","0"
"2686","1645","2024-03-22","push","balance_statement","0"
"2687","1645","2026-05-16","email","balance_statement","0"
"2688","1646","2026-02-15","email","balance_statement","0"
"2689","1648","2025-03-27","postal","promo_email","0"
"2690","1651","2025-04-15","email","balance_statement","0"
"2691","1652","2024-11-14","email","promo_email","0"
"2692","1653","2025-09-17","push","promo_email","0"
"2693","1654","2024-06-02","postal","service_alert","0"
"2694","1654","2025-09-20","postal","promo_email","0"
"2695","1655","2024-08-05","email","balance_statement","0"
"2696","1656","2025-04-21","email","promo_email","0"
"2697","1658","2024-10-07","email","service_alert","0"
"2698","1659","2024-04-17","email","balance_statement","0"
"2699","1659","2025-06-28","push","promo_email","0"
"2700","1661","2024-12-20","push","balance_statement","0"
"2701","1661","2025-10-25","email","service_alert","0"
"2702","1662","2020-06-11","postal","balance_statement","0"
"2703","1662","2022-05-14","email","balance_statement","0"
"2704","1662","2025-05-18","email","promo_email","0"
"2705","1663","2024-10-18","email","balance_statement","0"
"2706","1663","2025-12-20","email","balance_statement","0"
"2707","1663","2026-02-12","push","balance_statement","0"
"2708","1664","2023-09-24","email","promo_email","0"
"2709","1664","2025-03-26","email","balance_statement","0"
"2710","1665","2020-12-05","email","promo_email","1"
"2711","1665","2021-04-14","email","balance_statement","0"
"2712","1665","2023-09-21","email","promo_email","0"
"2713","1665","2024-08-27","email","balance_statement","1"
"2714","1667","2024-11-21","push","balance_statement","0"
"2715","1667","2026-06-16","push","balance_statement","0"
"2716","1668","2022-04-09","postal","balance_statement","0"
"2717","1668","2023-06-15","email","balance_statement","0"
"2718","1668","2026-06-21","push","promo_email","0"
"2719","1669","2022-02-28","email","balance_statement","0"
"2720","1669","2024-11-28","email","promo_email","0"
"2721","1670","2024-07-18","email","promo_email","0"
"2722","1670","2025-07-10","email","promo_email","1"
"2723","1670","2026-02-19","email","service_alert","0"
"2724","1671","2023-11-18","email","promo_email","0"
"2725","1671","2025-06-24","push","service_alert","0"
"2726","1672","2024-02-07","postal","promo_email","0"
"2727","1672","2025-05-12","email","promo_email","0"
"2728","1672","2026-04-06","email","balance_statement","0"
"2729","1674","2023-07-10","email","balance_statement","0"
"2730","1674","2024-12-06","postal","balance_statement","0"
"2731","1675","2023-10-07","postal","promo_email","0"
"2732","1675","2024-04-08","email","balance_statement","0"
"2733","1675","2026-06-14","email","balance_statement","0"
"2734","1676","2025-10-16","email","service_alert","0"
"2735","1677","2024-04-03","email","balance_statement","0"
"2736","1678","2023-10-23","email","service_alert","0"
"2737","1678","2024-01-09","push","balance_statement","0"
"2738","1678","2026-03-18","email","service_alert","0"
"2739","1679","2025-06-07","email","promo_email","0"
"2740","1680","2024-10-18","push","promo_email","0"
"2741","1680","2026-01-14","email","service_alert","0"
"2742","1681","2025-02-22","push","promo_email","0"
"2743","1682","2024-11-11","email","balance_statement","0"
"2744","1682","2025-09-20","postal","service_alert","0"
"2745","1682","2026-02-13","email","promo_email","0"
"2746","1683","2025-04-19","postal","balance_statement","0"
"2747","1683","2026-01-14","email","service_alert","0"
"2748","1684","2025-05-13","email","promo_email","0"
"2749","1684","2026-04-02","push","service_alert","0"
"2750","1685","2019-11-18","email","promo_email","0"
"2751","1685","2021-03-10","email","balance_statement","0"
"2752","1685","2022-09-13","email","service_alert","0"
"2753","1685","2025-12-22","email","promo_email","0"
"2754","1689","2025-12-03","email","promo_email","0"
"2755","1689","2026-03-12","email","balance_statement","0"
"2756","1691","2023-09-22","email","balance_statement","0"
"2757","1692","2022-08-17","email","balance_statement","0"
"2758","1693","2025-07-25","postal","balance_statement","0"
"2759","1693","2026-02-13","email","service_alert","0"
"2760","1696","2024-09-07","push","promo_email","0"
"2761","1696","2025-11-06","postal","service_alert","0"
"2762","1697","2026-03-23","email","balance_statement","1"
"2763","1700","2025-01-05","email","promo_email","0"
"2764","1700","2026-02-08","email","promo_email","0"
"2765","1702","2022-04-03","push","promo_email","0"
"2766","1702","2024-01-15","postal","promo_email","0"
"2767","1703","2025-01-16","postal","service_alert","0"
"2768","1704","2024-09-16","email","balance_statement","1"
"2769","1705","2024-07-28","push","balance_statement","1"
"2770","1705","2025-12-07","push","balance_statement","1"
"2771","1706","2023-07-20","push","service_alert","0"
"2772","1706","2024-09-13","email","service_alert","0"
"2773","1706","2025-12-19","email","promo_email","0"
"2774","1706","2026-06-17","email","promo_email","0"
"2775","1707","2021-04-12","postal","promo_email","0"
"2776","1707","2022-04-05","email","balance_statement","0"
"2777","1707","2023-06-02","postal","balance_statement","0"
"2778","1707","2024-09-23","email","balance_statement","0"
"2779","1709","2024-03-11","email","promo_email","0"
"2780","1709","2026-04-26","push","balance_statement","0"
"2781","1710","2024-02-13","email","service_alert","0"
"2782","1710","2025-05-15","email","balance_statement","0"
"2783","1711","2022-12-19","postal","balance_statement","1"
"2784","1711","2024-09-01","email","promo_email","1"
"2785","1711","2026-01-26","push","service_alert","1"
"2786","1712","2026-06-14","postal","balance_statement","1"
"2787","1713","2025-05-09","email","service_alert","0"
"2788","1714","2022-11-27","email","balance_statement","0"
"2789","1714","2024-01-04","postal","promo_email","0"
"2790","1714","2026-03-09","push","balance_statement","0"
"2791","1716","2024-06-20","email","promo_email","0"
"2792","1716","2026-02-12","email","balance_statement","0"
"2793","1717","2024-09-20","email","service_alert","0"
"2794","1717","2026-02-07","postal","balance_statement","0"
"2795","1718","2023-10-28","email","balance_statement","0"
"2796","1718","2024-10-28","postal","promo_email","0"
"2797","1718","2025-02-03","email","promo_email","0"
"2798","1719","2025-04-22","email","service_alert","0"
"2799","1722","2024-11-27","email","promo_email","0"
"2800","1722","2025-02-14","email","service_alert","0"
"2801","1722","2026-01-11","email","balance_statement","0"
"2802","1723","2024-02-28","push","service_alert","0"
"2803","1723","2025-07-04","email","balance_statement","0"
"2804","1723","2026-02-26","email","balance_statement","1"
"2805","1728","2026-04-22","email","promo_email","0"
"2806","1729","2023-07-09","email","balance_statement","0"
"2807","1729","2025-04-17","email","service_alert","0"
"2808","1731","2021-11-14","email","promo_email","0"
"2809","1731","2023-08-22","email","promo_email","0"
"2810","1731","2024-05-06","push","promo_email","1"
"2811","1732","2023-10-26","email","service_alert","0"
"2812","1732","2025-05-26","email","promo_email","0"
"2813","1733","2021-09-19","email","promo_email","0"
"2814","1733","2022-12-25","email","promo_email","0"
"2815","1733","2024-08-28","email","service_alert","0"
"2816","1733","2026-03-06","email","promo_email","0"
"2817","1734","2024-11-22","push","balance_statement","0"
"2818","1734","2026-02-16","email","balance_statement","0"
"2819","1735","2025-08-20","email","service_alert","1"
"2820","1736","2024-07-16","email","balance_statement","0"
"2821","1737","2023-10-18","push","promo_email","0"
"2822","1738","2022-12-21","email","balance_statement","0"
"2823","1738","2023-10-06","postal","balance_statement","0"
"2824","1738","2024-12-22","postal","promo_email","0"
"2825","1738","2026-06-17","email","balance_statement","0"
"2826","1740","2022-05-22","email","promo_email","0"
"2827","1740","2025-06-16","email","balance_statement","0"
"2828","1741","2024-10-08","email","promo_email","1"
"2829","1743","2020-06-14","push","balance_statement","0"
"2830","1743","2021-07-03","email","promo_email","0"
"2831","1743","2022-12-08","email","balance_statement","0"
"2832","1743","2023-10-25","email","promo_email","0"
"2833","1743","2025-08-01","postal","promo_email","0"
"2834","1744","2025-09-21","email","balance_statement","1"
"2835","1744","2026-04-16","email","promo_email","1"
"2836","1745","2024-02-10","postal","service_alert","0"
"2837","1745","2025-07-17","email","balance_statement","0"
"2838","1745","2026-03-22","email","balance_statement","0"
"2839","1746","2026-03-28","email","promo_email","0"
"2840","1747","2025-08-02","email","service_alert","0"
"2841","1748","2025-06-26","postal","promo_email","0"
"2842","1749","2024-07-16","postal","balance_statement","0"
"2843","1749","2025-02-05","email","balance_statement","0"
"2844","1750","2025-09-17","email","promo_email","0"
"2845","1751","2025-09-01","email","balance_statement","0"
"2846","1751","2026-03-24","email","promo_email","0"
"2847","1752","2025-10-24","email","balance_statement","1"
"2848","1753","2023-09-15","email","service_alert","0"
"2849","1753","2025-01-10","email","service_alert","0"
"2850","1754","2025-06-01","push","promo_email","0"
"2851","1754","2026-01-05","postal","promo_email","0"
"2852","1755","2021-02-28","email","promo_email","0"
"2853","1755","2022-10-18","email","promo_email","0"
"2854","1755","2023-07-26","postal","balance_statement","0"
"2855","1755","2024-09-16","push","balance_statement","0"
"2856","1755","2025-03-12","email","promo_email","0"
"2857","1756","2023-07-23","email","promo_email","0"
"2858","1756","2025-12-08","email","service_alert","0"
"2859","1758","2024-11-10","email","balance_statement","0"
"2860","1758","2025-04-24","push","balance_statement","0"
"2861","1759","2026-06-03","postal","balance_statement","0"
"2862","1760","2026-04-08","push","balance_statement","0"
"2863","1762","2022-04-01","email","promo_email","0"
"2864","1762","2023-08-18","email","balance_statement","0"
"2865","1762","2026-01-13","postal","promo_email","0"
"2866","1763","2024-05-01","email","balance_statement","0"
"2867","1763","2025-09-21","email","balance_statement","0"
"2868","1763","2026-03-07","email","promo_email","0"
"2869","1764","2025-05-01","push","service_alert","0"
"2870","1764","2026-05-12","postal","service_alert","0"
"2871","1766","2023-06-19","email","promo_email","1"
"2872","1766","2026-01-21","email","balance_statement","1"
"2873","1767","2024-05-15","email","service_alert","0"
"2874","1769","2021-01-08","email","balance_statement","1"
"2875","1769","2024-12-25","postal","promo_email","1"
"2876","1769","2025-07-27","email","balance_statement","1"
"2877","1769","2026-06-14","email","promo_email","1"
"2878","1770","2024-08-12","email","balance_statement","0"
"2879","1770","2025-05-06","email","balance_statement","0"
"2880","1771","2025-10-23","postal","balance_statement","0"
"2881","1771","2026-06-13","push","balance_statement","1"
"2882","1773","2021-08-10","push","balance_statement","0"
"2883","1773","2022-08-18","push","promo_email","0"
"2884","1773","2024-12-07","push","promo_email","0"
"2885","1773","2025-07-25","email","service_alert","0"
"2886","1773","2026-06-11","email","balance_statement","0"
"2887","1777","2026-02-27","postal","promo_email","1"
"2888","1778","2024-06-07","push","promo_email","1"
"2889","1778","2025-06-08","email","promo_email","1"
"2890","1780","2025-09-25","postal","promo_email","0"
"2891","1781","2023-11-27","email","promo_email","0"
"2892","1782","2025-01-10","postal","promo_email","0"
"2893","1782","2026-06-14","email","balance_statement","0"
"2894","1783","2025-05-07","postal","balance_statement","0"
"2895","1784","2024-12-22","email","balance_statement","0"
"2896","1786","2025-10-18","email","promo_email","0"
"2897","1787","2025-11-27","postal","balance_statement","0"
"2898","1787","2026-05-22","postal","service_alert","0"
"2899","1789","2025-09-02","push","promo_email","0"
"2900","1792","2025-04-07","email","promo_email","0"
"2901","1793","2021-09-25","email","balance_statement","1"
"2902","1793","2024-04-15","push","promo_email","0"
"2903","1793","2025-06-24","email","balance_statement","0"
"2904","1795","2021-06-03","email","promo_email","0"
"2905","1795","2023-04-21","email","promo_email","1"
"2906","1795","2024-12-08","email","balance_statement","0"
"2907","1796","2025-02-22","email","service_alert","0"
"2908","1797","2024-05-11","email","service_alert","0"
"2909","1797","2025-09-16","email","service_alert","0"
"2910","1798","2024-07-28","email","balance_statement","0"
"2911","1800","2022-05-19","email","service_alert","0"
"2912","1800","2024-06-05","push","promo_email","0"
"2913","1800","2025-04-27","email","promo_email","0"
"2914","1802","2026-06-03","email","promo_email","1"
"2915","1803","2020-08-02","email","promo_email","0"
"2916","1803","2021-01-17","email","promo_email","0"
"2917","1803","2022-02-20","push","service_alert","0"
"2918","1803","2023-11-27","email","promo_email","0"
"2919","1803","2024-02-14","email","balance_statement","0"
"2920","1803","2025-07-26","email","balance_statement","0"
"2921","1803","2026-01-01","email","promo_email","0"
"2922","1804","2026-01-11","email","promo_email","0"
"2923","1807","2025-05-13","email","service_alert","0"
"2924","1808","2023-01-22","email","promo_email","0"
"2925","1808","2024-01-24","push","service_alert","0"
"2926","1808","2025-10-27","email","balance_statement","0"
"2927","1811","2021-09-13","postal","promo_email","0"
"2928","1811","2023-10-23","email","promo_email","0"
"2929","1811","2025-04-07","email","promo_email","0"
"2930","1812","2024-07-07","email","service_alert","0"
"2931","1812","2025-09-09","postal","balance_statement","0"
"2932","1813","2023-12-07","email","promo_email","0"
"2933","1813","2024-08-27","email","promo_email","0"
"2934","1814","2024-05-22","email","balance_statement","0"
"2935","1814","2025-02-24","postal","service_alert","0"
"2936","1815","2025-12-06","email","promo_email","0"
"2937","1816","2024-11-16","push","service_alert","0"
"2938","1816","2025-11-15","email","balance_statement","0"
"2939","1816","2026-03-08","email","service_alert","0"
"2940","1820","2025-01-12","postal","balance_statement","0"
"2941","1820","2026-05-12","email","promo_email","1"
"2942","1821","2021-12-23","push","balance_statement","0"
"2943","1822","2025-09-17","email","balance_statement","0"
"2944","1824","2024-10-14","push","service_alert","0"
"2945","1825","2025-09-09","email","promo_email","0"
"2946","1825","2026-03-22","email","promo_email","1"
"2947","1826","2026-06-06","email","balance_statement","0"
"2948","1827","2026-01-02","email","balance_statement","0"
"2949","1828","2025-06-15","push","balance_statement","0"
"2950","1832","2024-08-04","postal","service_alert","0"
"2951","1832","2025-08-28","postal","balance_statement","0"
"2952","1833","2022-07-09","email","promo_email","1"
"2953","1833","2023-02-15","email","balance_statement","1"
"2954","1836","2019-11-09","email","balance_statement","0"
"2955","1836","2020-06-03","email","service_alert","0"
"2956","1836","2021-03-21","postal","balance_statement","0"
"2957","1836","2024-11-14","email","balance_statement","0"
"2958","1836","2025-03-07","email","balance_statement","0"
"2959","1837","2025-03-20","email","balance_statement","1"
"2960","1838","2023-06-20","push","promo_email","0"
"2961","1839","2022-11-01","email","balance_statement","1"
"2962","1839","2023-10-12","email","balance_statement","0"
"2963","1840","2024-06-12","push","promo_email","0"
"2964","1841","2023-07-14","email","balance_statement","0"
"2965","1841","2025-02-08","email","balance_statement","0"
"2966","1841","2026-04-15","postal","promo_email","1"
"2967","1842","2026-02-04","push","promo_email","0"
"2968","1843","2023-06-06","push","promo_email","1"
"2969","1843","2024-12-12","push","promo_email","0"
"2970","1843","2025-08-06","email","service_alert","0"
"2971","1843","2026-06-27","email","balance_statement","0"
"2972","1844","2025-05-14","postal","balance_statement","0"
"2973","1845","2023-01-28","email","promo_email","0"
"2974","1845","2024-03-05","email","promo_email","0"
"2975","1845","2025-11-19","push","promo_email","0"
"2976","1845","2026-04-18","email","service_alert","0"
"2977","1847","2026-06-08","email","balance_statement","0"
"2978","1849","2022-05-11","email","promo_email","0"
"2979","1849","2024-07-21","email","balance_statement","0"
"2980","1849","2026-02-11","email","balance_statement","0"
"2981","1853","2023-02-14","email","balance_statement","0"
"2982","1853","2024-02-07","push","service_alert","0"
"2983","1853","2025-05-26","postal","service_alert","0"
"2984","1854","2021-01-17","email","service_alert","0"
"2985","1854","2023-10-18","email","service_alert","0"
"2986","1854","2024-10-07","postal","promo_email","0"
"2987","1854","2025-05-15","email","promo_email","0"
"2988","1855","2024-06-01","email","balance_statement","0"
"2989","1855","2025-04-02","postal","service_alert","0"
"2990","1856","2024-02-21","postal","balance_statement","0"
"2991","1856","2025-06-24","email","promo_email","0"
"2992","1857","2024-07-21","push","service_alert","0"
"2993","1857","2026-04-16","postal","balance_statement","0"
"2994","1859","2022-08-22","postal","promo_email","0"
"2995","1859","2024-08-14","email","service_alert","0"
"2996","1859","2025-07-10","email","balance_statement","0"
"2997","1860","2025-10-13","push","balance_statement","0"
"2998","1862","2022-06-01","postal","balance_statement","0"
"2999","1862","2024-10-10","email","service_alert","1"
"3000","1863","2025-10-14","postal","service_alert","0"
"3001","1867","2024-08-06","email","promo_email","0"
"3002","1867","2026-04-25","email","service_alert","0"
"3003","1868","2021-09-10","email","promo_email","0"
"3004","1868","2023-09-19","email","balance_statement","0"
"3005","1868","2025-03-21","postal","promo_email","0"
"3006","1868","2026-03-23","email","promo_email","0"
"3007","1871","2020-06-25","email","service_alert","0"
"3008","1871","2021-11-17","email","balance_statement","0"
"3009","1871","2023-04-08","email","balance_statement","0"
"3010","1871","2025-02-08","email","balance_statement","0"
"3011","1872","2025-09-20","email","promo_email","0"
"3012","1872","2026-05-12","postal","balance_statement","0"
"3013","1873","2024-08-01","email","promo_email","0"
"3014","1874","2019-11-10","email","balance_statement","0"
"3015","1874","2021-02-09","email","balance_statement","0"
"3016","1874","2022-02-06","email","balance_statement","0"
"3017","1874","2023-07-13","email","balance_statement","0"
"3018","1874","2025-12-26","email","service_alert","0"
"3019","1875","2025-08-22","email","promo_email","0"
"3020","1877","2025-09-17","email","service_alert","0"
"3021","1878","2024-03-14","email","promo_email","0"
"3022","1879","2024-12-25","email","balance_statement","0"
"3023","1879","2025-03-24","push","promo_email","0"
"3024","1880","2023-04-21","postal","service_alert","0"
"3025","1880","2024-05-10","push","promo_email","0"
"3026","1880","2026-03-17","email","balance_statement","0"
"3027","1882","2025-01-22","push","balance_statement","1"
"3028","1883","2022-07-23","postal","balance_statement","0"
"3029","1883","2023-07-10","postal","promo_email","0"
"3030","1883","2025-10-15","email","service_alert","0"
"3031","1885","2026-05-24","email","balance_statement","0"
"3032","1887","2024-06-15","email","promo_email","0"
"3033","1888","2025-03-01","email","balance_statement","0"
"3034","1889","2026-06-03","email","balance_statement","0"
"3035","1891","2024-11-03","email","promo_email","0"
"3036","1892","2024-12-02","postal","balance_statement","0"
"3037","1896","2020-02-20","postal","promo_email","1"
"3038","1896","2022-07-13","push","promo_email","1"
"3039","1896","2023-12-07","email","service_alert","1"
"3040","1896","2024-10-01","push","promo_email","1"
"3041","1896","2025-12-08","postal","service_alert","1"
"3042","1896","2026-06-10","email","promo_email","1"
"3043","1897","2022-12-09","email","balance_statement","0"
"3044","1897","2023-02-02","email","promo_email","0"
"3045","1897","2024-11-18","email","balance_statement","0"
"3046","1897","2025-05-13","email","balance_statement","0"
"3047","1898","2021-03-19","email","promo_email","0"
"3048","1898","2025-10-20","email","balance_statement","0"
"3049","1899","2025-11-05","email","balance_statement","0"
"3050","1902","2024-09-12","postal","service_alert","1"
"3051","1902","2025-04-02","postal","promo_email","1"
"3052","1903","2023-03-05","email","balance_statement","0"
"3053","1903","2024-10-08","email","balance_statement","0"
"3054","1907","2021-10-16","postal","service_alert","0"
"3055","1908","2024-06-19","email","balance_statement","0"
"3056","1909","2023-03-01","postal","promo_email","0"
"3057","1909","2024-07-10","email","promo_email","0"
"3058","1909","2026-04-19","email","promo_email","0"
"3059","1910","2025-09-13","email","balance_statement","1"
"3060","1910","2026-03-20","email","balance_statement","1"
"3061","1911","2024-08-27","email","balance_statement","0"
"3062","1911","2025-01-25","email","promo_email","1"
"3063","1912","2025-08-06","email","promo_email","0"
"3064","1912","2026-06-24","email","promo_email","0"
"3065","1915","2024-12-12","email","service_alert","0"
"3066","1915","2025-04-27","push","service_alert","0"
"3067","1915","2026-03-25","email","balance_statement","0"
"3068","1917","2024-07-04","email","promo_email","1"
"3069","1917","2025-12-13","email","balance_statement","1"
"3070","1918","2023-01-07","email","balance_statement","0"
"3071","1918","2024-07-14","email","balance_statement","0"
"3072","1918","2026-02-03","postal","promo_email","0"
"3073","1919","2021-10-13","email","promo_email","0"
"3074","1919","2022-12-25","email","service_alert","0"
"3075","1919","2024-11-16","email","promo_email","0"
"3076","1919","2026-04-28","email","promo_email","0"
"3077","1920","2023-05-19","postal","service_alert","0"
"3078","1920","2025-04-28","postal","promo_email","0"
"3079","1921","2022-10-17","email","balance_statement","0"
"3080","1921","2024-01-02","email","promo_email","0"
"3081","1921","2025-05-06","email","balance_statement","1"
"3082","1922","2025-09-04","push","service_alert","0"
"3083","1923","2026-02-06","email","promo_email","0"
"3084","1924","2023-02-14","email","promo_email","0"
"3085","1924","2025-08-04","email","balance_statement","0"
"3086","1924","2026-04-22","push","balance_statement","0"
"3087","1925","2023-02-24","email","promo_email","0"
"3088","1925","2024-02-13","push","service_alert","0"
"3089","1925","2025-12-20","email","promo_email","0"
"3090","1927","2026-06-13","email","balance_statement","0"
"3091","1929","2022-12-28","push","balance_statement","0"
"3092","1929","2024-01-21","email","balance_statement","0"
"3093","1929","2025-09-24","postal","balance_statement","0"
"3094","1930","2026-01-16","email","promo_email","1"
"3095","1934","2023-04-25","email","balance_statement","0"
"3096","1934","2024-06-03","email","service_alert","1"
"3097","1934","2025-07-18","email","promo_email","0"
"3098","1934","2026-02-01","postal","promo_email","0"
"3099","1935","2024-12-08","push","service_alert","0"
"3100","1935","2026-05-18","email","promo_email","0"
"3101","1936","2021-03-15","email","promo_email","0"
"3102","1936","2022-06-16","email","balance_statement","0"
"3103","1937","2025-02-17","push","balance_statement","0"
"3104","1938","2022-04-12","email","promo_email","0"
"3105","1938","2023-10-27","postal","service_alert","0"
"3106","1939","2021-07-09","postal","promo_email","0"
"3107","1939","2023-08-21","email","balance_statement","0"
"3108","1939","2025-07-16","email","promo_email","0"
"3109","1942","2020-10-20","email","balance_statement","0"
"3110","1942","2022-11-06","email","balance_statement","0"
"3111","1942","2025-04-22","postal","promo_email","0"
"3112","1943","2022-05-06","email","promo_email","0"
"3113","1944","2025-03-09","email","balance_statement","0"
"3114","1945","2021-10-14","email","balance_statement","0"
"3115","1945","2023-03-05","email","balance_statement","0"
"3116","1945","2024-01-16","email","service_alert","0"
"3117","1945","2025-09-09","email","balance_statement","1"
"3118","1947","2021-02-04","postal","promo_email","0"
"3119","1947","2024-03-11","email","promo_email","0"
"3120","1947","2025-01-16","email","promo_email","0"
"3121","1948","2022-03-18","email","promo_email","0"
"3122","1948","2025-08-25","push","promo_email","0"
"3123","1949","2026-04-08","email","balance_statement","0"
"3124","1950","2025-08-24","email","service_alert","1"
"3125","1950","2026-05-08","push","balance_statement","0"
"3126","1951","2025-05-12","email","promo_email","0"
"3127","1952","2026-05-26","email","promo_email","0"
"3128","1953","2021-10-14","email","promo_email","0"
"3129","1953","2023-07-28","push","balance_statement","0"
"3130","1953","2024-03-04","email","service_alert","1"
"3131","1953","2025-05-23","email","balance_statement","1"
"3132","1954","2025-05-25","email","balance_statement","0"
"3133","1954","2026-06-11","email","balance_statement","0"
"3134","1956","2026-02-06","email","promo_email","0"
"3135","1957","2025-01-16","email","promo_email","0"
"3136","1958","2025-04-01","postal","promo_email","0"
"3137","1959","2019-06-27","email","promo_email","1"
"3138","1959","2020-08-01","postal","promo_email","1"
"3139","1959","2023-08-16","postal","promo_email","1"
"3140","1959","2024-10-02","email","promo_email","1"
"3141","1959","2025-05-22","push","promo_email","1"
"3142","1960","2025-04-22","email","service_alert","0"
"3143","1962","2021-11-03","email","promo_email","0"
"3144","1962","2022-04-07","push","promo_email","0"
"3145","1962","2023-05-10","email","service_alert","0"
"3146","1962","2024-11-23","push","balance_statement","0"
"3147","1962","2025-09-22","push","service_alert","0"
"3148","1963","2023-11-03","email","promo_email","0"
"3149","1963","2025-01-03","email","promo_email","0"
"3150","1964","2025-07-21","postal","balance_statement","0"
"3151","1965","2023-04-06","email","promo_email","0"
"3152","1965","2024-03-11","email","balance_statement","0"
"3153","1965","2025-12-10","push","service_alert","0"
"3154","1965","2026-02-04","email","balance_statement","0"
"3155","1966","2023-07-07","postal","balance_statement","0"
"3156","1966","2025-10-15","email","balance_statement","0"
"3157","1966","2026-02-25","email","balance_statement","0"
"3158","1968","2025-09-04","push","balance_statement","1"
"3159","1968","2026-06-22","email","promo_email","1"
"3160","1971","2024-10-09","push","balance_statement","0"
"3161","1971","2025-05-03","postal","promo_email","0"
"3162","1973","2020-06-23","postal","promo_email","0"
"3163","1973","2021-05-06","email","balance_statement","0"
"3164","1973","2023-08-14","push","balance_statement","0"
"3165","1973","2024-02-12","email","promo_email","0"
"3166","1973","2025-12-18","postal","promo_email","0"
"3167","1974","2024-12-28","email","promo_email","0"
"3168","1974","2025-08-14","email","promo_email","0"
"3169","1974","2026-03-22","email","balance_statement","0"
"3170","1975","2025-03-27","push","balance_statement","0"
"3171","1977","2021-04-04","email","balance_statement","0"
"3172","1977","2022-04-10","email","balance_statement","0"
"3173","1977","2023-01-17","email","promo_email","0"
"3174","1977","2024-04-23","email","balance_statement","0"
"3175","1977","2025-11-08","postal","balance_statement","0"
"3176","1977","2026-02-26","postal","promo_email","0"
"3177","1980","2023-08-06","email","promo_email","0"
"3178","1980","2025-05-11","email","promo_email","0"
"3179","1981","2023-07-22","postal","balance_statement","0"
"3180","1982","2022-09-11","postal","balance_statement","0"
"3181","1982","2024-08-26","postal","balance_statement","0"
"3182","1983","2023-08-15","push","promo_email","0"
"3183","1983","2025-03-17","email","balance_statement","1"
"3184","1984","2023-06-01","email","balance_statement","0"
"3185","1984","2025-05-12","push","balance_statement","0"
"3186","1984","2026-05-27","postal","promo_email","0"
"3187","1985","2021-10-02","email","balance_statement","1"
"3188","1985","2022-02-22","postal","balance_statement","1"
"3189","1985","2024-03-03","email","promo_email","1"
"3190","1985","2025-03-28","push","balance_statement","1"
"3191","1985","2026-03-28","push","promo_email","1"
"3192","1987","2022-11-05","email","balance_statement","0"
"3193","1987","2024-12-16","email","balance_statement","0"
"3194","1989","2021-01-02","postal","balance_statement","0"
"3195","1989","2023-06-05","push","balance_statement","1"
"3196","1989","2024-06-23","email","balance_statement","0"
"3197","1989","2025-05-11","email","balance_statement","0"
"3198","1989","2026-03-10","email","promo_email","0"
"3199","1990","2026-05-28","email","balance_statement","0"
"3200","1991","2024-03-19","email","promo_email","0"
"3201","1992","2021-06-17","email","promo_email","1"
"3202","1992","2023-04-14","email","service_alert","0"
"3203","1992","2024-11-16","email","promo_email","0"
"3204","1992","2025-06-15","push","promo_email","0"
"3205","1992","2026-03-01","push","balance_statement","0"
"3206","1995","2025-09-22","email","balance_statement","0"
"3207","1995","2026-03-21","email","promo_email","0"
"3208","1996","2021-09-20","postal","balance_statement","0"
"3209","1996","2022-07-02","push","promo_email","0"
"3210","1996","2024-10-07","push","promo_email","0"
"3211","1996","2025-04-11","email","service_alert","0"
"3212","1999","2025-02-03","postal","balance_statement","0"
"3213","1999","2026-03-22","email","balance_statement","0"
"3214","2001","2023-04-06","email","promo_email","1"
"3215","2001","2024-07-23","push","promo_email","0"
"3216","2001","2026-04-09","push","promo_email","0"
"3217","2002","2025-02-20","postal","balance_statement","1"
"3218","2003","2024-07-28","push","promo_email","0"
"3219","2003","2025-12-19","push","promo_email","0"
"3220","2003","2026-05-20","email","balance_statement","0"
"3221","2004","2025-08-20","push","promo_email","0"
"3222","2007","2022-06-10","postal","balance_statement","0"
"3223","2007","2025-10-18","email","balance_statement","0"
"3224","2008","2024-07-23","email","service_alert","0"
"3225","2009","2024-10-15","push","balance_statement","0"
"3226","2009","2025-08-05","postal","promo_email","0"
"3227","2010","2025-10-16","email","promo_email","0"
"3228","2011","2024-11-02","email","balance_statement","0"
"3229","2011","2025-11-22","email","service_alert","0"
"3230","2012","2024-12-06","email","promo_email","0"
"3231","2013","2025-09-25","postal","promo_email","0"
"3232","2014","2024-12-12","email","promo_email","0"
"3233","2014","2026-05-21","email","balance_statement","0"
"3234","2015","2023-08-15","push","promo_email","0"
"3235","2015","2024-04-12","email","service_alert","0"
"3236","2016","2023-07-23","email","promo_email","0"
"3237","2016","2024-07-11","push","balance_statement","0"
"3238","2016","2025-06-05","push","balance_statement","0"
"3239","2016","2026-05-26","postal","balance_statement","0"
"3240","2017","2020-08-19","email","balance_statement","0"
"3241","2017","2021-07-15","postal","promo_email","0"
"3242","2017","2022-05-05","email","balance_statement","0"
"3243","2017","2023-12-18","email","balance_statement","1"
"3244","2017","2024-04-18","email","promo_email","0"
"3245","2017","2025-05-20","push","promo_email","0"
"3246","2018","2022-12-04","email","promo_email","0"
"3247","2018","2023-12-10","push","promo_email","0"
"3248","2018","2024-03-14","email","service_alert","0"
"3249","2018","2025-08-05","push","balance_statement","0"
"3250","2019","2021-10-28","email","balance_statement","0"
"3251","2019","2025-01-23","postal","balance_statement","0"
"3252","2020","2023-01-13","postal","promo_email","0"
"3253","2020","2024-05-24","email","promo_email","0"
"3254","2023","2024-06-08","email","service_alert","0"
"3255","2023","2025-11-11","postal","balance_statement","0"
"3256","2024","2021-05-07","postal","service_alert","0"
"3257","2024","2022-03-16","email","balance_statement","0"
"3258","2024","2023-04-14","push","balance_statement","0"
"3259","2024","2024-10-23","push","promo_email","1"
"3260","2024","2026-05-27","email","balance_statement","0"
"3261","2027","2024-11-08","email","promo_email","0"
"3262","2027","2026-03-16","email","service_alert","0"
"3263","2028","2025-12-25","email","promo_email","0"
"3264","2029","2025-09-08","email","promo_email","0"
"3265","2030","2022-11-27","postal","balance_statement","0"
"3266","2030","2023-04-06","postal","balance_statement","0"
"3267","2030","2025-04-23","push","promo_email","0"
"3268","2030","2026-05-02","email","balance_statement","0"
"3269","2032","2025-02-01","email","promo_email","0"
"3270","2032","2026-01-26","email","balance_statement","0"
"3271","2034","2020-06-15","push","service_alert","0"
"3272","2034","2022-09-04","email","promo_email","0"
"3273","2034","2024-08-27","email","balance_statement","0"
"3274","2035","2023-12-10","push","promo_email","0"
"3275","2035","2024-07-01","email","promo_email","0"
"3276","2035","2025-12-09","postal","balance_statement","0"
"3277","2036","2024-02-16","email","balance_statement","0"
"3278","2036","2025-09-06","email","promo_email","0"
"3279","2037","2023-05-26","push","balance_statement","0"
"3280","2039","2021-08-21","postal","service_alert","0"
"3281","2039","2022-12-07","email","balance_statement","0"
"3282","2039","2024-04-22","postal","promo_email","0"
"3283","2039","2025-08-06","email","balance_statement","0"
"3284","2040","2025-01-24","push","balance_statement","0"
"3285","2040","2026-04-07","email","balance_statement","0"
"3286","2041","2024-02-11","postal","promo_email","0"
"3287","2041","2025-05-05","email","service_alert","0"
"3288","2043","2025-11-04","email","balance_statement","0"
"3289","2044","2024-09-23","email","balance_statement","0"
"3290","2045","2025-03-03","email","service_alert","0"
"3291","2046","2022-11-15","email","balance_statement","0"
"3292","2047","2021-12-28","email","service_alert","0"
"3293","2047","2022-02-05","push","balance_statement","0"
"3294","2047","2024-08-08","push","balance_statement","0"
"3295","2047","2025-07-15","email","promo_email","0"
"3296","2048","2021-03-11","postal","balance_statement","0"
"3297","2048","2023-06-21","email","balance_statement","0"
"3298","2048","2025-12-21","email","service_alert","0"
"3299","2049","2024-12-06","email","balance_statement","0"
"3300","2049","2025-10-28","email","service_alert","0"
"3301","2051","2026-05-05","email","service_alert","0"
"3302","2052","2025-02-20","email","promo_email","0"
"3303","2054","2023-10-22","email","service_alert","0"
"3304","2054","2025-12-27","email","promo_email","0"
"3305","2055","2024-08-05","postal","balance_statement","0"
"3306","2055","2026-06-21","email","balance_statement","0"
"3307","2056","2020-08-10","email","promo_email","0"
"3308","2056","2022-12-13","postal","balance_statement","0"
"3309","2056","2024-01-15","postal","promo_email","0"
"3310","2056","2025-01-21","push","balance_statement","0"
"3311","2057","2025-03-14","email","balance_statement","0"
"3312","2057","2026-02-20","email","balance_statement","1"
"3313","2061","2023-05-10","email","balance_statement","0"
"3314","2061","2024-03-09","postal","balance_statement","0"
"3315","2061","2025-03-26","email","balance_statement","0"
"3316","2062","2023-09-13","postal","service_alert","0"
"3317","2062","2024-09-07","push","balance_statement","0"
"3318","2066","2025-11-22","email","promo_email","1"
"3319","2067","2024-10-20","postal","balance_statement","0"
"3320","2067","2025-06-22","email","service_alert","0"
"3321","2067","2026-03-20","email","promo_email","0"
"3322","2068","2022-05-11","email","service_alert","1"
"3323","2068","2023-03-25","postal","balance_statement","1"
"3324","2069","2024-02-07","email","service_alert","0"
"3325","2070","2025-10-22","postal","service_alert","0"
"3326","2071","2023-09-19","email","promo_email","0"
"3327","2071","2025-06-06","email","promo_email","0"
"3328","2072","2026-03-11","push","balance_statement","0"
"3329","2073","2019-08-08","postal","balance_statement","0"
"3330","2073","2021-04-23","push","promo_email","0"
"3331","2073","2022-07-02","postal","promo_email","0"
"3332","2073","2023-10-25","postal","balance_statement","0"
"3333","2073","2025-10-11","email","balance_statement","0"
"3334","2073","2026-05-19","postal","balance_statement","0"
"3335","2074","2025-11-17","email","balance_statement","0"
"3336","2075","2021-02-08","postal","balance_statement","0"
"3337","2075","2022-07-03","push","balance_statement","0"
"3338","2075","2026-05-09","postal","promo_email","0"
"3339","2076","2023-10-20","email","balance_statement","1"
"3340","2076","2024-02-23","push","service_alert","0"
"3341","2077","2022-01-06","push","balance_statement","0"
"3342","2077","2023-05-13","postal","promo_email","0"
"3343","2079","2023-07-17","push","balance_statement","0"
"3344","2079","2024-04-22","email","promo_email","0"
"3345","2079","2025-08-22","email","promo_email","0"
"3346","2080","2025-05-25","email","balance_statement","1"
"3347","2081","2023-08-17","email","service_alert","0"
"3348","2081","2024-03-03","postal","balance_statement","0"
"3349","2081","2025-12-21","email","balance_statement","0"
"3350","2082","2025-10-10","push","promo_email","0"
"3351","2083","2024-02-16","email","balance_statement","0"
"3352","2083","2025-02-20","push","balance_statement","0"
"3353","2084","2022-10-02","postal","balance_statement","0"
"3354","2084","2023-10-02","email","service_alert","0"
"3355","2085","2025-08-28","push","balance_statement","0"
"3356","2085","2026-02-27","email","balance_statement","0"
"3357","2087","2024-04-08","email","balance_statement","1"
"3358","2087","2025-03-23","postal","service_alert","0"
"3359","2089","2023-12-19","push","balance_statement","0"
"3360","2090","2026-02-19","email","promo_email","0"
"3361","2091","2025-12-11","email","balance_statement","0"
"3362","2092","2025-07-17","email","balance_statement","0"
"3363","2093","2021-07-28","postal","balance_statement","0"
"3364","2093","2022-04-27","email","balance_statement","0"
"3365","2093","2023-03-09","email","balance_statement","0"
"3366","2093","2025-09-27","email","promo_email","0"
"3367","2095","2025-08-03","postal","balance_statement","0"
"3368","2097","2026-03-24","email","balance_statement","0"
"3369","2098","2025-03-17","email","promo_email","0"
"3370","2099","2024-08-19","email","service_alert","0"
"3371","2099","2025-08-15","email","service_alert","0"
"3372","2100","2025-11-05","email","promo_email","0"
"3373","2101","2023-10-03","email","service_alert","0"
"3374","2101","2024-01-05","email","balance_statement","0"
"3375","2101","2025-04-06","email","promo_email","0"
"3376","2102","2025-08-14","email","promo_email","0"
"3377","2103","2020-06-20","email","promo_email","0"
"3378","2103","2021-12-26","push","balance_statement","0"
"3379","2103","2023-01-18","email","promo_email","0"
"3380","2103","2025-07-08","email","balance_statement","0"
"3381","2104","2023-08-11","postal","promo_email","0"
"3382","2104","2024-07-25","email","service_alert","0"
"3383","2104","2025-07-21","email","balance_statement","0"
"3384","2105","2025-06-22","postal","service_alert","0"
"3385","2105","2026-04-20","postal","promo_email","0"
"3386","2106","2025-02-23","email","service_alert","0"
"3387","2107","2025-07-20","push","promo_email","0"
"3388","2110","2021-09-27","postal","promo_email","0"
"3389","2110","2024-11-28","email","balance_statement","0"
"3390","2110","2025-12-22","email","balance_statement","0"
"3391","2110","2026-05-14","email","promo_email","0"
"3392","2112","2021-08-26","email","balance_statement","0"
"3393","2112","2024-01-05","push","promo_email","0"
"3394","2112","2025-08-05","email","promo_email","0"
"3395","2113","2023-04-02","email","balance_statement","0"
"3396","2114","2024-08-17","push","balance_statement","0"
"3397","2115","2021-12-16","email","balance_statement","1"
"3398","2115","2022-05-15","email","service_alert","0"
"3399","2115","2023-03-05","email","promo_email","0"
"3400","2115","2024-05-16","postal","balance_statement","0"
"3401","2115","2026-01-07","email","balance_statement","0"
"3402","2116","2025-12-03","email","balance_statement","0"
"3403","2116","2026-04-07","email","balance_statement","0"
"3404","2117","2026-03-09","postal","balance_statement","0"
"3405","2118","2021-11-09","email","balance_statement","0"
"3406","2118","2022-07-20","email","promo_email","0"
"3407","2118","2024-05-03","push","promo_email","0"
"3408","2118","2026-01-11","email","promo_email","0"
"3409","2119","2023-02-23","email","balance_statement","0"
"3410","2119","2024-05-21","email","balance_statement","0"
"3411","2119","2025-03-07","email","balance_statement","0"
"3412","2119","2026-03-14","email","balance_statement","0"
"3413","2121","2023-11-15","email","promo_email","0"
"3414","2121","2024-12-15","postal","balance_statement","0"
"3415","2121","2025-08-05","email","service_alert","0"
"3416","2122","2022-12-03","email","balance_statement","0"
"3417","2122","2023-07-23","postal","balance_statement","0"
"3418","2122","2025-11-05","email","promo_email","0"
"3419","2123","2026-02-18","email","balance_statement","0"
"3420","2124","2023-08-28","postal","balance_statement","0"
"3421","2124","2024-07-12","email","service_alert","0"
"3422","2126","2025-11-10","email","promo_email","0"
"3423","2126","2026-03-04","email","balance_statement","0"
"3424","2127","2025-03-15","email","balance_statement","0"
"3425","2129","2024-06-17","push","balance_statement","0"
"3426","2129","2025-11-04","email","service_alert","0"
"3427","2131","2025-09-20","email","promo_email","0"
"3428","2132","2021-08-15","email","service_alert","0"
"3429","2132","2022-05-03","email","balance_statement","0"
"3430","2132","2023-10-27","email","balance_statement","0"
"3431","2132","2024-02-18","email","promo_email","0"
"3432","2132","2025-02-23","push","balance_statement","0"
"3433","2132","2026-02-17","email","balance_statement","0"
"3434","2133","2026-02-22","push","balance_statement","0"
"3435","2134","2022-12-28","email","balance_statement","0"
"3436","2134","2024-05-14","email","promo_email","1"
"3437","2134","2025-11-04","email","balance_statement","0"
"3438","2135","2024-10-19","email","service_alert","0"
"3439","2136","2026-05-12","postal","balance_statement","0"
"3440","2137","2024-06-20","push","balance_statement","0"
"3441","2137","2025-08-08","email","balance_statement","0"
"3442","2138","2021-07-28","postal","balance_statement","0"
"3443","2138","2022-07-16","email","service_alert","0"
"3444","2138","2024-12-02","email","promo_email","0"
"3445","2138","2025-10-28","email","balance_statement","0"
"3446","2140","2024-10-20","push","promo_email","0"
"3447","2140","2025-08-13","email","balance_statement","0"
"3448","2141","2025-10-09","email","balance_statement","0"
"3449","2141","2026-01-27","email","balance_statement","0"
"3450","2142","2021-08-03","email","promo_email","0"
"3451","2142","2024-02-04","email","promo_email","0"
"3452","2144","2025-10-13","email","balance_statement","0"
"3453","2146","2022-04-15","push","balance_statement","0"
"3454","2146","2023-05-11","postal","promo_email","0"
"3455","2146","2024-08-25","email","promo_email","0"
"3456","2147","2024-12-16","push","balance_statement","0"
"3457","2147","2026-03-24","postal","promo_email","0"
"3458","2148","2025-11-07","email","balance_statement","0"
"3459","2148","2026-03-16","email","balance_statement","0"
"3460","2149","2023-05-08","postal","promo_email","0"
"3461","2149","2024-12-20","email","promo_email","0"
"3462","2149","2025-01-11","email","promo_email","1"
"3463","2151","2025-11-28","email","service_alert","0"
"3464","2152","2023-11-23","email","balance_statement","0"
"3465","2152","2024-12-01","email","balance_statement","0"
"3466","2153","2023-02-07","postal","service_alert","0"
"3467","2153","2025-03-13","push","promo_email","0"
"3468","2154","2025-07-12","push","promo_email","0"
"3469","2155","2024-06-18","email","promo_email","0"
"3470","2155","2025-06-14","push","promo_email","0"
"3471","2158","2025-02-19","postal","balance_statement","1"
"3472","2158","2026-04-20","email","promo_email","0"
"3473","2159","2023-04-23","email","promo_email","0"
"3474","2159","2024-09-03","email","balance_statement","0"
"3475","2160","2023-12-22","email","balance_statement","0"
"3476","2160","2024-11-08","email","promo_email","0"
"3477","2160","2025-11-06","email","balance_statement","0"
"3478","2161","2025-01-27","push","promo_email","0"
"3479","2162","2024-10-17","postal","balance_statement","0"
"3480","2162","2025-10-10","postal","balance_statement","0"
"3481","2162","2026-04-02","email","promo_email","0"
"3482","2164","2023-12-15","email","service_alert","0"
"3483","2165","2025-07-17","push","promo_email","0"
"3484","2166","2021-10-23","push","promo_email","0"
"3485","2166","2024-06-15","email","balance_statement","0"
"3486","2167","2024-08-10","push","balance_statement","0"
"3487","2167","2025-07-14","push","promo_email","0"
"3488","2167","2026-04-15","email","balance_statement","0"
"3489","2168","2022-06-24","email","balance_statement","0"
"3490","2169","2023-07-10","email","balance_statement","0"
"3491","2169","2024-03-24","email","balance_statement","0"
"3492","2169","2025-08-11","push","promo_email","0"
"3493","2170","2024-03-26","postal","balance_statement","0"
"3494","2172","2022-12-05","email","service_alert","0"
"3495","2172","2024-12-18","postal","promo_email","0"
"3496","2172","2025-05-05","push","balance_statement","1"
"3497","2176","2023-09-03","push","promo_email","0"
"3498","2176","2024-09-24","push","balance_statement","0"
"3499","2176","2025-02-20","push","promo_email","0"
"3500","2178","2023-11-04","postal","service_alert","0"
"3501","2178","2024-09-09","email","balance_statement","0"
"3502","2178","2026-02-14","email","service_alert","0"
"3503","2179","2022-03-17","email","balance_statement","0"
"3504","2179","2024-08-14","email","promo_email","0"
"3505","2180","2025-09-09","postal","balance_statement","0"
"3506","2180","2026-05-27","email","balance_statement","0"
"3507","2181","2021-11-08","email","promo_email","1"
"3508","2181","2022-07-12","email","balance_statement","1"
"3509","2181","2023-03-21","email","balance_statement","1"
"3510","2181","2024-06-17","email","balance_statement","1"
"3511","2181","2025-08-16","postal","promo_email","1"
"3512","2181","2026-05-05","email","service_alert","1"
"3513","2182","2025-03-20","postal","promo_email","0"
"3514","2183","2026-04-28","email","balance_statement","0"
"3515","2185","2026-02-25","postal","balance_statement","0"
"3516","2187","2022-03-07","email","balance_statement","0"
"3517","2187","2023-05-11","push","balance_statement","0"
"3518","2187","2024-09-10","email","service_alert","0"
"3519","2187","2025-05-04","email","promo_email","0"
"3520","2187","2026-05-20","postal","service_alert","0"
"3521","2188","2026-06-07","postal","service_alert","0"
"3522","2189","2022-08-10","push","service_alert","0"
"3523","2189","2025-05-12","push","promo_email","0"
"3524","2192","2024-02-08","email","promo_email","0"
"3525","2193","2025-05-07","email","balance_statement","0"
"3526","2194","2026-03-17","email","balance_statement","0"
"3527","2195","2021-03-22","email","balance_statement","1"
"3528","2195","2022-09-06","email","balance_statement","0"
"3529","2195","2024-08-02","email","balance_statement","0"
"3530","2196","2022-11-22","email","promo_email","0"
"3531","2196","2023-09-26","postal","balance_statement","0"
"3532","2196","2025-02-18","email","promo_email","0"
"3533","2196","2026-02-22","email","promo_email","0"
"3534","2197","2024-04-13","postal","balance_statement","0"
"3535","2198","2025-03-22","email","promo_email","0"
"3536","2199","2023-05-21","email","balance_statement","0"
"3537","2199","2024-08-14","postal","balance_statement","0"
"3538","2199","2025-01-21","email","balance_statement","0"
"3539","2200","2024-12-08","postal","balance_statement","0"
"3540","2200","2025-08-03","postal","balance_statement","0"
"3541","2201","2021-02-28","email","promo_email","0"
"3542","2201","2022-12-19","email","service_alert","0"
"3543","2201","2023-04-19","email","service_alert","0"
"3544","2202","2024-05-05","email","promo_email","0"
"3545","2203","2020-08-20","email","balance_statement","0"
"3546","2203","2021-05-27","email","promo_email","0"
"3547","2203","2022-05-08","push","balance_statement","0"
"3548","2203","2024-07-20","email","promo_email","1"
"3549","2203","2025-12-02","email","balance_statement","0"
"3550","2203","2026-01-08","email","promo_email","0"
"3551","2204","2024-03-06","email","promo_email","0"
"3552","2204","2025-05-21","postal","balance_statement","0"
"3553","2205","2022-09-15","push","promo_email","0"
"3554","2205","2023-05-21","email","balance_statement","0"
"3555","2205","2024-05-02","email","promo_email","0"
"3556","2206","2021-04-06","postal","balance_statement","0"
"3557","2206","2022-05-12","email","balance_statement","0"
"3558","2206","2023-03-20","email","balance_statement","0"
"3559","2206","2025-02-21","email","promo_email","1"
"3560","2206","2026-05-27","email","balance_statement","1"
"3561","2207","2022-01-09","email","balance_statement","0"
"3562","2207","2023-07-10","postal","balance_statement","0"
"3563","2207","2024-04-22","email","balance_statement","0"
"3564","2207","2025-10-17","postal","promo_email","0"
"3565","2208","2021-03-06","email","service_alert","0"
"3566","2208","2022-01-26","postal","service_alert","0"
"3567","2208","2023-11-12","email","service_alert","0"
"3568","2208","2025-08-24","postal","service_alert","0"
"3569","2208","2026-03-18","email","promo_email","0"
"3570","2210","2025-07-19","postal","promo_email","0"
"3571","2212","2026-05-04","email","balance_statement","0"
"3572","2213","2024-06-22","push","balance_statement","0"
"3573","2214","2024-07-17","postal","promo_email","1"
"3574","2214","2025-05-22","email","promo_email","0"
"3575","2215","2024-03-16","email","balance_statement","0"
"3576","2216","2024-12-08","email","promo_email","0"
"3577","2216","2025-05-03","email","balance_statement","1"
"3578","2217","2022-08-04","postal","balance_statement","0"
"3579","2217","2024-09-11","postal","promo_email","0"
"3580","2218","2026-03-13","email","promo_email","0"
"3581","2219","2022-09-02","email","promo_email","0"
"3582","2219","2023-11-22","email","balance_statement","0"
"3583","2219","2024-09-08","email","promo_email","0"
"3584","2221","2021-07-19","postal","promo_email","0"
"3585","2221","2022-07-18","email","promo_email","0"
"3586","2221","2023-03-02","email","balance_statement","0"
"3587","2223","2020-08-26","push","promo_email","1"
"3588","2223","2021-11-04","email","promo_email","0"
"3589","2223","2025-06-15","email","promo_email","0"
"3590","2224","2022-02-22","push","balance_statement","0"
"3591","2224","2023-10-11","email","promo_email","0"
"3592","2224","2024-04-01","postal","service_alert","0"
"3593","2224","2025-12-24","push","balance_statement","0"
"3594","2225","2025-06-22","email","promo_email","0"
"3595","2226","2021-05-25","email","balance_statement","0"
"3596","2226","2022-03-13","email","balance_statement","0"
"3597","2226","2024-06-20","postal","promo_email","0"
"3598","2226","2026-03-20","postal","balance_statement","0"
"3599","2227","2021-10-12","email","balance_statement","0"
"3600","2227","2022-01-12","email","service_alert","0"
"3601","2227","2023-01-28","email","balance_statement","0"
"3602","2227","2026-05-24","postal","balance_statement","0"
"3603","2228","2023-01-20","postal","promo_email","0"
"3604","2228","2024-11-07","email","balance_statement","0"
"3605","2229","2022-10-25","push","balance_statement","1"
"3606","2229","2023-06-11","email","service_alert","0"
"3607","2229","2024-02-03","email","promo_email","0"
"3608","2230","2025-06-16","push","balance_statement","1"
"3609","2231","2023-04-24","postal","balance_statement","0"
"3610","2231","2024-12-09","email","balance_statement","0"
"3611","2231","2026-04-16","email","promo_email","0"
"3612","2232","2026-04-01","postal","promo_email","0"
"3613","2233","2023-12-26","postal","balance_statement","0"
"3614","2234","2025-06-06","email","promo_email","0"
"3615","2235","2025-08-06","push","service_alert","0"
"3616","2236","2022-05-06","email","balance_statement","0"
"3617","2236","2023-08-12","email","service_alert","0"
"3618","2237","2021-09-20","postal","promo_email","0"
"3619","2237","2022-03-07","push","balance_statement","0"
"3620","2237","2023-12-15","push","balance_statement","0"
"3621","2237","2024-05-01","email","promo_email","0"
"3622","2237","2025-08-08","postal","balance_statement","0"
"3623","2239","2023-12-08","email","balance_statement","0"
"3624","2239","2024-12-21","postal","balance_statement","0"
"3625","2240","2023-10-22","postal","service_alert","0"
"3626","2240","2024-04-11","email","service_alert","0"
"3627","2240","2025-06-20","email","balance_statement","0"
"3628","2243","2026-05-24","email","balance_statement","0"
"3629","2244","2022-04-17","email","service_alert","0"
"3630","2244","2023-12-27","push","balance_statement","0"
"3631","2246","2023-08-20","email","service_alert","0"
"3632","2247","2021-07-02","email","balance_statement","0"
"3633","2247","2023-12-06","email","balance_statement","0"
"3634","2248","2025-12-18","email","promo_email","0"
"3635","2248","2026-04-19","email","balance_statement","0"
"3636","2249","2026-05-15","email","promo_email","0"
"3637","2250","2023-08-10","postal","balance_statement","0"
"3638","2250","2025-01-22","postal","promo_email","0"
"3639","2250","2026-04-06","email","promo_email","0"
"3640","2251","2026-04-20","postal","balance_statement","0"
"3641","2252","2025-09-26","email","balance_statement","0"
"3642","2253","2024-06-07","email","balance_statement","0"
"3643","2254","2026-01-17","email","balance_statement","0"
"3644","2259","2024-11-27","push","promo_email","0"
"3645","2259","2026-06-28","email","promo_email","0"
"3646","2260","2025-06-19","email","balance_statement","1"
"3647","2262","2022-03-06","email","promo_email","0"
"3648","2262","2024-05-15","email","balance_statement","0"
"3649","2262","2026-03-15","email","balance_statement","0"
"3650","2264","2025-08-26","email","promo_email","0"
"3651","2266","2025-12-09","postal","balance_statement","0"
"3652","2267","2022-12-09","email","promo_email","1"
"3653","2267","2024-05-03","push","balance_statement","0"
"3654","2267","2025-04-05","email","balance_statement","0"
"3655","2269","2021-09-21","email","balance_statement","0"
"3656","2271","2025-08-05","email","service_alert","0"
"3657","2271","2026-02-20","email","promo_email","0"
"3658","2272","2023-06-21","push","balance_statement","0"
"3659","2272","2025-06-16","email","promo_email","0"
"3660","2274","2025-09-27","push","promo_email","0"
"3661","2275","2025-05-28","email","balance_statement","0"
"3662","2276","2023-04-14","email","balance_statement","1"
"3663","2276","2024-04-05","email","promo_email","0"
"3664","2276","2025-11-12","email","balance_statement","0"
"3665","2277","2024-06-28","email","balance_statement","0"
"3666","2277","2025-11-15","email","balance_statement","0"
"3667","2277","2026-01-12","email","balance_statement","0"
"3668","2278","2022-12-17","postal","balance_statement","0"
"3669","2278","2025-03-16","push","balance_statement","0"
"3670","2278","2026-01-28","postal","balance_statement","0"
"3671","2279","2025-01-13","postal","service_alert","0"
"3672","2281","2020-03-04","email","balance_statement","0"
"3673","2281","2022-04-16","email","promo_email","0"
"3674","2281","2023-08-19","email","balance_statement","0"
"3675","2281","2024-03-05","postal","balance_statement","0"
"3676","2281","2025-05-27","email","balance_statement","0"
"3677","2284","2023-06-03","postal","balance_statement","0"
"3678","2284","2024-09-07","postal","balance_statement","0"
"3679","2284","2025-08-21","email","promo_email","1"
"3680","2285","2026-03-16","email","promo_email","1"
"3681","2286","2024-04-21","postal","balance_statement","0"
"3682","2287","2026-05-08","postal","service_alert","0"
"3683","2288","2026-04-23","push","promo_email","0"
"3684","2289","2023-04-13","email","balance_statement","0"
"3685","2289","2024-09-04","email","balance_statement","0"
"3686","2289","2025-01-22","email","balance_statement","0"
"3687","2290","2023-08-25","email","service_alert","0"
"3688","2290","2024-05-28","email","promo_email","0"
"3689","2290","2025-07-12","postal","balance_statement","0"
"3690","2291","2025-03-17","email","service_alert","0"
"3691","2293","2025-11-06","email","balance_statement","0"
"3692","2294","2025-05-12","push","service_alert","0"
"3693","2296","2024-06-22","postal","service_alert","0"
"3694","2296","2025-07-16","email","balance_statement","0"
"3695","2300","2023-07-25","email","balance_statement","1"
"3696","2300","2024-05-01","postal","balance_statement","1"
"3697","2300","2025-03-01","email","balance_statement","1"
"3698","2300","2026-05-11","push","balance_statement","1"
"3699","2302","2021-07-27","email","promo_email","0"
"3700","2302","2023-05-12","email","balance_statement","1"
"3701","2302","2024-02-17","email","promo_email","0"
"3702","2302","2025-01-05","push","service_alert","0"
"3703","2303","2022-11-14","email","balance_statement","0"
"3704","2303","2023-09-05","push","promo_email","0"
"3705","2303","2024-06-13","postal","promo_email","0"
"3706","2303","2025-10-09","email","promo_email","0"
"3707","2304","2020-05-20","email","promo_email","0"
"3708","2304","2024-02-12","postal","promo_email","0"
"3709","2304","2025-07-21","postal","balance_statement","0"
"3710","2305","2022-09-01","email","balance_statement","0"
"3711","2305","2023-06-02","email","service_alert","0"
"3712","2305","2024-09-19","postal","service_alert","0"
"3713","2306","2025-03-25","push","balance_statement","0"
"3714","2307","2020-03-02","push","promo_email","0"
"3715","2307","2021-08-12","email","balance_statement","0"
"3716","2307","2022-04-17","email","balance_statement","0"
"3717","2307","2023-03-28","email","balance_statement","0"
"3718","2307","2025-08-08","email","balance_statement","0"
"3719","2311","2023-07-18","postal","balance_statement","1"
"3720","2311","2025-05-26","email","promo_email","0"
"3721","2312","2025-10-15","postal","promo_email","0"
"3722","2314","2022-11-03","email","balance_statement","0"
"3723","2314","2023-12-23","push","promo_email","1"
"3724","2314","2024-06-09","email","balance_statement","0"
"3725","2314","2025-09-25","email","balance_statement","0"
"3726","2315","2026-03-01","email","promo_email","0"
"3727","2316","2024-02-20","postal","service_alert","0"
"3728","2316","2026-01-26","postal","balance_statement","0"
"3729","2317","2025-09-22","email","balance_statement","0"
"3730","2318","2026-03-16","email","balance_statement","0"
"3731","2319","2025-10-09","email","promo_email","1"
"3732","2320","2025-09-09","postal","promo_email","0"
"3733","2321","2021-10-10","email","balance_statement","0"
"3734","2321","2022-02-09","email","promo_email","0"
"3735","2321","2026-01-22","push","balance_statement","0"
"3736","2323","2025-04-13","email","promo_email","0"
"3737","2327","2024-09-22","email","balance_statement","0"
"3738","2329","2024-05-09","email","promo_email","0"
"3739","2329","2025-07-14","postal","promo_email","0"
"3740","2330","2025-05-28","email","balance_statement","1"
"3741","2330","2026-03-13","email","promo_email","1"
"3742","2331","2025-10-16","postal","balance_statement","0"
"3743","2331","2026-02-02","email","balance_statement","0"
"3744","2334","2020-03-13","email","promo_email","0"
"3745","2334","2022-08-06","email","service_alert","0"
"3746","2334","2023-01-17","email","promo_email","0"
"3747","2334","2025-04-13","email","balance_statement","0"
"3748","2335","2022-10-06","push","balance_statement","0"
"3749","2335","2025-09-16","email","balance_statement","0"
"3750","2335","2026-05-25","postal","service_alert","0"
"3751","2336","2023-12-18","email","balance_statement","0"
"3752","2336","2024-02-05","email","balance_statement","0"
"3753","2337","2025-11-16","email","promo_email","1"
"3754","2338","2024-08-16","email","promo_email","0"
"3755","2338","2025-06-03","postal","promo_email","1"
"3756","2339","2025-12-01","email","promo_email","0"
"3757","2339","2026-04-19","email","balance_statement","1"
"3758","2342","2022-05-07","email","promo_email","0"
"3759","2342","2023-06-27","email","promo_email","0"
"3760","2342","2024-03-05","postal","service_alert","0"
"3761","2342","2025-03-17","email","balance_statement","0"
"3762","2343","2020-10-26","email","promo_email","0"
"3763","2343","2021-04-03","email","balance_statement","0"
"3764","2343","2022-02-05","email","promo_email","0"
"3765","2343","2023-06-16","email","balance_statement","0"
"3766","2343","2024-08-22","email","balance_statement","0"
"3767","2343","2025-10-13","push","promo_email","0"
"3768","2343","2026-02-07","push","balance_statement","0"
"3769","2345","2023-07-25","email","promo_email","0"
"3770","2345","2024-11-24","email","balance_statement","1"
"3771","2345","2025-12-11","email","balance_statement","1"
"3772","2346","2024-04-22","email","service_alert","0"
"3773","2346","2025-08-25","postal","promo_email","0"
"3774","2347","2025-05-08","email","service_alert","0"
"3775","2349","2021-02-27","email","promo_email","0"
"3776","2349","2025-11-25","email","balance_statement","0"
"3777","2353","2026-02-10","push","balance_statement","0"
"3778","2354","2026-02-21","postal","balance_statement","0"
"3779","2355","2023-02-22","push","balance_statement","0"
"3780","2355","2025-11-21","email","promo_email","0"
"3781","2356","2025-05-17","postal","balance_statement","0"
"3782","2356","2026-05-06","email","promo_email","1"
"3783","2357","2023-02-06","postal","balance_statement","0"
"3784","2357","2024-01-19","postal","promo_email","0"
"3785","2357","2025-03-19","email","promo_email","0"
"3786","2358","2025-02-23","email","promo_email","1"
"3787","2359","2025-10-11","postal","service_alert","0"
"3788","2360","2023-03-04","email","promo_email","0"
"3789","2362","2022-11-25","push","balance_statement","0"
"3790","2362","2024-11-04","email","promo_email","0"
"3791","2362","2025-06-13","email","promo_email","0"
"3792","2363","2025-07-21","email","balance_statement","0"
"3793","2363","2026-02-13","email","promo_email","0"
"3794","2364","2021-10-09","postal","promo_email","0"
"3795","2364","2024-09-01","email","promo_email","0"
"3796","2364","2025-04-03","email","balance_statement","0"
"3797","2365","2026-02-21","email","balance_statement","0"
"3798","2366","2026-01-19","push","service_alert","0"
"3799","2367","2021-04-03","postal","balance_statement","0"
"3800","2367","2023-02-28","email","promo_email","0"
"3801","2367","2024-08-06","email","balance_statement","0"
"3802","2367","2025-12-07","email","promo_email","0"
"3803","2367","2026-01-10","push","balance_statement","0"
"3804","2368","2024-09-09","email","promo_email","0"
"3805","2372","2023-06-06","postal","promo_email","0"
"3806","2372","2025-03-03","email","balance_statement","0"
"3807","2374","2026-06-14","email","promo_email","0"
"3808","2375","2022-01-08","email","service_alert","0"
"3809","2375","2023-09-17","push","promo_email","0"
"3810","2375","2024-06-12","email","promo_email","0"
"3811","2375","2025-09-12","postal","balance_statement","0"
"3812","2375","2026-03-23","postal","balance_statement","0"
"3813","2377","2024-09-04","email","promo_email","0"
"3814","2377","2025-11-17","email","balance_statement","0"
"3815","2378","2025-03-11","email","balance_statement","0"
"3816","2379","2026-06-24","postal","balance_statement","0"
"3817","2380","2022-04-28","email","balance_statement","0"
"3818","2380","2023-12-20","push","service_alert","0"
"3819","2380","2024-05-19","push","balance_statement","0"
"3820","2381","2026-04-26","email","promo_email","0"
"3821","2383","2025-02-03","postal","promo_email","0"
"3822","2384","2025-01-24","email","service_alert","0"
"3823","2385","2023-08-05","email","balance_statement","1"
"3824","2386","2024-02-01","email","service_alert","0"
"3825","2386","2025-08-07","email","balance_statement","0"
"3826","2387","2020-05-20","email","balance_statement","1"
"3827","2387","2021-06-15","email","balance_statement","1"
"3828","2387","2022-11-16","postal","promo_email","0"
"3829","2387","2023-10-22","email","promo_email","0"
"3830","2387","2024-11-25","postal","balance_statement","0"
"3831","2387","2025-05-26","push","balance_statement","0"
"3832","2388","2022-02-14","email","promo_email","0"
"3833","2388","2023-11-01","email","promo_email","0"
"3834","2388","2024-05-09","email","promo_email","0"
"3835","2388","2025-05-14","push","service_alert","0"
"3836","2390","2024-06-10","email","balance_statement","1"
"3837","2391","2023-03-13","push","promo_email","0"
"3838","2391","2026-02-10","email","balance_statement","0"
"3839","2393","2021-08-25","postal","balance_statement","0"
"3840","2393","2022-08-19","email","balance_statement","0"
"3841","2393","2023-09-27","email","promo_email","0"
"3842","2393","2025-02-05","postal","promo_email","0"
"3843","2396","2024-04-21","email","balance_statement","0"
"3844","2396","2026-04-26","postal","balance_statement","0"
"3845","2397","2023-08-16","push","balance_statement","0"
"3846","2398","2025-02-04","email","balance_statement","0"
"3847","2398","2026-05-09","email","promo_email","0"
"3848","2399","2024-01-27","push","promo_email","0"
"3849","2399","2025-01-26","push","service_alert","0"
"3850","2399","2026-04-09","email","balance_statement","0"
"3851","2400","2024-11-12","email","balance_statement","0"
"3852","2401","2024-11-26","push","balance_statement","0"
"3853","2401","2026-03-09","email","balance_statement","0"
"3854","2402","2026-02-27","email","balance_statement","0"
"3855","2403","2026-05-07","email","balance_statement","0"
"3856","2404","2024-09-19","postal","service_alert","1"
"3857","2405","2022-06-10","email","balance_statement","0"
"3858","2405","2023-03-03","email","balance_statement","0"
"3859","2405","2024-03-27","email","balance_statement","0"
"3860","2405","2025-07-18","email","service_alert","0"
"3861","2406","2020-03-06","push","service_alert","0"
"3862","2406","2023-11-12","push","balance_statement","0"
"3863","2406","2024-12-16","push","balance_statement","0"
"3864","2407","2019-07-18","email","balance_statement","0"
"3865","2407","2020-07-24","email","balance_statement","0"
"3866","2407","2021-10-20","email","service_alert","0"
"3867","2407","2023-05-12","email","service_alert","0"
"3868","2407","2024-03-16","email","promo_email","0"
"3869","2407","2025-07-02","push","service_alert","0"
"3870","2407","2026-05-23","email","promo_email","0"
"3871","2409","2021-01-26","email","balance_statement","0"
"3872","2409","2022-09-24","push","balance_statement","0"
"3873","2409","2024-04-19","email","balance_statement","0"
"3874","2410","2023-05-21","postal","service_alert","0"
"3875","2410","2024-02-12","email","balance_statement","0"
"3876","2413","2024-11-26","email","promo_email","0"
"3877","2413","2026-01-09","email","promo_email","0"
"3878","2415","2023-03-20","email","promo_email","1"
"3879","2415","2025-01-15","email","balance_statement","0"
"3880","2416","2025-04-24","email","balance_statement","0"
"3881","2417","2024-12-24","push","balance_statement","0"
"3882","2418","2024-09-27","email","promo_email","0"
"3883","2418","2025-12-24","email","promo_email","0"
"3884","2419","2025-08-02","email","promo_email","0"
"3885","2420","2026-03-26","push","balance_statement","0"
"3886","2423","2020-10-22","email","service_alert","0"
"3887","2423","2021-09-05","email","balance_statement","0"
"3888","2423","2022-06-19","postal","promo_email","0"
"3889","2423","2023-08-26","email","balance_statement","0"
"3890","2423","2024-08-03","email","service_alert","0"
"3891","2424","2022-05-06","push","promo_email","0"
"3892","2424","2023-05-01","email","balance_statement","0"
"3893","2424","2025-03-17","email","promo_email","0"
"3894","2425","2025-09-17","email","balance_statement","0"
"3895","2426","2023-05-16","email","promo_email","1"
"3896","2426","2024-12-05","email","balance_statement","0"
"3897","2426","2025-12-10","postal","service_alert","0"
"3898","2432","2024-02-22","email","balance_statement","0"
"3899","2434","2020-04-03","email","balance_statement","0"
"3900","2434","2021-12-28","email","promo_email","0"
"3901","2434","2023-06-08","email","service_alert","0"
"3902","2434","2025-06-22","email","promo_email","0"
"3903","2435","2023-10-27","push","balance_statement","0"
"3904","2435","2025-12-21","postal","promo_email","1"
"3905","2436","2023-01-08","email","balance_statement","0"
"3906","2436","2024-01-20","email","balance_statement","0"
"3907","2436","2025-08-17","email","balance_statement","0"
"3908","2437","2022-09-15","email","balance_statement","0"
"3909","2437","2023-10-08","push","balance_statement","0"
"3910","2437","2025-02-26","email","promo_email","0"
"3911","2438","2023-05-14","push","promo_email","0"
"3912","2438","2024-06-07","email","balance_statement","0"
"3913","2439","2025-08-11","push","promo_email","0"
"3914","2442","2024-10-11","email","balance_statement","0"
"3915","2442","2025-05-08","email","balance_statement","0"
"3916","2443","2022-05-28","push","balance_statement","0"
"3917","2443","2023-08-16","push","balance_statement","0"
"3918","2443","2024-08-28","email","balance_statement","0"
"3919","2444","2023-01-28","push","balance_statement","0"
"3920","2444","2024-04-12","email","balance_statement","0"
"3921","2445","2022-10-07","push","balance_statement","0"
"3922","2446","2026-02-09","email","balance_statement","0"
"3923","2447","2023-06-19","email","balance_statement","0"
"3924","2447","2025-05-24","email","balance_statement","0"
"3925","2447","2026-04-24","email","balance_statement","0"
"3926","2448","2024-05-28","email","balance_statement","0"
"3927","2449","2026-04-19","postal","balance_statement","0"
"3928","2450","2022-09-09","email","promo_email","0"
"3929","2450","2023-06-05","email","balance_statement","0"
"3930","2450","2025-10-12","email","promo_email","0"
"3931","2450","2026-02-15","email","balance_statement","0"
"3932","2452","2023-12-06","postal","promo_email","0"
"3933","2452","2024-05-09","push","balance_statement","0"
"3934","2452","2025-07-18","postal","promo_email","0"
"3935","2453","2025-05-18","postal","service_alert","0"
"3936","2453","2026-06-23","email","promo_email","0"
"3937","2454","2022-10-06","email","balance_statement","0"
"3938","2454","2023-06-27","email","promo_email","0"
"3939","2454","2025-09-08","push","service_alert","0"
"3940","2455","2025-12-28","email","service_alert","0"
"3941","2456","2024-04-10","push","balance_statement","0"
"3942","2456","2025-10-18","email","promo_email","0"
"3943","2456","2026-02-22","email","balance_statement","0"
"3944","2457","2026-06-16","push","promo_email","0"
"3945","2458","2021-02-19","email","balance_statement","0"
"3946","2460","2023-09-17","email","balance_statement","1"
"3947","2460","2025-05-02","postal","promo_email","0"
"3948","2460","2026-02-19","email","service_alert","0"
"3949","2461","2023-07-20","postal","service_alert","0"
"3950","2464","2023-07-11","postal","promo_email","0"
"3951","2464","2025-05-23","email","balance_statement","0"
"3952","2467","2025-07-21","postal","promo_email","0"
"3953","2467","2026-03-25","email","promo_email","0"
"3954","2470","2025-08-20","email","promo_email","0"
"3955","2470","2026-04-12","email","service_alert","0"
"3956","2471","2024-08-20","postal","promo_email","0"
"3957","2471","2025-07-06","email","promo_email","0"
"3958","2472","2024-09-08","postal","balance_statement","0"
"3959","2472","2025-04-19","email","service_alert","0"
"3960","2473","2021-09-28","email","promo_email","0"
"3961","2473","2022-05-06","email","balance_statement","0"
"3962","2473","2023-05-19","push","balance_statement","0"
"3963","2473","2024-09-28","push","promo_email","0"
"3964","2473","2025-06-02","email","balance_statement","1"
"3965","2473","2026-02-14","email","balance_statement","0"
"3966","2474","2022-08-17","email","promo_email","1"
"3967","2474","2023-02-02","push","promo_email","0"
"3968","2474","2024-02-08","postal","balance_statement","0"
"3969","2474","2025-06-06","email","balance_statement","0"
"3970","2475","2025-12-01","push","balance_statement","0"
"3971","2475","2026-05-25","email","service_alert","0"
"3972","2476","2023-09-17","email","promo_email","0"
"3973","2476","2025-11-03","email","balance_statement","1"
"3974","2477","2024-01-18","email","balance_statement","0"
"3975","2477","2025-11-23","postal","balance_statement","0"
"3976","2477","2026-03-13","push","balance_statement","0"
"3977","2480","2026-04-18","postal","promo_email","0"
"3978","2481","2025-05-22","email","balance_statement","0"
"3979","2482","2021-09-27","email","balance_statement","0"
"3980","2482","2022-11-05","push","promo_email","0"
"3981","2482","2023-01-14","email","balance_statement","0"
"3982","2482","2024-02-15","email","service_alert","0"
"3983","2482","2025-05-27","email","service_alert","0"
"3984","2482","2026-06-24","email","balance_statement","0"
"3985","2483","2020-06-16","email","balance_statement","0"
"3986","2483","2022-04-27","postal","promo_email","0"
"3987","2483","2023-05-12","email","balance_statement","0"
"3988","2483","2024-06-21","email","balance_statement","0"
"3989","2483","2025-08-05","email","balance_statement","0"
"3990","2484","2024-12-09","email","service_alert","1"
"3991","2484","2025-11-02","push","service_alert","1"
"3992","2485","2023-05-13","email","promo_email","0"
"3993","2485","2025-07-15","email","balance_statement","0"
"3994","2486","2024-07-23","push","promo_email","0"
"3995","2486","2025-03-10","email","promo_email","0"
"3996","2487","2023-10-12","email","service_alert","0"
"3997","2487","2024-05-16","email","promo_email","0"
"3998","2487","2026-02-18","email","balance_statement","0"
"3999","2488","2025-03-01","email","balance_statement","0"
"4000","2489","2022-03-26","email","promo_email","0"
"4001","2489","2024-02-08","push","balance_statement","0"
"4002","2489","2025-04-20","push","balance_statement","0"
"4003","2489","2026-05-17","postal","promo_email","0"
"4004","2491","2023-02-07","push","promo_email","0"
"4005","2491","2024-02-17","email","balance_statement","0"
"4006","2492","2025-03-22","postal","balance_statement","0"
"4007","2494","2022-04-04","email","balance_statement","0"
"4008","2494","2024-12-18","email","promo_email","0"
"4009","2494","2026-02-11","push","balance_statement","0"
"4010","2495","2022-05-17","email","balance_statement","0"
"4011","2495","2024-11-22","email","promo_email","0"
"4012","2495","2025-01-05","postal","promo_email","0"
"4013","2496","2023-10-13","email","balance_statement","0"
"4014","2496","2024-02-07","push","balance_statement","0"
"4015","2496","2025-12-28","email","promo_email","0"
"4016","2497","2023-09-24","email","balance_statement","1"
"4017","2497","2025-09-26","email","balance_statement","0"
"4018","2498","2024-04-15","email","balance_statement","0"
"4019","2498","2025-08-21","email","promo_email","0"
"4020","2498","2026-01-28","postal","balance_statement","0"
"4021","2500","2026-03-01","email","balance_statement","0"
"4022","2502","2024-12-14","email","balance_statement","0"
"4023","2502","2025-11-22","email","balance_statement","0"
"4024","2502","2026-01-04","email","promo_email","0"
"4025","2503","2024-07-18","push","balance_statement","0"
"4026","2504","2021-03-02","email","balance_statement","0"
"4027","2504","2022-04-17","postal","promo_email","0"
"4028","2504","2023-07-06","email","promo_email","0"
"4029","2504","2025-08-15","push","promo_email","0"
"4030","2505","2026-01-13","email","balance_statement","0"
"4031","2506","2022-12-10","email","balance_statement","0"
"4032","2506","2024-01-15","push","balance_statement","0"
"4033","2507","2023-02-18","postal","promo_email","1"
"4034","2507","2025-06-09","postal","balance_statement","1"
"4035","2509","2023-01-06","postal","promo_email","0"
"4036","2509","2025-12-15","postal","promo_email","0"
"4037","2509","2026-04-18","push","balance_statement","1"
"4038","2510","2025-10-17","email","promo_email","0"
"4039","2511","2024-06-03","push","balance_statement","0"
"4040","2511","2025-02-15","email","service_alert","0"
"4041","2512","2024-11-26","email","service_alert","0"
"4042","2512","2025-07-20","email","promo_email","0"
"4043","2512","2026-04-16","email","service_alert","0"
"4044","2517","2026-02-06","postal","balance_statement","0"
"4045","2518","2023-06-26","email","promo_email","1"
"4046","2518","2024-09-23","postal","balance_statement","0"
"4047","2518","2025-08-14","push","promo_email","0"
"4048","2520","2023-11-27","email","promo_email","0"
"4049","2520","2025-06-04","push","promo_email","0"
"4050","2522","2025-01-08","email","promo_email","0"
"4051","2524","2024-03-10","email","promo_email","0"
"4052","2525","2026-02-05","email","promo_email","0"
"4053","2526","2025-08-23","postal","promo_email","1"
"4054","2526","2026-03-13","email","balance_statement","1"
"4055","2527","2023-04-19","email","service_alert","0"
"4056","2527","2024-07-10","email","service_alert","0"
"4057","2527","2026-05-01","push","promo_email","1"
"4058","2528","2022-08-14","email","balance_statement","1"
"4059","2528","2023-06-28","email","balance_statement","1"
"4060","2530","2025-06-07","email","balance_statement","0"
"4061","2530","2026-02-24","push","balance_statement","0"
"4062","2532","2025-11-18","email","balance_statement","0"
"4063","2534","2020-11-19","email","balance_statement","0"
"4064","2534","2022-11-19","email","promo_email","0"
"4065","2534","2024-05-15","postal","promo_email","0"
"4066","2534","2025-08-20","push","balance_statement","0"
"4067","2534","2026-02-12","email","balance_statement","0"
"4068","2535","2025-05-11","email","promo_email","1"
"4069","2535","2026-04-18","postal","promo_email","1"
"4070","2536","2024-10-21","postal","balance_statement","0"
"4071","2537","2022-02-14","push","promo_email","0"
"4072","2537","2025-11-01","push","balance_statement","0"
"4073","2537","2026-05-22","email","promo_email","0"
"4074","2538","2023-02-07","email","promo_email","0"
"4075","2538","2025-06-19","email","balance_statement","0"
"4076","2540","2025-02-01","email","promo_email","0"
"4077","2541","2022-12-20","email","balance_statement","0"
"4078","2541","2025-11-05","postal","promo_email","0"
"4079","2544","2024-09-20","email","service_alert","0"
"4080","2545","2020-10-06","email","balance_statement","0"
"4081","2545","2021-04-07","email","balance_statement","0"
"4082","2545","2023-03-24","email","promo_email","0"
"4083","2545","2024-11-14","postal","service_alert","0"
"4084","2545","2025-01-22","email","balance_statement","0"
"4085","2545","2026-05-23","email","promo_email","0"
"4086","2546","2023-11-24","email","promo_email","1"
"4087","2546","2024-11-15","push","promo_email","0"
"4088","2547","2022-07-07","push","service_alert","0"
"4089","2547","2024-10-21","email","promo_email","0"
"4090","2548","2024-12-05","email","promo_email","0"
"4091","2550","2025-09-15","postal","promo_email","0"
"4092","2550","2026-05-12","push","balance_statement","0"
"4093","2552","2026-06-23","push","promo_email","0"
"4094","2555","2022-07-05","push","service_alert","0"
"4095","2555","2024-09-15","postal","balance_statement","0"
"4096","2555","2025-05-02","postal","promo_email","0"
"4097","2556","2026-04-15","email","service_alert","0"
"4098","2557","2021-08-15","postal","service_alert","0"
"4099","2557","2022-04-06","push","promo_email","0"
"4100","2557","2023-02-14","email","promo_email","0"
"4101","2557","2024-10-01","push","promo_email","0"
"4102","2557","2025-09-04","push","balance_statement","0"
"4103","2557","2026-02-16","email","balance_statement","0"
"4104","2559","2023-09-12","postal","balance_statement","0"
"4105","2560","2023-06-13","postal","promo_email","0"
"4106","2561","2024-06-16","email","promo_email","0"
"4107","2561","2025-08-17","postal","promo_email","0"
"4108","2561","2026-01-01","email","balance_statement","0"
"4109","2562","2023-04-11","postal","promo_email","0"
"4110","2562","2025-06-07","email","service_alert","0"
"4111","2563","2026-01-13","postal","service_alert","0"
"4112","2564","2021-12-12","postal","promo_email","1"
"4113","2564","2022-08-09","email","balance_statement","1"
"4114","2564","2025-08-18","push","service_alert","1"
"4115","2565","2024-05-26","push","balance_statement","0"
"4116","2565","2025-06-04","postal","promo_email","0"
"4117","2566","2020-12-05","email","promo_email","0"
"4118","2566","2021-05-01","postal","promo_email","0"
"4119","2566","2022-03-05","postal","balance_statement","0"
"4120","2566","2023-02-06","email","balance_statement","1"
"4121","2566","2024-05-09","email","balance_statement","0"
"4122","2567","2026-05-23","postal","promo_email","0"
"4123","2568","2025-11-14","postal","promo_email","0"
"4124","2570","2022-10-07","email","promo_email","0"
"4125","2570","2023-09-14","email","promo_email","0"
"4126","2570","2024-05-04","email","promo_email","0"
"4127","2570","2025-07-24","postal","promo_email","0"
"4128","2571","2023-03-24","email","service_alert","0"
"4129","2571","2025-08-21","email","promo_email","0"
"4130","2571","2026-02-22","push","balance_statement","0"
"4131","2572","2025-02-24","email","balance_statement","0"
"4132","2573","2024-05-24","push","balance_statement","0"
"4133","2573","2025-01-10","email","balance_statement","0"
"4134","2574","2026-06-17","email","balance_statement","0"
"4135","2578","2020-09-14","email","promo_email","0"
"4136","2578","2024-03-16","email","balance_statement","1"
"4137","2578","2025-06-07","email","service_alert","0"
"4138","2578","2026-03-16","push","service_alert","0"
"4139","2579","2023-06-12","push","promo_email","0"
"4140","2580","2025-11-09","email","balance_statement","0"
"4141","2581","2023-09-12","email","promo_email","0"
"4142","2582","2024-05-09","email","promo_email","0"
"4143","2583","2026-05-18","email","promo_email","0"
"4144","2585","2026-05-19","email","promo_email","0"
"4145","2587","2026-02-13","email","promo_email","0"
"4146","2588","2023-12-15","email","service_alert","0"
"4147","2588","2024-05-08","email","balance_statement","0"
"4148","2588","2025-04-11","email","promo_email","0"
"4149","2589","2024-12-09","email","promo_email","1"
"4150","2590","2024-01-18","push","promo_email","1"
"4151","2590","2026-03-14","email","promo_email","0"
"4152","2591","2024-11-18","email","balance_statement","0"
"4153","2591","2025-07-26","email","promo_email","0"
"4154","2592","2021-06-26","email","promo_email","0"
"4155","2592","2023-10-27","push","promo_email","0"
"4156","2592","2024-09-14","email","balance_statement","0"
"4157","2593","2025-12-12","postal","balance_statement","1"
"4158","2593","2026-06-11","push","service_alert","1"
"4159","2594","2023-07-19","email","balance_statement","0"
"4160","2594","2025-07-06","email","service_alert","0"
"4161","2597","2025-09-21","email","service_alert","0"
"4162","2597","2026-01-16","email","promo_email","0"
"4163","2599","2025-07-11","email","promo_email","0"
"4164","2599","2026-04-19","postal","balance_statement","0"
"4165","2600","2023-11-16","postal","balance_statement","0"
"4166","2601","2024-05-09","postal","promo_email","0"
"4167","2603","2025-05-06","postal","balance_statement","0"
"4168","2604","2023-11-04","postal","promo_email","0"
"4169","2604","2024-08-08","postal","balance_statement","0"
"4170","2604","2025-07-18","email","balance_statement","0"
"4171","2605","2023-07-04","push","promo_email","0"
"4172","2605","2024-09-03","email","promo_email","0"
"4173","2605","2025-10-17","postal","promo_email","0"
"4174","2605","2026-03-15","email","balance_statement","0"
"4175","2606","2024-02-18","postal","balance_statement","0"
"4176","2606","2025-12-06","postal","promo_email","0"
"4177","2607","2023-07-16","push","promo_email","0"
"4178","2607","2024-12-03","email","promo_email","0"
"4179","2607","2025-03-10","postal","service_alert","0"
"4180","2607","2026-05-06","email","balance_statement","0"
"4181","2608","2025-05-21","email","promo_email","0"
"4182","2609","2023-06-02","email","service_alert","0"
"4183","2609","2024-04-05","email","promo_email","0"
"4184","2609","2026-05-11","email","promo_email","0"
"4185","2610","2024-01-19","postal","service_alert","0"
"4186","2610","2025-10-07","email","balance_statement","0"
"4187","2611","2025-10-27","email","balance_statement","0"
"4188","2612","2026-03-16","email","balance_statement","0"
"4189","2614","2020-11-04","email","promo_email","1"
"4190","2614","2024-07-28","push","balance_statement","0"
"4191","2615","2024-03-10","push","balance_statement","0"
"4192","2615","2025-03-23","email","promo_email","0"
"4193","2616","2022-09-10","email","service_alert","0"
"4194","2616","2023-09-10","push","service_alert","0"
"4195","2616","2024-03-06","postal","balance_statement","0"
"4196","2616","2025-12-02","email","balance_statement","0"
"4197","2616","2026-01-05","email","balance_statement","0"
"4198","2618","2025-10-15","push","balance_statement","1"
"4199","2619","2025-07-28","push","promo_email","0"
"4200","2619","2026-02-07","email","balance_statement","0"
"4201","2620","2020-08-23","postal","balance_statement","0"
"4202","2620","2022-08-12","push","promo_email","0"
"4203","2620","2023-08-04","email","promo_email","1"
"4204","2620","2024-04-14","postal","balance_statement","1"
"4205","2620","2025-02-06","email","balance_statement","0"
"4206","2622","2026-01-04","email","service_alert","0"
"4207","2623","2024-05-26","email","balance_statement","0"
"4208","2623","2025-05-14","email","service_alert","0"
"4209","2624","2023-04-08","postal","promo_email","0"
"4210","2624","2026-02-18","email","promo_email","0"
"4211","2626","2023-11-14","push","balance_statement","1"
"4212","2626","2024-08-26","email","balance_statement","0"
"4213","2626","2025-04-20","email","service_alert","0"
"4214","2626","2026-06-16","postal","promo_email","0"
"4215","2627","2023-08-18","email","balance_statement","0"
"4216","2628","2022-04-12","postal","balance_statement","0"
"4217","2628","2025-02-28","email","promo_email","0"
"4218","2629","2020-01-11","email","promo_email","0"
"4219","2629","2024-05-22","postal","promo_email","0"
"4220","2629","2025-12-12","postal","balance_statement","0"
"4221","2631","2022-05-12","email","promo_email","0"
"4222","2631","2024-01-24","email","promo_email","0"
"4223","2632","2024-03-16","email","service_alert","0"
"4224","2632","2025-06-26","email","balance_statement","0"
"4225","2633","2020-01-17","email","service_alert","0"
"4226","2633","2021-11-15","postal","service_alert","0"
"4227","2633","2022-06-12","email","promo_email","0"
"4228","2633","2024-05-24","email","promo_email","0"
"4229","2633","2025-10-12","push","balance_statement","0"
"4230","2634","2025-10-16","email","promo_email","1"
"4231","2635","2021-03-14","email","balance_statement","0"
"4232","2635","2024-11-09","email","balance_statement","0"
"4233","2635","2025-10-07","email","balance_statement","0"
"4234","2637","2021-12-15","email","promo_email","0"
"4235","2637","2022-11-02","email","promo_email","0"
"4236","2639","2023-01-24","postal","promo_email","0"
"4237","2639","2024-11-16","postal","balance_statement","0"
"4238","2639","2025-08-12","push","promo_email","0"
"4239","2640","2022-10-10","email","balance_statement","0"
"4240","2640","2023-08-07","postal","balance_statement","0"
"4241","2640","2025-01-17","email","balance_statement","0"
"4242","2640","2026-02-01","push","service_alert","0"
"4243","2641","2023-10-23","postal","balance_statement","0"
"4244","2641","2024-12-11","email","balance_statement","0"
"4245","2641","2025-07-23","push","service_alert","0"
"4246","2642","2026-02-10","email","promo_email","0"
"4247","2643","2022-05-19","email","balance_statement","0"
"4248","2643","2023-02-08","email","promo_email","0"
"4249","2643","2024-05-12","email","balance_statement","0"
"4250","2643","2025-07-27","push","balance_statement","0"
"4251","2643","2026-03-08","postal","balance_statement","0"
"4252","2644","2025-04-22","push","balance_statement","0"
"4253","2645","2022-08-08","email","balance_statement","0"
"4254","2645","2025-07-27","push","promo_email","0"
"4255","2647","2025-02-07","email","balance_statement","0"
"4256","2648","2024-09-18","push","promo_email","0"
"4257","2648","2026-05-13","email","promo_email","0"
"4258","2649","2026-03-27","push","balance_statement","0"
"4259","2650","2026-03-20","email","promo_email","0"
"4260","2653","2023-11-01","email","promo_email","0"
"4261","2653","2025-10-03","email","promo_email","0"
"4262","2654","2022-05-15","email","promo_email","0"
"4263","2654","2024-08-12","push","service_alert","0"
"4264","2655","2026-03-11","email","balance_statement","0"
"4265","2657","2026-03-11","push","balance_statement","0"
"4266","2658","2021-03-17","push","balance_statement","0"
"4267","2658","2022-08-24","email","service_alert","0"
"4268","2658","2023-07-10","email","balance_statement","0"
"4269","2658","2024-10-23","email","balance_statement","0"
"4270","2658","2025-05-25","email","service_alert","0"
"4271","2660","2024-11-13","postal","service_alert","0"
"4272","2661","2022-10-06","postal","balance_statement","0"
"4273","2661","2023-10-23","email","balance_statement","0"
"4274","2661","2024-01-11","email","promo_email","0"
"4275","2661","2026-04-07","email","balance_statement","0"
"4276","2666","2023-05-07","email","balance_statement","0"
"4277","2666","2025-03-10","email","service_alert","0"
"4278","2667","2025-02-02","email","promo_email","0"
"4279","2668","2024-03-26","push","balance_statement","1"
"4280","2668","2025-12-20","postal","balance_statement","1"
"4281","2669","2025-04-17","email","balance_statement","0"
"4282","2671","2024-11-09","postal","promo_email","0"
"4283","2671","2025-04-17","email","promo_email","0"
"4284","2671","2026-01-10","push","promo_email","0"
"4285","2672","2024-08-04","email","balance_statement","0"
"4286","2673","2023-04-10","postal","balance_statement","0"
"4287","2674","2022-04-26","email","promo_email","0"
"4288","2674","2023-10-08","email","balance_statement","0"
"4289","2674","2025-07-03","email","balance_statement","0"
"4290","2675","2026-04-21","email","balance_statement","1"
"4291","2676","2025-08-16","email","promo_email","0"
"4292","2677","2022-06-02","email","balance_statement","0"
"4293","2677","2023-10-19","email","promo_email","0"
"4294","2677","2024-10-11","email","promo_email","0"
"4295","2677","2026-06-28","postal","balance_statement","0"
"4296","2678","2026-05-14","email","promo_email","0"
"4297","2679","2022-07-04","postal","promo_email","0"
"4298","2679","2023-07-21","email","balance_statement","0"
"4299","2679","2024-09-03","postal","promo_email","0"
"4300","2679","2025-11-07","email","balance_statement","0"
"4301","2679","2026-05-27","email","promo_email","0"
"4302","2684","2021-11-17","postal","service_alert","0"
"4303","2684","2024-05-07","push","balance_statement","0"
"4304","2684","2025-10-07","email","promo_email","0"
"4305","2686","2023-10-28","email","balance_statement","0"
"4306","2687","2026-01-23","email","promo_email","0"
"4307","2688","2025-12-15","postal","service_alert","1"
"4308","2689","2025-04-25","postal","service_alert","0"
"4309","2690","2026-05-26","email","balance_statement","0"
"4310","2691","2026-06-18","push","balance_statement","1"
"4311","2692","2023-10-20","email","balance_statement","0"
"4312","2692","2025-07-23","email","promo_email","0"
"4313","2693","2025-06-04","email","balance_statement","0"
"4314","2694","2020-09-06","postal","promo_email","0"
"4315","2694","2021-12-28","postal","balance_statement","0"
"4316","2694","2022-12-24","email","promo_email","0"
"4317","2694","2024-08-11","email","balance_statement","0"
"4318","2694","2025-02-20","email","service_alert","0"
"4319","2695","2024-11-07","email","promo_email","0"
"4320","2698","2025-06-24","email","balance_statement","0"
"4321","2699","2025-09-13","email","promo_email","0"
"4322","2700","2023-10-10","email","balance_statement","0"
"4323","2700","2024-12-17","email","balance_statement","0"
"4324","2701","2021-06-21","push","balance_statement","0"
"4325","2701","2023-09-16","email","service_alert","0"
"4326","2701","2024-06-04","email","balance_statement","0"
"4327","2702","2025-11-27","email","promo_email","0"
"4328","2702","2026-05-18","email","balance_statement","0"
"4329","2705","2025-12-08","email","promo_email","0"
"4330","2706","2024-04-24","postal","promo_email","0"
"4331","2706","2026-04-01","email","balance_statement","0"
"4332","2707","2023-02-25","email","balance_statement","1"
"4333","2708","2023-11-11","email","balance_statement","0"
"4334","2708","2024-09-16","email","service_alert","0"
"4335","2708","2025-02-12","email","balance_statement","0"
"4336","2708","2026-03-04","push","balance_statement","0"
"4337","2709","2023-04-25","postal","service_alert","0"
"4338","2709","2025-05-10","email","balance_statement","1"
"4339","2710","2026-02-07","push","balance_statement","0"
"4340","2715","2022-09-20","email","balance_statement","1"
"4341","2715","2024-03-02","email","balance_statement","0"
"4342","2716","2023-11-01","email","promo_email","0"
"4343","2716","2025-12-02","email","service_alert","0"
"4344","2717","2025-06-21","email","promo_email","0"
"4345","2718","2022-10-10","email","balance_statement","0"
"4346","2718","2023-05-01","postal","promo_email","0"
"4347","2718","2025-12-15","push","promo_email","0"
"4348","2718","2026-05-20","email","service_alert","0"
"4349","2719","2023-09-28","email","promo_email","0"
"4350","2720","2024-04-18","email","promo_email","0"
"4351","2720","2025-02-11","email","balance_statement","0"
"4352","2720","2026-06-21","email","promo_email","0"
"4353","2721","2026-06-10","email","balance_statement","0"
"4354","2722","2022-11-25","email","promo_email","0"
"4355","2722","2023-01-12","email","promo_email","0"
"4356","2722","2025-09-23","postal","promo_email","0"
"4357","2723","2020-01-28","email","promo_email","0"
"4358","2723","2021-04-19","push","promo_email","0"
"4359","2723","2022-08-14","email","promo_email","0"
"4360","2723","2023-02-08","postal","balance_statement","0"
"4361","2723","2026-02-02","email","balance_statement","0"
"4362","2725","2021-07-04","email","promo_email","0"
"4363","2725","2022-04-28","email","service_alert","0"
"4364","2725","2025-07-25","email","balance_statement","0"
"4365","2726","2024-06-28","email","promo_email","0"
"4366","2726","2025-10-10","email","service_alert","0"
"4367","2727","2021-07-01","postal","promo_email","0"
"4368","2727","2025-11-17","email","balance_statement","0"
"4369","2728","2026-06-09","postal","promo_email","0"
"4370","2729","2022-10-26","email","promo_email","0"
"4371","2729","2024-09-21","email","promo_email","0"
"4372","2730","2025-04-10","push","service_alert","0"
"4373","2730","2026-02-07","email","promo_email","0"
"4374","2732","2020-09-14","push","promo_email","0"
"4375","2732","2022-06-12","email","balance_statement","0"
"4376","2732","2023-08-25","email","balance_statement","0"
"4377","2732","2024-05-11","postal","balance_statement","0"
"4378","2732","2025-10-04","email","service_alert","0"
"4379","2733","2023-12-25","push","balance_statement","0"
"4380","2733","2025-06-10","push","service_alert","0"
"4381","2735","2020-09-06","email","promo_email","0"
"4382","2735","2021-09-14","email","balance_statement","0"
"4383","2735","2023-03-20","email","balance_statement","0"
"4384","2735","2024-06-27","push","promo_email","0"
"4385","2735","2025-07-27","push","balance_statement","0"
"4386","2736","2025-10-27","email","balance_statement","0"
"4387","2736","2026-01-02","email","promo_email","0"
"4388","2738","2025-09-06","email","service_alert","0"
"4389","2740","2025-08-05","email","balance_statement","0"
"4390","2740","2026-01-28","email","balance_statement","0"
"4391","2742","2021-02-01","email","promo_email","0"
"4392","2742","2022-11-13","email","promo_email","0"
"4393","2742","2024-02-09","push","balance_statement","0"
"4394","2742","2025-07-19","email","service_alert","0"
"4395","2742","2026-02-16","email","balance_statement","0"
"4396","2743","2024-05-14","email","balance_statement","0"
"4397","2744","2023-07-19","postal","balance_statement","0"
"4398","2745","2022-07-26","email","balance_statement","0"
"4399","2745","2023-03-27","push","promo_email","0"
"4400","2745","2024-02-23","postal","balance_statement","0"
"4401","2745","2025-06-01","email","balance_statement","0"
"4402","2746","2024-04-22","email","promo_email","0"
"4403","2746","2025-06-07","email","service_alert","0"
"4404","2749","2023-04-10","push","promo_email","0"
"4405","2749","2024-11-15","email","balance_statement","0"
"4406","2751","2022-08-16","postal","service_alert","0"
"4407","2751","2024-08-18","postal","balance_statement","0"
"4408","2751","2025-04-14","postal","promo_email","0"
"4409","2752","2024-10-17","push","balance_statement","0"
"4410","2752","2026-05-19","push","promo_email","0"
"4411","2754","2021-06-21","email","promo_email","0"
"4412","2754","2022-12-02","email","balance_statement","0"
"4413","2754","2024-06-12","push","balance_statement","0"
"4414","2754","2025-05-05","postal","promo_email","0"
"4415","2756","2019-10-26","postal","service_alert","0"
"4416","2756","2020-07-26","email","promo_email","0"
"4417","2756","2022-06-24","push","balance_statement","0"
"4418","2756","2024-03-24","email","balance_statement","0"
"4419","2761","2024-09-15","email","balance_statement","0"
"4420","2761","2025-03-17","email","promo_email","0"
"4421","2763","2025-05-12","email","balance_statement","0"
"4422","2764","2023-06-04","push","balance_statement","0"
"4423","2764","2024-06-15","postal","balance_statement","1"
"4424","2764","2025-02-25","postal","promo_email","1"
"4425","2765","2025-07-04","email","promo_email","0"
"4426","2765","2026-06-27","email","promo_email","0"
"4427","2766","2020-04-26","email","service_alert","0"
"4428","2766","2021-11-25","postal","balance_statement","0"
"4429","2766","2022-01-01","push","balance_statement","0"
"4430","2766","2024-11-06","email","promo_email","0"
"4431","2767","2022-06-16","postal","service_alert","0"
"4432","2767","2024-11-15","email","promo_email","0"
"4433","2767","2025-09-01","push","service_alert","0"
"4434","2771","2025-05-16","push","service_alert","0"
"4435","2773","2022-05-02","email","promo_email","0"
"4436","2774","2025-07-10","email","balance_statement","0"
"4437","2776","2023-08-11","postal","promo_email","0"
"4438","2776","2024-04-03","email","balance_statement","0"
"4439","2776","2025-01-25","email","balance_statement","0"
"4440","2777","2024-09-22","email","promo_email","0"
"4441","2777","2025-04-06","email","promo_email","0"
"4442","2778","2025-06-17","push","balance_statement","0"
"4443","2779","2020-03-15","postal","balance_statement","0"
"4444","2779","2021-03-06","postal","balance_statement","0"
"4445","2779","2023-09-26","email","service_alert","0"
"4446","2779","2024-12-23","push","service_alert","0"
"4447","2779","2026-02-17","email","service_alert","0"
"4448","2780","2023-07-03","email","promo_email","0"
"4449","2780","2024-03-19","email","balance_statement","0"
"4450","2780","2025-01-27","email","service_alert","0"
"4451","2781","2023-04-21","email","promo_email","0"
"4452","2781","2024-12-07","email","promo_email","0"
"4453","2781","2025-03-04","postal","promo_email","0"
"4454","2782","2024-08-14","push","promo_email","1"
"4455","2783","2025-09-24","email","promo_email","0"
"4456","2783","2026-05-17","postal","promo_email","0"
"4457","2785","2025-11-10","push","balance_statement","1"
"4458","2785","2026-01-03","email","promo_email","1"
"4459","2786","2024-12-11","email","promo_email","0"
"4460","2786","2025-11-24","email","promo_email","0"
"4461","2789","2025-10-12","email","balance_statement","0"
"4462","2792","2023-03-03","email","balance_statement","0"
"4463","2793","2022-01-24","email","promo_email","0"
"4464","2793","2023-07-18","push","service_alert","0"
"4465","2793","2025-08-03","email","promo_email","0"
"4466","2795","2025-11-18","email","promo_email","0"
"4467","2796","2024-02-25","email","balance_statement","0"
"4468","2796","2025-09-12","email","service_alert","0"
"4469","2797","2024-11-11","email","balance_statement","0"
"4470","2797","2025-11-18","email","balance_statement","0"
"4471","2798","2025-08-23","email","promo_email","0"
"4472","2798","2026-02-25","email","promo_email","0"
"4473","2801","2024-12-04","postal","balance_statement","0"
"4474","2801","2025-06-24","email","balance_statement","0"
"4475","2802","2023-04-12","email","balance_statement","0"
"4476","2802","2025-05-02","email","balance_statement","1"
"4477","2804","2019-09-18","email","balance_statement","0"
"4478","2804","2021-07-04","postal","service_alert","0"
"4479","2804","2025-04-14","email","promo_email","0"
"4480","2805","2024-10-19","email","promo_email","0"
"4481","2806","2024-10-18","email","balance_statement","0"
"4482","2806","2025-06-21","email","service_alert","0"
"4483","2812","2025-09-16","email","service_alert","0"
"4484","2812","2026-04-07","email","balance_statement","0"
"4485","2813","2023-08-01","postal","promo_email","0"
"4486","2813","2025-10-21","email","promo_email","0"
"4487","2813","2026-05-25","email","balance_statement","0"
"4488","2815","2023-07-12","postal","promo_email","0"
"4489","2815","2025-07-10","email","service_alert","0"
"4490","2816","2025-11-25","email","balance_statement","0"
"4491","2817","2026-03-21","postal","promo_email","0"
"4492","2819","2024-10-03","postal","promo_email","0"
"4493","2820","2023-11-07","email","promo_email","1"
"4494","2820","2024-09-07","email","balance_statement","0"
"4495","2820","2025-10-01","email","balance_statement","0"
"4496","2821","2024-01-20","postal","service_alert","0"
"4497","2823","2025-11-25","push","balance_statement","0"
"4498","2824","2023-10-09","email","balance_statement","0"
"4499","2824","2025-05-11","email","balance_statement","0"
"4500","2825","2025-09-09","email","promo_email","0"
"4501","2826","2026-02-22","email","service_alert","0"
"4502","2827","2026-06-23","email","promo_email","1"
"4503","2828","2026-06-02","email","balance_statement","1"
"4504","2829","2022-10-15","email","balance_statement","0"
"4505","2830","2022-05-28","email","promo_email","0"
"4506","2830","2023-12-27","email","balance_statement","0"
"4507","2830","2025-11-20","email","balance_statement","0"
"4508","2831","2020-10-12","push","promo_email","1"
"4509","2831","2021-12-15","postal","promo_email","1"
"4510","2831","2022-07-02","push","balance_statement","1"
"4511","2831","2024-10-20","push","balance_statement","1"
"4512","2831","2025-02-27","postal","balance_statement","1"
"4513","2832","2025-11-23","push","promo_email","0"
"4514","2835","2024-08-03","email","promo_email","0"
"4515","2835","2025-12-07","push","balance_statement","0"
"4516","2836","2022-10-26","email","balance_statement","0"
"4517","2836","2023-10-01","push","service_alert","0"
"4518","2837","2025-02-25","postal","promo_email","0"
"4519","2837","2026-03-27","push","balance_statement","0"
"4520","2838","2026-03-11","postal","balance_statement","0"
"4521","2839","2021-11-04","postal","promo_email","0"
"4522","2839","2022-11-22","email","promo_email","0"
"4523","2839","2024-03-16","email","promo_email","0"
"4524","2839","2025-01-01","push","balance_statement","0"
"4525","2839","2026-05-12","email","balance_statement","0"
"4526","2840","2026-03-04","email","balance_statement","0"
"4527","2841","2025-10-26","email","promo_email","0"
"4528","2843","2021-04-24","email","promo_email","1"
"4529","2843","2023-08-12","email","balance_statement","0"
"4530","2843","2024-05-25","email","balance_statement","0"
"4531","2844","2024-06-22","email","balance_statement","0"
"4532","2844","2025-08-21","email","balance_statement","0"
"4533","2844","2026-02-26","email","balance_statement","0"
"4534","2845","2024-05-23","email","promo_email","0"
"4535","2845","2025-12-06","email","service_alert","1"
"4536","2845","2026-03-02","email","service_alert","0"
"4537","2846","2023-01-17","push","promo_email","0"
"4538","2846","2025-12-06","email","promo_email","0"
"4539","2847","2022-02-09","email","promo_email","1"
"4540","2847","2024-06-02","email","balance_statement","1"
"4541","2847","2025-03-01","email","promo_email","1"
"4542","2847","2026-05-27","postal","promo_email","1"
"4543","2848","2026-06-07","email","balance_statement","0"
"4544","2849","2024-07-09","email","promo_email","0"
"4545","2849","2025-11-05","email","balance_statement","0"
"4546","2852","2024-07-28","email","promo_email","0"
"4547","2852","2025-10-02","postal","service_alert","0"
"4548","2852","2026-06-10","postal","balance_statement","0"
"4549","2853","2024-03-24","email","balance_statement","0"
"4550","2853","2025-10-23","email","balance_statement","0"
"4551","2854","2026-04-12","email","balance_statement","1"
"4552","2855","2025-06-03","postal","service_alert","0"
"4553","2856","2026-02-27","push","balance_statement","0"
"4554","2857","2025-11-26","postal","promo_email","0"
"4555","2858","2025-09-20","email","promo_email","0"
"4556","2860","2024-03-08","postal","balance_statement","0"
"4557","2860","2025-03-05","email","promo_email","0"
"4558","2860","2026-04-20","push","balance_statement","0"
"4559","2861","2024-06-28","email","promo_email","0"
"4560","2861","2025-08-19","postal","balance_statement","0"
"4561","2862","2022-10-15","push","promo_email","0"
"4562","2862","2025-10-11","postal","service_alert","0"
"4563","2862","2026-04-15","postal","promo_email","0"
"4564","2863","2022-10-19","email","promo_email","0"
"4565","2863","2023-06-02","push","service_alert","0"
"4566","2863","2024-07-22","email","balance_statement","0"
"4567","2863","2025-10-23","email","balance_statement","0"
"4568","2865","2023-09-01","email","promo_email","1"
"4569","2865","2024-01-05","email","balance_statement","0"
"4570","2865","2025-08-01","postal","balance_statement","0"
"4571","2867","2024-03-16","email","promo_email","1"
"4572","2868","2025-11-18","postal","balance_statement","0"
"4573","2869","2025-11-16","postal","promo_email","0"
"4574","2870","2024-06-18","postal","promo_email","0"
"4575","2870","2025-06-08","postal","balance_statement","0"
"4576","2871","2025-11-19","email","promo_email","0"
"4577","2874","2024-08-09","email","balance_statement","0"
"4578","2875","2024-01-03","email","promo_email","0"
"4579","2876","2020-11-12","push","balance_statement","0"
"4580","2876","2021-07-02","email","promo_email","0"
"4581","2876","2023-08-09","email","balance_statement","0"
"4582","2876","2025-10-07","email","promo_email","0"
"4583","2877","2022-08-16","email","promo_email","0"
"4584","2877","2023-06-13","email","promo_email","0"
"4585","2877","2024-01-18","email","service_alert","0"
"4586","2880","2023-09-08","postal","balance_statement","0"
"4587","2880","2026-03-20","push","service_alert","0"
"4588","2881","2024-10-23","postal","balance_statement","0"
"4589","2881","2025-10-27","push","balance_statement","0"
"4590","2882","2022-10-24","push","service_alert","0"
"4591","2882","2023-01-17","email","balance_statement","1"
"4592","2882","2024-02-20","postal","promo_email","0"
"4593","2882","2025-08-07","email","promo_email","0"
"4594","2882","2026-02-23","email","promo_email","0"
"4595","2883","2022-07-03","email","promo_email","0"
"4596","2883","2025-04-08","postal","balance_statement","0"
"4597","2884","2023-05-19","email","balance_statement","0"
"4598","2884","2024-06-12","postal","service_alert","0"
"4599","2888","2024-03-19","postal","promo_email","0"
"4600","2888","2025-10-06","postal","promo_email","0"
"4601","2889","2025-06-26","push","promo_email","1"
"4602","2890","2024-11-16","email","balance_statement","0"
"4603","2891","2026-01-18","postal","promo_email","1"
"4604","2892","2021-05-19","email","promo_email","0"
"4605","2892","2022-07-07","push","balance_statement","0"
"4606","2892","2023-10-03","email","balance_statement","0"
"4607","2892","2024-04-07","email","service_alert","0"
"4608","2892","2025-02-03","email","promo_email","0"
"4609","2893","2024-11-07","email","balance_statement","0"
"4610","2893","2025-04-18","postal","balance_statement","0"
"4611","2894","2022-10-12","email","promo_email","0"
"4612","2894","2024-03-05","postal","balance_statement","0"
"4613","2895","2025-04-19","email","promo_email","1"
"4614","2896","2024-08-04","email","promo_email","0"
"4615","2896","2025-04-19","email","service_alert","0"
"4616","2896","2026-05-22","email","promo_email","1"
"4617","2897","2021-02-05","email","service_alert","0"
"4618","2897","2022-04-13","email","balance_statement","0"
"4619","2897","2023-06-04","email","service_alert","0"
"4620","2897","2024-01-09","email","service_alert","0"
"4621","2898","2025-10-15","email","balance_statement","0"
"4622","2899","2022-09-28","email","service_alert","0"
"4623","2899","2023-01-18","postal","balance_statement","0"
"4624","2900","2024-10-23","push","balance_statement","1"
"4625","2900","2025-08-09","postal","promo_email","0"
"4626","2900","2026-02-02","postal","balance_statement","0"
"4627","2902","2024-03-06","email","promo_email","0"
"4628","2903","2024-07-12","email","promo_email","0"
"4629","2903","2025-06-18","email","promo_email","1"
"4630","2905","2023-02-13","email","promo_email","0"
"4631","2905","2024-03-13","push","balance_statement","0"
"4632","2905","2025-06-16","postal","promo_email","1"
"4633","2906","2023-05-16","email","balance_statement","0"
"4634","2906","2026-03-01","postal","balance_statement","0"
"4635","2907","2025-10-01","push","balance_statement","0"
"4636","2908","2022-05-23","email","balance_statement","0"
"4637","2908","2023-10-20","push","balance_statement","0"
"4638","2908","2024-10-13","email","promo_email","0"
"4639","2908","2025-08-04","email","service_alert","0"
"4640","2908","2026-06-03","postal","balance_statement","0"
"4641","2909","2019-11-14","email","balance_statement","0"
"4642","2909","2020-10-19","postal","balance_statement","0"
"4643","2909","2021-12-03","push","promo_email","1"
"4644","2909","2023-11-16","email","promo_email","0"
"4645","2910","2024-05-16","push","balance_statement","1"
"4646","2910","2026-03-03","postal","promo_email","0"
"4647","2911","2024-12-11","postal","promo_email","0"
"4648","2912","2021-01-08","email","promo_email","0"
"4649","2912","2024-10-28","email","balance_statement","0"
"4650","2912","2025-07-24","push","balance_statement","0"
"4651","2914","2025-05-09","email","balance_statement","0"
"4652","2914","2026-06-02","push","promo_email","0"
"4653","2915","2019-11-12","push","promo_email","0"
"4654","2915","2021-01-26","email","service_alert","0"
"4655","2915","2022-07-02","push","promo_email","0"
"4656","2915","2025-02-24","email","promo_email","0"
"4657","2915","2026-06-15","push","promo_email","0"
"4658","2916","2026-05-27","email","balance_statement","0"
"4659","2918","2026-06-10","email","balance_statement","0"
"4660","2919","2024-03-18","postal","balance_statement","0"
"4661","2919","2025-03-18","postal","balance_statement","0"
"4662","2921","2022-04-25","email","balance_statement","0"
"4663","2921","2023-10-07","email","service_alert","0"
"4664","2921","2024-01-11","postal","service_alert","0"
"4665","2922","2025-11-17","email","balance_statement","0"
"4666","2922","2026-04-21","postal","balance_statement","0"
"4667","2923","2022-08-04","email","balance_statement","0"
"4668","2923","2023-10-08","email","balance_statement","0"
"4669","2923","2024-05-27","email","promo_email","0"
"4670","2923","2025-05-21","email","balance_statement","0"
"4671","2924","2024-03-01","email","promo_email","0"
"4672","2924","2025-03-08","email","promo_email","0"
"4673","2926","2024-03-19","email","promo_email","0"
"4674","2927","2020-10-01","push","promo_email","0"
"4675","2927","2022-01-06","postal","service_alert","0"
"4676","2927","2023-06-02","push","service_alert","0"
"4677","2927","2024-01-28","postal","promo_email","0"
"4678","2927","2026-02-08","email","promo_email","0"
"4679","2928","2019-05-15","push","promo_email","0"
"4680","2928","2026-04-13","email","balance_statement","0"
"4681","2929","2021-12-28","email","balance_statement","0"
"4682","2929","2023-06-20","push","balance_statement","0"
"4683","2929","2025-10-01","email","promo_email","0"
"4684","2931","2026-05-20","email","balance_statement","0"
"4685","2933","2022-09-05","postal","promo_email","0"
"4686","2933","2024-07-09","email","balance_statement","0"
"4687","2934","2024-06-24","postal","balance_statement","0"
"4688","2934","2025-09-21","email","promo_email","0"
"4689","2934","2026-02-26","push","service_alert","0"
"4690","2937","2023-11-10","email","balance_statement","0"
"4691","2937","2024-01-07","postal","promo_email","0"
"4692","2938","2022-07-25","email","balance_statement","0"
"4693","2938","2023-08-12","email","balance_statement","1"
"4694","2938","2026-05-06","email","balance_statement","0"
"4695","2939","2020-09-25","email","balance_statement","0"
"4696","2939","2021-04-09","postal","promo_email","0"
"4697","2939","2022-12-25","email","promo_email","0"
"4698","2939","2023-12-22","push","promo_email","0"
"4699","2939","2024-10-01","postal","promo_email","0"
"4700","2939","2025-08-03","postal","service_alert","1"
"4701","2941","2026-05-25","postal","balance_statement","0"
"4702","2942","2025-04-06","email","promo_email","1"
"4703","2943","2019-08-02","push","balance_statement","0"
"4704","2943","2020-05-28","email","service_alert","0"
"4705","2943","2021-07-02","email","balance_statement","0"
"4706","2943","2024-02-22","email","promo_email","0"
"4707","2944","2025-07-15","push","service_alert","0"
"4708","2944","2026-02-08","email","balance_statement","0"
"4709","2945","2023-09-05","email","balance_statement","0"
"4710","2945","2025-09-07","push","balance_statement","0"
"4711","2946","2026-04-21","postal","promo_email","0"
"4712","2947","2025-09-21","email","balance_statement","0"
"4713","2949","2025-04-11","email","balance_statement","0"
"4714","2950","2026-01-23","email","service_alert","1"
"4715","2951","2022-07-14","email","service_alert","0"
"4716","2951","2023-12-22","email","balance_statement","0"
"4717","2951","2024-01-28","email","service_alert","0"
"4718","2952","2025-09-07","push","balance_statement","0"
"4719","2954","2023-11-17","email","service_alert","0"
"4720","2954","2024-12-07","push","balance_statement","0"
"4721","2954","2025-07-09","postal","balance_statement","0"
"4722","2956","2025-07-04","email","promo_email","0"
"4723","2957","2025-11-09","push","balance_statement","0"
"4724","2958","2024-11-21","postal","balance_statement","0"
"4725","2958","2025-09-22","email","balance_statement","0"
"4726","2959","2025-05-03","email","promo_email","0"
"4727","2960","2023-08-14","email","service_alert","0"
"4728","2960","2026-05-04","postal","balance_statement","0"
"4729","2961","2024-05-13","push","promo_email","0"
"4730","2961","2025-07-14","email","promo_email","0"
"4731","2962","2025-12-22","push","balance_statement","1"
"4732","2962","2026-02-01","push","service_alert","1"
"4733","2964","2023-02-10","email","balance_statement","0"
"4734","2964","2024-09-09","email","service_alert","0"
"4735","2964","2025-01-26","email","balance_statement","0"
"4736","2965","2023-12-05","push","service_alert","0"
"4737","2965","2024-10-22","email","balance_statement","0"
"4738","2967","2024-10-09","email","promo_email","0"
"4739","2967","2025-05-04","email","promo_email","0"
"4740","2969","2023-04-06","email","balance_statement","0"
"4741","2969","2026-04-22","push","balance_statement","0"
"4742","2970","2020-10-20","email","balance_statement","0"
"4743","2970","2021-08-11","email","promo_email","0"
"4744","2970","2024-11-19","email","balance_statement","0"
"4745","2970","2025-01-11","email","balance_statement","0"
"4746","2970","2026-02-16","email","promo_email","0"
"4747","2971","2023-12-24","push","balance_statement","0"
"4748","2971","2025-06-28","email","promo_email","0"
"4749","2972","2025-07-06","email","promo_email","0"
"4750","2973","2023-02-17","email","balance_statement","0"
"4751","2973","2024-11-03","email","service_alert","0"
"4752","2973","2025-01-23","email","balance_statement","0"
"4753","2974","2024-08-21","email","balance_statement","0"
"4754","2974","2025-04-11","email","service_alert","0"
"4755","2975","2026-05-08","push","balance_statement","0"
"4756","2977","2026-06-25","email","balance_statement","0"
"4757","2978","2024-07-20","email","promo_email","0"
"4758","2980","2024-05-09","email","promo_email","1"
"4759","2981","2022-11-09","email","balance_statement","0"
"4760","2981","2023-05-17","email","balance_statement","0"
"4761","2981","2025-10-10","postal","balance_statement","0"
"4762","2982","2024-12-06","email","balance_statement","1"
"4763","2982","2025-12-01","email","promo_email","1"
"4764","2982","2026-03-27","push","promo_email","1"
"4765","2983","2026-04-08","email","balance_statement","0"
"4766","2986","2025-08-03","email","balance_statement","0"
"4767","2987","2025-08-23","email","balance_statement","0"
"4768","2988","2022-12-06","email","promo_email","0"
"4769","2988","2024-07-06","email","service_alert","0"
"4770","2988","2025-04-15","postal","balance_statement","0"
"4771","2989","2025-11-02","email","promo_email","1"
"4772","2990","2022-08-14","postal","promo_email","0"
"4773","2990","2023-06-13","email","service_alert","0"
"4774","2990","2025-04-06","postal","promo_email","0"
"4775","2991","2022-03-10","postal","promo_email","0"
"4776","2991","2023-11-12","email","balance_statement","0"
"4777","2991","2024-04-25","postal","balance_statement","0"
"4778","2992","2024-08-27","email","promo_email","0"
"4779","2992","2025-08-08","email","balance_statement","0"
"4780","2994","2025-01-25","email","balance_statement","0"
"4781","2995","2024-08-16","email","balance_statement","0"
"4782","2995","2025-08-11","email","balance_statement","0"
"4783","2996","2025-07-18","email","balance_statement","1"
"4784","2996","2026-01-27","email","balance_statement","0"
"4785","2997","2026-06-16","email","balance_statement","0"
"4786","2998","2023-08-04","email","promo_email","1"
"4787","2999","2024-09-20","postal","promo_email","0"
"4788","3000","2024-11-26","email","balance_statement","0"
"4789","3000","2025-10-28","push","promo_email","0"
"4790","3001","2024-09-24","email","service_alert","0"
"4791","3001","2025-09-14","postal","balance_statement","0"
"4792","3002","2022-09-23","email","balance_statement","0"
"4793","3002","2023-09-15","postal","balance_statement","0"
"4794","3002","2024-08-19","push","promo_email","0"
"4795","3002","2025-04-09","postal","balance_statement","0"
"4796","3005","2025-11-10","email","balance_statement","0"
"4797","3005","2026-05-12","email","promo_email","0"
"4798","3007","2022-11-19","push","promo_email","0"
"4799","3007","2023-07-24","postal","balance_statement","0"
"4800","3007","2024-07-04","postal","promo_email","0"
"4801","3008","2022-10-13","push","promo_email","0"
"4802","3008","2025-03-03","email","service_alert","1"
"4803","3009","2020-09-16","email","service_alert","0"
"4804","3009","2021-06-26","email","promo_email","0"
"4805","3010","2025-07-05","email","balance_statement","0"
"4806","3013","2024-10-25","email","promo_email","0"
"4807","3013","2025-09-10","email","promo_email","0"
"4808","3014","2020-09-26","email","service_alert","1"
"4809","3015","2023-02-01","email","promo_email","0"
"4810","3015","2025-02-15","email","promo_email","0"
"4811","3016","2021-11-18","postal","balance_statement","0"
"4812","3016","2023-08-18","postal","promo_email","0"
"4813","3016","2025-09-18","postal","promo_email","0"
"4814","3016","2026-05-06","email","balance_statement","0"
"4815","3018","2025-06-03","email","balance_statement","1"
"4816","3019","2025-10-24","email","promo_email","0"
"4817","3021","2025-10-09","postal","balance_statement","0"
"4818","3023","2024-08-28","postal","service_alert","0"
"4819","3023","2026-05-28","postal","promo_email","0"
"4820","3027","2024-12-22","email","promo_email","0"
"4821","3027","2025-12-18","email","promo_email","0"
"4822","3028","2022-05-02","postal","promo_email","0"
"4823","3028","2025-05-02","postal","balance_statement","0"
"4824","3028","2026-01-20","email","promo_email","0"
"4825","3030","2026-06-02","push","promo_email","0"
"4826","3031","2023-05-28","email","balance_statement","0"
"4827","3031","2024-06-08","postal","promo_email","0"
"4828","3033","2024-10-25","postal","promo_email","0"
"4829","3033","2026-03-10","email","promo_email","0"
"4830","3035","2023-12-27","email","service_alert","0"
"4831","3035","2024-07-24","postal","balance_statement","0"
"4832","3038","2026-05-23","postal","balance_statement","0"
"4833","3040","2022-10-20","email","balance_statement","0"
"4834","3040","2023-11-28","email","balance_statement","0"
"4835","3040","2024-04-26","email","service_alert","1"
"4836","3040","2025-10-09","email","promo_email","1"
"4837","3040","2026-05-15","email","balance_statement","0"
"4838","3041","2024-07-15","email","balance_statement","0"
"4839","3042","2024-09-03","push","service_alert","1"
"4840","3042","2025-09-12","email","promo_email","0"
"4841","3044","2025-07-15","email","promo_email","0"
"4842","3044","2026-05-02","postal","promo_email","0"
"4843","3045","2025-04-10","email","promo_email","0"
"4844","3046","2022-11-02","email","promo_email","0"
"4845","3046","2024-12-05","email","service_alert","0"
"4846","3046","2025-09-20","postal","promo_email","0"
"4847","3048","2020-10-03","email","promo_email","0"
"4848","3048","2021-06-04","email","balance_statement","0"
"4849","3048","2023-05-24","email","balance_statement","0"
"4850","3048","2024-08-01","postal","balance_statement","0"
"4851","3050","2023-04-28","email","promo_email","0"
"4852","3050","2025-09-15","email","balance_statement","0"
"4853","3051","2023-10-21","email","balance_statement","0"
"4854","3051","2024-11-06","email","service_alert","0"
"4855","3052","2024-05-26","push","service_alert","0"
"4856","3053","2023-08-03","email","balance_statement","0"
"4857","3057","2021-07-24","email","promo_email","0"
"4858","3057","2022-12-27","push","promo_email","0"
"4859","3057","2023-01-20","email","promo_email","0"
"4860","3057","2024-07-13","postal","balance_statement","1"
"4861","3058","2024-09-19","email","balance_statement","0"
"4862","3058","2025-03-20","push","balance_statement","0"
"4863","3059","2021-07-24","email","balance_statement","0"
"4864","3059","2022-12-02","email","promo_email","0"
"4865","3059","2023-12-24","email","promo_email","0"
"4866","3059","2024-09-15","postal","balance_statement","0"
"4867","3059","2025-06-28","postal","balance_statement","0"
"4868","3061","2026-04-17","email","promo_email","0"
"4869","3062","2025-03-15","email","promo_email","0"
"4870","3063","2025-05-01","postal","balance_statement","0"
"4871","3064","2024-02-04","postal","balance_statement","1"
"4872","3065","2022-01-02","email","promo_email","0"
"4873","3065","2023-06-07","email","promo_email","0"
"4874","3066","2025-10-27","postal","balance_statement","0"
"4875","3068","2023-12-11","postal","balance_statement","0"
"4876","3069","2021-01-08","email","service_alert","0"
"4877","3069","2022-07-24","email","balance_statement","0"
"4878","3069","2025-02-20","email","balance_statement","1"
"4879","3071","2023-07-10","postal","balance_statement","0"
"4880","3071","2026-05-13","email","balance_statement","0"
"4881","3072","2025-09-04","email","balance_statement","0"
"4882","3072","2026-02-11","push","service_alert","0"
"4883","3076","2020-12-01","email","promo_email","0"
"4884","3076","2022-05-22","email","promo_email","0"
"4885","3077","2019-05-21","email","service_alert","0"
"4886","3077","2020-10-03","email","service_alert","1"
"4887","3077","2021-09-06","postal","balance_statement","0"
"4888","3077","2023-09-25","email","balance_statement","0"
"4889","3077","2024-06-11","push","balance_statement","0"
"4890","3081","2025-10-04","email","promo_email","0"
"4891","3082","2024-08-04","push","balance_statement","0"
"4892","3083","2020-01-02","email","balance_statement","0"
"4893","3083","2021-08-03","push","promo_email","0"
"4894","3083","2022-12-20","email","service_alert","1"
"4895","3083","2023-03-23","email","promo_email","0"
"4896","3083","2024-09-25","email","balance_statement","0"
"4897","3083","2025-06-23","email","balance_statement","0"
"4898","3084","2025-03-08","email","balance_statement","0"
"4899","3085","2024-12-17","email","balance_statement","0"
"4900","3085","2025-08-02","email","balance_statement","0"
"4901","3086","2026-03-05","email","promo_email","0"
"4902","3087","2023-12-02","email","promo_email","0"
"4903","3087","2024-01-14","email","promo_email","0"
"4904","3088","2023-12-16","push","promo_email","0"
"4905","3088","2024-08-08","postal","balance_statement","0"
"4906","3088","2025-07-11","email","balance_statement","0"
"4907","3089","2022-10-13","email","promo_email","0"
"4908","3089","2025-09-15","email","service_alert","0"
"4909","3092","2021-01-10","email","balance_statement","0"
"4910","3092","2022-06-19","email","balance_statement","0"
"4911","3092","2023-03-27","email","promo_email","0"
"4912","3092","2025-07-17","email","balance_statement","0"
"4913","3093","2025-11-17","postal","promo_email","0"
"4914","3093","2026-06-08","email","balance_statement","0"
"4915","3094","2024-11-15","postal","promo_email","0"
"4916","3094","2025-01-28","email","service_alert","1"
"4917","3094","2026-01-20","push","balance_statement","0"
"4918","3096","2022-07-27","push","promo_email","0"
"4919","3096","2023-03-04","postal","balance_statement","0"
"4920","3096","2025-08-12","postal","promo_email","0"
"4921","3096","2026-06-12","email","service_alert","0"
"4922","3097","2026-02-04","email","balance_statement","0"
"4923","3099","2026-05-18","postal","balance_statement","0"
"4924","3100","2025-10-04","email","service_alert","0"
"4925","3101","2023-02-26","postal","promo_email","0"
"4926","3101","2024-02-08","email","service_alert","0"
"4927","3104","2023-08-17","email","promo_email","0"
"4928","3104","2024-04-08","email","promo_email","0"
"4929","3104","2026-02-09","email","balance_statement","0"
"4930","3105","2022-01-12","postal","balance_statement","0"
"4931","3105","2026-06-20","email","service_alert","0"
"4932","3107","2020-08-11","postal","promo_email","0"
"4933","3107","2021-01-27","push","promo_email","0"
"4934","3109","2024-04-24","push","promo_email","0"
"4935","3109","2025-04-13","push","balance_statement","0"
"4936","3110","2023-08-07","push","balance_statement","0"
"4937","3111","2023-10-11","push","balance_statement","0"
"4938","3111","2024-12-27","push","service_alert","0"
"4939","3111","2025-10-13","push","balance_statement","0"
"4940","3112","2023-03-08","email","balance_statement","0"
"4941","3112","2024-06-14","email","promo_email","1"
"4942","3114","2022-05-11","postal","balance_statement","0"
"4943","3114","2024-08-02","email","promo_email","0"
"4944","3115","2026-02-04","email","balance_statement","0"
"4945","3116","2021-09-24","email","balance_statement","0"
"4946","3116","2024-10-18","email","promo_email","0"
"4947","3118","2024-03-14","email","balance_statement","0"
"4948","3118","2026-01-25","push","balance_statement","0"
"4949","3119","2024-11-20","email","balance_statement","0"
"4950","3119","2025-03-06","postal","service_alert","0"
"4951","3121","2021-09-26","email","promo_email","0"
"4952","3121","2022-10-21","postal","balance_statement","0"
"4953","3121","2024-02-14","email","promo_email","0"
"4954","3121","2025-12-25","email","balance_statement","1"
"4955","3122","2019-12-25","email","balance_statement","0"
"4956","3122","2021-05-19","postal","promo_email","0"
"4957","3122","2023-03-01","email","service_alert","0"
"4958","3122","2025-05-07","email","balance_statement","0"
"4959","3122","2026-03-22","postal","balance_statement","0"
"4960","3123","2024-10-27","email","promo_email","1"
"4961","3123","2026-06-02","email","service_alert","0"
"4962","3125","2023-10-11","email","promo_email","0"
"4963","3125","2024-10-05","email","balance_statement","0"
"4964","3125","2025-12-14","email","promo_email","0"
"4965","3126","2022-02-25","email","balance_statement","0"
"4966","3126","2023-04-18","postal","service_alert","0"
"4967","3126","2024-01-23","email","balance_statement","0"
"4968","3127","2022-05-13","email","promo_email","0"
"4969","3127","2025-10-23","postal","service_alert","0"
"4970","3128","2022-01-15","push","balance_statement","0"
"4971","3128","2023-01-10","push","promo_email","0"
"4972","3129","2024-03-21","push","balance_statement","0"
"4973","3131","2023-04-22","email","promo_email","1"
"4974","3131","2025-03-03","postal","balance_statement","1"
"4975","3131","2026-04-10","push","promo_email","1"
"4976","3132","2024-12-28","email","balance_statement","0"
"4977","3132","2025-09-05","postal","balance_statement","0"
"4978","3133","2025-02-12","push","promo_email","0"
"4979","3134","2024-02-13","email","balance_statement","0"
"4980","3134","2025-01-17","postal","balance_statement","0"
"4981","3134","2026-03-01","email","promo_email","1"
"4982","3135","2025-11-11","push","balance_statement","0"
"4983","3136","2026-01-04","email","promo_email","0"
"4984","3137","2024-05-10","push","balance_statement","0"
"4985","3138","2023-05-09","postal","promo_email","0"
"4986","3138","2025-10-26","push","promo_email","0"
"4987","3139","2023-12-06","postal","promo_email","0"
"4988","3139","2024-06-11","postal","service_alert","0"
"4989","3139","2025-12-11","email","promo_email","0"
"4990","3140","2025-08-19","email","balance_statement","0"
"4991","3140","2026-05-11","push","balance_statement","0"
"4992","3141","2021-08-13","email","balance_statement","0"
"4993","3141","2025-06-16","postal","balance_statement","0"
"4994","3142","2025-07-24","email","balance_statement","0"
"4995","3143","2023-09-14","email","promo_email","0"
"4996","3143","2024-06-11","push","promo_email","0"
"4997","3143","2025-11-26","postal","promo_email","0"
"4998","3145","2021-10-16","email","balance_statement","0"
"4999","3145","2022-01-22","email","balance_statement","0"
"5000","3145","2024-12-12","email","balance_statement","0"
"5001","3147","2026-04-05","push","promo_email","0"
"5002","3148","2025-03-04","email","promo_email","0"
"5003","3148","2026-03-24","push","promo_email","0"
"5004","3149","2021-05-26","postal","balance_statement","0"
"5005","3149","2022-09-01","email","promo_email","0"
"5006","3149","2024-09-12","postal","promo_email","0"
"5007","3149","2026-03-16","postal","balance_statement","0"
"5008","3150","2021-06-12","email","balance_statement","0"
"5009","3150","2022-08-05","email","promo_email","0"
"5010","3150","2023-02-14","push","promo_email","0"
"5011","3150","2024-09-12","email","service_alert","0"
"5012","3150","2025-04-25","postal","promo_email","0"
"5013","3151","2024-05-08","postal","service_alert","0"
"5014","3151","2025-03-08","email","promo_email","1"
"5015","3151","2026-03-21","email","balance_statement","0"
"5016","3152","2024-08-01","postal","balance_statement","0"
"5017","3154","2025-12-21","email","balance_statement","0"
"5018","3154","2026-04-12","email","balance_statement","0"
"5019","3155","2022-11-27","postal","promo_email","0"
"5020","3155","2023-06-28","email","promo_email","0"
"5021","3155","2024-08-19","email","balance_statement","1"
"5022","3157","2022-01-16","email","balance_statement","0"
"5023","3157","2023-09-07","email","service_alert","1"
"5024","3157","2024-11-09","email","balance_statement","0"
"5025","3157","2025-05-12","push","promo_email","0"
"5026","3157","2026-02-09","email","balance_statement","0"
"5027","3158","2022-02-11","postal","service_alert","0"
"5028","3158","2023-09-24","postal","balance_statement","0"
"5029","3158","2024-02-02","postal","promo_email","0"
"5030","3158","2025-02-15","email","promo_email","0"
"5031","3158","2026-01-27","email","promo_email","0"
"5032","3159","2021-07-13","email","promo_email","1"
"5033","3159","2023-07-24","email","service_alert","0"
"5034","3159","2024-06-03","push","promo_email","0"
"5035","3159","2025-03-27","email","balance_statement","0"
"5036","3161","2024-05-16","postal","balance_statement","0"
"5037","3161","2025-10-09","push","promo_email","1"
"5038","3162","2024-10-13","email","promo_email","0"
"5039","3162","2025-10-28","postal","promo_email","0"
"5040","3163","2022-11-01","email","balance_statement","0"
"5041","3163","2025-04-06","email","balance_statement","0"
"5042","3164","2025-06-09","email","balance_statement","0"
"5043","3165","2024-08-07","email","balance_statement","0"
"5044","3166","2025-10-11","email","balance_statement","0"
"5045","3167","2026-05-26","email","promo_email","0"
"5046","3168","2022-03-14","email","promo_email","0"
"5047","3168","2023-05-09","postal","balance_statement","0"
"5048","3168","2025-09-10","email","promo_email","0"
"5049","3171","2023-11-16","push","balance_statement","0"
"5050","3171","2024-08-21","email","promo_email","0"
"5051","3172","2026-02-02","email","promo_email","0"
"5052","3174","2022-03-02","email","promo_email","0"
"5053","3174","2023-02-10","postal","balance_statement","0"
"5054","3174","2024-07-23","email","promo_email","0"
"5055","3174","2025-11-02","email","balance_statement","0"
"5056","3175","2025-10-16","email","balance_statement","0"
"5057","3176","2022-09-24","email","promo_email","0"
"5058","3176","2023-11-01","email","promo_email","0"
"5059","3176","2024-02-01","email","service_alert","0"
"5060","3176","2025-06-06","push","balance_statement","0"
"5061","3177","2020-08-12","email","balance_statement","0"
"5062","3177","2024-04-15","push","promo_email","0"
"5063","3177","2025-03-28","email","service_alert","0"
"5064","3177","2026-03-11","postal","balance_statement","1"
"5065","3178","2022-10-11","email","balance_statement","0"
"5066","3178","2023-12-11","postal","balance_statement","0"
"5067","3178","2025-07-02","push","promo_email","0"
"5068","3179","2021-03-09","email","balance_statement","0"
"5069","3179","2022-05-12","email","balance_statement","0"
"5070","3179","2024-08-27","push","promo_email","0"
"5071","3180","2022-12-19","email","service_alert","0"
"5072","3180","2023-12-11","push","balance_statement","0"
"5073","3180","2024-08-22","push","service_alert","0"
"5074","3180","2025-12-28","push","promo_email","0"
"5075","3180","2026-03-25","email","promo_email","0"
"5076","3181","2020-11-27","email","service_alert","0"
"5077","3181","2021-05-15","postal","balance_statement","0"
"5078","3181","2022-09-20","email","balance_statement","0"
"5079","3181","2024-12-18","email","promo_email","0"
"5080","3181","2025-09-22","postal","balance_statement","0"
"5081","3181","2026-05-10","email","service_alert","0"
"5082","3182","2021-06-05","postal","promo_email","0"
"5083","3182","2022-06-03","email","promo_email","0"
"5084","3182","2023-09-23","email","balance_statement","0"
"5085","3182","2024-02-09","email","balance_statement","1"
"5086","3183","2025-05-14","email","promo_email","0"
"5087","3185","2026-02-04","push","balance_statement","0"
"5088","3186","2025-01-08","email","promo_email","0"
"5089","3187","2024-09-26","push","promo_email","0"
"5090","3190","2025-01-22","email","balance_statement","0"
"5091","3191","2025-01-04","email","balance_statement","0"
"5092","3192","2026-04-04","postal","promo_email","0"
"5093","3194","2022-12-25","email","balance_statement","0"
"5094","3194","2023-11-16","email","balance_statement","0"
"5095","3194","2024-09-22","email","promo_email","0"
"5096","3194","2025-05-01","push","service_alert","0"
"5097","3195","2025-11-03","email","service_alert","0"
"5098","3195","2026-03-05","email","promo_email","1"
"5099","3196","2025-05-06","email","balance_statement","0"
"5100","3196","2026-04-17","email","balance_statement","0"
"5101","3197","2024-12-23","email","balance_statement","0"
"5102","3197","2025-05-22","email","service_alert","0"
"5103","3199","2020-03-19","push","balance_statement","0"
"5104","3199","2023-03-09","postal","balance_statement","0"
"5105","3199","2024-04-23","email","balance_statement","0"
"5106","3199","2025-10-16","postal","promo_email","0"
"5107","3201","2023-05-11","email","balance_statement","0"
"5108","3202","2025-06-01","email","balance_statement","0"
"5109","3203","2021-09-13","postal","service_alert","0"
"5110","3203","2024-11-15","postal","promo_email","0"
"5111","3203","2026-01-21","push","promo_email","0"
"5112","3204","2026-05-01","email","balance_statement","0"
"5113","3205","2024-03-28","email","promo_email","0"
"5114","3205","2025-03-08","email","service_alert","1"
"5115","3206","2021-09-23","push","balance_statement","1"
"5116","3206","2024-11-20","email","balance_statement","0"
"5117","3206","2025-04-11","postal","promo_email","0"
"5118","3207","2022-05-03","email","service_alert","0"
"5119","3207","2023-10-03","email","balance_statement","0"
"5120","3207","2025-11-07","email","promo_email","0"
"5121","3207","2026-04-15","email","balance_statement","0"
"5122","3208","2024-01-04","email","balance_statement","0"
"5123","3208","2025-08-28","postal","promo_email","0"
"5124","3208","2026-04-11","push","promo_email","0"
"5125","3211","2021-07-26","push","balance_statement","0"
"5126","3211","2022-10-13","push","service_alert","0"
"5127","3212","2025-11-03","email","promo_email","0"
"5128","3214","2025-06-25","push","service_alert","0"
"5129","3214","2026-04-24","push","promo_email","0"
"5130","3215","2021-04-11","postal","promo_email","0"
"5131","3215","2024-01-15","push","balance_statement","0"
"5132","3215","2025-04-15","email","balance_statement","0"
"5133","3216","2024-06-07","push","balance_statement","0"
"5134","3216","2025-12-02","email","promo_email","0"
"5135","3216","2026-01-04","postal","balance_statement","0"
"5136","3217","2025-09-19","push","balance_statement","0"
"5137","3218","2020-02-03","postal","promo_email","0"
"5138","3218","2021-02-12","email","balance_statement","0"
"5139","3218","2025-02-20","email","balance_statement","0"
"5140","3219","2024-08-18","push","service_alert","0"
"5141","3219","2026-04-23","email","promo_email","0"
"5142","3220","2022-01-21","push","service_alert","0"
"5143","3220","2024-02-03","postal","balance_statement","0"
"5144","3220","2025-09-19","email","promo_email","0"
"5145","3221","2022-07-25","postal","service_alert","0"
"5146","3221","2023-08-20","email","balance_statement","0"
"5147","3221","2024-05-14","email","promo_email","0"
"5148","3222","2026-05-16","email","promo_email","0"
"5149","3224","2024-07-22","email","promo_email","1"
"5150","3224","2025-11-15","email","balance_statement","1"
"5151","3224","2026-02-28","push","promo_email","1"
"5152","3225","2024-05-15","push","service_alert","0"
"5153","3225","2025-10-16","email","balance_statement","0"
"5154","3225","2026-05-03","postal","balance_statement","0"
"5155","3226","2024-02-24","postal","balance_statement","0"
"5156","3226","2025-08-14","push","balance_statement","0"
"5157","3227","2020-10-01","email","balance_statement","0"
"5158","3227","2021-05-22","email","balance_statement","0"
"5159","3227","2022-08-23","postal","promo_email","0"
"5160","3227","2024-02-08","email","balance_statement","0"
"5161","3227","2025-04-19","postal","balance_statement","0"
"5162","3228","2025-05-26","email","balance_statement","0"
"5163","3230","2024-05-25","postal","promo_email","0"
"5164","3230","2025-03-08","email","promo_email","0"
"5165","3231","2025-09-21","postal","service_alert","0"
"5166","3231","2026-01-20","email","balance_statement","0"
"5167","3233","2020-07-10","email","promo_email","1"
"5168","3233","2023-02-06","email","promo_email","1"
"5169","3233","2024-01-07","email","service_alert","1"
"5170","3233","2026-03-24","email","service_alert","1"
"5171","3234","2026-03-28","email","balance_statement","0"
"5172","3236","2026-03-26","postal","service_alert","0"
"5173","3237","2025-07-07","postal","promo_email","0"
"5174","3238","2022-09-07","postal","promo_email","0"
"5175","3238","2024-03-21","email","promo_email","0"
"5176","3238","2025-11-17","email","balance_statement","0"
"5177","3240","2022-09-03","push","service_alert","0"
"5178","3240","2024-05-09","email","promo_email","0"
"5179","3241","2020-06-27","postal","service_alert","0"
"5180","3241","2021-12-10","push","balance_statement","0"
"5181","3241","2022-12-21","email","promo_email","0"
"5182","3242","2025-12-22","email","promo_email","0"
"5183","3243","2023-05-21","email","balance_statement","0"
"5184","3243","2024-07-12","email","promo_email","0"
"5185","3243","2025-11-06","postal","promo_email","0"
"5186","3244","2022-03-14","postal","balance_statement","0"
"5187","3244","2023-05-11","postal","service_alert","0"
"5188","3244","2025-09-25","email","balance_statement","0"
"5189","3244","2026-02-06","push","promo_email","0"
"5190","3245","2025-11-10","email","balance_statement","0"
"5191","3246","2019-05-12","email","promo_email","0"
"5192","3246","2020-02-19","postal","promo_email","0"
"5193","3246","2024-08-01","push","promo_email","0"
"5194","3246","2025-02-13","email","balance_statement","0"
"5195","3247","2026-05-20","email","promo_email","1"
"5196","3248","2023-12-01","postal","service_alert","0"
"5197","3248","2024-08-24","push","balance_statement","0"
"5198","3249","2025-10-27","email","promo_email","1"
"5199","3250","2024-11-28","postal","balance_statement","0"
"5200","3250","2025-08-22","email","balance_statement","0"
"5201","3251","2024-11-06","email","promo_email","0"
"5202","3251","2025-05-26","push","service_alert","0"
"5203","3251","2026-06-03","email","service_alert","0"
"5204","3252","2023-07-13","email","balance_statement","0"
"5205","3252","2024-01-04","push","service_alert","0"
"5206","3252","2026-05-14","email","promo_email","0"
"5207","3253","2025-10-01","email","promo_email","0"
"5208","3254","2025-08-15","push","service_alert","0"
"5209","3255","2023-10-23","postal","balance_statement","0"
"5210","3255","2024-10-08","push","service_alert","0"
"5211","3256","2024-11-09","email","balance_statement","0"
"5212","3258","2024-12-26","email","promo_email","0"
"5213","3258","2025-06-09","email","balance_statement","0"
"5214","3259","2022-10-19","email","service_alert","0"
"5215","3259","2023-09-23","push","service_alert","0"
"5216","3259","2024-05-24","email","balance_statement","0"
"5217","3259","2025-09-25","email","service_alert","0"
"5218","3261","2024-11-12","postal","balance_statement","0"
"5219","3261","2025-01-02","email","service_alert","0"
"5220","3262","2021-09-25","email","balance_statement","0"
"5221","3262","2022-04-03","email","promo_email","0"
"5222","3262","2023-09-22","push","promo_email","0"
"5223","3262","2024-02-27","email","promo_email","0"
"5224","3262","2026-02-13","email","balance_statement","0"
"5225","3263","2024-06-02","email","promo_email","0"
"5226","3263","2025-02-23","email","promo_email","0"
"5227","3264","2026-04-03","email","service_alert","0"
"5228","3265","2025-08-17","postal","service_alert","0"
"5229","3265","2026-05-08","postal","balance_statement","0"
"5230","3266","2022-05-15","postal","service_alert","0"
"5231","3266","2023-07-07","push","promo_email","0"
"5232","3266","2025-02-23","postal","balance_statement","0"
"5233","3267","2023-04-09","email","balance_statement","0"
"5234","3267","2024-05-20","email","balance_statement","1"
"5235","3267","2025-10-08","push","balance_statement","1"
"5236","3268","2025-10-02","email","promo_email","0"
"5237","3268","2026-05-26","email","service_alert","0"
"5238","3269","2025-04-20","email","balance_statement","0"
"5239","3270","2023-10-04","push","promo_email","0"
"5240","3270","2024-08-25","push","service_alert","0"
"5241","3271","2023-02-06","email","balance_statement","0"
"5242","3271","2024-10-12","email","promo_email","0"
"5243","3271","2025-03-12","email","promo_email","0"
"5244","3272","2025-12-17","push","promo_email","0"
"5245","3273","2025-11-01","postal","balance_statement","0"
"5246","3273","2026-01-11","email","promo_email","0"
"5247","3274","2022-07-24","push","promo_email","1"
"5248","3275","2020-03-01","postal","service_alert","0"
"5249","3275","2021-04-02","email","balance_statement","0"
"5250","3275","2022-02-27","postal","service_alert","0"
"5251","3275","2023-03-21","email","promo_email","0"
"5252","3275","2024-05-22","email","balance_statement","0"
"5253","3275","2026-02-08","email","service_alert","0"
"5254","3276","2024-03-23","postal","promo_email","0"
"5255","3276","2025-10-27","email","balance_statement","0"
"5256","3277","2024-04-18","email","promo_email","0"
"5257","3277","2025-12-10","email","promo_email","0"
"5258","3279","2023-08-25","email","balance_statement","0"
"5259","3279","2025-10-26","postal","promo_email","0"
"5260","3280","2024-11-16","email","promo_email","0"
"5261","3280","2025-05-14","postal","balance_statement","0"
"5262","3280","2026-05-26","email","balance_statement","0"
"5263","3281","2026-03-02","postal","promo_email","0"
"5264","3285","2024-07-07","email","balance_statement","0"
"5265","3286","2024-11-18","postal","service_alert","0"
"5266","3287","2025-01-18","email","promo_email","0"
"5267","3289","2023-07-21","postal","balance_statement","0"
"5268","3291","2026-03-16","push","promo_email","0"
"5269","3292","2023-04-27","email","service_alert","0"
"5270","3292","2025-08-01","email","service_alert","0"
"5271","3292","2026-04-19","email","promo_email","0"
"5272","3293","2024-12-08","push","service_alert","0"
"5273","3293","2025-05-01","push","balance_statement","0"
"5274","3294","2025-02-15","email","service_alert","0"
"5275","3295","2025-10-23","postal","promo_email","0"
"5276","3295","2026-04-13","email","balance_statement","0"
"5277","3296","2025-06-22","email","balance_statement","0"
"5278","3298","2025-06-05","postal","service_alert","1"
"5279","3299","2025-02-14","email","balance_statement","0"
"5280","3299","2026-05-09","email","balance_statement","0"
"5281","3301","2023-12-09","email","balance_statement","0"
"5282","3301","2024-04-24","email","balance_statement","0"
"5283","3301","2025-03-11","email","balance_statement","1"
"5284","3302","2022-11-21","email","promo_email","0"
"5285","3302","2023-01-14","email","service_alert","0"
"5286","3302","2025-07-11","email","balance_statement","0"
"5287","3303","2025-03-12","email","service_alert","0"
"5288","3303","2026-05-19","push","service_alert","0"
"5289","3304","2025-10-25","email","balance_statement","0"
"5290","3305","2025-09-26","push","promo_email","0"
"5291","3305","2026-01-15","push","service_alert","0"
"5292","3308","2025-10-09","postal","balance_statement","0"
"5293","3309","2026-01-09","email","balance_statement","0"
"5294","3310","2020-08-13","email","promo_email","0"
"5295","3310","2021-07-06","postal","balance_statement","0"
"5296","3310","2022-09-07","email","promo_email","0"
"5297","3310","2023-07-25","email","promo_email","0"
"5298","3312","2023-11-09","email","promo_email","0"
"5299","3312","2026-05-18","push","balance_statement","0"
"5300","3313","2023-06-22","email","balance_statement","1"
"5301","3315","2025-09-21","email","balance_statement","0"
"5302","3316","2024-09-04","push","service_alert","0"
"5303","3316","2025-05-01","email","service_alert","0"
"5304","3318","2024-06-06","postal","promo_email","0"
"5305","3318","2025-05-05","email","balance_statement","0"
"5306","3319","2023-07-08","email","balance_statement","0"
"5307","3319","2024-05-09","email","balance_statement","0"
"5308","3319","2025-10-10","email","balance_statement","0"
"5309","3319","2026-04-02","postal","balance_statement","0"
"5310","3321","2022-11-24","push","promo_email","0"
"5311","3323","2026-03-24","push","promo_email","1"
"5312","3324","2020-04-26","email","promo_email","0"
"5313","3324","2021-04-12","email","balance_statement","0"
"5314","3324","2023-07-13","email","promo_email","0"
"5315","3324","2024-09-10","email","service_alert","0"
"5316","3324","2026-06-03","email","balance_statement","1"
"5317","3326","2024-05-14","push","promo_email","0"
"5318","3326","2025-04-26","push","promo_email","0"
"5319","3327","2023-08-25","postal","promo_email","0"
"5320","3327","2026-03-25","email","promo_email","0"
"5321","3331","2022-11-11","email","balance_statement","0"
"5322","3331","2023-06-16","postal","service_alert","0"
"5323","3331","2024-09-19","push","balance_statement","0"
"5324","3331","2025-08-23","push","balance_statement","0"
"5325","3332","2025-12-06","postal","promo_email","0"
"5326","3333","2023-11-15","email","promo_email","0"
"5327","3334","2023-08-21","email","balance_statement","0"
"5328","3334","2024-01-10","email","promo_email","0"
"5329","3334","2025-12-25","email","promo_email","0"
"5330","3334","2026-03-26","email","promo_email","0"
"5331","3335","2021-12-19","email","service_alert","0"
"5332","3335","2023-12-17","postal","balance_statement","0"
"5333","3335","2025-09-02","postal","service_alert","0"
"5334","3337","2021-08-22","push","balance_statement","0"
"5335","3337","2024-03-28","email","service_alert","0"
"5336","3338","2023-08-08","email","promo_email","0"
"5337","3338","2025-01-25","email","service_alert","0"
"5338","3341","2023-12-18","email","balance_statement","0"
"5339","3341","2025-05-16","email","balance_statement","1"
"5340","3342","2024-11-24","push","promo_email","1"
"5341","3343","2023-10-09","email","balance_statement","0"
"5342","3343","2024-10-09","email","balance_statement","0"
"5343","3343","2025-05-03","email","promo_email","0"
"5344","3343","2026-03-08","email","balance_statement","0"
"5345","3344","2023-07-27","email","promo_email","1"
"5346","3344","2024-01-01","postal","promo_email","0"
"5347","3344","2025-05-19","email","balance_statement","0"
"5348","3345","2023-01-08","email","service_alert","0"
"5349","3346","2022-05-28","email","balance_statement","0"
"5350","3346","2023-08-17","email","balance_statement","0"
"5351","3346","2024-09-27","push","promo_email","0"
"5352","3347","2024-08-04","email","balance_statement","0"
"5353","3347","2025-02-07","email","promo_email","0"
"5354","3349","2025-02-17","postal","balance_statement","0"
"5355","3349","2026-02-09","email","balance_statement","0"
"5356","3350","2021-07-07","email","promo_email","1"
"5357","3350","2022-02-10","push","promo_email","0"
"5358","3350","2023-10-25","email","balance_statement","0"
"5359","3350","2024-02-26","push","promo_email","0"
"5360","3350","2025-05-09","push","balance_statement","0"
"5361","3354","2021-06-03","email","service_alert","0"
"5362","3354","2022-11-07","postal","promo_email","0"
"5363","3356","2023-06-16","push","promo_email","0"
"5364","3356","2024-03-18","email","balance_statement","0"
"5365","3356","2025-10-26","email","service_alert","0"
"5366","3357","2023-05-18","postal","promo_email","0"
"5367","3357","2024-07-25","email","balance_statement","0"
"5368","3357","2025-12-13","postal","promo_email","0"
"5369","3358","2024-11-07","email","balance_statement","0"
"5370","3359","2025-03-19","push","promo_email","0"
"5371","3360","2024-01-15","email","balance_statement","1"
"5372","3361","2025-09-24","email","balance_statement","1"
"5373","3363","2024-01-28","email","service_alert","1"
"5374","3363","2025-04-25","postal","promo_email","1"
"5375","3364","2026-04-03","email","balance_statement","0"
"5376","3365","2024-05-19","push","service_alert","0"
"5377","3365","2025-12-01","postal","promo_email","1"
"5378","3366","2024-01-01","postal","promo_email","0"
"5379","3366","2025-09-03","postal","balance_statement","0"
"5380","3366","2026-05-03","email","promo_email","0"
"5381","3367","2024-09-02","postal","promo_email","1"
"5382","3367","2026-06-26","postal","promo_email","1"
"5383","3368","2025-07-19","email","balance_statement","0"
"5384","3369","2021-08-17","push","balance_statement","0"
"5385","3369","2022-04-01","email","balance_statement","0"
"5386","3369","2024-09-16","push","promo_email","0"
"5387","3369","2025-03-20","email","service_alert","0"
"5388","3371","2023-07-05","push","balance_statement","0"
"5389","3371","2024-11-12","postal","promo_email","0"
"5390","3371","2025-12-17","email","promo_email","0"
"5391","3372","2022-12-02","email","promo_email","0"
"5392","3372","2023-06-17","push","service_alert","0"
"5393","3372","2024-04-25","postal","promo_email","0"
"5394","3372","2025-03-14","email","balance_statement","0"
"5395","3374","2025-08-28","email","balance_statement","0"
"5396","3375","2024-11-03","email","promo_email","0"
"5397","3375","2025-10-17","email","balance_statement","0"
"5398","3376","2025-12-15","postal","balance_statement","0"
"5399","3377","2024-08-06","postal","balance_statement","0"
"5400","3377","2025-10-14","email","service_alert","0"
"5401","3378","2021-06-09","push","balance_statement","0"
"5402","3378","2022-03-02","email","promo_email","0"
"5403","3378","2023-12-10","email","promo_email","0"
"5404","3379","2025-03-02","email","balance_statement","0"
"5405","3380","2023-05-08","push","balance_statement","0"
"5406","3380","2024-01-16","push","balance_statement","0"
"5407","3380","2025-02-15","email","promo_email","0"
"5408","3381","2024-06-28","postal","promo_email","0"
"5409","3382","2025-02-15","email","service_alert","0"
"5410","3384","2024-08-15","postal","balance_statement","0"
"5411","3386","2025-01-17","email","balance_statement","0"
"5412","3386","2026-02-10","email","promo_email","0"
"5413","3387","2024-07-21","postal","promo_email","0"
"5414","3387","2025-10-18","email","promo_email","0"
"5415","3388","2021-08-13","email","service_alert","1"
"5416","3388","2022-06-23","email","promo_email","1"
"5417","3389","2023-11-03","email","balance_statement","0"
"5418","3389","2024-11-21","email","balance_statement","0"
"5419","3389","2025-03-11","email","promo_email","0"
"5420","3390","2024-12-28","push","balance_statement","1"
"5421","3390","2025-05-13","email","balance_statement","1"
"5422","3392","2022-01-23","postal","promo_email","0"
"5423","3392","2024-08-10","postal","balance_statement","0"
"5424","3392","2026-06-26","postal","promo_email","0"
"5425","3393","2021-01-11","email","balance_statement","0"
"5426","3393","2022-10-15","email","promo_email","0"
"5427","3395","2023-08-08","email","balance_statement","0"
"5428","3395","2024-08-27","push","promo_email","0"
"5429","3396","2021-09-26","email","balance_statement","0"
"5430","3396","2022-03-19","email","balance_statement","0"
"5431","3396","2025-09-04","email","promo_email","0"
"5432","3397","2022-06-16","email","balance_statement","0"
"5433","3397","2023-03-27","email","balance_statement","0"
"5434","3397","2024-11-27","postal","balance_statement","0"
"5435","3397","2026-05-17","email","balance_statement","0"
"5436","3398","2020-10-12","push","balance_statement","1"
"5437","3398","2023-08-28","email","promo_email","0"
"5438","3398","2025-02-27","push","service_alert","0"
"5439","3399","2022-03-21","postal","balance_statement","0"
"5440","3399","2023-04-15","email","promo_email","0"
"5441","3399","2024-09-05","postal","promo_email","0"
"5442","3401","2025-01-28","push","service_alert","0"
"5443","3402","2020-11-20","postal","balance_statement","0"
"5444","3402","2021-03-18","email","balance_statement","0"
"5445","3402","2023-07-11","email","balance_statement","0"
"5446","3403","2023-06-10","email","promo_email","0"
"5447","3404","2025-12-03","email","service_alert","0"
"5448","3405","2024-07-04","email","promo_email","0"
"5449","3407","2024-05-11","email","promo_email","0"
"5450","3407","2025-09-19","email","service_alert","0"
"5451","3408","2022-11-28","email","balance_statement","0"
"5452","3408","2023-07-14","email","promo_email","0"
"5453","3409","2023-02-17","push","promo_email","0"
"5454","3410","2021-06-17","email","promo_email","0"
"5455","3410","2022-04-01","email","service_alert","0"
"5456","3410","2024-11-08","email","balance_statement","0"
"5457","3410","2025-08-19","push","balance_statement","0"
"5458","3411","2026-04-15","push","balance_statement","0"
"5459","3412","2025-02-01","email","balance_statement","0"
"5460","3412","2026-01-14","postal","service_alert","0"
"5461","3413","2024-06-08","email","service_alert","0"
"5462","3414","2022-11-05","email","promo_email","0"
"5463","3414","2025-09-20","email","promo_email","0"
"5464","3415","2025-08-22","push","balance_statement","0"
"5465","3415","2026-02-28","email","balance_statement","0"
"5466","3416","2023-04-24","email","balance_statement","0"
"5467","3416","2024-05-28","email","promo_email","0"
"5468","3416","2025-01-18","email","promo_email","1"
"5469","3416","2026-02-13","email","service_alert","0"
"5470","3417","2020-07-11","postal","promo_email","0"
"5471","3417","2023-08-07","postal","balance_statement","0"
"5472","3417","2024-01-18","email","balance_statement","0"
"5473","3417","2025-01-04","postal","balance_statement","0"
"5474","3417","2026-02-12","email","promo_email","0"
"5475","3420","2025-12-22","push","service_alert","0"
"5476","3420","2026-05-10","postal","balance_statement","0"
"5477","3422","2022-01-15","email","balance_statement","0"
"5478","3422","2026-01-16","email","promo_email","0"
"5479","3428","2024-07-21","push","balance_statement","0"
"5480","3430","2020-10-27","push","balance_statement","0"
"5481","3430","2022-01-08","email","promo_email","0"
"5482","3430","2024-05-18","email","balance_statement","0"
"5483","3430","2025-04-21","postal","balance_statement","0"
"5484","3431","2022-06-25","email","balance_statement","0"
"5485","3431","2023-06-26","email","balance_statement","0"
"5486","3432","2025-10-12","email","promo_email","0"
"5487","3432","2026-03-16","email","promo_email","0"
"5488","3433","2024-06-28","push","promo_email","0"
"5489","3434","2024-03-23","email","balance_statement","1"
"5490","3434","2025-05-08","email","balance_statement","0"
"5491","3435","2025-10-05","email","promo_email","0"
"5492","3436","2024-12-23","postal","promo_email","0"
"5493","3436","2025-08-16","postal","promo_email","0"
"5494","3437","2025-11-11","email","promo_email","0"
"5495","3437","2026-06-06","push","service_alert","0"
"5496","3438","2025-07-02","email","promo_email","0"
"5497","3439","2025-12-15","postal","balance_statement","0"
"5498","3439","2026-05-04","push","promo_email","0"
"5499","3440","2021-12-17","email","balance_statement","0"
"5500","3440","2024-07-15","postal","service_alert","0"
"5501","3440","2025-10-23","postal","service_alert","0"
"5502","3440","2026-05-05","email","promo_email","0"
"5503","3441","2023-04-25","email","promo_email","0"
"5504","3441","2024-03-09","email","balance_statement","0"
"5505","3441","2026-04-01","push","promo_email","0"
"5506","3442","2021-09-16","push","balance_statement","0"
"5507","3442","2023-10-06","email","promo_email","0"
"5508","3442","2025-12-05","email","balance_statement","0"
"5509","3443","2025-03-01","push","balance_statement","0"
"5510","3444","2024-04-14","postal","promo_email","0"
"5511","3447","2026-05-09","push","promo_email","0"
"5512","3448","2026-02-19","push","promo_email","0"
"5513","3450","2026-01-27","push","promo_email","0"
"5514","3451","2024-04-17","postal","promo_email","0"
"5515","3451","2025-10-13","postal","promo_email","0"
"5516","3452","2023-05-15","email","service_alert","1"
"5517","3452","2024-06-14","email","balance_statement","0"
"5518","3452","2025-11-17","postal","promo_email","0"
"5519","3452","2026-04-08","email","service_alert","0"
"5520","3454","2023-12-23","email","promo_email","1"
"5521","3454","2024-04-10","postal","promo_email","0"
"5522","3455","2025-06-21","push","promo_email","1"
"5523","3457","2026-01-11","email","balance_statement","0"
"5524","3460","2023-11-24","postal","promo_email","1"
"5525","3460","2025-03-19","email","balance_statement","1"
"5526","3460","2026-05-02","postal","promo_email","1"
"5527","3461","2024-10-13","email","balance_statement","0"
"5528","3461","2025-01-19","email","balance_statement","0"
"5529","3462","2023-06-25","email","promo_email","0"
"5530","3462","2024-12-14","postal","service_alert","0"
"5531","3462","2025-03-16","email","service_alert","0"
"5532","3462","2026-04-08","push","promo_email","0"
"5533","3464","2026-04-05","postal","balance_statement","0"
"5534","3465","2026-03-10","postal","promo_email","0"
"5535","3466","2023-06-14","push","service_alert","0"
"5536","3466","2025-10-17","email","promo_email","0"
"5537","3466","2026-03-25","postal","balance_statement","0"
"5538","3467","2021-01-14","postal","balance_statement","0"
"5539","3467","2023-10-26","push","balance_statement","0"
"5540","3467","2024-11-16","email","service_alert","0"
"5541","3468","2023-09-03","postal","balance_statement","0"
"5542","3468","2024-10-20","push","balance_statement","0"
"5543","3468","2025-02-01","email","promo_email","1"
"5544","3469","2021-08-08","postal","balance_statement","0"
"5545","3469","2023-06-17","email","promo_email","0"
"5546","3469","2025-02-09","postal","balance_statement","0"
"5547","3470","2024-02-24","email","balance_statement","0"
"5548","3473","2025-05-27","email","balance_statement","0"
"5549","3474","2024-07-19","email","balance_statement","0"
"5550","3475","2025-04-02","postal","balance_statement","1"
"5551","3476","2022-03-26","email","balance_statement","0"
"5552","3476","2024-04-21","postal","promo_email","0"
"5553","3478","2025-10-15","postal","promo_email","0"
"5554","3481","2024-05-22","postal","balance_statement","0"
"5555","3482","2025-05-21","push","promo_email","0"
"5556","3485","2024-09-23","postal","service_alert","0"
"5557","3486","2026-03-28","email","balance_statement","0"
"5558","3488","2024-10-27","push","promo_email","0"
"5559","3488","2025-01-08","email","balance_statement","0"
"5560","3489","2024-11-26","email","balance_statement","0"
"5561","3489","2026-06-02","email","promo_email","0"
"5562","3490","2024-09-01","email","promo_email","0"
"5563","3490","2026-05-23","email","promo_email","0"
"5564","3491","2022-06-15","email","balance_statement","1"
"5565","3491","2024-12-27","email","balance_statement","0"
"5566","3491","2025-02-12","push","balance_statement","0"
"5567","3494","2025-12-17","email","promo_email","0"
"5568","3495","2026-03-01","email","promo_email","0"
"5569","3498","2021-11-09","email","promo_email","0"
"5570","3498","2023-09-14","email","promo_email","0"
"5571","3499","2024-10-23","postal","promo_email","0"
"5572","3499","2025-06-05","email","service_alert","0"
"5573","3499","2026-01-26","email","promo_email","0"
"5574","3500","2024-08-15","push","balance_statement","0"
"5575","3501","2024-08-09","email","balance_statement","0"
"5576","3502","2025-09-13","push","promo_email","0"
"5577","3503","2024-10-07","email","promo_email","0"
"5578","3504","2025-09-20","push","service_alert","0"
"5579","3504","2026-02-02","email","promo_email","1"
"5580","3505","2025-11-28","email","balance_statement","0"
"5581","3506","2023-11-06","email","balance_statement","0"
"5582","3506","2025-09-27","email","balance_statement","0"
"5583","3506","2026-03-22","email","promo_email","0"
"5584","3507","2021-07-26","email","promo_email","0"
"5585","3507","2022-03-12","email","balance_statement","0"
"5586","3507","2023-04-19","email","service_alert","0"
"5587","3507","2024-03-26","email","promo_email","0"
"5588","3507","2025-10-28","email","promo_email","0"
"5589","3507","2026-04-19","email","promo_email","0"
"5590","3512","2024-08-13","email","promo_email","0"
"5591","3512","2026-02-01","email","promo_email","0"
"5592","3513","2020-03-20","push","promo_email","0"
"5593","3513","2022-06-04","email","promo_email","0"
"5594","3513","2024-01-15","email","balance_statement","0"
"5595","3514","2026-02-15","postal","service_alert","0"
"5596","3515","2024-04-02","email","promo_email","0"
"5597","3516","2025-06-08","email","balance_statement","0"
"5598","3516","2026-01-23","email","service_alert","0"
"5599","3517","2022-05-02","email","promo_email","0"
"5600","3517","2023-08-10","email","balance_statement","0"
"5601","3517","2024-09-23","push","balance_statement","0"
"5602","3517","2025-12-17","postal","balance_statement","0"
"5603","3517","2026-03-17","email","balance_statement","0"
"5604","3518","2022-11-08","postal","balance_statement","0"
"5605","3518","2023-04-14","push","promo_email","0"
"5606","3518","2024-02-10","email","promo_email","0"
"5607","3518","2025-05-13","email","balance_statement","0"
"5608","3518","2026-06-12","email","service_alert","0"
"5609","3519","2024-03-22","email","promo_email","0"
"5610","3520","2025-10-06","push","balance_statement","0"
"5611","3521","2023-11-01","push","promo_email","0"
"5612","3521","2025-12-19","email","promo_email","1"
"5613","3522","2021-06-24","push","balance_statement","0"
"5614","3522","2022-09-15","push","promo_email","0"
"5615","3522","2025-04-01","email","promo_email","0"
"5616","3523","2025-05-12","email","service_alert","0"
"5617","3524","2022-12-27","postal","service_alert","0"
"5618","3524","2023-01-11","email","balance_statement","1"
"5619","3524","2024-03-07","email","service_alert","1"
"5620","3524","2025-11-09","email","promo_email","0"
"5621","3524","2026-02-22","push","balance_statement","0"
"5622","3525","2022-05-27","push","balance_statement","1"
"5623","3525","2024-02-07","email","balance_statement","1"
"5624","3526","2024-11-28","email","promo_email","1"
"5625","3527","2021-10-08","email","promo_email","0"
"5626","3527","2023-08-15","email","promo_email","0"
"5627","3527","2024-11-03","push","promo_email","0"
"5628","3527","2025-07-10","postal","promo_email","0"
"5629","3529","2023-12-23","email","balance_statement","0"
"5630","3529","2024-12-15","postal","balance_statement","0"
"5631","3530","2023-10-16","email","balance_statement","0"
"5632","3530","2024-12-21","email","promo_email","0"
"5633","3530","2025-01-25","email","service_alert","0"
"5634","3530","2026-02-02","email","balance_statement","0"
"5635","3531","2025-09-01","postal","promo_email","0"
"5636","3531","2026-06-18","email","balance_statement","0"
"5637","3532","2022-11-23","push","balance_statement","1"
"5638","3532","2024-07-21","email","promo_email","0"
"5639","3533","2025-01-06","push","service_alert","0"
"5640","3534","2024-11-05","email","promo_email","1"
"5641","3536","2022-03-09","push","balance_statement","0"
"5642","3536","2025-06-09","email","balance_statement","0"
"5643","3536","2026-05-25","email","promo_email","0"
"5644","3539","2023-05-25","email","service_alert","0"
"5645","3539","2026-03-10","email","promo_email","0"
"5646","3540","2024-07-15","email","balance_statement","0"
"5647","3541","2024-04-23","email","promo_email","0"
"5648","3541","2025-09-24","email","service_alert","0"
"5649","3542","2026-02-25","postal","promo_email","0"
"5650","3543","2025-12-11","email","promo_email","0"
"5651","3545","2026-05-10","email","promo_email","0"
"5652","3546","2022-09-19","email","balance_statement","0"
"5653","3546","2023-10-25","email","balance_statement","0"
"5654","3546","2025-04-02","push","promo_email","0"
"5655","3547","2021-06-12","push","promo_email","0"
"5656","3547","2023-06-27","push","promo_email","0"
"5657","3547","2024-12-24","postal","balance_statement","0"
"5658","3547","2025-03-02","postal","balance_statement","0"
"5659","3547","2026-06-11","push","balance_statement","0"
"5660","3548","2024-03-16","email","promo_email","0"
"5661","3548","2025-04-21","email","service_alert","0"
"5662","3549","2022-04-01","push","service_alert","0"
"5663","3549","2023-01-15","push","balance_statement","0"
"5664","3549","2025-12-19","email","balance_statement","1"
"5665","3549","2026-06-07","push","balance_statement","0"
"5666","3550","2024-05-18","email","balance_statement","0"
"5667","3550","2025-05-03","email","service_alert","0"
"5668","3551","2024-10-22","postal","balance_statement","0"
"5669","3552","2026-06-07","postal","balance_statement","0"
"5670","3553","2026-04-22","postal","balance_statement","0"
"5671","3554","2026-05-21","postal","balance_statement","0"
"5672","3555","2024-06-10","email","balance_statement","0"
"5673","3555","2025-04-03","push","balance_statement","0"
"5674","3556","2023-01-23","email","balance_statement","0"
"5675","3556","2024-09-21","email","promo_email","0"
"5676","3558","2025-12-02","postal","promo_email","0"
"5677","3559","2026-01-08","email","balance_statement","0"
"5678","3560","2024-11-18","postal","promo_email","0"
"5679","3563","2026-01-03","email","balance_statement","0"
"5680","3566","2024-10-18","email","promo_email","0"
"5681","3567","2023-12-20","postal","promo_email","0"
"5682","3567","2024-06-17","email","service_alert","0"
"5683","3568","2024-07-13","push","balance_statement","1"
"5684","3568","2025-05-24","postal","promo_email","1"
"5685","3569","2022-12-11","email","promo_email","0"
"5686","3569","2023-10-01","email","balance_statement","0"
"5687","3569","2024-07-01","postal","promo_email","0"
"5688","3569","2025-08-04","email","balance_statement","0"
"5689","3569","2026-05-15","email","promo_email","0"
"5690","3572","2022-12-20","email","balance_statement","0"
"5691","3572","2023-01-03","email","promo_email","0"
"5692","3573","2021-12-21","email","promo_email","0"
"5693","3573","2023-10-15","email","balance_statement","0"
"5694","3573","2024-04-08","email","balance_statement","0"
"5695","3573","2025-07-24","push","promo_email","0"
"5696","3573","2026-06-23","postal","balance_statement","0"
"5697","3574","2023-11-21","push","service_alert","0"
"5698","3574","2026-06-25","email","promo_email","0"
"5699","3575","2025-11-17","postal","balance_statement","0"
"5700","3575","2026-06-05","push","promo_email","0"
"5701","3576","2025-10-24","email","promo_email","0"
"5702","3576","2026-06-12","email","balance_statement","0"
"5703","3577","2025-09-06","push","balance_statement","0"
"5704","3578","2022-02-07","email","service_alert","0"
"5705","3578","2025-05-23","email","promo_email","0"
"5706","3584","2025-11-05","push","service_alert","0"
"5707","3585","2026-04-09","email","balance_statement","0"
"5708","3586","2021-10-16","postal","balance_statement","0"
"5709","3586","2023-01-05","email","service_alert","0"
"5710","3586","2024-03-11","push","balance_statement","0"
"5711","3587","2025-11-13","postal","balance_statement","0"
"5712","3588","2025-01-28","email","service_alert","0"
"5713","3589","2025-11-22","email","promo_email","0"
"5714","3590","2022-11-09","push","service_alert","0"
"5715","3590","2025-08-25","push","promo_email","0"
"5716","3591","2022-08-26","email","promo_email","0"
"5717","3591","2024-04-06","postal","service_alert","0"
"5718","3591","2025-04-20","push","balance_statement","0"
"5719","3591","2026-01-08","email","balance_statement","0"
"5720","3593","2024-06-28","email","balance_statement","0"
"5721","3593","2025-07-01","email","balance_statement","0"
"5722","3595","2025-04-15","postal","service_alert","0"
"5723","3596","2020-08-24","email","balance_statement","0"
"5724","3596","2022-06-18","email","balance_statement","0"
"5725","3596","2023-10-13","email","balance_statement","0"
"5726","3596","2025-12-19","push","service_alert","0"
"5727","3596","2026-02-01","postal","balance_statement","0"
"5728","3597","2024-06-19","email","service_alert","1"
"5729","3598","2021-12-01","email","promo_email","0"
"5730","3598","2022-02-06","postal","balance_statement","0"
"5731","3598","2023-10-04","email","service_alert","0"
"5732","3598","2024-10-10","email","service_alert","0"
"5733","3598","2025-06-05","push","promo_email","0"
"5734","3599","2025-10-06","postal","balance_statement","0"
"5735","3600","2025-10-05","postal","service_alert","0"
"5736","3600","2026-04-03","email","balance_statement","0"
"5737","3601","2021-04-24","email","balance_statement","0"
"5738","3601","2025-03-18","postal","balance_statement","0"
"5739","3603","2023-07-19","email","balance_statement","0"
"5740","3603","2024-07-17","email","promo_email","0"
"5741","3604","2024-12-04","email","balance_statement","0"
"5742","3604","2025-05-09","postal","balance_statement","0"
"5743","3605","2024-09-17","postal","balance_statement","0"
"5744","3605","2025-04-14","postal","balance_statement","0"
"5745","3606","2023-12-12","email","balance_statement","0"
"5746","3608","2022-07-07","email","balance_statement","0"
"5747","3608","2023-02-17","email","promo_email","0"
"5748","3608","2024-04-28","email","balance_statement","0"
"5749","3608","2025-11-14","email","balance_statement","0"
"5750","3608","2026-02-24","email","balance_statement","0"
"5751","3609","2025-03-04","email","promo_email","0"
"5752","3610","2024-06-16","postal","balance_statement","0"
"5753","3610","2025-02-06","email","balance_statement","0"
"5754","3610","2026-05-17","email","promo_email","1"
"5755","3611","2024-07-21","email","promo_email","0"
"5756","3611","2026-04-20","postal","balance_statement","0"
"5757","3612","2024-06-22","email","balance_statement","0"
"5758","3612","2026-04-05","push","promo_email","0"
"5759","3615","2025-05-22","postal","balance_statement","0"
"5760","3616","2021-10-08","postal","promo_email","0"
"5761","3616","2022-10-28","email","service_alert","0"
"5762","3616","2023-07-08","postal","balance_statement","0"
"5763","3616","2025-04-06","email","promo_email","0"
"5764","3616","2026-02-26","push","balance_statement","0"
"5765","3620","2023-12-06","email","balance_statement","0"
"5766","3620","2025-12-04","email","service_alert","0"
"5767","3621","2025-01-03","email","balance_statement","0"
"5768","3621","2026-06-07","email","service_alert","0"
"5769","3623","2022-02-13","email","balance_statement","1"
"5770","3623","2023-04-12","push","promo_email","0"
"5771","3623","2024-05-10","email","promo_email","0"
"5772","3623","2026-04-09","email","balance_statement","0"
"5773","3624","2024-03-04","postal","balance_statement","0"
"5774","3624","2026-03-22","email","balance_statement","0"
"5775","3625","2024-09-19","postal","balance_statement","1"
"5776","3625","2025-02-09","email","balance_statement","1"
"5777","3625","2026-04-07","postal","promo_email","1"
"5778","3626","2024-08-23","email","service_alert","0"
"5779","3628","2025-12-26","email","balance_statement","0"
"5780","3629","2021-02-14","email","promo_email","0"
"5781","3629","2024-07-19","email","promo_email","0"
"5782","3631","2024-08-19","postal","balance_statement","0"
"5783","3633","2022-07-24","email","balance_statement","0"
"5784","3634","2023-07-18","email","balance_statement","0"
"5785","3634","2024-08-01","postal","balance_statement","0"
"5786","3635","2025-12-17","email","promo_email","0"
"5787","3636","2025-11-16","push","promo_email","0"
"5788","3637","2025-03-01","email","promo_email","0"
"5789","3638","2025-01-27","push","promo_email","0"
"5790","3638","2026-04-21","push","service_alert","0"
"5791","3639","2026-05-11","email","service_alert","0"
"5792","3642","2023-12-07","email","promo_email","0"
"5793","3642","2025-08-03","push","promo_email","0"
"5794","3644","2025-03-21","email","service_alert","0"
"5795","3646","2023-07-23","postal","balance_statement","0"
"5796","3646","2024-12-14","postal","service_alert","0"
"5797","3646","2025-01-15","postal","promo_email","0"
"5798","3648","2021-08-03","postal","promo_email","0"
"5799","3648","2023-05-12","email","promo_email","0"
"5800","3648","2024-11-12","postal","balance_statement","0"
"5801","3649","2023-03-06","email","promo_email","0"
"5802","3649","2024-08-16","email","balance_statement","0"
"5803","3649","2025-01-25","email","promo_email","0"
"5804","3650","2023-04-12","email","service_alert","0"
"5805","3650","2024-07-19","push","promo_email","0"
"5806","3650","2025-07-21","email","balance_statement","0"
"5807","3651","2019-11-07","email","service_alert","0"
"5808","3651","2020-01-13","email","balance_statement","0"
"5809","3651","2021-05-01","postal","balance_statement","0"
"5810","3651","2022-08-27","push","service_alert","1"
"5811","3651","2023-10-05","email","service_alert","0"
"5812","3654","2025-11-06","email","balance_statement","0"
"5813","3656","2025-01-11","push","balance_statement","0"
"5814","3657","2024-07-21","email","promo_email","0"
"5815","3657","2025-04-06","email","balance_statement","0"
"5816","3658","2021-07-22","email","promo_email","0"
"5817","3658","2023-07-27","email","promo_email","0"
"5818","3658","2024-12-04","push","balance_statement","0"
"5819","3659","2023-08-13","postal","promo_email","0"
"5820","3659","2024-04-01","email","balance_statement","0"
"5821","3660","2022-09-11","email","promo_email","1"
"5822","3660","2026-01-09","push","balance_statement","1"
"5823","3661","2024-07-11","email","promo_email","0"
"5824","3662","2025-11-09","email","balance_statement","0"
"5825","3663","2026-03-26","email","balance_statement","0"
"5826","3666","2023-05-26","email","balance_statement","0"
"5827","3668","2025-05-16","email","promo_email","0"
"5828","3670","2024-04-08","email","balance_statement","0"
"5829","3670","2025-04-01","email","balance_statement","0"
"5830","3675","2023-08-12","postal","balance_statement","0"
"5831","3675","2025-12-08","email","promo_email","0"
"5832","3676","2023-03-13","email","balance_statement","1"
"5833","3676","2024-11-11","email","promo_email","0"
"5834","3676","2025-09-07","email","promo_email","0"
"5835","3678","2023-04-10","email","service_alert","0"
"5836","3678","2024-09-14","postal","balance_statement","0"
"5837","3678","2025-10-19","email","promo_email","0"
"5838","3678","2026-05-20","email","promo_email","1"
"5839","3679","2026-02-25","email","balance_statement","0"
"5840","3680","2025-12-14","email","balance_statement","0"
"5841","3680","2026-04-14","postal","promo_email","0"
"5842","3681","2024-02-20","email","balance_statement","0"
"5843","3681","2025-11-27","push","balance_statement","0"
"5844","3683","2023-01-23","postal","service_alert","0"
"5845","3683","2025-08-27","postal","balance_statement","1"
"5846","3683","2026-03-07","email","service_alert","0"
"5847","3684","2026-05-14","email","promo_email","0"
"5848","3686","2021-03-19","email","promo_email","0"
"5849","3686","2023-03-16","email","service_alert","0"
"5850","3686","2024-08-26","postal","service_alert","0"
"5851","3690","2024-10-12","email","promo_email","0"
"5852","3690","2025-09-11","email","balance_statement","0"
"5853","3690","2026-02-09","email","balance_statement","0"
"5854","3691","2026-04-01","email","promo_email","0"
"5855","3693","2024-11-15","email","balance_statement","0"
"5856","3694","2020-02-06","push","balance_statement","1"
"5857","3694","2021-11-25","email","promo_email","0"
"5858","3694","2022-09-04","email","balance_statement","0"
"5859","3694","2023-02-08","push","promo_email","0"
"5860","3695","2021-12-26","push","balance_statement","0"
"5861","3695","2022-05-16","email","promo_email","0"
"5862","3695","2024-02-03","email","service_alert","0"
"5863","3695","2026-03-26","email","service_alert","0"
"5864","3696","2022-10-20","postal","balance_statement","0"
"5865","3696","2023-11-27","email","balance_statement","0"
"5866","3696","2024-02-04","postal","balance_statement","0"
"5867","3696","2025-11-10","email","service_alert","0"
"5868","3696","2026-02-17","email","balance_statement","0"
"5869","3697","2024-04-21","email","promo_email","0"
"5870","3697","2025-11-27","email","balance_statement","0"
"5871","3698","2022-04-16","push","balance_statement","1"
"5872","3698","2023-06-09","postal","promo_email","0"
"5873","3698","2024-11-21","email","balance_statement","0"
"5874","3698","2026-04-17","postal","balance_statement","1"
"5875","3700","2026-01-01","email","promo_email","0"
"5876","3701","2025-12-11","email","service_alert","0"
"5877","3702","2022-12-18","email","balance_statement","0"
"5878","3702","2024-11-10","email","promo_email","0"
"5879","3704","2025-04-06","push","service_alert","0"
"5880","3705","2023-04-11","email","service_alert","0"
"5881","3705","2025-07-21","postal","balance_statement","0"
"5882","3707","2024-11-04","email","balance_statement","0"
"5883","3707","2025-04-12","postal","promo_email","0"
"5884","3707","2026-05-16","email","balance_statement","0"
"5885","3710","2024-08-26","postal","balance_statement","0"
"5886","3711","2022-10-09","email","balance_statement","0"
"5887","3711","2023-12-10","email","promo_email","0"
"5888","3711","2025-09-10","email","service_alert","0"
"5889","3712","2022-02-10","email","balance_statement","0"
"5890","3712","2024-01-24","email","promo_email","0"
"5891","3712","2025-04-26","push","balance_statement","0"
"5892","3712","2026-06-15","email","promo_email","0"
"5893","3713","2026-03-13","email","promo_email","0"
"5894","3714","2021-06-06","email","balance_statement","0"
"5895","3714","2022-06-12","push","promo_email","1"
"5896","3714","2023-10-19","postal","balance_statement","0"
"5897","3714","2024-09-14","postal","service_alert","0"
"5898","3714","2025-07-02","push","balance_statement","0"
"5899","3715","2024-06-25","email","promo_email","0"
"5900","3715","2025-03-26","push","promo_email","0"
"5901","3716","2023-06-26","push","balance_statement","0"
"5902","3716","2025-05-10","email","service_alert","0"
"5903","3717","2025-09-12","push","balance_statement","0"
"5904","3718","2025-02-23","postal","balance_statement","0"
"5905","3718","2026-05-02","email","balance_statement","0"
"5906","3719","2022-05-20","email","promo_email","0"
"5907","3719","2024-07-24","email","balance_statement","0"
"5908","3719","2025-09-19","push","service_alert","0"
"5909","3720","2025-04-11","email","promo_email","0"
"5910","3721","2021-07-18","push","promo_email","0"
"5911","3721","2023-06-10","postal","promo_email","0"
"5912","3721","2024-02-25","email","service_alert","1"
"5913","3721","2025-06-16","email","promo_email","0"
"5914","3722","2023-09-20","email","promo_email","0"
"5915","3722","2024-08-02","email","balance_statement","0"
"5916","3722","2026-01-03","push","promo_email","0"
"5917","3723","2022-06-22","postal","promo_email","0"
"5918","3723","2023-09-21","email","service_alert","0"
"5919","3723","2025-11-10","push","balance_statement","0"
"5920","3724","2024-06-05","email","balance_statement","0"
"5921","3724","2025-01-24","email","promo_email","0"
"5922","3726","2019-12-15","email","service_alert","0"
"5923","3726","2023-09-21","postal","promo_email","0"
"5924","3726","2024-03-24","email","service_alert","0"
"5925","3726","2025-12-28","postal","service_alert","0"
"5926","3727","2023-01-20","email","balance_statement","0"
"5927","3728","2024-01-04","email","promo_email","0"
"5928","3728","2025-03-21","email","balance_statement","0"
"5929","3729","2025-10-07","postal","promo_email","0"
"5930","3730","2022-05-06","email","balance_statement","0"
"5931","3730","2023-12-24","postal","balance_statement","0"
"5932","3730","2024-12-13","email","balance_statement","0"
"5933","3730","2025-08-17","email","promo_email","0"
"5934","3731","2023-10-19","email","promo_email","1"
"5935","3731","2024-05-04","email","promo_email","0"
"5936","3731","2026-04-22","email","balance_statement","0"
"5937","3732","2025-08-02","email","balance_statement","1"
"5938","3734","2025-02-21","email","promo_email","0"
"5939","3734","2026-05-09","push","balance_statement","0"
"5940","3735","2025-05-16","email","balance_statement","0"
"5941","3738","2025-06-03","email","service_alert","0"
"5942","3739","2022-06-16","postal","promo_email","0"
"5943","3739","2023-08-08","email","balance_statement","0"
"5944","3739","2024-12-24","push","service_alert","0"
"5945","3739","2025-02-19","email","service_alert","0"
"5946","3740","2022-08-04","postal","balance_statement","0"
"5947","3740","2023-11-03","postal","balance_statement","0"
"5948","3740","2025-02-15","push","promo_email","0"
"5949","3740","2026-03-24","push","service_alert","0"
"5950","3741","2023-09-12","push","promo_email","0"
"5951","3741","2025-08-16","email","promo_email","0"
"5952","3742","2022-05-23","push","service_alert","0"
"5953","3742","2023-08-03","email","promo_email","0"
"5954","3742","2024-09-07","push","balance_statement","0"
"5955","3742","2025-03-27","email","balance_statement","0"
"5956","3744","2025-02-01","push","promo_email","0"
"5957","3747","2025-12-13","email","promo_email","0"
"5958","3747","2026-04-07","postal","balance_statement","0"
"5959","3749","2026-04-27","email","service_alert","1"
"5960","3750","2023-06-04","email","promo_email","0"
"5961","3751","2026-05-23","postal","promo_email","0"
"5962","3753","2022-01-25","postal","promo_email","0"
"5963","3753","2023-01-24","email","promo_email","0"
"5964","3753","2024-09-15","email","balance_statement","0"
"5965","3753","2025-03-27","email","balance_statement","0"
"5966","3754","2024-08-23","email","balance_statement","0"
"5967","3754","2025-08-16","email","balance_statement","0"
"5968","3754","2026-04-11","email","balance_statement","0"
"5969","3755","2024-12-05","email","service_alert","0"
"5970","3756","2023-11-03","email","balance_statement","0"
"5971","3756","2026-01-13","email","balance_statement","0"
"5972","3758","2024-09-25","email","balance_statement","1"
"5973","3758","2025-12-16","email","service_alert","0"
"5974","3760","2025-08-25","postal","balance_statement","0"
"5975","3761","2026-01-17","postal","balance_statement","0"
"5976","3762","2020-03-07","email","service_alert","0"
"5977","3762","2022-07-28","push","balance_statement","0"
"5978","3762","2023-02-15","postal","balance_statement","0"
"5979","3762","2024-04-01","email","balance_statement","0"
"5980","3762","2025-07-03","postal","balance_statement","0"
"5981","3764","2021-12-08","email","service_alert","0"
"5982","3764","2023-07-28","postal","promo_email","0"
"5983","3764","2024-01-25","email","balance_statement","0"
"5984","3764","2025-06-07","email","balance_statement","1"
"5985","3764","2026-02-12","email","promo_email","0"
"5986","3765","2025-11-28","email","balance_statement","0"
"5987","3765","2026-06-23","email","promo_email","0"
"5988","3766","2025-10-21","email","balance_statement","1"
"5989","3766","2026-03-19","email","promo_email","1"
"5990","3767","2024-09-26","postal","promo_email","1"
"5991","3767","2025-12-19","email","balance_statement","0"
"5992","3768","2025-08-08","email","balance_statement","0"
"5993","3769","2022-10-07","postal","promo_email","0"
"5994","3770","2026-03-19","email","promo_email","0"
"5995","3772","2023-09-05","email","balance_statement","0"
"5996","3774","2023-02-24","email","balance_statement","0"
"5997","3774","2025-05-22","postal","balance_statement","0"
"5998","3774","2026-02-11","push","balance_statement","0"
"5999","3775","2023-11-24","email","promo_email","1"
"6000","3775","2024-08-12","email","balance_statement","1"
"6001","3776","2024-03-08","push","promo_email","0"
"6002","3777","2024-04-06","email","balance_statement","0"
"6003","3777","2025-10-08","email","promo_email","1"
"6004","3778","2022-12-18","email","promo_email","0"
"6005","3778","2023-01-27","email","promo_email","0"
"6006","3778","2024-04-26","email","promo_email","0"
"6007","3778","2026-04-07","email","promo_email","0"
"6008","3779","2022-12-04","push","balance_statement","1"
"6009","3779","2023-05-05","email","balance_statement","1"
"6010","3779","2025-03-04","push","balance_statement","1"
"6011","3781","2024-03-10","email","service_alert","0"
"6012","3782","2023-09-02","postal","service_alert","0"
"6013","3782","2024-10-11","postal","service_alert","0"
"6014","3783","2026-06-17","email","balance_statement","0"
"6015","3785","2025-01-21","email","service_alert","0"
"6016","3786","2024-08-01","email","promo_email","0"
"6017","3786","2025-01-05","email","balance_statement","0"
"6018","3787","2024-08-15","email","promo_email","0"
"6019","3787","2025-04-26","email","promo_email","0"
"6020","3787","2026-05-26","email","balance_statement","0"
"6021","3789","2026-01-08","email","balance_statement","1"
"6022","3791","2023-12-10","email","balance_statement","1"
"6023","3792","2022-02-08","postal","promo_email","0"
"6024","3792","2025-01-05","email","service_alert","0"
"6025","3792","2026-04-09","email","balance_statement","0"
"6026","3793","2022-01-13","email","balance_statement","0"
"6027","3793","2023-04-28","email","balance_statement","0"
"6028","3793","2024-07-28","postal","balance_statement","0"
"6029","3793","2026-03-01","email","balance_statement","0"
"6030","3794","2024-08-28","email","promo_email","0"
"6031","3794","2025-10-01","postal","promo_email","0"
"6032","3794","2026-01-09","email","promo_email","0"
"6033","3795","2025-03-18","push","balance_statement","0"
"6034","3797","2026-01-16","email","promo_email","0"
"6035","3798","2025-07-16","postal","promo_email","1"
"6036","3799","2021-08-12","push","service_alert","0"
"6037","3799","2022-03-28","email","service_alert","0"
"6038","3799","2026-05-07","email","balance_statement","0"
"6039","3800","2022-12-28","postal","balance_statement","0"
"6040","3800","2024-06-01","email","balance_statement","0"
"6041","3801","2021-09-17","email","balance_statement","0"
"6042","3801","2022-02-15","postal","service_alert","0"
"6043","3801","2023-11-16","postal","balance_statement","0"
"6044","3801","2024-06-03","postal","promo_email","0"
"6045","3801","2025-11-14","email","promo_email","0"
"6046","3802","2024-09-06","email","balance_statement","0"
"6047","3802","2025-12-25","email","balance_statement","1"
"6048","3804","2023-05-20","postal","balance_statement","0"
"6049","3806","2021-04-15","email","promo_email","0"
"6050","3806","2022-08-17","email","balance_statement","0"
"6051","3806","2024-07-07","email","service_alert","0"
"6052","3807","2025-06-16","email","promo_email","1"
"6053","3809","2025-05-07","email","balance_statement","1"
"6054","3810","2023-11-21","email","balance_statement","0"
"6055","3810","2024-06-05","postal","promo_email","1"
"6056","3810","2025-08-15","email","balance_statement","0"
"6057","3811","2024-07-02","email","balance_statement","0"
"6058","3812","2022-11-24","email","promo_email","0"
"6059","3812","2024-04-05","email","service_alert","0"
"6060","3812","2025-04-28","push","promo_email","0"
"6061","3813","2025-12-17","postal","balance_statement","0"
"6062","3813","2026-04-24","email","service_alert","0"
"6063","3814","2022-08-17","push","balance_statement","0"
"6064","3814","2025-06-26","postal","service_alert","0"
"6065","3817","2024-06-16","email","promo_email","0"
"6066","3817","2026-05-04","email","balance_statement","0"
"6067","3818","2025-08-11","push","promo_email","0"
"6068","3819","2023-05-17","email","balance_statement","0"
"6069","3819","2025-05-24","email","service_alert","0"
"6070","3820","2023-10-09","email","balance_statement","1"
"6071","3821","2024-04-23","postal","promo_email","0"
"6072","3821","2025-05-27","email","promo_email","0"
"6073","3823","2023-09-16","push","balance_statement","0"
"6074","3823","2024-11-03","postal","balance_statement","0"
"6075","3824","2021-12-27","email","promo_email","1"
"6076","3824","2022-01-04","postal","service_alert","0"
"6077","3824","2025-05-10","email","promo_email","0"
"6078","3825","2022-04-16","push","promo_email","0"
"6079","3825","2023-02-06","email","balance_statement","0"
"6080","3825","2024-07-04","push","balance_statement","0"
"6081","3825","2025-04-20","email","balance_statement","1"
"6082","3825","2026-01-16","email","promo_email","0"
"6083","3826","2024-07-01","email","balance_statement","0"
"6084","3826","2026-01-08","postal","service_alert","0"
"6085","3828","2023-09-20","postal","service_alert","1"
"6086","3828","2025-08-11","postal","balance_statement","1"
"6087","3829","2024-07-17","email","promo_email","0"
"6088","3829","2026-01-06","email","promo_email","0"
"6089","3831","2025-08-24","postal","balance_statement","0"
"6090","3832","2022-01-24","email","promo_email","0"
"6091","3832","2024-08-20","email","promo_email","0"
"6092","3832","2025-11-27","email","service_alert","0"
"6093","3834","2020-04-18","postal","balance_statement","0"
"6094","3834","2021-10-21","postal","service_alert","0"
"6095","3834","2022-02-16","email","balance_statement","0"
"6096","3834","2023-09-02","email","promo_email","0"
"6097","3835","2023-10-02","email","promo_email","0"
"6098","3835","2024-08-24","postal","balance_statement","0"
"6099","3835","2025-05-21","push","balance_statement","0"
"6100","3837","2025-02-09","postal","service_alert","0"
"6101","3837","2026-03-26","email","balance_statement","0"
"6102","3839","2022-01-17","postal","promo_email","0"
"6103","3839","2023-09-11","postal","promo_email","0"
"6104","3839","2024-05-09","push","balance_statement","0"
"6105","3839","2025-11-15","push","balance_statement","0"
"6106","3841","2024-09-13","email","service_alert","1"
"6107","3843","2023-12-17","push","balance_statement","0"
"6108","3844","2024-04-23","postal","balance_statement","0"
"6109","3844","2025-03-08","push","promo_email","0"
"6110","3844","2026-04-22","email","promo_email","0"
"6111","3845","2021-06-21","push","balance_statement","0"
"6112","3845","2022-11-09","email","balance_statement","0"
"6113","3845","2023-05-08","email","service_alert","0"
"6114","3845","2025-03-12","email","balance_statement","0"
"6115","3846","2023-07-27","push","promo_email","0"
"6116","3846","2026-04-24","email","balance_statement","0"
"6117","3848","2022-12-15","email","balance_statement","0"
"6118","3848","2025-08-15","postal","promo_email","1"
"6119","3848","2026-03-10","postal","balance_statement","1"
"6120","3854","2026-06-09","postal","promo_email","0"
"6121","3855","2025-08-06","email","promo_email","0"
"6122","3856","2025-02-27","postal","balance_statement","0"
"6123","3857","2020-11-01","email","promo_email","0"
"6124","3857","2021-07-14","email","promo_email","0"
"6125","3857","2022-11-28","email","balance_statement","0"
"6126","3857","2023-04-27","email","promo_email","0"
"6127","3858","2025-10-01","email","balance_statement","1"
"6128","3858","2026-01-05","email","service_alert","0"
"6129","3859","2024-11-24","push","promo_email","0"
"6130","3859","2025-09-01","postal","balance_statement","0"
"6131","3860","2023-06-13","email","promo_email","0"
"6132","3860","2024-04-03","email","promo_email","0"
"6133","3860","2025-03-17","postal","promo_email","0"
"6134","3862","2020-09-26","postal","balance_statement","0"
"6135","3862","2021-03-22","email","balance_statement","0"
"6136","3862","2024-08-01","email","promo_email","0"
"6137","3863","2024-11-21","email","promo_email","0"
"6138","3863","2025-11-21","email","balance_statement","0"
"6139","3863","2026-02-13","email","service_alert","0"
"6140","3864","2021-08-01","push","promo_email","0"
"6141","3864","2022-02-16","email","promo_email","0"
"6142","3864","2023-03-03","push","promo_email","0"
"6143","3864","2026-05-09","postal","promo_email","0"
"6144","3865","2024-08-25","postal","promo_email","0"
"6145","3865","2025-08-14","email","balance_statement","0"
"6146","3866","2026-06-20","email","promo_email","0"
"6147","3868","2023-03-04","push","service_alert","0"
"6148","3868","2024-07-12","email","balance_statement","0"
"6149","3870","2023-08-24","email","service_alert","0"
"6150","3870","2024-07-17","postal","service_alert","0"
"6151","3870","2025-07-02","postal","promo_email","0"
"6152","3871","2025-04-20","push","promo_email","0"
"6153","3873","2023-07-16","email","balance_statement","0"
"6154","3873","2025-09-10","email","balance_statement","0"
"6155","3874","2023-11-18","email","promo_email","0"
"6156","3874","2024-11-17","postal","balance_statement","0"
"6157","3874","2025-05-10","email","service_alert","0"
"6158","3874","2026-01-02","push","service_alert","0"
"6159","3875","2024-07-12","postal","promo_email","0"
"6160","3875","2025-01-01","email","promo_email","0"
"6161","3875","2026-01-22","email","promo_email","0"
"6162","3878","2026-01-16","email","promo_email","0"
"6163","3879","2022-12-13","email","service_alert","0"
"6164","3879","2024-10-24","email","promo_email","0"
"6165","3879","2025-05-26","postal","promo_email","0"
"6166","3880","2025-10-27","email","service_alert","0"
"6167","3882","2025-06-25","email","service_alert","0"
"6168","3883","2022-03-19","email","promo_email","0"
"6169","3883","2023-03-17","email","promo_email","0"
"6170","3883","2025-12-10","email","promo_email","0"
"6171","3884","2025-12-14","email","promo_email","0"
"6172","3884","2026-05-09","postal","promo_email","0"
"6173","3885","2023-02-17","email","promo_email","0"
"6174","3885","2024-01-19","email","balance_statement","0"
"6175","3885","2025-11-28","postal","promo_email","1"
"6176","3886","2024-04-12","email","balance_statement","0"
"6177","3886","2026-04-10","email","service_alert","0"
"6178","3888","2025-08-06","email","service_alert","0"
"6179","3888","2026-02-24","postal","promo_email","0"
"6180","3889","2023-11-21","email","balance_statement","0"
"6181","3889","2024-01-25","push","promo_email","0"
"6182","3889","2025-12-03","email","balance_statement","0"
"6183","3890","2023-08-03","email","promo_email","0"
"6184","3890","2024-03-21","push","balance_statement","0"
"6185","3890","2025-04-03","email","balance_statement","1"
"6186","3891","2024-07-21","postal","promo_email","0"
"6187","3892","2021-01-24","email","balance_statement","0"
"6188","3892","2023-02-25","postal","promo_email","0"
"6189","3892","2024-05-25","email","balance_statement","0"
"6190","3892","2025-04-24","email","promo_email","0"
"6191","3893","2024-10-25","email","promo_email","0"
"6192","3893","2026-06-15","email","balance_statement","0"
"6193","3894","2022-12-01","email","balance_statement","0"
"6194","3894","2023-04-25","postal","promo_email","0"
"6195","3894","2024-01-24","email","promo_email","0"
"6196","3895","2021-08-19","email","service_alert","0"
"6197","3895","2022-08-14","postal","promo_email","0"
"6198","3895","2024-03-23","postal","balance_statement","0"
"6199","3895","2025-10-15","email","promo_email","0"
"6200","3896","2021-11-18","postal","balance_statement","0"
"6201","3896","2022-10-07","email","service_alert","0"
"6202","3896","2023-01-03","postal","balance_statement","0"
"6203","3896","2024-01-25","email","balance_statement","0"
"6204","3896","2025-12-08","postal","balance_statement","0"
"6205","3897","2025-11-27","email","balance_statement","0"
"6206","3897","2026-06-08","email","balance_statement","0"
"6207","3898","2026-06-11","email","promo_email","0"
"6208","3900","2024-01-14","postal","balance_statement","0"
"6209","3901","2020-07-03","postal","service_alert","0"
"6210","3901","2022-04-09","postal","promo_email","0"
"6211","3901","2023-12-28","email","promo_email","0"
"6212","3901","2026-06-08","push","balance_statement","0"
"6213","3902","2023-11-22","email","balance_statement","1"
"6214","3902","2026-01-17","push","promo_email","0"
"6215","3903","2024-09-24","email","balance_statement","0"
"6216","3903","2025-04-27","email","service_alert","1"
"6217","3903","2026-01-22","email","balance_statement","0"
"6218","3904","2025-05-27","email","promo_email","0"
"6219","3905","2025-09-13","email","promo_email","0"
"6220","3906","2025-02-03","push","service_alert","0"
"6221","3907","2020-09-05","postal","balance_statement","0"
"6222","3907","2025-01-26","email","promo_email","0"
"6223","3908","2025-09-15","email","balance_statement","0"
"6224","3909","2023-06-26","postal","promo_email","0"
"6225","3909","2024-01-16","push","balance_statement","0"
"6226","3909","2025-04-03","email","balance_statement","0"
"6227","3910","2024-04-17","email","balance_statement","0"
"6228","3910","2026-03-17","email","promo_email","0"
"6229","3913","2022-11-13","postal","balance_statement","0"
"6230","3913","2023-02-24","push","service_alert","0"
"6231","3913","2024-01-20","push","service_alert","0"
"6232","3913","2026-01-22","push","promo_email","0"
"6233","3914","2024-09-07","email","balance_statement","0"
"6234","3914","2025-05-26","push","balance_statement","0"
"6235","3915","2021-09-19","email","promo_email","0"
"6236","3915","2022-04-14","email","balance_statement","0"
"6237","3915","2023-05-19","email","balance_statement","0"
"6238","3916","2023-03-21","email","balance_statement","0"
"6239","3917","2023-01-07","email","promo_email","0"
"6240","3917","2024-05-04","push","promo_email","0"
"6241","3917","2025-07-08","email","service_alert","0"
"6242","3918","2026-04-05","push","balance_statement","0"
"6243","3919","2020-06-26","email","promo_email","0"
"6244","3919","2021-06-24","postal","balance_statement","0"
"6245","3919","2023-01-10","email","service_alert","0"
"6246","3921","2021-10-05","email","balance_statement","0"
"6247","3921","2023-12-17","email","balance_statement","0"
"6248","3921","2024-11-14","email","balance_statement","0"
"6249","3921","2025-05-03","email","balance_statement","0"
"6250","3922","2026-06-11","email","promo_email","0"
"6251","3927","2023-05-28","email","balance_statement","0"
"6252","3927","2025-01-20","postal","promo_email","1"
"6253","3929","2023-05-09","email","service_alert","0"
"6254","3929","2024-11-24","email","balance_statement","0"
"6255","3929","2026-05-11","email","promo_email","0"
"6256","3931","2021-10-04","push","service_alert","0"
"6257","3931","2022-12-16","email","balance_statement","0"
"6258","3932","2023-01-22","push","promo_email","1"
"6259","3932","2024-09-21","email","promo_email","1"
"6260","3934","2025-07-23","email","promo_email","0"
"6261","3935","2021-12-13","email","service_alert","0"
"6262","3935","2022-11-16","postal","service_alert","0"
"6263","3935","2023-12-06","email","service_alert","0"
"6264","3935","2024-10-01","email","promo_email","0"
"6265","3935","2025-08-22","email","balance_statement","0"
"6266","3936","2024-09-09","push","service_alert","0"
"6267","3936","2025-11-13","email","balance_statement","0"
"6268","3937","2026-06-17","email","balance_statement","0"
"6269","3938","2024-09-07","email","promo_email","0"
"6270","3938","2025-06-10","email","promo_email","1"
"6271","3939","2022-04-26","email","promo_email","0"
"6272","3939","2023-12-20","email","balance_statement","0"
"6273","3940","2022-06-08","email","promo_email","0"
"6274","3940","2025-07-10","email","balance_statement","0"
"6275","3941","2025-10-19","push","promo_email","0"
"6276","3942","2023-11-13","email","balance_statement","0"
"6277","3942","2024-08-02","push","balance_statement","0"
"6278","3943","2023-07-26","postal","promo_email","0"
"6279","3943","2024-01-03","postal","balance_statement","0"
"6280","3944","2025-01-26","postal","promo_email","0"
"6281","3945","2022-08-24","postal","balance_statement","0"
"6282","3945","2023-04-10","email","service_alert","0"
"6283","3945","2024-09-13","push","balance_statement","0"
"6284","3945","2025-06-25","email","balance_statement","0"
"6285","3947","2022-12-27","push","balance_statement","0"
"6286","3947","2025-09-28","email","service_alert","0"
"6287","3950","2021-09-01","push","promo_email","0"
"6288","3950","2024-05-04","email","balance_statement","0"
"6289","3951","2025-03-08","push","balance_statement","0"
"6290","3952","2025-04-08","email","promo_email","0"
"6291","3953","2021-06-06","postal","promo_email","0"
"6292","3953","2023-12-23","push","balance_statement","1"
"6293","3953","2024-12-25","push","balance_statement","0"
"6294","3953","2025-04-08","email","promo_email","0"
"6295","3955","2025-12-05","push","balance_statement","0"
"6296","3958","2024-03-21","push","balance_statement","0"
"6297","3958","2025-06-20","email","balance_statement","0"
"6298","3958","2026-03-09","push","balance_statement","0"
"6299","3959","2023-10-21","email","balance_statement","0"
"6300","3959","2024-05-16","email","balance_statement","0"
"6301","3959","2025-10-22","email","service_alert","0"
"6302","3959","2026-02-18","email","balance_statement","0"
"6303","3960","2022-08-13","email","promo_email","1"
"6304","3960","2024-04-04","push","balance_statement","1"
"6305","3962","2021-08-01","postal","service_alert","1"
"6306","3962","2023-04-20","email","promo_email","1"
"6307","3962","2024-05-22","postal","service_alert","1"
"6308","3963","2023-12-06","email","balance_statement","0"
"6309","3963","2024-10-20","email","promo_email","0"
"6310","3963","2025-01-23","email","promo_email","0"
"6311","3963","2026-05-28","email","balance_statement","0"
"6312","3965","2022-02-04","email","balance_statement","0"
"6313","3965","2023-09-27","push","promo_email","0"
"6314","3965","2024-06-18","push","promo_email","0"
"6315","3967","2021-06-20","postal","balance_statement","0"
"6316","3967","2022-02-26","email","promo_email","0"
"6317","3967","2023-10-13","email","promo_email","0"
"6318","3967","2024-11-28","email","promo_email","0"
"6319","3967","2025-09-07","postal","promo_email","0"
"6320","3968","2026-04-26","email","balance_statement","0"
"6321","3969","2024-04-20","email","balance_statement","0"
"6322","3969","2025-08-02","email","service_alert","0"
"6323","3970","2022-12-06","email","promo_email","0"
"6324","3970","2023-11-11","postal","promo_email","0"
"6325","3970","2025-11-08","email","service_alert","0"
"6326","3970","2026-06-26","email","balance_statement","0"
"6327","3971","2025-11-07","email","service_alert","0"
"6328","3972","2024-09-09","postal","balance_statement","0"
"6329","3972","2025-12-08","push","promo_email","0"
"6330","3972","2026-03-02","email","promo_email","0"
"6331","3973","2022-02-10","postal","service_alert","0"
"6332","3973","2025-12-25","postal","promo_email","0"
"6333","3974","2025-09-08","postal","balance_statement","0"
"6334","3975","2023-02-26","email","balance_statement","0"
"6335","3975","2024-10-16","email","balance_statement","0"
"6336","3976","2022-12-05","email","balance_statement","0"
"6337","3976","2024-07-16","postal","balance_statement","0"
"6338","3976","2025-01-10","email","promo_email","0"
"6339","3976","2026-02-21","email","balance_statement","0"
"6340","3980","2024-05-13","postal","balance_statement","0"
"6341","3980","2025-08-08","push","balance_statement","0"
"6342","3980","2026-02-12","email","promo_email","0"
"6343","3981","2024-11-21","push","balance_statement","0"
"6344","3981","2025-03-06","email","promo_email","0"
"6345","3981","2026-04-02","email","service_alert","0"
"6346","3982","2022-09-25","postal","balance_statement","0"
"6347","3982","2025-01-05","email","promo_email","0"
"6348","3983","2024-09-02","email","service_alert","1"
"6349","3985","2025-04-25","email","promo_email","0"
"6350","3986","2023-02-08","push","balance_statement","0"
"6351","3986","2025-08-07","push","promo_email","0"
"6352","3986","2026-05-15","email","balance_statement","0"
"6353","3988","2025-02-21","email","promo_email","1"
"6354","3988","2026-01-04","email","balance_statement","0"
"6355","3991","2022-01-07","email","service_alert","0"
"6356","3991","2023-08-09","postal","promo_email","0"
"6357","3991","2024-10-15","push","service_alert","0"
"6358","3991","2026-06-18","email","promo_email","0"
"6359","3993","2024-07-22","email","promo_email","0"
"6360","3993","2025-11-13","email","promo_email","0"
"6361","3993","2026-03-04","email","promo_email","0"
"6362","3994","2025-01-12","email","balance_statement","0"
"6363","3995","2026-02-22","push","balance_statement","0"
"6364","3996","2022-06-01","email","service_alert","0"
"6365","3996","2023-12-02","push","service_alert","0"
"6366","3996","2024-09-12","email","promo_email","0"
"6367","3996","2026-03-04","email","balance_statement","0"
"6368","3997","2024-12-23","email","promo_email","0"
"6369","3997","2026-03-09","email","balance_statement","0"
"6370","3998","2022-01-16","email","promo_email","0"
"6371","3998","2025-02-08","email","promo_email","0"
"6372","4000","2023-06-02","email","service_alert","0"
"6373","4000","2025-12-14","postal","promo_email","0"
"6374","4001","2024-01-17","email","balance_statement","0"
"6375","4001","2025-01-04","email","promo_email","0"
"6376","4001","2026-03-16","email","service_alert","0"
"6377","4002","2024-01-03","email","balance_statement","1"
"6378","4002","2026-04-11","email","balance_statement","1"
"6379","4003","2023-12-15","email","promo_email","0"
"6380","4003","2024-08-27","email","balance_statement","0"
"6381","4003","2025-08-22","push","balance_statement","0"
"6382","4004","2022-05-11","email","balance_statement","0"
"6383","4004","2023-02-07","email","promo_email","0"
"6384","4004","2024-01-03","email","balance_statement","0"
"6385","4004","2026-06-23","email","promo_email","0"
"6386","4006","2024-12-04","email","promo_email","0"
"6387","4006","2025-11-16","email","promo_email","0"
"6388","4007","2025-09-04","push","promo_email","0"
"6389","4008","2025-08-22","email","service_alert","1"
"6390","4008","2026-06-01","push","balance_statement","1"
"6391","4009","2026-02-24","email","balance_statement","1"
"6392","4010","2025-11-12","email","promo_email","0"
"6393","4010","2026-06-10","email","promo_email","0"
"6394","4011","2023-03-22","email","promo_email","0"
"6395","4011","2024-03-04","push","balance_statement","0"
"6396","4011","2025-02-01","email","promo_email","0"
"6397","4012","2022-07-13","email","balance_statement","0"
"6398","4012","2023-06-15","push","service_alert","0"
"6399","4012","2024-09-08","email","balance_statement","0"
"6400","4013","2024-01-24","email","balance_statement","0"
"6401","4013","2025-02-24","email","promo_email","0"
"6402","4016","2026-04-02","postal","balance_statement","0"
"6403","4017","2025-03-07","postal","balance_statement","0"
"6404","4018","2022-07-12","email","service_alert","0"
"6405","4018","2023-01-14","email","balance_statement","0"
"6406","4018","2024-06-08","postal","balance_statement","0"
"6407","4018","2025-12-02","email","promo_email","0"
"6408","4019","2025-01-18","push","promo_email","0"
"6409","4020","2022-05-20","push","balance_statement","0"
"6410","4020","2025-05-03","postal","promo_email","0"
"6411","4020","2026-05-15","email","balance_statement","0"
"6412","4021","2025-09-17","push","balance_statement","0"
"6413","4024","2022-02-02","email","service_alert","1"
"6414","4024","2024-12-08","email","service_alert","0"
"6415","4024","2025-02-05","email","service_alert","0"
"6416","4025","2020-08-18","email","balance_statement","0"
"6417","4025","2021-08-08","email","balance_statement","0"
"6418","4025","2022-05-01","email","balance_statement","1"
"6419","4025","2024-09-01","email","promo_email","0"
"6420","4025","2026-06-25","email","balance_statement","0"
"6421","4026","2022-08-22","push","service_alert","0"
"6422","4026","2023-08-27","email","service_alert","0"
"6423","4026","2024-12-02","email","balance_statement","0"
"6424","4026","2025-01-22","email","promo_email","1"
"6425","4027","2024-03-07","email","promo_email","0"
"6426","4028","2024-11-09","email","promo_email","0"
"6427","4028","2026-05-08","email","balance_statement","0"
"6428","4030","2026-03-07","push","balance_statement","0"
"6429","4031","2025-12-01","postal","balance_statement","0"
"6430","4032","2025-08-17","push","balance_statement","0"
"6431","4034","2026-05-02","push","balance_statement","0"
"6432","4037","2024-04-22","push","promo_email","0"
"6433","4037","2025-06-21","postal","promo_email","0"
"6434","4037","2026-02-09","postal","balance_statement","0"
"6435","4038","2025-03-03","email","balance_statement","0"
"6436","4038","2026-05-10","email","balance_statement","0"
"6437","4039","2022-11-03","email","balance_statement","1"
"6438","4039","2023-04-21","postal","service_alert","1"
"6439","4039","2026-04-18","email","promo_email","1"
"6440","4040","2023-03-03","email","service_alert","0"
"6441","4040","2024-02-07","email","promo_email","0"
"6442","4040","2025-09-27","email","service_alert","0"
"6443","4041","2022-09-16","postal","balance_statement","0"
"6444","4041","2024-04-10","email","balance_statement","0"
"6445","4041","2025-12-14","email","service_alert","0"
"6446","4042","2025-05-21","email","balance_statement","0"
"6447","4045","2026-06-12","email","promo_email","0"
"6448","4046","2022-10-15","email","promo_email","0"
"6449","4046","2023-12-15","push","balance_statement","0"
"6450","4046","2024-10-15","email","balance_statement","0"
"6451","4047","2025-04-03","email","balance_statement","0"
"6452","4048","2020-10-26","email","promo_email","0"
"6453","4048","2023-02-17","email","balance_statement","0"
"6454","4048","2026-02-21","push","balance_statement","0"
"6455","4049","2025-02-08","email","promo_email","0"
"6456","4050","2024-09-06","push","promo_email","0"
"6457","4050","2025-07-22","email","promo_email","0"
"6458","4051","2022-10-09","postal","promo_email","0"
"6459","4051","2023-07-18","email","promo_email","0"
"6460","4051","2025-01-24","email","promo_email","0"
"6461","4051","2026-03-23","email","balance_statement","0"
"6462","4052","2023-08-07","email","balance_statement","0"
"6463","4052","2025-08-20","push","promo_email","0"
"6464","4053","2020-08-27","postal","balance_statement","1"
"6465","4053","2021-01-27","email","service_alert","1"
"6466","4053","2022-05-16","email","promo_email","1"
"6467","4053","2023-08-09","email","promo_email","1"
"6468","4053","2025-06-06","email","promo_email","1"
"6469","4054","2023-11-09","email","balance_statement","0"
"6470","4055","2026-02-24","postal","service_alert","0"
"6471","4057","2026-03-28","push","promo_email","0"
"6472","4058","2026-01-10","email","promo_email","0"
"6473","4060","2021-08-13","postal","service_alert","0"
"6474","4060","2023-01-24","push","promo_email","0"
"6475","4060","2024-07-10","email","service_alert","0"
"6476","4062","2024-08-24","email","balance_statement","1"
"6477","4062","2025-04-15","push","balance_statement","1"
"6478","4062","2026-02-28","email","service_alert","1"
"6479","4064","2024-03-02","postal","promo_email","0"
"6480","4064","2025-02-12","email","promo_email","0"
"6481","4065","2020-02-02","email","balance_statement","0"
"6482","4065","2023-08-16","email","balance_statement","0"
"6483","4065","2026-05-15","email","balance_statement","0"
"6484","4066","2025-07-10","email","balance_statement","0"
"6485","4068","2021-11-26","postal","promo_email","0"
"6486","4068","2022-04-04","email","promo_email","0"
"6487","4068","2025-10-27","email","balance_statement","0"
"6488","4069","2021-01-23","push","promo_email","0"
"6489","4069","2023-01-07","email","balance_statement","0"
"6490","4069","2024-07-02","email","balance_statement","0"
"6491","4069","2025-10-11","postal","service_alert","0"
"6492","4071","2025-04-13","email","balance_statement","0"
"6493","4072","2026-02-13","email","promo_email","0"
"6494","4073","2025-07-01","postal","promo_email","0"
"6495","4074","2023-09-05","push","balance_statement","0"
"6496","4074","2024-01-23","email","promo_email","0"
"6497","4074","2025-01-08","email","promo_email","0"
"6498","4076","2023-04-24","email","promo_email","1"
"6499","4076","2025-04-22","email","balance_statement","0"
"6500","4077","2021-03-17","email","service_alert","0"
"6501","4077","2023-09-26","email","balance_statement","0"
"6502","4077","2024-04-10","push","balance_statement","0"
"6503","4077","2025-01-19","email","balance_statement","0"
"6504","4078","2022-09-16","email","promo_email","0"
"6505","4078","2024-01-03","postal","balance_statement","0"
"6506","4079","2021-03-27","push","balance_statement","0"
"6507","4079","2022-07-26","push","promo_email","0"
"6508","4079","2024-05-17","email","balance_statement","0"
"6509","4079","2025-12-14","email","balance_statement","0"
"6510","4080","2024-07-11","email","promo_email","0"
"6511","4081","2023-05-12","email","balance_statement","0"
"6512","4081","2024-11-15","postal","balance_statement","0"
"6513","4081","2025-12-13","push","balance_statement","1"
"6514","4082","2025-12-26","email","service_alert","0"
"6515","4083","2021-09-15","push","service_alert","0"
"6516","4083","2023-06-21","email","balance_statement","0"
"6517","4083","2024-06-05","postal","promo_email","0"
"6518","4083","2025-10-27","email","promo_email","0"
"6519","4084","2024-09-11","postal","service_alert","0"
"6520","4084","2025-12-01","push","promo_email","0"
"6521","4085","2022-08-04","postal","balance_statement","0"
"6522","4085","2023-11-17","email","balance_statement","0"
"6523","4085","2024-10-12","email","balance_statement","0"
"6524","4085","2025-11-01","email","balance_statement","0"
"6525","4086","2022-06-27","email","balance_statement","0"
"6526","4086","2023-12-23","email","promo_email","0"
"6527","4086","2024-04-22","push","promo_email","0"
"6528","4086","2025-08-27","email","service_alert","0"
"6529","4087","2020-02-05","email","promo_email","0"
"6530","4087","2025-09-05","push","promo_email","1"
"6531","4090","2023-09-14","email","service_alert","0"
"6532","4090","2024-03-15","email","service_alert","0"
"6533","4091","2025-09-05","email","balance_statement","0"
"6534","4094","2025-07-06","email","balance_statement","1"
"6535","4095","2021-09-11","push","service_alert","1"
"6536","4095","2023-05-09","email","service_alert","0"
"6537","4095","2024-11-13","postal","balance_statement","0"
"6538","4096","2025-02-16","email","promo_email","0"
"6539","4097","2023-11-22","email","balance_statement","0"
"6540","4097","2025-11-27","email","balance_statement","0"
"6541","4098","2025-09-20","postal","balance_statement","0"
"6542","4099","2022-08-17","email","promo_email","0"
"6543","4099","2025-07-08","email","balance_statement","0"
"6544","4100","2024-10-09","email","balance_statement","0"
"6545","4100","2025-12-23","push","balance_statement","0"
"6546","4100","2026-01-21","email","balance_statement","0"
"6547","4101","2022-12-21","postal","balance_statement","0"
"6548","4101","2023-04-21","email","balance_statement","0"
"6549","4101","2025-02-16","email","promo_email","0"
"6550","4101","2026-03-23","postal","balance_statement","0"
"6551","4102","2022-05-10","email","balance_statement","0"
"6552","4102","2023-06-20","postal","promo_email","0"
"6553","4102","2024-09-11","postal","balance_statement","0"
"6554","4103","2025-01-24","postal","balance_statement","0"
"6555","4105","2025-08-25","email","balance_statement","0"
"6556","4106","2026-04-12","postal","balance_statement","0"
"6557","4108","2025-07-27","email","balance_statement","1"
"6558","4108","2026-06-02","postal","promo_email","0"
"6559","4109","2026-04-02","email","promo_email","0"
"6560","4110","2026-03-18","email","balance_statement","0"
"6561","4111","2022-07-20","email","promo_email","0"
"6562","4111","2023-10-14","email","promo_email","0"
"6563","4111","2025-02-19","email","promo_email","0"
"6564","4115","2021-07-08","email","promo_email","0"
"6565","4115","2022-12-01","postal","promo_email","0"
"6566","4115","2026-02-08","email","balance_statement","0"
"6567","4116","2023-05-22","email","promo_email","0"
"6568","4116","2024-12-22","postal","promo_email","0"
"6569","4116","2025-12-04","email","service_alert","0"
"6570","4117","2025-09-23","email","promo_email","1"
"6571","4117","2026-02-20","email","balance_statement","0"
"6572","4119","2025-01-12","email","service_alert","1"
"6573","4120","2024-09-25","push","balance_statement","0"
"6574","4122","2025-10-21","push","balance_statement","0"
"6575","4123","2026-04-13","postal","promo_email","0"
"6576","4124","2021-09-28","email","balance_statement","0"
"6577","4124","2022-12-01","push","balance_statement","0"
"6578","4124","2024-09-24","email","service_alert","0"
"6579","4124","2025-07-26","email","balance_statement","0"
"6580","4124","2026-05-10","email","balance_statement","0"
"6581","4125","2022-02-28","email","balance_statement","0"
"6582","4125","2023-12-10","email","promo_email","0"
"6583","4127","2024-01-14","email","promo_email","0"
"6584","4127","2025-05-04","postal","promo_email","0"
"6585","4127","2026-04-16","email","promo_email","1"
"6586","4128","2022-09-12","email","promo_email","0"
"6587","4128","2024-07-18","email","service_alert","0"
"6588","4128","2025-08-27","email","promo_email","0"
"6589","4129","2022-06-13","email","promo_email","0"
"6590","4129","2023-08-26","email","service_alert","0"
"6591","4130","2020-08-03","email","balance_statement","0"
"6592","4130","2022-04-13","postal","balance_statement","0"
"6593","4130","2023-09-09","email","balance_statement","0"
"6594","4133","2023-12-17","email","balance_statement","0"
"6595","4133","2024-03-12","email","promo_email","0"
"6596","4133","2025-09-12","postal","balance_statement","0"
"6597","4135","2024-11-23","email","balance_statement","0"
"6598","4135","2025-05-18","email","promo_email","0"
"6599","4136","2022-10-17","postal","promo_email","0"
"6600","4136","2024-03-05","postal","balance_statement","0"
"6601","4136","2025-09-25","push","promo_email","0"
"6602","4137","2026-04-02","email","promo_email","0"
"6603","4139","2021-09-13","postal","balance_statement","0"
"6604","4139","2023-08-08","email","balance_statement","0"
"6605","4139","2024-08-26","email","promo_email","0"
"6606","4139","2025-11-05","email","service_alert","0"
"6607","4141","2025-12-07","postal","balance_statement","0"
"6608","4143","2023-03-17","email","service_alert","0"
"6609","4143","2024-01-27","email","balance_statement","0"
"6610","4143","2025-04-27","push","balance_statement","0"
"6611","4149","2021-06-17","email","balance_statement","1"
"6612","4149","2022-01-16","email","service_alert","0"
"6613","4149","2023-10-23","email","balance_statement","0"
"6614","4149","2025-09-20","email","balance_statement","0"
"6615","4149","2026-03-04","email","promo_email","0"
"6616","4150","2025-04-06","email","balance_statement","0"
"6617","4152","2020-01-21","push","service_alert","0"
"6618","4152","2021-09-09","email","promo_email","0"
"6619","4152","2022-07-25","email","promo_email","1"
"6620","4152","2023-02-25","email","promo_email","0"
"6621","4153","2026-06-27","postal","promo_email","0"
"6622","4154","2025-11-28","email","balance_statement","0"
"6623","4156","2021-04-17","postal","service_alert","0"
"6624","4156","2022-07-12","email","promo_email","0"
"6625","4156","2023-01-21","push","promo_email","0"
"6626","4156","2024-05-06","push","balance_statement","0"
"6627","4158","2025-04-01","email","promo_email","0"
"6628","4159","2024-10-24","email","balance_statement","0"
"6629","4159","2025-05-25","push","promo_email","0"
"6630","4161","2021-10-09","postal","promo_email","0"
"6631","4161","2022-07-28","email","promo_email","0"
"6632","4161","2024-05-01","postal","promo_email","0"
"6633","4162","2026-04-01","postal","promo_email","0"
"6634","4164","2023-03-19","email","promo_email","0"
"6635","4164","2026-03-26","push","service_alert","0"
"6636","4166","2023-08-16","postal","balance_statement","0"
"6637","4166","2024-05-26","postal","service_alert","0"
"6638","4167","2020-05-12","postal","promo_email","0"
"6639","4167","2026-01-13","postal","promo_email","0"
"6640","4168","2023-04-02","postal","balance_statement","0"
"6641","4168","2025-08-05","email","service_alert","0"
"6642","4168","2026-04-03","email","balance_statement","0"
"6643","4169","2025-02-06","postal","promo_email","0"
"6644","4171","2026-06-12","postal","balance_statement","0"
"6645","4175","2025-09-12","postal","promo_email","0"
"6646","4175","2026-04-13","email","promo_email","0"
"6647","4177","2022-12-19","email","balance_statement","0"
"6648","4177","2025-05-19","email","promo_email","0"
"6649","4177","2026-02-19","push","service_alert","0"
"6650","4179","2024-06-02","email","promo_email","0"
"6651","4179","2025-08-23","email","service_alert","0"
"6652","4180","2023-02-25","postal","balance_statement","0"
"6653","4181","2023-02-17","email","promo_email","0"
"6654","4181","2024-09-10","postal","promo_email","0"
"6655","4182","2023-06-06","push","promo_email","0"
"6656","4182","2024-06-21","email","service_alert","0"
"6657","4182","2025-01-01","postal","balance_statement","0"
"6658","4182","2026-03-20","email","balance_statement","0"
"6659","4183","2020-05-10","email","balance_statement","0"
"6660","4183","2021-07-12","email","promo_email","0"
"6661","4183","2023-11-04","email","promo_email","0"
"6662","4185","2026-03-01","push","balance_statement","0"
"6663","4186","2024-10-22","email","promo_email","0"
"6664","4186","2025-03-08","postal","promo_email","0"
"6665","4187","2023-05-22","email","service_alert","0"
"6666","4187","2024-08-15","postal","promo_email","0"
"6667","4187","2025-01-23","email","balance_statement","0"
"6668","4188","2024-12-01","email","service_alert","0"
"6669","4188","2025-09-19","email","promo_email","0"
"6670","4189","2026-01-19","push","balance_statement","0"
"6671","4190","2026-02-23","email","balance_statement","0"
"6672","4191","2025-05-03","email","balance_statement","0"
"6673","4192","2024-07-01","push","service_alert","0"
"6674","4192","2025-06-02","email","balance_statement","0"
"6675","4192","2026-01-24","push","promo_email","0"
"6676","4194","2023-09-15","postal","balance_statement","0"
"6677","4194","2024-02-13","postal","balance_statement","0"
"6678","4195","2024-05-02","postal","balance_statement","0"
"6679","4195","2025-02-19","push","balance_statement","0"
"6680","4196","2022-10-11","email","balance_statement","0"
"6681","4196","2024-04-21","email","promo_email","0"
"6682","4196","2026-06-24","email","balance_statement","0"
"6683","4197","2025-03-01","push","balance_statement","0"
"6684","4198","2026-03-17","email","promo_email","0"
"6685","4199","2025-07-21","email","promo_email","0"
"6686","4200","2025-05-27","email","promo_email","0"
"6687","4200","2026-03-13","email","balance_statement","0"
"6688","4201","2023-02-07","email","balance_statement","0"
"6689","4201","2025-04-02","postal","promo_email","0"
"6690","4202","2022-03-23","email","balance_statement","0"
"6691","4202","2024-11-02","postal","balance_statement","0"
"6692","4204","2026-02-16","push","balance_statement","0"
"6693","4205","2024-09-05","email","promo_email","0"
"6694","4205","2025-06-12","email","balance_statement","0"
"6695","4205","2026-06-08","email","balance_statement","0"
"6696","4206","2024-09-23","push","promo_email","0"
"6697","4206","2025-01-02","email","promo_email","0"
"6698","4206","2026-04-12","postal","promo_email","1"
"6699","4207","2025-08-02","email","promo_email","0"
"6700","4208","2020-06-18","email","balance_statement","0"
"6701","4208","2021-07-03","postal","balance_statement","0"
"6702","4208","2023-07-13","email","balance_statement","0"
"6703","4208","2024-04-26","postal","balance_statement","0"
"6704","4209","2023-09-20","postal","promo_email","0"
"6705","4209","2024-10-21","email","promo_email","0"
"6706","4209","2026-06-05","email","promo_email","0"
"6707","4210","2023-01-03","email","promo_email","0"
"6708","4210","2025-06-10","email","service_alert","0"
"6709","4211","2025-07-09","postal","service_alert","0"
"6710","4211","2026-03-20","email","balance_statement","0"
"6711","4213","2026-01-07","push","balance_statement","0"
"6712","4214","2023-11-02","email","promo_email","0"
"6713","4215","2024-03-06","email","service_alert","1"
"6714","4215","2025-06-24","postal","promo_email","0"
"6715","4216","2024-04-27","email","balance_statement","0"
"6716","4216","2025-10-02","email","promo_email","0"
"6717","4216","2026-04-21","email","balance_statement","0"
"6718","4217","2025-11-16","email","promo_email","0"
"6719","4218","2025-06-16","email","promo_email","0"
"6720","4218","2026-05-18","email","promo_email","0"
"6721","4219","2026-04-23","email","promo_email","0"
"6722","4220","2023-07-22","email","promo_email","0"
"6723","4220","2024-10-10","email","promo_email","0"
"6724","4220","2025-11-14","email","promo_email","0"
"6725","4221","2022-12-16","email","promo_email","0"
"6726","4221","2023-10-10","email","balance_statement","0"
"6727","4221","2024-07-11","email","balance_statement","0"
"6728","4221","2025-09-09","email","balance_statement","0"
"6729","4222","2024-04-21","email","balance_statement","0"
"6730","4222","2025-06-13","push","balance_statement","0"
"6731","4223","2022-03-03","postal","promo_email","0"
"6732","4223","2025-09-23","email","promo_email","0"
"6733","4224","2022-10-22","email","balance_statement","0"
"6734","4224","2023-03-16","email","promo_email","0"
"6735","4224","2024-10-08","email","promo_email","1"
"6736","4224","2025-09-03","email","balance_statement","0"
"6737","4225","2021-04-21","email","balance_statement","0"
"6738","4225","2023-08-06","push","promo_email","0"
"6739","4226","2025-03-18","email","promo_email","0"
"6740","4227","2025-07-02","email","balance_statement","0"
"6741","4228","2025-05-01","email","promo_email","0"
"6742","4230","2025-02-12","email","promo_email","0"
"6743","4232","2022-01-27","email","promo_email","0"
"6744","4232","2024-06-16","postal","promo_email","0"
"6745","4232","2025-11-14","email","promo_email","0"
"6746","4233","2025-04-16","email","service_alert","0"
"6747","4234","2025-10-23","email","service_alert","1"
"6748","4236","2025-01-14","email","promo_email","0"
"6749","4237","2024-03-03","email","balance_statement","0"
"6750","4237","2025-01-06","email","balance_statement","0"
"6751","4238","2023-09-22","postal","promo_email","0"
"6752","4238","2024-10-05","email","balance_statement","0"
"6753","4239","2020-07-10","postal","balance_statement","0"
"6754","4239","2021-03-26","email","promo_email","0"
"6755","4239","2022-09-20","push","balance_statement","0"
"6756","4239","2023-05-04","email","promo_email","0"
"6757","4239","2025-08-20","push","promo_email","0"
"6758","4242","2024-02-24","email","service_alert","0"
"6759","4244","2025-04-11","email","balance_statement","0"
"6760","4246","2025-03-16","postal","promo_email","0"
"6761","4247","2026-04-07","email","balance_statement","0"
"6762","4248","2023-09-12","push","balance_statement","0"
"6763","4248","2025-06-07","email","balance_statement","0"
"6764","4250","2022-11-13","push","balance_statement","0"
"6765","4250","2024-08-27","email","balance_statement","1"
"6766","4250","2025-11-04","email","balance_statement","0"
"6767","4251","2023-08-19","push","service_alert","0"
"6768","4251","2024-05-25","email","balance_statement","0"
"6769","4252","2025-10-13","email","balance_statement","0"
"6770","4254","2022-02-19","email","balance_statement","0"
"6771","4254","2023-08-17","email","balance_statement","0"
"6772","4254","2024-01-02","email","balance_statement","1"
"6773","4254","2025-05-10","push","balance_statement","0"
"6774","4256","2024-02-11","email","balance_statement","0"
"6775","4258","2024-01-08","email","promo_email","0"
"6776","4258","2025-05-27","email","balance_statement","0"
"6777","4259","2025-01-01","email","promo_email","1"
"6778","4264","2022-08-09","email","promo_email","0"
"6779","4266","2023-06-16","postal","balance_statement","0"
"6780","4266","2024-02-26","email","balance_statement","0"
"6781","4267","2023-01-04","email","balance_statement","1"
"6782","4267","2025-06-27","email","promo_email","1"
"6783","4267","2026-01-22","email","service_alert","1"
"6784","4268","2025-03-05","postal","promo_email","0"
"6785","4270","2024-06-12","postal","balance_statement","0"
"6786","4270","2025-03-11","email","balance_statement","0"
"6787","4271","2025-03-09","push","balance_statement","0"
"6788","4271","2026-06-20","email","service_alert","0"
"6789","4272","2025-06-17","email","balance_statement","0"
"6790","4272","2026-06-25","email","promo_email","0"
"6791","4273","2023-08-01","push","promo_email","0"
"6792","4273","2024-01-04","postal","service_alert","0"
"6793","4274","2024-09-15","email","service_alert","0"
"6794","4274","2025-11-22","email","service_alert","0"
"6795","4274","2026-03-27","email","service_alert","0"
"6796","4276","2025-01-03","postal","balance_statement","0"
"6797","4277","2026-05-01","push","service_alert","0"
"6798","4279","2021-08-25","email","balance_statement","0"
"6799","4279","2022-08-18","postal","promo_email","0"
"6800","4279","2025-11-22","email","service_alert","0"
"6801","4280","2025-04-26","postal","promo_email","0"
"6802","4280","2026-05-12","email","service_alert","0"
"6803","4281","2025-03-12","email","promo_email","1"
"6804","4282","2021-07-13","email","balance_statement","0"
"6805","4282","2025-05-15","postal","promo_email","0"
"6806","4283","2021-12-27","push","service_alert","0"
"6807","4283","2022-12-12","email","promo_email","1"
"6808","4283","2024-07-18","email","service_alert","0"
"6809","4283","2025-06-18","push","service_alert","1"
"6810","4284","2026-06-11","email","promo_email","0"
"6811","4286","2022-02-15","postal","promo_email","0"
"6812","4286","2023-01-07","email","balance_statement","0"
"6813","4288","2022-11-05","push","promo_email","0"
"6814","4288","2024-08-20","push","promo_email","0"
"6815","4288","2025-11-14","email","promo_email","0"
"6816","4288","2026-01-01","email","balance_statement","0"
"6817","4289","2025-07-24","postal","promo_email","1"
"6818","4290","2022-10-26","email","promo_email","0"
"6819","4290","2024-12-03","email","balance_statement","0"
"6820","4291","2024-12-14","email","promo_email","0"
"6821","4297","2023-09-26","email","service_alert","0"
"6822","4297","2024-01-14","email","balance_statement","0"
"6823","4297","2025-01-04","email","promo_email","0"
"6824","4297","2026-02-17","email","promo_email","0"
"6825","4298","2023-05-01","email","balance_statement","0"
"6826","4298","2025-07-27","email","promo_email","0"
"6827","4301","2025-02-09","email","balance_statement","0"
"6828","4301","2026-01-09","email","balance_statement","0"
"6829","4302","2026-03-12","email","balance_statement","0"
"6830","4303","2024-06-05","push","promo_email","0"
"6831","4305","2025-05-26","email","balance_statement","0"
"6832","4305","2026-04-03","postal","balance_statement","0"
"6833","4306","2023-08-09","email","balance_statement","0"
"6834","4306","2026-04-15","email","balance_statement","0"
"6835","4307","2025-07-20","push","promo_email","0"
"6836","4308","2024-11-22","postal","promo_email","0"
"6837","4308","2025-03-18","email","service_alert","0"
"6838","4309","2026-04-05","email","balance_statement","0"
"6839","4311","2020-10-07","email","promo_email","0"
"6840","4311","2022-04-23","email","promo_email","0"
"6841","4313","2021-09-17","email","promo_email","1"
"6842","4313","2025-11-08","postal","balance_statement","0"
"6843","4314","2021-12-13","push","balance_statement","0"
"6844","4314","2022-10-07","email","balance_statement","0"
"6845","4314","2025-03-09","email","promo_email","0"
"6846","4314","2026-01-03","email","promo_email","0"
"6847","4315","2025-05-10","email","promo_email","0"
"6848","4316","2021-10-21","push","promo_email","1"
"6849","4316","2022-07-15","email","balance_statement","0"
"6850","4316","2023-03-07","postal","balance_statement","0"
"6851","4316","2024-04-25","push","promo_email","0"
"6852","4318","2023-05-19","email","balance_statement","0"
"6853","4318","2024-09-22","email","balance_statement","0"
"6854","4318","2025-02-24","email","promo_email","0"
"6855","4319","2026-06-12","email","service_alert","0"
"6856","4320","2025-07-26","push","balance_statement","0"
"6857","4320","2026-02-10","email","promo_email","0"
"6858","4321","2025-11-01","email","balance_statement","0"
"6859","4322","2024-07-22","email","promo_email","0"
"6860","4322","2025-07-15","postal","balance_statement","0"
"6861","4323","2022-03-27","email","balance_statement","0"
"6862","4324","2025-03-19","email","balance_statement","0"
"6863","4325","2023-08-04","postal","balance_statement","0"
"6864","4325","2024-08-05","postal","service_alert","0"
"6865","4327","2021-06-24","push","balance_statement","0"
"6866","4327","2022-10-27","email","service_alert","0"
"6867","4327","2024-02-23","email","balance_statement","0"
"6868","4328","2024-11-24","email","service_alert","0"
"6869","4328","2025-06-04","email","service_alert","0"
"6870","4329","2025-09-02","email","promo_email","0"
"6871","4329","2026-04-16","email","promo_email","0"
"6872","4331","2023-12-25","email","service_alert","0"
"6873","4331","2024-11-27","email","service_alert","0"
"6874","4331","2025-01-15","email","balance_statement","0"
"6875","4332","2022-12-10","email","balance_statement","0"
"6876","4332","2023-02-05","email","balance_statement","0"
"6877","4332","2024-06-28","email","promo_email","0"
"6878","4332","2025-04-20","email","promo_email","0"
"6879","4335","2023-11-10","postal","balance_statement","0"
"6880","4335","2024-02-04","push","balance_statement","0"
"6881","4337","2023-11-05","email","balance_statement","0"
"6882","4337","2026-04-03","email","promo_email","0"
"6883","4338","2021-03-05","push","balance_statement","0"
"6884","4338","2022-01-27","email","balance_statement","0"
"6885","4338","2024-09-20","email","promo_email","0"
"6886","4338","2025-06-19","email","balance_statement","0"
"6887","4339","2022-04-11","postal","balance_statement","0"
"6888","4339","2023-02-23","email","service_alert","0"
"6889","4340","2022-09-13","email","promo_email","0"
"6890","4340","2023-03-15","email","balance_statement","0"
"6891","4340","2024-03-04","push","promo_email","0"
"6892","4341","2025-05-16","push","promo_email","0"
"6893","4342","2025-04-22","postal","balance_statement","0"
"6894","4343","2022-03-26","email","promo_email","0"
"6895","4343","2024-03-16","postal","balance_statement","0"
"6896","4343","2026-02-14","email","balance_statement","0"
"6897","4345","2026-06-09","postal","promo_email","0"
"6898","4346","2024-05-27","push","promo_email","0"
"6899","4346","2025-03-07","email","service_alert","0"
"6900","4347","2022-09-05","email","balance_statement","0"
"6901","4347","2024-02-03","email","promo_email","0"
"6902","4347","2025-09-27","email","promo_email","0"
"6903","4348","2025-06-08","email","balance_statement","0"
"6904","4353","2024-03-25","email","balance_statement","0"
"6905","4354","2024-07-02","email","balance_statement","0"
"6906","4355","2024-11-07","email","balance_statement","0"
"6907","4355","2025-03-05","push","promo_email","0"
"6908","4356","2026-01-17","email","balance_statement","1"
"6909","4358","2025-08-02","email","balance_statement","1"
"6910","4359","2024-10-27","push","service_alert","0"
"6911","4359","2026-06-05","email","service_alert","0"
"6912","4360","2020-10-18","push","promo_email","0"
"6913","4360","2022-12-22","postal","promo_email","0"
"6914","4360","2025-04-11","email","promo_email","0"
"6915","4360","2026-04-04","push","promo_email","0"
"6916","4364","2023-10-23","postal","balance_statement","0"
"6917","4364","2025-11-09","email","service_alert","0"
"6918","4365","2020-12-02","postal","service_alert","0"
"6919","4365","2024-11-26","email","promo_email","0"
"6920","4366","2022-08-28","push","promo_email","0"
"6921","4366","2025-12-23","email","service_alert","0"
"6922","4369","2021-03-15","push","balance_statement","0"
"6923","4369","2023-07-12","email","service_alert","0"
"6924","4369","2025-03-12","email","service_alert","0"
"6925","4371","2024-08-04","email","service_alert","0"
"6926","4371","2025-01-10","email","balance_statement","0"
"6927","4372","2021-05-21","postal","promo_email","0"
"6928","4372","2023-07-13","push","service_alert","0"
"6929","4372","2026-06-22","postal","service_alert","0"
"6930","4373","2023-11-10","postal","balance_statement","0"
"6931","4375","2023-02-20","email","balance_statement","0"
"6932","4375","2024-07-24","email","balance_statement","0"
"6933","4375","2025-05-24","email","balance_statement","0"
"6934","4375","2026-06-22","push","balance_statement","0"
"6935","4379","2022-07-06","email","promo_email","1"
"6936","4379","2023-05-21","email","balance_statement","0"
"6937","4379","2025-10-28","postal","promo_email","0"
"6938","4381","2025-06-11","email","promo_email","0"
"6939","4383","2024-03-18","postal","service_alert","0"
"6940","4385","2019-09-02","push","balance_statement","0"
"6941","4385","2022-02-07","email","service_alert","0"
"6942","4385","2023-11-12","email","promo_email","0"
"6943","4385","2024-11-08","email","balance_statement","0"
"6944","4385","2025-11-03","email","balance_statement","0"
"6945","4387","2023-08-20","email","balance_statement","0"
"6946","4387","2025-09-09","push","balance_statement","1"
"6947","4388","2026-04-20","email","promo_email","0"
"6948","4390","2023-07-13","email","balance_statement","0"
"6949","4390","2026-01-09","email","balance_statement","0"
"6950","4391","2024-08-27","email","promo_email","0"
"6951","4394","2021-12-11","email","balance_statement","1"
"6952","4394","2024-02-05","email","balance_statement","1"
"6953","4395","2023-09-28","postal","promo_email","0"
"6954","4396","2022-12-17","push","promo_email","0"
"6955","4396","2023-10-04","email","promo_email","0"
"6956","4396","2024-09-26","email","promo_email","0"
"6957","4396","2026-02-14","email","balance_statement","0"
"6958","4397","2025-04-24","email","balance_statement","0"
"6959","4400","2023-12-22","email","promo_email","0"
"6960","4400","2024-09-13","email","promo_email","0"
"6961","4400","2025-11-12","email","promo_email","1"
"6962","4400","2026-05-21","email","promo_email","0"
"6963","4401","2026-04-04","push","service_alert","0"
"6964","4402","2023-09-11","email","balance_statement","0"
"6965","4402","2024-03-14","email","promo_email","0"
"6966","4402","2025-01-05","postal","promo_email","0"
"6967","4403","2024-09-17","email","promo_email","0"
"6968","4404","2023-05-08","postal","balance_statement","0"
"6969","4404","2024-01-25","postal","promo_email","0"
"6970","4404","2025-08-13","email","service_alert","0"
"6971","4404","2026-02-08","postal","promo_email","0"
"6972","4405","2023-10-15","postal","promo_email","0"
"6973","4407","2025-10-04","email","balance_statement","0"
"6974","4409","2020-07-15","postal","service_alert","0"
"6975","4409","2023-11-24","postal","promo_email","0"
"6976","4409","2024-04-22","postal","balance_statement","0"
"6977","4410","2023-11-21","email","balance_statement","0"
"6978","4411","2024-09-21","email","service_alert","0"
"6979","4411","2025-09-27","email","promo_email","0"
"6980","4412","2022-11-03","email","promo_email","0"
"6981","4412","2023-08-02","push","service_alert","0"
"6982","4413","2020-11-08","postal","promo_email","0"
"6983","4413","2023-05-15","email","service_alert","0"
"6984","4413","2026-04-02","postal","promo_email","0"
"6985","4414","2021-06-28","email","balance_statement","0"
"6986","4414","2022-10-27","email","promo_email","0"
"6987","4414","2025-02-15","email","balance_statement","0"
"6988","4414","2026-05-28","email","promo_email","0"
"6989","4415","2026-04-17","email","balance_statement","0"
"6990","4418","2023-11-07","email","balance_statement","0"
"6991","4418","2024-02-18","postal","service_alert","0"
"6992","4418","2025-09-08","email","promo_email","0"
"6993","4419","2023-07-16","postal","balance_statement","0"
"6994","4419","2024-07-17","email","balance_statement","1"
"6995","4419","2025-03-21","email","balance_statement","0"
"6996","4423","2023-05-04","email","promo_email","0"
"6997","4425","2021-07-19","email","promo_email","0"
"6998","4425","2022-12-18","postal","promo_email","0"
"6999","4425","2023-02-08","postal","service_alert","0"
"7000","4425","2025-10-10","push","balance_statement","0"
"7001","4425","2026-02-26","postal","balance_statement","0"
"7002","4426","2020-11-11","email","balance_statement","0"
"7003","4426","2021-11-03","push","service_alert","0"
"7004","4426","2023-11-03","email","promo_email","0"
"7005","4426","2024-07-14","email","balance_statement","0"
"7006","4426","2025-09-19","email","promo_email","0"
"7007","4426","2026-05-02","push","balance_statement","0"
"7008","4427","2025-10-08","postal","promo_email","1"
"7009","4428","2023-10-16","email","balance_statement","0"
"7010","4428","2024-10-09","postal","balance_statement","0"
"7011","4428","2025-08-05","postal","balance_statement","0"
"7012","4429","2023-08-23","email","balance_statement","0"
"7013","4429","2024-02-13","postal","promo_email","0"
"7014","4430","2023-12-04","email","service_alert","0"
"7015","4430","2025-05-02","email","promo_email","0"
"7016","4432","2025-09-24","push","promo_email","1"
"7017","4432","2026-03-17","postal","balance_statement","1"
"7018","4434","2021-07-15","push","promo_email","0"
"7019","4434","2024-11-13","email","promo_email","0"
"7020","4434","2025-08-15","email","service_alert","0"
"7021","4434","2026-06-24","email","balance_statement","0"
"7022","4435","2025-03-12","email","balance_statement","0"
"7023","4435","2026-02-19","email","promo_email","0"
"7024","4436","2025-08-26","postal","promo_email","0"
"7025","4437","2026-04-07","email","promo_email","0"
"7026","4438","2025-11-07","push","balance_statement","0"
"7027","4438","2026-04-19","email","service_alert","0"
"7028","4439","2022-07-24","postal","service_alert","0"
"7029","4439","2023-08-20","email","balance_statement","0"
"7030","4439","2024-12-26","postal","balance_statement","0"
"7031","4439","2026-06-15","email","promo_email","1"
"7032","4440","2025-01-05","email","balance_statement","0"
"7033","4441","2023-05-18","push","balance_statement","1"
"7034","4441","2024-08-11","email","promo_email","0"
"7035","4442","2021-03-02","postal","balance_statement","0"
"7036","4442","2022-06-22","email","balance_statement","0"
"7037","4442","2023-11-16","email","balance_statement","1"
"7038","4442","2025-04-16","email","balance_statement","0"
"7039","4444","2025-12-26","email","promo_email","0"
"7040","4444","2026-04-03","email","balance_statement","0"
"7041","4446","2022-05-20","email","promo_email","0"
"7042","4446","2024-10-21","email","balance_statement","0"
"7043","4446","2025-04-11","email","balance_statement","0"
"7044","4447","2020-12-03","postal","balance_statement","0"
"7045","4447","2021-04-17","email","balance_statement","1"
"7046","4447","2023-07-16","email","promo_email","0"
"7047","4447","2024-11-05","email","service_alert","0"
"7048","4447","2025-04-20","email","balance_statement","0"
"7049","4448","2023-03-21","postal","balance_statement","0"
"7050","4449","2020-03-25","email","balance_statement","0"
"7051","4449","2021-08-10","email","promo_email","0"
"7052","4449","2023-10-04","email","balance_statement","0"
"7053","4449","2025-05-01","email","balance_statement","0"
"7054","4451","2024-10-05","email","balance_statement","0"
"7055","4451","2025-04-16","email","promo_email","0"
"7056","4452","2025-05-25","email","balance_statement","0"
"7057","4452","2026-01-15","email","balance_statement","0"
"7058","4453","2025-03-21","email","service_alert","1"
"7059","4454","2019-12-19","email","service_alert","0"
"7060","4454","2020-11-01","email","balance_statement","0"
"7061","4454","2022-03-11","email","promo_email","0"
"7062","4454","2023-01-13","postal","promo_email","0"
"7063","4454","2024-01-17","email","balance_statement","0"
"7064","4454","2025-06-02","email","service_alert","0"
"7065","4455","2020-05-28","email","promo_email","0"
"7066","4455","2022-11-26","postal","service_alert","0"
"7067","4455","2025-01-26","push","balance_statement","0"
"7068","4456","2023-11-05","email","service_alert","0"
"7069","4456","2024-01-18","email","balance_statement","0"
"7070","4456","2025-11-18","email","balance_statement","0"
"7071","4457","2023-12-04","postal","balance_statement","0"
"7072","4457","2024-02-20","email","service_alert","0"
"7073","4457","2025-09-09","push","promo_email","0"
"7074","4457","2026-06-22","email","balance_statement","0"
"7075","4458","2025-10-24","email","promo_email","0"
"7076","4459","2024-09-04","email","balance_statement","0"
"7077","4459","2025-04-16","email","service_alert","0"
"7078","4460","2022-09-25","email","promo_email","0"
"7079","4460","2023-09-17","push","promo_email","0"
"7080","4460","2024-04-20","email","promo_email","0"
"7081","4460","2025-11-15","email","promo_email","0"
"7082","4461","2022-07-09","push","balance_statement","0"
"7083","4461","2024-02-08","email","balance_statement","0"
"7084","4461","2025-02-28","email","balance_statement","0"
"7085","4462","2021-08-19","email","balance_statement","0"
"7086","4462","2024-01-19","email","balance_statement","0"
"7087","4463","2023-03-28","postal","balance_statement","0"
"7088","4463","2024-07-16","email","balance_statement","0"
"7089","4463","2026-02-23","push","service_alert","0"
"7090","4464","2024-10-16","email","service_alert","0"
"7091","4464","2025-10-11","email","promo_email","0"
"7092","4465","2024-07-14","email","service_alert","1"
"7093","4465","2026-05-20","email","service_alert","0"
"7094","4466","2021-05-03","email","promo_email","0"
"7095","4466","2023-10-16","email","promo_email","0"
"7096","4467","2022-03-05","email","service_alert","0"
"7097","4467","2023-09-23","email","balance_statement","0"
"7098","4467","2024-09-24","email","promo_email","0"
"7099","4467","2025-09-27","postal","promo_email","0"
"7100","4468","2022-06-08","postal","balance_statement","0"
"7101","4468","2023-04-27","push","service_alert","0"
"7102","4468","2025-02-12","email","promo_email","0"
"7103","4469","2021-09-16","email","balance_statement","0"
"7104","4469","2022-05-20","postal","balance_statement","0"
"7105","4471","2023-11-12","email","balance_statement","0"
"7106","4471","2024-07-20","postal","balance_statement","0"
"7107","4471","2025-09-11","email","promo_email","0"
"7108","4472","2023-06-17","push","promo_email","0"
"7109","4472","2024-04-24","push","promo_email","0"
"7110","4473","2022-12-24","email","balance_statement","0"
"7111","4473","2024-02-17","email","balance_statement","0"
"7112","4473","2026-06-15","email","balance_statement","0"
"7113","4475","2023-11-10","push","promo_email","0"
"7114","4475","2025-12-13","push","promo_email","0"
"7115","4477","2024-09-10","email","promo_email","0"
"7116","4478","2021-06-21","postal","balance_statement","0"
"7117","4478","2022-01-04","email","promo_email","0"
"7118","4478","2023-05-15","email","balance_statement","1"
"7119","4478","2024-11-13","email","balance_statement","0"
"7120","4479","2022-04-06","email","balance_statement","0"
"7121","4479","2023-01-03","email","balance_statement","0"
"7122","4479","2024-03-23","email","promo_email","0"
"7123","4480","2026-05-26","email","balance_statement","1"
"7124","4482","2024-05-03","email","promo_email","1"
"7125","4483","2021-07-05","push","service_alert","0"
"7126","4483","2022-05-21","email","service_alert","0"
"7127","4484","2023-12-01","email","promo_email","0"
"7128","4484","2025-03-10","email","balance_statement","0"
"7129","4485","2020-11-26","push","service_alert","1"
"7130","4485","2025-02-17","email","promo_email","1"
"7131","4486","2024-11-25","email","service_alert","0"
"7132","4487","2026-03-11","push","promo_email","0"
"7133","4488","2023-08-15","postal","balance_statement","1"
"7134","4488","2024-05-08","push","promo_email","1"
"7135","4488","2025-12-13","push","promo_email","1"
"7136","4488","2026-02-13","email","service_alert","1"
"7137","4489","2025-02-14","email","service_alert","0"
"7138","4489","2026-04-04","email","promo_email","0"
"7139","4490","2026-04-03","email","promo_email","0"
"7140","4492","2025-03-03","push","promo_email","0"
"7141","4493","2023-04-19","email","balance_statement","0"
"7142","4494","2019-09-16","postal","promo_email","0"
"7143","4494","2020-04-19","email","balance_statement","0"
"7144","4494","2022-09-07","email","promo_email","0"
"7145","4494","2025-08-18","push","promo_email","0"
"7146","4495","2024-01-16","push","promo_email","0"
"7147","4495","2025-05-23","postal","service_alert","1"
"7148","4495","2026-02-06","email","balance_statement","0"
"7149","4496","2022-05-02","email","promo_email","0"
"7150","4496","2023-07-26","email","balance_statement","0"
"7151","4496","2024-12-27","email","balance_statement","0"
"7152","4498","2025-03-03","email","balance_statement","1"
"7153","4500","2021-09-25","email","promo_email","0"
"7154","4500","2022-10-24","email","promo_email","0"
"7155","4500","2024-12-01","postal","promo_email","0"
"7156","4502","2023-12-04","email","promo_email","0"
"7157","4502","2024-09-19","email","promo_email","0"
"7158","4502","2025-12-12","email","balance_statement","0"
"7159","4503","2020-01-07","email","promo_email","0"
"7160","4503","2021-09-28","postal","service_alert","0"
"7161","4503","2022-12-20","push","balance_statement","0"
"7162","4503","2024-11-12","email","balance_statement","0"
"7163","4504","2026-04-24","email","balance_statement","0"
"7164","4505","2025-06-18","email","promo_email","0"
"7165","4505","2026-02-05","email","promo_email","0"
"7166","4508","2025-08-25","postal","promo_email","0"
"7167","4508","2026-04-26","push","balance_statement","0"
"7168","4509","2023-10-18","push","promo_email","0"
"7169","4510","2022-11-05","postal","balance_statement","0"
"7170","4510","2023-05-23","email","promo_email","0"
"7171","4510","2024-09-17","email","balance_statement","1"
"7172","4510","2025-02-20","email","promo_email","0"
"7173","4511","2024-12-07","postal","balance_statement","0"
"7174","4512","2020-08-20","email","service_alert","0"
"7175","4512","2021-07-04","email","service_alert","0"
"7176","4512","2025-03-07","email","promo_email","0"
"7177","4513","2026-01-04","postal","promo_email","0"
"7178","4515","2024-11-19","postal","balance_statement","0"
"7179","4515","2025-10-06","email","balance_statement","0"
"7180","4517","2024-08-03","email","service_alert","0"
"7181","4517","2026-01-22","postal","balance_statement","0"
"7182","4518","2020-03-21","postal","balance_statement","0"
"7183","4518","2021-12-10","email","balance_statement","1"
"7184","4518","2022-04-15","postal","promo_email","0"
"7185","4518","2023-09-19","email","balance_statement","0"
"7186","4519","2025-10-23","push","promo_email","0"
"7187","4521","2022-06-13","email","promo_email","0"
"7188","4521","2023-06-15","email","promo_email","0"
"7189","4521","2025-03-07","push","balance_statement","0"
"7190","4523","2021-09-11","email","balance_statement","0"
"7191","4523","2022-06-17","email","balance_statement","0"
"7192","4523","2024-02-08","postal","balance_statement","0"
"7193","4524","2026-04-15","postal","balance_statement","0"
"7194","4525","2020-04-08","email","balance_statement","0"
"7195","4525","2024-02-27","push","balance_statement","0"
"7196","4526","2021-05-17","email","balance_statement","0"
"7197","4528","2025-05-05","postal","balance_statement","0"
"7198","4529","2026-01-11","email","balance_statement","0"
"7199","4530","2025-06-14","postal","promo_email","0"
"7200","4531","2024-12-01","email","balance_statement","0"
"7201","4532","2023-12-24","email","promo_email","0"
"7202","4532","2026-01-07","email","balance_statement","0"
"7203","4533","2025-12-09","email","balance_statement","0"
"7204","4533","2026-06-20","email","promo_email","0"
"7205","4534","2021-06-20","postal","balance_statement","0"
"7206","4534","2022-12-03","email","balance_statement","0"
"7207","4534","2026-06-21","email","service_alert","0"
"7208","4535","2022-02-15","postal","balance_statement","0"
"7209","4535","2024-08-21","email","promo_email","0"
"7210","4536","2024-06-25","email","service_alert","1"
"7211","4536","2025-04-23","push","promo_email","0"
"7212","4536","2026-02-21","email","promo_email","0"
"7213","4537","2020-06-15","postal","balance_statement","0"
"7214","4537","2024-03-27","email","promo_email","0"
"7215","4538","2021-03-14","email","balance_statement","1"
"7216","4538","2022-09-10","push","balance_statement","0"
"7217","4538","2025-06-05","postal","balance_statement","0"
"7218","4538","2026-01-24","email","promo_email","0"
"7219","4539","2025-10-23","email","balance_statement","0"
"7220","4539","2026-05-07","postal","balance_statement","0"
"7221","4540","2025-02-13","push","promo_email","0"
"7222","4543","2023-05-14","push","service_alert","0"
"7223","4547","2021-07-24","email","balance_statement","1"
"7224","4547","2022-08-18","email","promo_email","0"
"7225","4547","2025-01-16","push","balance_statement","0"
"7226","4548","2021-06-06","email","promo_email","0"
"7227","4548","2022-06-05","email","promo_email","0"
"7228","4548","2023-01-01","email","balance_statement","1"
"7229","4548","2025-11-24","push","balance_statement","0"
"7230","4548","2026-06-03","email","balance_statement","0"
"7231","4549","2025-11-11","push","balance_statement","0"
"7232","4549","2026-05-04","email","balance_statement","0"
"7233","4551","2019-05-03","email","balance_statement","0"
"7234","4551","2022-10-18","email","promo_email","0"
"7235","4551","2024-01-13","postal","balance_statement","1"
"7236","4554","2025-08-17","email","promo_email","0"
"7237","4555","2025-10-06","email","balance_statement","0"
"7238","4556","2026-05-27","email","promo_email","0"
"7239","4557","2022-06-26","email","promo_email","0"
"7240","4557","2024-09-24","email","promo_email","0"
"7241","4558","2023-12-03","postal","service_alert","0"
"7242","4558","2024-06-06","postal","balance_statement","0"
"7243","4559","2026-05-08","email","promo_email","0"
"7244","4560","2024-10-03","email","promo_email","0"
"7245","4562","2023-11-09","email","promo_email","1"
"7246","4562","2026-05-11","email","service_alert","1"
"7247","4563","2023-03-27","email","balance_statement","0"
"7248","4563","2025-12-10","push","promo_email","0"
"7249","4564","2024-08-28","postal","balance_statement","0"
"7250","4564","2026-05-21","push","service_alert","0"
"7251","4565","2025-05-03","email","promo_email","0"
"7252","4567","2021-07-08","email","promo_email","0"
"7253","4567","2022-03-12","email","balance_statement","0"
"7254","4567","2023-11-03","email","promo_email","0"
"7255","4567","2024-03-21","push","service_alert","0"
"7256","4567","2025-08-22","push","balance_statement","0"
"7257","4568","2022-01-27","email","promo_email","0"
"7258","4568","2024-05-02","email","balance_statement","0"
"7259","4568","2025-07-12","email","service_alert","0"
"7260","4569","2024-08-27","push","service_alert","0"
"7261","4569","2025-11-04","email","balance_statement","0"
"7262","4570","2023-12-10","email","promo_email","0"
"7263","4571","2023-05-26","email","balance_statement","0"
"7264","4571","2024-10-14","email","balance_statement","0"
"7265","4572","2023-12-26","email","promo_email","0"
"7266","4573","2023-10-25","email","promo_email","1"
"7267","4573","2024-01-06","push","promo_email","1"
"7268","4573","2025-01-09","email","promo_email","1"
"7269","4574","2023-01-17","email","balance_statement","0"
"7270","4574","2024-12-13","email","balance_statement","0"
"7271","4574","2025-05-07","push","balance_statement","0"
"7272","4577","2021-11-23","postal","promo_email","0"
"7273","4577","2022-08-19","email","balance_statement","0"
"7274","4577","2023-09-06","postal","promo_email","0"
"7275","4577","2024-06-21","email","promo_email","0"
"7276","4578","2023-10-12","email","service_alert","0"
"7277","4579","2024-07-01","email","promo_email","0"
"7278","4579","2025-05-13","push","service_alert","0"
"7279","4581","2025-02-19","postal","promo_email","0"
"7280","4582","2026-03-14","postal","service_alert","0"
"7281","4583","2020-04-17","email","service_alert","0"
"7282","4583","2026-05-05","email","promo_email","0"
"7283","4584","2025-12-07","push","promo_email","0"
"7284","4586","2025-02-13","email","balance_statement","0"
"7285","4588","2024-07-11","email","balance_statement","0"
"7286","4588","2025-04-23","email","balance_statement","0"
"7287","4589","2026-05-15","postal","promo_email","0"
"7288","4590","2024-05-12","postal","promo_email","0"
"7289","4590","2025-08-21","postal","service_alert","0"
"7290","4591","2026-06-22","email","promo_email","0"
"7291","4592","2025-11-17","postal","balance_statement","1"
"7292","4594","2025-10-27","email","promo_email","1"
"7293","4595","2025-11-16","email","balance_statement","0"
"7294","4596","2025-12-08","email","promo_email","0"
"7295","4598","2022-03-27","email","balance_statement","0"
"7296","4598","2023-01-15","email","promo_email","0"
"7297","4598","2024-10-25","email","promo_email","0"
"7298","4598","2025-02-03","email","balance_statement","0"
"7299","4599","2025-03-20","email","balance_statement","0"
"7300","4600","2023-06-17","email","promo_email","0"
"7301","4600","2024-04-05","postal","balance_statement","0"
"7302","4601","2022-04-02","email","balance_statement","1"
"7303","4601","2023-05-03","email","service_alert","1"
"7304","4601","2024-08-26","email","promo_email","1"
"7305","4601","2025-04-18","postal","service_alert","1"
"7306","4602","2021-10-05","postal","balance_statement","0"
"7307","4602","2023-04-02","email","balance_statement","0"
"7308","4603","2023-03-11","push","balance_statement","0"
"7309","4604","2026-01-17","email","promo_email","1"
"7310","4605","2025-01-03","email","promo_email","0"
"7311","4606","2025-10-24","email","balance_statement","0"
"7312","4606","2026-06-07","push","balance_statement","0"
"7313","4607","2024-10-15","push","service_alert","0"
"7314","4608","2025-03-19","push","balance_statement","0"
"7315","4609","2026-02-23","email","balance_statement","0"
"7316","4611","2025-03-10","email","balance_statement","0"
"7317","4611","2026-05-17","email","balance_statement","0"
"7318","4614","2023-12-15","email","service_alert","0"
"7319","4614","2024-12-22","postal","service_alert","0"
"7320","4614","2025-03-06","email","promo_email","0"
"7321","4615","2025-11-15","email","balance_statement","0"
"7322","4615","2026-03-23","email","balance_statement","0"
"7323","4616","2023-08-21","email","balance_statement","0"
"7324","4619","2022-09-12","email","balance_statement","0"
"7325","4619","2023-02-02","email","balance_statement","0"
"7326","4620","2024-05-20","email","promo_email","0"
"7327","4620","2026-05-21","postal","balance_statement","0"
"7328","4621","2025-06-12","email","balance_statement","0"
"7329","4622","2023-11-18","email","promo_email","0"
"7330","4622","2025-01-06","email","balance_statement","0"
"7331","4623","2023-02-27","postal","promo_email","0"
"7332","4623","2024-01-11","push","balance_statement","1"
"7333","4623","2026-06-05","email","service_alert","0"
"7334","4624","2021-10-20","email","balance_statement","0"
"7335","4624","2024-01-13","email","balance_statement","0"
"7336","4625","2025-09-15","email","service_alert","0"
"7337","4625","2026-03-05","email","promo_email","0"
"7338","4626","2025-07-03","email","promo_email","0"
"7339","4627","2021-02-18","email","balance_statement","0"
"7340","4627","2025-02-11","email","promo_email","0"
"7341","4629","2022-12-02","email","balance_statement","0"
"7342","4629","2023-05-15","email","service_alert","0"
"7343","4629","2024-08-19","email","promo_email","0"
"7344","4629","2025-04-06","postal","promo_email","0"
"7345","4630","2025-10-21","postal","promo_email","0"
"7346","4631","2024-06-20","postal","promo_email","0"
"7347","4631","2025-07-11","push","promo_email","1"
"7348","4632","2024-12-17","email","promo_email","0"
"7349","4632","2025-04-18","push","promo_email","0"
"7350","4633","2021-04-13","push","promo_email","0"
"7351","4633","2022-07-21","email","promo_email","0"
"7352","4633","2023-08-11","email","balance_statement","0"
"7353","4633","2024-10-24","email","service_alert","0"
"7354","4634","2022-03-28","email","promo_email","0"
"7355","4634","2023-06-20","email","service_alert","0"
"7356","4634","2024-10-02","email","promo_email","0"
"7357","4634","2025-12-11","email","promo_email","0"
"7358","4635","2021-06-06","postal","balance_statement","0"
"7359","4635","2022-11-24","postal","promo_email","0"
"7360","4635","2023-04-11","postal","service_alert","0"
"7361","4635","2024-11-16","email","balance_statement","0"
"7362","4635","2025-12-28","push","promo_email","0"
"7363","4637","2026-04-28","email","promo_email","0"
"7364","4638","2024-02-24","postal","service_alert","0"
"7365","4639","2021-05-28","push","balance_statement","0"
"7366","4639","2022-07-14","email","balance_statement","0"
"7367","4639","2025-06-05","email","balance_statement","0"
"7368","4640","2026-05-05","push","service_alert","0"
"7369","4641","2023-02-05","email","service_alert","0"
"7370","4641","2024-10-20","postal","service_alert","0"
"7371","4641","2025-07-07","postal","promo_email","0"
"7372","4642","2024-07-12","postal","promo_email","0"
"7373","4642","2025-01-24","email","promo_email","0"
"7374","4643","2024-09-01","email","service_alert","0"
"7375","4643","2025-02-02","postal","balance_statement","0"
"7376","4644","2023-06-03","email","balance_statement","0"
"7377","4644","2026-02-06","email","service_alert","0"
"7378","4646","2023-11-09","push","promo_email","0"
"7379","4646","2024-12-07","email","balance_statement","0"
"7380","4646","2025-03-19","push","balance_statement","0"
"7381","4647","2025-08-03","email","balance_statement","0"
"7382","4647","2026-03-08","postal","service_alert","0"
"7383","4649","2024-02-26","push","promo_email","0"
"7384","4650","2023-08-15","email","promo_email","0"
"7385","4650","2024-12-09","email","balance_statement","0"
"7386","4650","2026-05-03","email","promo_email","0"
"7387","4651","2022-12-22","email","balance_statement","0"
"7388","4651","2024-01-02","email","balance_statement","0"
"7389","4651","2025-03-25","email","balance_statement","0"
"7390","4652","2022-04-25","email","balance_statement","0"
"7391","4652","2023-01-09","push","balance_statement","0"
"7392","4652","2025-03-26","postal","promo_email","0"
"7393","4653","2023-05-05","email","balance_statement","0"
"7394","4653","2026-06-24","email","service_alert","0"
"7395","4654","2022-06-27","email","service_alert","0"
"7396","4654","2023-04-15","email","promo_email","0"
"7397","4654","2024-02-27","postal","balance_statement","0"
"7398","4654","2025-02-09","email","balance_statement","0"
"7399","4656","2024-01-21","email","balance_statement","0"
"7400","4657","2021-12-02","email","balance_statement","0"
"7401","4657","2023-10-10","email","balance_statement","0"
"7402","4657","2024-09-25","postal","balance_statement","0"
"7403","4657","2025-05-13","push","promo_email","0"
"7404","4658","2022-12-06","push","service_alert","0"
"7405","4658","2024-03-23","postal","service_alert","0"
"7406","4658","2025-01-09","postal","promo_email","0"
"7407","4659","2026-06-27","email","balance_statement","0"
"7408","4660","2022-07-10","email","service_alert","0"
"7409","4660","2023-04-10","postal","balance_statement","0"
"7410","4660","2024-04-22","push","promo_email","1"
"7411","4660","2025-11-16","postal","service_alert","0"
"7412","4661","2022-03-25","email","balance_statement","0"
"7413","4661","2023-05-16","email","balance_statement","0"
"7414","4661","2024-11-08","email","promo_email","0"
"7415","4661","2025-10-27","postal","balance_statement","0"
"7416","4663","2024-08-21","email","promo_email","0"
"7417","4663","2025-02-13","email","balance_statement","0"
"7418","4664","2026-01-28","email","balance_statement","0"
"7419","4665","2020-02-12","email","balance_statement","0"
"7420","4665","2021-06-07","postal","balance_statement","0"
"7421","4665","2022-05-09","email","promo_email","0"
"7422","4665","2023-07-07","email","balance_statement","0"
"7423","4665","2025-11-08","email","service_alert","0"
"7424","4668","2021-11-01","push","promo_email","0"
"7425","4668","2022-01-09","email","promo_email","0"
"7426","4668","2024-02-05","push","service_alert","0"
"7427","4668","2025-04-14","postal","promo_email","0"
"7428","4669","2025-05-12","email","balance_statement","1"
"7429","4669","2026-06-25","email","balance_statement","1"
"7430","4670","2023-06-04","email","service_alert","0"
"7431","4670","2024-12-07","email","balance_statement","1"
"7432","4670","2026-01-14","email","balance_statement","0"
"7433","4672","2024-09-26","email","balance_statement","0"
"7434","4673","2020-02-07","email","service_alert","0"
"7435","4673","2022-11-23","email","service_alert","0"
"7436","4673","2025-10-21","postal","balance_statement","0"
"7437","4674","2021-10-25","postal","service_alert","0"
"7438","4674","2022-09-14","email","promo_email","0"
"7439","4674","2023-11-28","push","promo_email","0"
"7440","4674","2025-10-08","email","balance_statement","0"
"7441","4675","2025-08-20","postal","balance_statement","0"
"7442","4676","2022-10-06","email","service_alert","0"
"7443","4676","2023-11-26","postal","promo_email","0"
"7444","4676","2025-09-25","push","promo_email","0"
"7445","4677","2024-10-23","email","promo_email","0"
"7446","4677","2025-03-06","email","promo_email","0"
"7447","4679","2022-07-28","postal","promo_email","0"
"7448","4679","2023-03-02","postal","balance_statement","0"
"7449","4679","2025-04-22","email","promo_email","0"
"7450","4680","2023-04-12","push","promo_email","0"
"7451","4681","2022-05-17","push","promo_email","1"
"7452","4681","2024-08-17","email","balance_statement","1"
"7453","4682","2024-10-04","email","promo_email","0"
"7454","4682","2025-05-26","email","service_alert","0"
"7455","4682","2026-04-21","email","promo_email","0"
"7456","4685","2020-12-26","email","balance_statement","0"
"7457","4685","2021-06-07","email","promo_email","0"
"7458","4685","2022-03-17","email","promo_email","0"
"7459","4685","2024-12-20","email","balance_statement","0"
"7460","4687","2026-03-02","postal","promo_email","0"
"7461","4688","2022-07-09","postal","promo_email","0"
"7462","4688","2023-09-06","push","service_alert","0"
"7463","4688","2024-05-15","email","balance_statement","0"
"7464","4688","2025-01-18","email","promo_email","0"
"7465","4690","2022-07-24","postal","balance_statement","0"
"7466","4690","2023-11-16","email","promo_email","0"
"7467","4690","2025-10-23","email","promo_email","1"
"7468","4690","2026-03-25","postal","promo_email","0"
"7469","4691","2021-09-16","email","promo_email","0"
"7470","4691","2024-11-18","email","balance_statement","0"
"7471","4693","2025-06-26","push","balance_statement","1"
"7472","4693","2026-05-17","email","promo_email","0"
"7473","4694","2025-06-14","postal","promo_email","0"
"7474","4695","2023-11-12","email","service_alert","1"
"7475","4695","2025-08-02","email","balance_statement","1"
"7476","4696","2025-02-07","email","promo_email","1"
"7477","4698","2024-12-10","email","promo_email","0"
"7478","4698","2025-01-02","email","promo_email","0"
"7479","4699","2022-01-12","email","balance_statement","0"
"7480","4699","2024-11-22","postal","promo_email","0"
"7481","4699","2025-12-02","postal","promo_email","0"
"7482","4700","2025-04-18","push","promo_email","0"
"7483","4701","2026-05-07","email","promo_email","0"
"7484","4702","2025-03-02","push","service_alert","0"
"7485","4704","2021-05-13","email","promo_email","0"
"7486","4704","2023-09-22","email","balance_statement","0"
"7487","4704","2024-02-18","postal","balance_statement","0"
"7488","4704","2025-12-21","email","promo_email","0"
"7489","4704","2026-01-13","push","balance_statement","0"
"7490","4705","2026-05-04","email","balance_statement","0"
"7491","4708","2024-10-02","email","promo_email","0"
"7492","4709","2019-12-21","postal","promo_email","0"
"7493","4709","2021-09-22","postal","balance_statement","0"
"7494","4709","2024-09-09","email","balance_statement","0"
"7495","4709","2026-06-09","postal","balance_statement","0"
"7496","4711","2023-08-22","postal","service_alert","0"
"7497","4711","2025-11-16","push","promo_email","0"
"7498","4711","2026-04-18","email","promo_email","0"
"7499","4712","2020-08-05","push","balance_statement","0"
"7500","4712","2021-06-12","email","balance_statement","0"
"7501","4712","2023-04-18","email","balance_statement","0"
"7502","4712","2024-11-02","email","promo_email","0"
"7503","4712","2025-10-20","push","balance_statement","0"
"7504","4713","2021-12-10","push","balance_statement","0"
"7505","4713","2023-06-01","email","promo_email","0"
"7506","4713","2025-07-28","email","balance_statement","0"
"7507","4714","2023-09-01","email","promo_email","0"
"7508","4714","2025-03-01","postal","service_alert","0"
"7509","4714","2026-04-23","push","service_alert","0"
"7510","4715","2023-07-14","email","balance_statement","0"
"7511","4715","2026-01-22","email","balance_statement","0"
"7512","4716","2023-02-05","postal","balance_statement","0"
"7513","4716","2024-09-23","postal","service_alert","0"
"7514","4716","2025-10-25","email","balance_statement","0"
"7515","4716","2026-03-25","push","service_alert","0"
"7516","4717","2023-10-08","postal","service_alert","0"
"7517","4717","2025-08-10","push","promo_email","0"
"7518","4718","2022-09-09","email","promo_email","0"
"7519","4718","2023-01-12","email","promo_email","0"
"7520","4719","2021-11-05","postal","promo_email","0"
"7521","4719","2022-12-15","push","balance_statement","0"
"7522","4719","2025-01-02","email","promo_email","0"
"7523","4720","2021-10-18","email","promo_email","0"
"7524","4720","2024-11-24","email","promo_email","0"
"7525","4720","2025-06-17","email","balance_statement","0"
"7526","4720","2026-01-05","email","promo_email","0"
"7527","4721","2022-02-06","email","promo_email","0"
"7528","4721","2023-05-06","email","balance_statement","0"
"7529","4721","2024-04-09","postal","balance_statement","0"
"7530","4723","2026-04-25","push","promo_email","0"
"7531","4724","2024-03-22","email","promo_email","0"
"7532","4724","2025-07-11","email","promo_email","0"
"7533","4724","2026-03-17","email","balance_statement","0"
"7534","4725","2019-11-18","postal","promo_email","0"
"7535","4725","2025-07-10","email","promo_email","1"
"7536","4727","2020-03-19","email","promo_email","0"
"7537","4727","2021-05-03","email","balance_statement","0"
"7538","4727","2022-06-18","email","promo_email","0"
"7539","4727","2023-06-07","email","promo_email","0"
"7540","4729","2026-05-28","email","balance_statement","0"
"7541","4731","2022-08-27","email","service_alert","0"
"7542","4731","2024-09-05","postal","balance_statement","0"
"7543","4732","2023-04-03","email","service_alert","0"
"7544","4732","2024-06-05","email","balance_statement","0"
"7545","4732","2025-03-15","push","balance_statement","0"
"7546","4733","2024-01-01","email","promo_email","0"
"7547","4734","2021-04-25","email","service_alert","0"
"7548","4734","2022-12-26","email","balance_statement","0"
"7549","4734","2024-12-18","email","service_alert","0"
"7550","4734","2025-05-08","email","promo_email","0"
"7551","4735","2024-01-18","email","balance_statement","1"
"7552","4735","2025-08-23","push","promo_email","0"
"7553","4737","2022-03-04","postal","service_alert","0"
"7554","4737","2024-06-23","email","promo_email","0"
"7555","4737","2025-07-11","email","service_alert","0"
"7556","4738","2024-02-08","email","promo_email","0"
"7557","4740","2021-11-22","email","service_alert","0"
"7558","4740","2022-01-05","email","promo_email","0"
"7559","4740","2026-02-26","postal","balance_statement","0"
"7560","4741","2022-09-24","email","promo_email","0"
"7561","4741","2026-02-24","email","balance_statement","0"
"7562","4742","2024-07-26","email","balance_statement","0"
"7563","4742","2026-05-16","postal","promo_email","0"
"7564","4743","2024-03-19","email","service_alert","0"
"7565","4745","2022-06-27","email","promo_email","0"
"7566","4745","2023-07-12","email","balance_statement","0"
"7567","4745","2025-03-15","email","promo_email","0"
"7568","4746","2024-12-20","email","balance_statement","0"
"7569","4746","2025-09-16","email","service_alert","1"
"7570","4749","2021-04-14","email","balance_statement","0"
"7571","4749","2022-09-23","push","balance_statement","0"
"7572","4749","2026-05-18","push","promo_email","0"
"7573","4750","2024-10-27","postal","balance_statement","0"
"7574","4750","2025-12-26","email","balance_statement","0"
"7575","4751","2022-04-11","postal","service_alert","0"
"7576","4751","2023-10-04","email","balance_statement","0"
"7577","4751","2024-10-10","email","promo_email","0"
"7578","4751","2025-11-06","email","promo_email","0"
"7579","4751","2026-03-24","push","promo_email","1"
"7580","4752","2024-07-01","postal","service_alert","0"
"7581","4752","2025-06-19","email","balance_statement","0"
"7582","4752","2026-01-24","postal","service_alert","0"
"7583","4754","2025-08-13","postal","service_alert","0"
"7584","4755","2025-10-21","push","service_alert","0"
"7585","4755","2026-05-26","postal","balance_statement","0"
"7586","4757","2024-11-05","email","balance_statement","0"
"7587","4757","2025-08-22","email","balance_statement","1"
"7588","4758","2021-05-28","email","balance_statement","0"
"7589","4758","2022-02-07","email","service_alert","1"
"7590","4758","2024-08-19","push","balance_statement","0"
"7591","4758","2025-12-06","email","promo_email","0"
"7592","4759","2023-08-23","email","promo_email","0"
"7593","4759","2024-12-04","postal","promo_email","0"
"7594","4759","2025-03-26","push","balance_statement","0"
"7595","4760","2023-02-12","push","balance_statement","0"
"7596","4761","2025-04-18","email","balance_statement","0"
"7597","4761","2026-02-22","push","promo_email","0"
"7598","4762","2025-07-02","email","promo_email","0"
"7599","4765","2022-05-27","push","balance_statement","1"
"7600","4765","2023-03-27","email","balance_statement","0"
"7601","4765","2024-07-01","push","service_alert","0"
"7602","4765","2025-11-26","email","promo_email","0"
"7603","4766","2024-12-04","postal","service_alert","1"
"7604","4767","2023-06-12","email","promo_email","0"
"7605","4770","2022-02-10","push","promo_email","0"
"7606","4770","2023-09-11","email","promo_email","0"
"7607","4770","2024-12-22","email","promo_email","0"
"7608","4770","2025-02-15","email","promo_email","0"
"7609","4773","2019-04-26","email","balance_statement","0"
"7610","4773","2025-08-09","email","balance_statement","0"
"7611","4773","2026-03-25","email","balance_statement","0"
"7612","4774","2024-09-23","push","balance_statement","0"
"7613","4774","2026-06-09","email","balance_statement","0"
"7614","4776","2021-02-17","email","balance_statement","0"
"7615","4776","2024-09-01","email","balance_statement","0"
"7616","4776","2025-09-24","email","promo_email","0"
"7617","4778","2021-09-25","email","balance_statement","0"
"7618","4778","2022-01-15","email","balance_statement","0"
"7619","4778","2025-11-27","email","promo_email","1"
"7620","4779","2024-07-10","email","balance_statement","1"
"7621","4779","2025-01-28","email","promo_email","0"
"7622","4781","2022-04-13","email","promo_email","0"
"7623","4781","2023-05-22","postal","promo_email","0"
"7624","4781","2025-11-17","postal","promo_email","0"
"7625","4781","2026-06-24","email","balance_statement","0"
"7626","4782","2023-09-03","postal","service_alert","0"
"7627","4782","2024-10-22","push","promo_email","0"
"7628","4782","2025-08-24","email","promo_email","0"
"7629","4785","2025-10-18","email","promo_email","0"
"7630","4785","2026-04-28","email","promo_email","0"
"7631","4786","2023-07-25","email","promo_email","1"
"7632","4786","2024-09-25","postal","promo_email","1"
"7633","4787","2022-09-10","push","balance_statement","0"
"7634","4787","2023-05-07","email","balance_statement","0"
"7635","4787","2024-09-28","email","service_alert","0"
"7636","4787","2025-07-24","push","service_alert","0"
"7637","4788","2020-12-14","email","service_alert","0"
"7638","4788","2022-12-16","push","promo_email","0"
"7639","4789","2025-07-02","email","service_alert","0"
"7640","4789","2026-05-16","email","promo_email","0"
"7641","4790","2021-10-01","postal","balance_statement","0"
"7642","4790","2022-04-09","email","service_alert","0"
"7643","4790","2023-01-12","postal","balance_statement","0"
"7644","4791","2025-09-23","email","balance_statement","0"
"7645","4793","2020-08-06","postal","promo_email","0"
"7646","4793","2021-05-03","email","balance_statement","1"
"7647","4793","2023-02-27","push","service_alert","0"
"7648","4793","2024-09-08","email","promo_email","0"
"7649","4793","2025-09-22","postal","balance_statement","0"
"7650","4794","2021-12-13","postal","promo_email","0"
"7651","4794","2024-06-16","email","balance_statement","0"
"7652","4794","2025-06-25","email","balance_statement","0"
"7653","4795","2026-01-02","email","service_alert","0"
"7654","4796","2022-11-03","postal","balance_statement","0"
"7655","4796","2024-12-16","email","balance_statement","0"
"7656","4796","2025-02-04","postal","balance_statement","0"
"7657","4797","2026-06-24","push","service_alert","0"
"7658","4798","2026-01-14","push","balance_statement","0"
"7659","4799","2019-06-25","email","promo_email","0"
"7660","4799","2020-11-03","postal","promo_email","0"
"7661","4799","2023-09-19","email","promo_email","0"
"7662","4799","2024-11-22","push","balance_statement","0"
"7663","4799","2026-02-05","postal","balance_statement","1"
"7664","4800","2026-03-13","email","promo_email","0"
"7665","4802","2025-07-08","email","promo_email","0"
"7666","4802","2026-06-21","push","balance_statement","0"
"7667","4804","2023-05-01","email","balance_statement","0"
"7668","4805","2026-01-10","email","service_alert","0"
"7669","4807","2024-11-12","email","promo_email","0"
"7670","4807","2025-03-25","email","promo_email","0"
"7671","4808","2021-07-21","postal","balance_statement","0"
"7672","4808","2022-04-25","email","promo_email","0"
"7673","4808","2023-10-19","email","balance_statement","0"
"7674","4808","2025-12-27","email","balance_statement","1"
"7675","4809","2023-02-04","push","balance_statement","0"
"7676","4809","2024-07-03","postal","promo_email","0"
"7677","4810","2023-10-27","email","promo_email","0"
"7678","4810","2024-05-20","email","promo_email","0"
"7679","4810","2025-02-09","email","balance_statement","0"
"7680","4811","2024-10-05","postal","balance_statement","0"
"7681","4811","2025-04-07","postal","balance_statement","0"
"7682","4812","2025-09-01","email","balance_statement","0"
"7683","4813","2025-01-12","push","service_alert","0"
"7684","4814","2026-04-14","postal","balance_statement","1"
"7685","4815","2024-11-08","postal","balance_statement","0"
"7686","4816","2025-01-19","email","balance_statement","0"
"7687","4817","2024-01-22","email","service_alert","0"
"7688","4817","2025-11-04","email","service_alert","0"
"7689","4818","2019-11-16","push","balance_statement","0"
"7690","4818","2022-06-05","postal","balance_statement","0"
"7691","4818","2023-07-21","postal","balance_statement","0"
"7692","4818","2024-01-06","email","balance_statement","0"
"7693","4818","2026-03-26","email","balance_statement","0"
"7694","4819","2024-08-22","postal","service_alert","0"
"7695","4819","2025-03-07","postal","balance_statement","0"
"7696","4820","2023-10-18","email","service_alert","0"
"7697","4820","2025-03-16","push","promo_email","0"
"7698","4821","2023-06-26","email","balance_statement","0"
"7699","4822","2022-03-12","email","balance_statement","0"
"7700","4822","2024-07-23","email","promo_email","1"
"7701","4822","2025-10-09","email","promo_email","0"
"7702","4823","2025-02-23","push","promo_email","0"
"7703","4824","2023-06-25","email","service_alert","0"
"7704","4824","2026-03-15","email","balance_statement","0"
"7705","4825","2024-08-25","email","balance_statement","0"
"7706","4826","2024-08-14","email","balance_statement","0"
"7707","4826","2025-05-16","postal","promo_email","0"
"7708","4829","2024-04-04","email","service_alert","0"
"7709","4829","2025-12-28","email","promo_email","1"
"7710","4830","2023-05-17","email","promo_email","0"
"7711","4830","2024-02-07","email","balance_statement","0"
"7712","4830","2025-01-04","postal","promo_email","0"
"7713","4832","2025-10-04","email","service_alert","0"
"7714","4833","2024-09-24","push","promo_email","1"
"7715","4833","2025-08-13","email","balance_statement","1"
"7716","4834","2025-03-17","push","balance_statement","0"
"7717","4834","2026-03-15","email","promo_email","0"
"7718","4835","2025-11-27","email","balance_statement","0"
"7719","4838","2022-08-02","email","balance_statement","0"
"7720","4838","2023-11-22","postal","balance_statement","0"
"7721","4838","2025-10-01","email","promo_email","0"
"7722","4840","2022-09-12","email","balance_statement","0"
"7723","4840","2024-07-14","email","balance_statement","0"
"7724","4841","2023-05-16","email","balance_statement","0"
"7725","4841","2026-02-22","postal","balance_statement","0"
"7726","4843","2020-02-28","email","balance_statement","1"
"7727","4843","2021-10-06","postal","promo_email","0"
"7728","4843","2022-07-07","email","promo_email","0"
"7729","4843","2024-07-05","postal","balance_statement","0"
"7730","4844","2021-08-06","email","promo_email","0"
"7731","4844","2022-04-02","postal","service_alert","0"
"7732","4844","2023-10-10","postal","balance_statement","0"
"7733","4844","2024-05-01","email","promo_email","0"
"7734","4845","2026-02-26","email","balance_statement","0"
"7735","4846","2025-08-04","email","service_alert","0"
"7736","4847","2023-04-15","email","balance_statement","0"
"7737","4848","2022-01-16","push","promo_email","0"
"7738","4848","2023-09-21","email","balance_statement","0"
"7739","4849","2020-06-15","email","balance_statement","0"
"7740","4849","2021-08-08","push","promo_email","0"
"7741","4849","2022-02-08","email","promo_email","0"
"7742","4849","2024-08-02","push","promo_email","0"
"7743","4849","2025-03-10","email","service_alert","0"
"7744","4850","2023-12-23","push","service_alert","0"
"7745","4850","2025-09-09","email","balance_statement","0"
"7746","4851","2022-07-23","email","balance_statement","0"
"7747","4851","2023-11-19","push","promo_email","0"
"7748","4851","2024-08-27","email","promo_email","0"
"7749","4851","2025-11-19","email","balance_statement","0"
"7750","4852","2023-09-20","push","balance_statement","0"
"7751","4852","2025-06-02","push","promo_email","1"
"7752","4854","2025-07-11","postal","balance_statement","0"
"7753","4855","2025-12-25","email","balance_statement","0"
"7754","4856","2022-08-27","push","promo_email","0"
"7755","4856","2025-05-23","push","service_alert","0"
"7756","4856","2026-03-14","email","balance_statement","0"
"7757","4857","2024-07-22","email","balance_statement","0"
"7758","4858","2025-02-01","email","promo_email","0"
"7759","4860","2025-07-09","email","balance_statement","0"
"7760","4860","2026-04-06","postal","promo_email","0"
"7761","4861","2023-05-26","email","balance_statement","0"
"7762","4862","2022-09-04","email","balance_statement","0"
"7763","4864","2025-01-24","postal","balance_statement","0"
"7764","4864","2026-06-02","email","promo_email","0"
"7765","4868","2020-11-28","email","promo_email","0"
"7766","4868","2021-04-20","email","balance_statement","0"
"7767","4868","2026-06-03","postal","service_alert","0"
"7768","4871","2025-11-08","push","promo_email","0"
"7769","4873","2025-12-18","email","balance_statement","0"
"7770","4873","2026-02-14","email","balance_statement","0"
"7771","4874","2026-06-27","postal","balance_statement","0"
"7772","4875","2025-07-22","postal","service_alert","0"
"7773","4876","2021-04-28","postal","promo_email","0"
"7774","4876","2022-08-26","email","balance_statement","0"
"7775","4876","2023-10-05","email","balance_statement","0"
"7776","4876","2024-04-27","email","balance_statement","0"
"7777","4877","2021-07-12","push","promo_email","0"
"7778","4877","2023-10-28","postal","promo_email","0"
"7779","4877","2025-01-21","email","balance_statement","0"
"7780","4878","2023-11-26","email","balance_statement","0"
"7781","4878","2024-03-10","email","service_alert","0"
"7782","4878","2025-01-08","email","balance_statement","0"
"7783","4879","2021-11-17","postal","service_alert","0"
"7784","4879","2023-04-06","email","promo_email","0"
"7785","4879","2024-11-27","email","promo_email","0"
"7786","4879","2025-03-08","push","balance_statement","0"
"7787","4879","2026-04-25","email","promo_email","0"
"7788","4882","2025-08-06","postal","service_alert","0"
"7789","4882","2026-06-08","email","promo_email","0"
"7790","4884","2025-11-16","email","balance_statement","0"
"7791","4885","2025-06-28","email","balance_statement","0"
"7792","4885","2026-04-20","postal","promo_email","0"
"7793","4886","2024-12-05","email","promo_email","1"
"7794","4887","2019-09-14","email","service_alert","0"
"7795","4887","2020-07-11","push","promo_email","0"
"7796","4887","2024-02-18","push","promo_email","0"
"7797","4887","2025-10-25","email","balance_statement","0"
"7798","4888","2026-03-15","email","service_alert","0"
"7799","4889","2023-06-17","postal","balance_statement","0"
"7800","4889","2024-05-14","email","balance_statement","0"
"7801","4889","2025-05-26","email","promo_email","0"
"7802","4889","2026-03-25","email","balance_statement","0"
"7803","4890","2024-10-21","email","balance_statement","0"
"7804","4890","2026-01-09","email","promo_email","0"
"7805","4891","2024-12-16","email","balance_statement","0"
"7806","4893","2024-02-23","email","promo_email","0"
"7807","4895","2026-06-21","postal","balance_statement","0"
"7808","4896","2024-05-09","push","balance_statement","0"
"7809","4897","2024-03-16","postal","promo_email","0"
"7810","4897","2025-10-25","push","promo_email","0"
"7811","4898","2023-10-25","postal","balance_statement","0"
"7812","4898","2025-05-11","email","service_alert","0"
"7813","4899","2024-12-21","push","service_alert","0"
"7814","4899","2025-04-25","postal","service_alert","0"
"7815","4901","2025-11-01","email","promo_email","0"
"7816","4901","2026-01-03","email","promo_email","0"
"7817","4903","2023-08-24","postal","service_alert","0"
"7818","4903","2024-08-28","email","balance_statement","0"
"7819","4905","2025-05-17","postal","service_alert","0"
"7820","4905","2026-06-25","email","promo_email","0"
"7821","4906","2022-12-04","push","balance_statement","0"
"7822","4906","2023-05-18","push","balance_statement","0"
"7823","4906","2024-10-23","push","service_alert","0"
"7824","4906","2025-09-04","email","promo_email","0"
"7825","4907","2023-10-11","email","balance_statement","0"
"7826","4907","2025-08-21","email","promo_email","0"
"7827","4907","2026-01-12","email","balance_statement","0"
"7828","4909","2021-11-03","email","promo_email","1"
"7829","4909","2022-12-24","email","balance_statement","0"
"7830","4909","2024-09-25","email","promo_email","0"
"7831","4909","2026-02-17","email","promo_email","0"
"7832","4910","2025-09-05","email","balance_statement","0"
"7833","4911","2023-09-03","email","promo_email","0"
"7834","4911","2024-02-17","postal","promo_email","0"
"7835","4911","2025-06-09","email","service_alert","0"
"7836","4913","2020-09-04","email","promo_email","0"
"7837","4913","2022-07-09","email","promo_email","0"
"7838","4913","2024-11-14","push","promo_email","0"
"7839","4913","2025-09-05","postal","promo_email","1"
"7840","4913","2026-06-25","email","promo_email","0"
"7841","4914","2022-04-24","email","promo_email","0"
"7842","4914","2023-01-09","email","promo_email","0"
"7843","4914","2024-01-11","email","promo_email","0"
"7844","4914","2025-05-10","email","balance_statement","0"
"7845","4914","2026-03-19","email","balance_statement","0"
"7846","4915","2020-10-01","push","balance_statement","0"
"7847","4915","2021-08-18","push","balance_statement","0"
"7848","4915","2022-09-24","email","balance_statement","0"
"7849","4915","2023-04-10","email","balance_statement","0"
"7850","4915","2024-02-03","email","balance_statement","1"
"7851","4915","2026-04-24","postal","service_alert","0"
"7852","4916","2022-08-02","email","balance_statement","0"
"7853","4916","2023-07-18","email","balance_statement","0"
"7854","4916","2024-10-17","email","service_alert","0"
"7855","4916","2026-01-27","postal","promo_email","0"
"7856","4918","2024-05-02","postal","service_alert","0"
"7857","4918","2025-06-16","email","promo_email","0"
"7858","4920","2024-12-19","email","service_alert","0"
"7859","4922","2023-07-14","email","promo_email","0"
"7860","4922","2025-03-08","postal","balance_statement","0"
"7861","4922","2026-01-07","postal","service_alert","0"
"7862","4923","2023-08-16","email","balance_statement","0"
"7863","4923","2024-01-04","email","promo_email","0"
"7864","4925","2021-06-19","push","service_alert","1"
"7865","4925","2022-11-24","postal","promo_email","1"
"7866","4925","2023-01-24","email","balance_statement","1"
"7867","4925","2024-07-02","push","promo_email","1"
"7868","4925","2025-06-05","email","service_alert","1"
"7869","4926","2025-04-08","push","promo_email","0"
"7870","4928","2021-12-05","email","promo_email","0"
"7871","4928","2022-12-28","push","promo_email","1"
"7872","4929","2024-10-17","email","balance_statement","1"
"7873","4929","2025-09-25","email","promo_email","1"
"7874","4929","2026-01-18","email","service_alert","1"
"7875","4930","2022-02-06","postal","promo_email","0"
"7876","4930","2023-01-28","postal","balance_statement","0"
"7877","4930","2024-09-19","postal","balance_statement","0"
"7878","4931","2025-06-19","email","promo_email","0"
"7879","4933","2025-01-24","postal","balance_statement","0"
"7880","4933","2026-03-24","postal","balance_statement","0"
"7881","4935","2024-08-24","postal","service_alert","0"
"7882","4935","2026-05-04","postal","balance_statement","0"
"7883","4936","2023-06-04","email","service_alert","0"
"7884","4936","2025-07-22","postal","balance_statement","0"
"7885","4938","2024-09-05","postal","balance_statement","0"
"7886","4938","2025-03-16","push","promo_email","0"
"7887","4939","2021-04-04","email","balance_statement","1"
"7888","4939","2022-11-26","email","service_alert","0"
"7889","4939","2023-09-16","email","promo_email","0"
"7890","4939","2025-12-19","postal","promo_email","0"
"7891","4939","2026-03-02","push","balance_statement","0"
"7892","4942","2023-02-03","push","promo_email","0"
"7893","4942","2025-07-18","email","balance_statement","0"
"7894","4943","2026-02-23","postal","balance_statement","0"
"7895","4944","2023-10-27","postal","promo_email","0"
"7896","4944","2025-03-05","email","service_alert","0"
"7897","4945","2025-09-25","email","balance_statement","0"
"7898","4947","2020-02-11","email","balance_statement","0"
"7899","4947","2021-08-26","email","service_alert","0"
"7900","4947","2023-10-10","postal","balance_statement","0"
"7901","4947","2024-11-01","email","promo_email","0"
"7902","4948","2023-12-27","email","balance_statement","0"
"7903","4948","2024-04-20","email","balance_statement","0"
"7904","4948","2026-06-06","email","promo_email","0"
"7905","4949","2023-04-09","push","promo_email","0"
"7906","4949","2024-01-23","email","promo_email","0"
"7907","4950","2021-11-06","email","balance_statement","0"
"7908","4950","2023-02-21","email","promo_email","0"
"7909","4950","2024-10-23","email","balance_statement","1"
"7910","4950","2025-08-20","email","balance_statement","0"
"7911","4950","2026-05-27","push","promo_email","0"
"7912","4951","2026-05-26","email","balance_statement","0"
"7913","4952","2025-11-02","email","promo_email","0"
"7914","4953","2023-07-04","postal","balance_statement","0"
"7915","4953","2024-05-08","email","promo_email","0"
"7916","4954","2022-08-14","email","service_alert","0"
"7917","4954","2024-08-24","email","balance_statement","0"
"7918","4954","2026-06-12","push","promo_email","0"
"7919","4956","2026-01-15","email","promo_email","0"
"7920","4957","2021-06-25","postal","service_alert","0"
"7921","4957","2022-12-10","email","service_alert","0"
"7922","4957","2024-12-04","postal","balance_statement","0"
"7923","4957","2025-11-19","postal","promo_email","0"
"7924","4959","2025-05-05","email","balance_statement","0"
"7925","4960","2021-06-21","push","promo_email","0"
"7926","4960","2022-06-27","postal","promo_email","0"
"7927","4960","2024-01-10","email","balance_statement","0"
"7928","4960","2025-06-02","push","promo_email","0"
"7929","4962","2022-01-23","email","promo_email","0"
"7930","4962","2023-04-27","push","promo_email","1"
"7931","4962","2024-08-28","email","balance_statement","0"
"7932","4965","2022-09-01","email","balance_statement","0"
"7933","4965","2025-12-26","email","balance_statement","0"
"7934","4968","2025-11-18","email","promo_email","1"
"7935","4968","2026-06-21","email","balance_statement","0"
"7936","4970","2025-07-15","email","promo_email","0"
"7937","4972","2025-12-11","push","service_alert","0"
"7938","4973","2025-09-10","email","promo_email","0"
"7939","4975","2023-08-23","postal","promo_email","1"
"7940","4977","2025-03-08","email","promo_email","0"
"7941","4977","2026-04-26","email","promo_email","0"
"7942","4978","2022-01-18","email","balance_statement","0"
"7943","4978","2024-10-24","email","promo_email","0"
"7944","4978","2025-06-26","email","balance_statement","0"
"7945","4979","2020-04-07","postal","service_alert","0"
"7946","4979","2021-12-13","email","balance_statement","0"
"7947","4979","2022-07-15","push","promo_email","0"
"7948","4979","2024-10-03","email","promo_email","1"
"7949","4979","2025-03-05","push","service_alert","1"
"7950","4980","2026-01-12","email","service_alert","0"
"7951","4981","2026-02-07","postal","balance_statement","0"
"7952","4982","2025-01-13","email","balance_statement","0"
"7953","4983","2024-05-17","push","balance_statement","0"
"7954","4986","2020-12-28","push","balance_statement","0"
"7955","4986","2021-07-11","email","balance_statement","0"
"7956","4986","2022-08-21","postal","service_alert","0"
"7957","4986","2025-12-19","email","promo_email","0"
"7958","4986","2026-06-07","email","service_alert","0"
"7959","4987","2025-09-15","email","promo_email","0"
"7960","4988","2025-05-07","email","promo_email","0"
"7961","4989","2024-05-14","postal","service_alert","0"
"7962","4989","2026-05-28","email","promo_email","0"
"7963","4991","2024-07-08","email","promo_email","0"
"7964","4991","2025-02-22","postal","balance_statement","0"
"7965","4992","2022-12-19","email","promo_email","0"
"7966","4992","2023-01-17","email","promo_email","0"
"7967","4992","2024-08-21","email","balance_statement","0"
"7968","4993","2024-03-18","postal","promo_email","0"
"7969","4994","2025-07-12","email","balance_statement","0"
"7970","4994","2026-04-02","email","promo_email","0"
"7971","4995","2022-11-08","email","balance_statement","0"
"7972","4995","2023-01-01","email","balance_statement","0"
"7973","4995","2024-07-01","email","promo_email","0"
"7974","4995","2025-09-11","push","promo_email","0"
"7975","4995","2026-06-01","push","balance_statement","0"
"7976","4996","2022-08-20","email","balance_statement","0"
"7977","4996","2023-09-02","email","balance_statement","0"
"7978","4997","2024-05-07","email","balance_statement","0"
"7979","4997","2025-11-27","email","balance_statement","0"
"7980","4997","2026-05-03","postal","balance_statement","0"
"7981","4998","2023-11-19","push","balance_statement","1"
"7982","4998","2024-03-15","email","service_alert","0"
"7983","4998","2025-06-05","email","promo_email","0"
"7984","4999","2025-02-12","postal","promo_email","0"
"7985","5000","2025-11-12","push","balance_statement","0"
"7986","5001","2026-02-04","postal","promo_email","0"
"7987","5003","2024-09-18","postal","service_alert","0"
"7988","5003","2026-05-20","email","promo_email","0"
"7989","5004","2023-11-23","email","promo_email","0"
"7990","5004","2024-08-27","postal","promo_email","0"
"7991","5006","2025-05-13","email","promo_email","0"
"7992","5007","2022-08-20","email","balance_statement","0"
"7993","5007","2025-07-05","email","balance_statement","0"
"7994","5007","2026-04-02","email","promo_email","0"
"7995","5008","2026-04-16","email","promo_email","0"
"7996","5010","2022-11-09","email","balance_statement","1"
"7997","5010","2025-11-25","email","promo_email","0"
"7998","5011","2025-09-08","push","balance_statement","1"
"7999","5012","2022-01-17","email","promo_email","0"
"8000","5012","2023-11-08","email","balance_statement","0"
"8001","5012","2024-10-05","push","balance_statement","0"
"8002","5012","2025-10-10","push","balance_statement","0"
"8003","5013","2024-08-15","push","promo_email","0"
"8004","5014","2025-08-02","email","promo_email","0"
"8005","5014","2026-05-08","postal","service_alert","0"
"8006","5015","2026-06-07","email","balance_statement","0"
"8007","5016","2023-11-06","email","promo_email","0"
"8008","5016","2024-03-04","email","service_alert","0"
"8009","5018","2023-02-10","email","promo_email","1"
"8010","5018","2025-10-07","email","balance_statement","1"
"8011","5018","2026-02-03","postal","promo_email","1"
"8012","5019","2025-09-03","email","promo_email","0"
"8013","5019","2026-06-17","postal","promo_email","0"
"8014","5021","2020-12-16","email","promo_email","0"
"8015","5021","2024-10-28","push","balance_statement","1"
"8016","5021","2025-05-15","email","balance_statement","0"
"8017","5022","2022-12-02","email","balance_statement","0"
"8018","5022","2024-11-11","push","promo_email","0"
"8019","5028","2025-06-05","email","promo_email","0"
"8020","5029","2021-05-12","postal","service_alert","0"
"8021","5029","2022-04-04","email","balance_statement","0"
"8022","5029","2025-10-28","email","promo_email","1"
"8023","5030","2024-04-04","email","service_alert","1"
"8024","5030","2026-06-22","push","balance_statement","0"
"8025","5031","2024-04-05","email","balance_statement","0"
"8026","5031","2025-10-24","email","promo_email","0"
"8027","5031","2026-05-14","email","service_alert","0"
"8028","5032","2025-09-09","email","balance_statement","1"
"8029","5033","2020-10-15","email","balance_statement","0"
"8030","5033","2022-12-07","postal","balance_statement","0"
"8031","5033","2023-01-28","email","promo_email","0"
"8032","5033","2025-07-25","email","service_alert","0"
"8033","5033","2026-06-18","email","balance_statement","0"
"8034","5034","2019-08-07","email","promo_email","0"
"8035","5034","2021-10-08","email","balance_statement","0"
"8036","5034","2024-06-01","postal","promo_email","0"
"8037","5034","2025-01-12","email","promo_email","1"
"8038","5035","2020-07-16","push","service_alert","0"
"8039","5035","2022-08-10","email","balance_statement","1"
"8040","5035","2024-01-26","email","balance_statement","0"
"8041","5035","2025-01-25","postal","balance_statement","0"
"8042","5038","2024-10-18","email","balance_statement","0"
"8043","5038","2025-12-06","email","balance_statement","0"
"8044","5039","2024-11-10","email","service_alert","0"
"8045","5039","2025-09-17","email","service_alert","0"
"8046","5040","2025-09-24","postal","balance_statement","0"
"8047","5042","2025-02-10","postal","balance_statement","0"
"8048","5042","2026-06-25","push","balance_statement","0"
"8049","5044","2025-02-06","email","service_alert","0"
"8050","5044","2026-02-26","email","balance_statement","0"
"8051","5046","2022-08-01","push","service_alert","1"
"8052","5046","2024-06-18","email","balance_statement","1"
"8053","5046","2026-01-02","email","service_alert","0"
"8054","5049","2025-01-08","postal","promo_email","0"
"8055","5050","2025-03-07","email","balance_statement","0"
"8056","5050","2026-03-13","email","balance_statement","0"
"8057","5051","2022-05-07","push","balance_statement","1"
"8058","5051","2023-12-21","email","promo_email","0"
"8059","5051","2024-05-03","postal","promo_email","0"
"8060","5051","2025-04-06","email","promo_email","0"
"8061","5054","2026-04-19","push","balance_statement","0"
"8062","5055","2023-11-27","postal","service_alert","0"
"8063","5055","2024-05-17","push","promo_email","0"
"8064","5057","2025-09-15","email","promo_email","0"
"8065","5057","2026-02-15","email","service_alert","0"
"8066","5058","2026-04-05","push","promo_email","0"
"8067","5059","2025-04-26","email","promo_email","0"
"8068","5060","2026-02-11","push","service_alert","0"
"8069","5061","2025-09-18","postal","promo_email","0"
"8070","5062","2026-06-20","email","promo_email","0"
"8071","5063","2025-05-14","postal","service_alert","0"
"8072","5065","2022-05-13","push","balance_statement","0"
"8073","5065","2023-05-09","email","balance_statement","0"
"8074","5065","2024-05-08","email","promo_email","0"
"8075","5066","2022-12-18","email","service_alert","0"
"8076","5066","2023-11-20","postal","balance_statement","0"
"8077","5066","2024-02-05","postal","promo_email","0"
"8078","5066","2025-05-16","postal","promo_email","0"
"8079","5067","2024-11-16","email","balance_statement","0"
"8080","5067","2026-03-04","email","promo_email","0"
"8081","5068","2023-01-11","push","balance_statement","0"
"8082","5068","2025-07-10","email","promo_email","0"
"8083","5068","2026-02-15","email","promo_email","0"
"8084","5069","2025-06-10","email","service_alert","0"
"8085","5070","2026-03-25","email","balance_statement","0"
"8086","5071","2022-03-15","email","balance_statement","0"
"8087","5071","2025-04-24","postal","balance_statement","0"
"8088","5072","2026-04-27","email","promo_email","0"
"8089","5073","2020-02-07","push","balance_statement","0"
"8090","5073","2021-08-11","email","balance_statement","0"
"8091","5073","2023-08-20","postal","promo_email","0"
"8092","5073","2024-02-01","postal","service_alert","0"
"8093","5073","2025-10-13","postal","promo_email","0"
"8094","5075","2025-07-07","email","balance_statement","1"
"8095","5076","2020-08-12","push","promo_email","0"
"8096","5076","2024-02-23","postal","promo_email","0"
"8097","5076","2025-02-25","email","promo_email","0"
"8098","5077","2023-05-21","email","promo_email","1"
"8099","5077","2024-01-20","email","service_alert","1"
"8100","5078","2023-10-13","email","service_alert","0"
"8101","5078","2024-10-06","email","balance_statement","0"
"8102","5080","2020-11-27","postal","balance_statement","0"
"8103","5080","2021-03-12","postal","balance_statement","0"
"8104","5080","2022-07-22","email","balance_statement","0"
"8105","5080","2024-12-06","postal","promo_email","0"
"8106","5080","2026-02-06","push","promo_email","0"
"8107","5081","2022-01-25","postal","balance_statement","0"
"8108","5081","2025-04-14","email","service_alert","0"
"8109","5083","2025-06-25","push","service_alert","0"
"8110","5083","2026-04-06","email","balance_statement","0"
"8111","5084","2020-12-20","postal","service_alert","0"
"8112","5084","2021-11-02","push","promo_email","0"
"8113","5084","2023-01-16","postal","promo_email","0"
"8114","5084","2024-07-24","push","promo_email","0"
"8115","5084","2025-08-10","email","balance_statement","0"
"8116","5085","2024-05-06","email","promo_email","0"
"8117","5087","2025-01-15","postal","promo_email","0"
"8118","5089","2022-01-25","email","balance_statement","0"
"8119","5089","2023-04-08","email","balance_statement","0"
"8120","5089","2024-11-04","push","service_alert","0"
"8121","5089","2026-04-22","email","promo_email","0"
"8122","5090","2020-07-17","email","balance_statement","0"
"8123","5090","2022-03-26","email","promo_email","1"
"8124","5090","2023-12-25","email","balance_statement","0"
"8125","5090","2024-02-24","postal","balance_statement","0"
"8126","5090","2026-04-27","email","promo_email","0"
"8127","5091","2024-01-03","email","promo_email","0"
"8128","5091","2025-08-10","email","promo_email","0"
"8129","5092","2024-10-22","email","balance_statement","0"
"8130","5092","2025-02-16","email","balance_statement","0"
"8131","5093","2023-12-27","push","balance_statement","0"
"8132","5093","2024-12-01","email","promo_email","0"
"8133","5093","2025-03-08","push","balance_statement","0"
"8134","5095","2025-12-16","email","promo_email","0"
"8135","5097","2023-10-03","postal","service_alert","0"
"8136","5098","2024-09-13","push","service_alert","1"
"8137","5098","2025-07-06","push","balance_statement","0"
"8138","5099","2025-09-23","email","promo_email","0"
"8139","5099","2026-05-10","email","promo_email","0"
"8140","5100","2025-07-01","email","balance_statement","1"
"8141","5102","2025-10-22","push","promo_email","0"
"8142","5102","2026-03-16","postal","balance_statement","0"
"8143","5104","2022-05-12","email","service_alert","1"
"8144","5104","2025-09-13","email","balance_statement","0"
"8145","5104","2026-01-03","push","promo_email","1"
"8146","5105","2021-07-14","email","balance_statement","0"
"8147","5105","2022-03-10","postal","promo_email","0"
"8148","5105","2023-03-01","email","promo_email","0"
"8149","5105","2024-10-17","email","balance_statement","1"
"8150","5105","2025-08-12","email","balance_statement","0"
"8151","5105","2026-06-27","email","promo_email","0"
"8152","5107","2022-07-04","push","balance_statement","0"
"8153","5107","2023-07-12","email","balance_statement","0"
"8154","5107","2024-05-13","email","promo_email","0"
"8155","5108","2024-08-11","email","promo_email","0"
"8156","5109","2025-12-06","postal","balance_statement","0"
"8157","5111","2026-05-05","push","promo_email","0"
"8158","5112","2024-04-02","email","service_alert","0"
"8159","5112","2025-01-17","push","promo_email","0"
"8160","5116","2025-10-05","email","service_alert","0"
"8161","5117","2026-01-10","email","balance_statement","0"
"8162","5118","2025-12-26","email","service_alert","0"
"8163","5120","2022-09-23","push","promo_email","0"
"8164","5120","2023-03-17","email","balance_statement","0"
"8165","5120","2024-01-23","email","balance_statement","0"
"8166","5120","2025-11-18","postal","balance_statement","0"
"8167","5121","2025-01-09","email","balance_statement","0"
"8168","5121","2026-06-11","email","balance_statement","0"
"8169","5122","2024-07-10","email","balance_statement","0"
"8170","5122","2026-01-14","email","promo_email","0"
"8171","5123","2023-08-25","email","promo_email","0"
"8172","5123","2024-06-27","email","promo_email","0"
"8173","5123","2025-12-07","email","balance_statement","1"
"8174","5124","2021-06-08","email","balance_statement","0"
"8175","5124","2023-02-22","email","balance_statement","0"
"8176","5124","2025-06-21","email","promo_email","0"
"8177","5124","2026-05-05","email","balance_statement","0"
"8178","5125","2024-05-04","email","balance_statement","0"
"8179","5126","2021-03-18","email","balance_statement","0"
"8180","5126","2023-03-01","email","service_alert","0"
"8181","5126","2024-03-08","postal","service_alert","0"
"8182","5126","2025-02-15","email","promo_email","0"
"8183","5127","2021-12-04","email","promo_email","0"
"8184","5127","2023-04-05","email","balance_statement","0"
"8185","5127","2024-05-04","postal","promo_email","0"
"8186","5127","2025-07-11","push","balance_statement","0"
"8187","5128","2025-04-21","push","balance_statement","0"
"8188","5129","2025-04-06","email","service_alert","0"
"8189","5129","2026-02-05","push","promo_email","0"
"8190","5130","2023-10-03","email","balance_statement","1"
"8191","5130","2025-08-01","postal","balance_statement","1"
"8192","5131","2026-02-16","email","service_alert","0"
"8193","5132","2026-01-27","email","balance_statement","0"
"8194","5133","2026-05-23","email","service_alert","0"
"8195","5134","2026-01-22","postal","balance_statement","0"
"8196","5136","2025-01-10","postal","balance_statement","0"
"8197","5139","2025-08-22","email","promo_email","0"
"8198","5140","2024-08-19","email","balance_statement","1"
"8199","5142","2021-12-20","push","promo_email","0"
"8200","5142","2022-08-04","email","promo_email","0"
"8201","5142","2023-01-11","email","service_alert","0"
"8202","5146","2024-05-26","email","service_alert","1"
"8203","5146","2025-01-01","email","service_alert","1"
"8204","5147","2020-07-26","email","balance_statement","0"
"8205","5148","2026-04-14","push","balance_statement","1"
"8206","5149","2022-07-24","email","balance_statement","0"
"8207","5149","2023-09-10","email","balance_statement","0"
"8208","5149","2024-03-06","email","service_alert","0"
"8209","5150","2023-05-18","email","balance_statement","0"
"8210","5150","2025-05-08","push","balance_statement","1"
"8211","5151","2021-12-08","push","balance_statement","0"
"8212","5151","2023-03-18","email","balance_statement","0"
"8213","5151","2024-05-24","email","balance_statement","0"
"8214","5151","2025-12-15","email","balance_statement","0"
"8215","5153","2023-09-22","push","service_alert","0"
"8216","5153","2024-11-14","push","promo_email","0"
"8217","5153","2026-06-04","email","promo_email","0"
"8218","5155","2023-04-10","push","balance_statement","0"
"8219","5156","2026-04-04","postal","service_alert","0"
"8220","5160","2023-09-11","email","promo_email","0"
"8221","5160","2024-03-19","email","balance_statement","0"
"8222","5161","2022-09-28","postal","promo_email","0"
"8223","5161","2023-04-22","postal","promo_email","0"
"8224","5161","2025-06-26","postal","balance_statement","0"
"8225","5161","2026-06-02","push","balance_statement","0"
"8226","5162","2023-09-07","email","promo_email","0"
"8227","5162","2026-03-16","push","promo_email","0"
"8228","5163","2022-02-23","postal","promo_email","0"
"8229","5163","2023-09-19","email","service_alert","0"
"8230","5163","2025-11-12","email","service_alert","0"
"8231","5164","2024-01-10","email","promo_email","0"
"8232","5166","2025-09-11","email","balance_statement","0"
"8233","5166","2026-04-13","postal","service_alert","0"
"8234","5168","2021-08-13","postal","promo_email","0"
"8235","5168","2022-10-23","push","balance_statement","0"
"8236","5168","2023-01-06","email","service_alert","0"
"8237","5168","2024-12-08","email","promo_email","0"
"8238","5170","2021-08-11","push","balance_statement","0"
"8239","5170","2023-11-02","postal","balance_statement","0"
"8240","5170","2024-09-27","email","promo_email","0"
"8241","5171","2025-12-25","email","balance_statement","0"
"8242","5171","2026-01-05","postal","promo_email","0"
"8243","5172","2020-03-20","email","balance_statement","0"
"8244","5172","2021-10-13","email","balance_statement","0"
"8245","5172","2022-06-26","email","promo_email","0"
"8246","5172","2025-04-12","email","promo_email","0"
"8247","5173","2023-01-07","push","service_alert","0"
"8248","5173","2026-05-10","email","promo_email","0"
"8249","5175","2024-12-25","postal","balance_statement","0"
"8250","5176","2021-11-11","postal","balance_statement","0"
"8251","5176","2022-07-24","postal","service_alert","0"
"8252","5176","2023-01-12","email","promo_email","0"
"8253","5177","2024-04-26","email","balance_statement","0"
"8254","5178","2022-04-16","push","balance_statement","0"
"8255","5179","2021-03-18","email","balance_statement","0"
"8256","5179","2022-02-21","email","service_alert","0"
"8257","5179","2024-11-04","email","promo_email","0"
"8258","5179","2025-08-11","email","promo_email","0"
"8259","5180","2020-10-11","email","balance_statement","0"
"8260","5180","2021-12-11","email","balance_statement","0"
"8261","5180","2022-05-01","email","promo_email","0"
"8262","5180","2023-04-05","email","promo_email","0"
"8263","5180","2024-03-05","push","promo_email","0"
"8264","5180","2025-07-23","email","balance_statement","0"
"8265","5181","2024-11-15","postal","balance_statement","0"
"8266","5181","2026-01-25","push","service_alert","0"
"8267","5182","2025-12-18","email","balance_statement","0"
"8268","5183","2025-04-06","email","balance_statement","0"
"8269","5184","2023-02-27","postal","balance_statement","0"
"8270","5184","2025-11-05","email","balance_statement","0"
"8271","5185","2024-07-19","email","service_alert","0"
"8272","5187","2026-02-27","email","service_alert","0"
"8273","5189","2021-05-13","email","balance_statement","0"
"8274","5189","2022-11-18","email","service_alert","1"
"8275","5189","2023-06-23","postal","balance_statement","0"
"8276","5189","2024-09-14","email","balance_statement","0"
"8277","5189","2026-03-28","email","promo_email","0"
"8278","5190","2023-02-28","email","promo_email","0"
"8279","5190","2025-06-03","push","service_alert","0"
"8280","5192","2025-07-03","email","service_alert","0"
"8281","5193","2023-11-14","email","promo_email","0"
"8282","5193","2024-01-02","email","promo_email","1"
"8283","5193","2025-06-23","email","balance_statement","0"
"8284","5194","2020-07-26","email","balance_statement","0"
"8285","5194","2023-05-16","email","promo_email","0"
"8286","5195","2021-08-01","email","balance_statement","0"
"8287","5195","2022-01-16","email","promo_email","0"
"8288","5195","2023-10-12","push","balance_statement","0"
"8289","5196","2025-10-26","email","balance_statement","0"
"8290","5197","2026-04-25","email","promo_email","0"
"8291","5199","2024-07-17","email","promo_email","0"
"8292","5199","2025-08-01","email","service_alert","0"
"8293","5200","2023-09-04","push","balance_statement","0"
"8294","5200","2024-11-16","postal","balance_statement","0"
"8295","5202","2021-10-18","push","service_alert","1"
"8296","5202","2022-05-13","email","service_alert","1"
"8297","5202","2025-04-15","email","promo_email","1"
"8298","5202","2026-01-01","email","balance_statement","1"
"8299","5203","2023-07-20","postal","service_alert","0"
"8300","5203","2025-04-22","postal","balance_statement","0"
"8301","5206","2023-04-08","email","service_alert","0"
"8302","5206","2024-08-08","email","balance_statement","0"
"8303","5207","2024-09-01","postal","service_alert","0"
"8304","5207","2025-08-15","postal","promo_email","0"
"8305","5208","2024-12-14","email","balance_statement","0"
"8306","5209","2023-12-17","email","promo_email","0"
"8307","5209","2024-02-18","email","balance_statement","0"
"8308","5212","2021-11-16","email","promo_email","0"
"8309","5212","2022-11-26","postal","service_alert","0"
"8310","5212","2023-01-10","email","balance_statement","0"
"8311","5214","2021-06-25","postal","balance_statement","0"
"8312","5214","2024-12-07","email","balance_statement","0"
"8313","5214","2025-02-03","email","service_alert","0"
"8314","5215","2020-10-11","email","promo_email","0"
"8315","5215","2023-03-27","email","promo_email","0"
"8316","5215","2025-11-08","email","balance_statement","0"
"8317","5216","2026-05-12","email","balance_statement","0"
"8318","5218","2022-10-18","postal","promo_email","0"
"8319","5219","2022-12-05","email","promo_email","0"
"8320","5219","2024-01-25","email","promo_email","0"
"8321","5221","2019-11-28","postal","balance_statement","0"
"8322","5221","2021-12-10","postal","promo_email","0"
"8323","5221","2022-04-12","postal","service_alert","0"
"8324","5221","2023-08-06","email","balance_statement","0"
"8325","5221","2024-08-09","postal","balance_statement","0"
"8326","5222","2023-12-21","email","service_alert","0"
"8327","5223","2025-10-06","email","balance_statement","0"
"8328","5224","2023-08-03","postal","balance_statement","0"
"8329","5224","2024-08-22","email","promo_email","0"
"8330","5224","2025-09-02","email","promo_email","0"
"8331","5224","2026-02-23","push","promo_email","0"
"8332","5225","2022-07-03","postal","balance_statement","0"
"8333","5225","2023-05-22","email","balance_statement","0"
"8334","5225","2025-02-09","email","service_alert","0"
"8335","5225","2026-04-12","push","balance_statement","0"
"8336","5228","2022-10-27","email","promo_email","0"
"8337","5228","2023-11-25","email","service_alert","0"
"8338","5228","2024-07-23","email","service_alert","0"
"8339","5228","2025-12-10","email","service_alert","0"
"8340","5228","2026-04-27","email","balance_statement","0"
"8341","5230","2025-08-14","email","promo_email","0"
"8342","5230","2026-03-19","email","promo_email","0"
"8343","5232","2025-02-03","email","service_alert","0"
"8344","5233","2024-07-08","push","service_alert","0"
"8345","5233","2026-02-02","push","balance_statement","0"
"8346","5234","2025-12-20","email","promo_email","0"
"8347","5235","2023-10-15","postal","promo_email","0"
"8348","5235","2025-03-11","postal","balance_statement","0"
"8349","5236","2026-06-08","email","promo_email","1"
"8350","5237","2023-07-21","postal","promo_email","0"
"8351","5238","2024-03-13","email","balance_statement","0"
"8352","5238","2025-08-24","postal","promo_email","0"
"8353","5238","2026-06-01","email","promo_email","0"
"8354","5239","2024-03-11","push","promo_email","0"
"8355","5239","2025-07-05","postal","balance_statement","0"
"8356","5240","2024-01-27","postal","promo_email","0"
"8357","5240","2025-09-09","email","balance_statement","0"
"8358","5241","2026-03-08","email","promo_email","0"
"8359","5242","2024-08-04","push","service_alert","1"
"8360","5242","2026-02-21","postal","balance_statement","0"
"8361","5243","2025-04-05","email","promo_email","1"
"8362","5245","2025-12-28","email","balance_statement","0"
"8363","5246","2024-01-17","push","promo_email","0"
"8364","5246","2025-02-04","email","balance_statement","0"
"8365","5246","2026-05-03","email","promo_email","0"
"8366","5247","2021-09-12","email","service_alert","0"
"8367","5247","2022-08-16","push","promo_email","0"
"8368","5247","2024-08-04","email","promo_email","0"
"8369","5247","2025-07-01","email","service_alert","0"
"8370","5248","2025-02-06","push","promo_email","0"
"8371","5249","2024-05-01","postal","service_alert","0"
"8372","5249","2025-04-08","email","promo_email","0"
"8373","5249","2026-06-13","postal","promo_email","0"
"8374","5250","2025-10-10","email","service_alert","0"
"8375","5250","2026-06-23","push","promo_email","0"
"8376","5252","2023-10-04","email","balance_statement","0"
"8377","5252","2024-07-17","email","balance_statement","0"
"8378","5252","2025-02-08","email","promo_email","0"
"8379","5252","2026-04-14","postal","balance_statement","0"
"8380","5253","2022-08-13","email","balance_statement","0"
"8381","5253","2024-10-22","email","balance_statement","0"
"8382","5254","2025-10-12","email","balance_statement","0"
"8383","5256","2024-01-15","email","balance_statement","0"
"8384","5256","2025-04-14","email","promo_email","0"
"8385","5256","2026-05-10","email","balance_statement","0"
"8386","5257","2025-08-25","email","promo_email","0"
"8387","5257","2026-05-16","push","promo_email","0"
"8388","5258","2022-03-23","email","balance_statement","0"
"8389","5258","2023-12-02","email","promo_email","0"
"8390","5259","2022-03-21","email","promo_email","0"
"8391","5259","2025-07-11","postal","service_alert","0"
"8392","5260","2025-12-28","push","promo_email","0"
"8393","5261","2022-06-18","postal","service_alert","0"
"8394","5261","2026-05-11","email","balance_statement","0"
"8395","5263","2025-10-26","postal","promo_email","0"
"8396","5263","2026-01-18","email","promo_email","0"
"8397","5264","2023-04-24","push","promo_email","0"
"8398","5266","2026-06-10","push","promo_email","0"
"8399","5267","2025-12-09","email","balance_statement","0"
"8400","5268","2022-09-23","email","balance_statement","0"
"8401","5268","2023-06-18","postal","service_alert","0"
"8402","5268","2025-12-24","email","balance_statement","0"
"8403","5271","2025-07-15","email","promo_email","1"
"8404","5272","2025-06-23","email","service_alert","0"
"8405","5274","2026-03-21","postal","promo_email","0"
"8406","5275","2021-07-10","postal","balance_statement","0"
"8407","5275","2022-10-17","email","service_alert","0"
"8408","5275","2024-03-02","email","promo_email","0"
"8409","5275","2025-11-19","push","balance_statement","0"
"8410","5275","2026-01-22","email","balance_statement","0"
"8411","5276","2025-04-25","email","balance_statement","0"
"8412","5277","2024-12-27","email","promo_email","0"
"8413","5278","2021-10-28","email","promo_email","0"
"8414","5278","2023-03-09","push","service_alert","0"
"8415","5278","2024-05-01","postal","balance_statement","0"
"8416","5278","2025-02-24","email","balance_statement","0"
"8417","5279","2022-04-02","email","balance_statement","0"
"8418","5279","2023-05-19","postal","balance_statement","0"
"8419","5279","2024-02-24","email","promo_email","0"
"8420","5280","2020-12-17","email","balance_statement","1"
"8421","5280","2023-06-05","postal","promo_email","1"
"8422","5280","2024-06-17","email","balance_statement","1"
"8423","5280","2026-04-01","postal","service_alert","1"
"8424","5281","2022-12-25","email","promo_email","0"
"8425","5281","2023-02-14","email","balance_statement","0"
"8426","5281","2024-06-22","email","balance_statement","0"
"8427","5282","2025-05-05","email","promo_email","1"
"8428","5282","2026-01-04","email","promo_email","0"
"8429","5283","2025-07-11","postal","balance_statement","0"
"8430","5284","2025-02-13","email","promo_email","0"
"8431","5285","2021-11-02","email","promo_email","1"
"8432","5285","2025-07-04","postal","promo_email","1"
"8433","5286","2025-04-07","email","balance_statement","1"
"8434","5287","2021-10-22","email","balance_statement","1"
"8435","5287","2022-03-01","postal","promo_email","0"
"8436","5287","2023-05-11","email","balance_statement","0"
"8437","5287","2024-04-20","push","balance_statement","0"
"8438","5287","2025-04-26","postal","service_alert","0"
"8439","5288","2026-05-22","email","balance_statement","0"
"8440","5289","2022-05-14","postal","promo_email","0"
"8441","5289","2025-09-22","postal","balance_statement","0"
"8442","5290","2023-06-04","email","promo_email","0"
"8443","5290","2025-10-26","postal","promo_email","1"
"8444","5291","2022-07-14","email","balance_statement","0"
"8445","5291","2024-12-28","email","balance_statement","0"
"8446","5291","2025-06-03","postal","service_alert","0"
"8447","5291","2026-01-14","email","promo_email","0"
"8448","5292","2025-11-08","email","balance_statement","0"
"8449","5293","2024-12-14","push","service_alert","0"
"8450","5293","2026-04-17","push","balance_statement","0"
"8451","5294","2023-01-03","postal","balance_statement","0"
"8452","5294","2024-05-14","email","balance_statement","0"
"8453","5294","2025-07-13","postal","balance_statement","0"
"8454","5295","2022-07-19","email","promo_email","1"
"8455","5295","2023-06-05","postal","promo_email","0"
"8456","5295","2024-02-15","push","service_alert","0"
"8457","5295","2025-09-22","email","service_alert","0"
"8458","5297","2022-08-15","email","promo_email","0"
"8459","5297","2023-03-16","email","promo_email","0"
"8460","5299","2025-11-12","email","promo_email","0"
"8461","5299","2026-03-04","email","balance_statement","0"
"8462","5300","2023-06-18","email","promo_email","0"
"8463","5300","2025-08-03","email","service_alert","0"
"8464","5301","2023-09-17","push","balance_statement","0"
"8465","5301","2025-09-22","push","balance_statement","0"
"8466","5302","2024-12-17","email","balance_statement","1"
"8467","5302","2025-02-11","email","promo_email","1"
"8468","5302","2026-04-15","email","balance_statement","0"
"8469","5303","2025-11-04","push","balance_statement","0"
"8470","5304","2023-11-18","email","promo_email","0"
"8471","5304","2025-03-14","email","service_alert","0"
"8472","5306","2022-10-26","email","balance_statement","0"
"8473","5306","2023-05-01","email","balance_statement","0"
"8474","5306","2024-12-24","push","promo_email","0"
"8475","5307","2023-05-17","email","balance_statement","1"
"8476","5307","2024-02-02","postal","promo_email","1"
"8477","5307","2025-09-27","email","service_alert","1"
"8478","5307","2026-05-15","email","balance_statement","1"
"8479","5308","2024-11-17","push","balance_statement","0"
"8480","5309","2023-09-20","email","balance_statement","0"
"8481","5309","2025-02-22","postal","promo_email","0"
"8482","5310","2023-11-12","push","promo_email","0"
"8483","5310","2025-10-27","email","promo_email","0"
"8484","5311","2025-08-12","postal","balance_statement","0"
"8485","5312","2023-06-13","email","promo_email","0"
"8486","5312","2024-07-18","email","promo_email","0"
"8487","5312","2026-06-28","email","promo_email","0"
"8488","5314","2022-11-06","push","balance_statement","0"
"8489","5314","2023-09-25","email","balance_statement","0"
"8490","5314","2025-05-04","email","promo_email","0"
"8491","5315","2024-08-13","email","promo_email","0"
"8492","5316","2024-07-09","postal","promo_email","0"
"8493","5317","2021-06-27","push","promo_email","0"
"8494","5317","2023-11-23","email","balance_statement","0"
"8495","5319","2023-07-16","email","service_alert","0"
"8496","5319","2024-12-06","postal","balance_statement","0"
"8497","5320","2025-06-16","push","promo_email","0"
"8498","5321","2025-06-01","email","service_alert","0"
"8499","5322","2021-07-18","postal","promo_email","0"
"8500","5322","2022-05-11","email","promo_email","0"
"8501","5322","2023-07-22","email","balance_statement","0"
"8502","5322","2025-12-06","email","promo_email","0"
"8503","5325","2024-05-04","email","promo_email","0"
"8504","5325","2026-01-20","push","balance_statement","0"
"8505","5327","2024-11-26","email","balance_statement","0"
"8506","5327","2025-01-04","postal","balance_statement","0"
"8507","5328","2020-02-05","email","balance_statement","0"
"8508","5328","2022-04-15","email","service_alert","0"
"8509","5328","2024-11-16","postal","service_alert","0"
"8510","5328","2025-07-17","email","promo_email","0"
"8511","5329","2026-05-28","email","balance_statement","0"
"8512","5331","2023-06-16","email","promo_email","0"
"8513","5331","2025-09-01","push","balance_statement","0"
"8514","5332","2025-05-25","email","balance_statement","0"
"8515","5333","2024-06-12","email","balance_statement","0"
"8516","5333","2025-12-01","email","service_alert","0"
"8517","5334","2023-06-20","email","balance_statement","0"
"8518","5334","2024-05-27","postal","service_alert","0"
"8519","5334","2025-04-06","email","service_alert","0"
"8520","5335","2023-11-22","postal","balance_statement","0"
"8521","5335","2024-04-17","email","service_alert","0"
"8522","5336","2022-06-22","email","balance_statement","0"
"8523","5336","2023-09-11","push","balance_statement","1"
"8524","5336","2024-04-21","email","promo_email","0"
"8525","5338","2024-12-21","postal","promo_email","0"
"8526","5339","2023-03-02","email","promo_email","0"
"8527","5339","2024-01-14","email","promo_email","0"
"8528","5339","2025-05-20","postal","promo_email","0"
"8529","5340","2025-11-12","postal","service_alert","0"
"8530","5340","2026-02-21","push","promo_email","0"
"8531","5341","2021-03-25","postal","promo_email","1"
"8532","5341","2022-02-11","postal","balance_statement","1"
"8533","5342","2023-11-24","postal","service_alert","0"
"8534","5342","2025-03-17","email","balance_statement","0"
"8535","5343","2020-07-14","email","balance_statement","0"
"8536","5343","2023-04-26","email","balance_statement","0"
"8537","5343","2024-06-25","email","balance_statement","0"
"8538","5345","2023-07-06","postal","promo_email","0"
"8539","5345","2024-04-15","push","balance_statement","0"
"8540","5345","2025-06-11","postal","promo_email","0"
"8541","5346","2023-02-23","email","balance_statement","0"
"8542","5346","2024-03-10","email","balance_statement","0"
"8543","5347","2024-09-02","postal","service_alert","0"
"8544","5347","2025-10-12","email","balance_statement","0"
"8545","5348","2026-02-16","email","promo_email","0"
"8546","5349","2026-03-18","email","promo_email","0"
"8547","5350","2024-09-12","postal","balance_statement","0"
"8548","5353","2024-06-14","email","promo_email","0"
"8549","5353","2025-07-16","email","balance_statement","0"
"8550","5355","2022-09-01","email","balance_statement","0"
"8551","5355","2023-02-27","push","promo_email","0"
"8552","5355","2025-12-07","email","promo_email","1"
"8553","5358","2020-09-15","email","promo_email","0"
"8554","5358","2022-03-20","email","promo_email","0"
"8555","5358","2023-09-05","push","promo_email","0"
"8556","5358","2025-01-09","email","promo_email","0"
"8557","5359","2026-06-02","postal","balance_statement","0"
"8558","5360","2026-01-05","email","service_alert","0"
"8559","5362","2021-12-15","email","balance_statement","0"
"8560","5362","2023-03-25","email","service_alert","0"
"8561","5362","2024-10-10","postal","balance_statement","0"
"8562","5362","2025-04-14","postal","promo_email","0"
"8563","5364","2024-07-19","email","balance_statement","0"
"8564","5364","2025-10-23","email","balance_statement","0"
"8565","5365","2026-06-12","email","service_alert","0"
"8566","5366","2025-03-14","email","balance_statement","0"
"8567","5367","2021-11-25","postal","promo_email","0"
"8568","5367","2023-05-22","push","promo_email","0"
"8569","5367","2025-12-23","email","balance_statement","0"
"8570","5368","2022-11-12","email","promo_email","0"
"8571","5368","2024-02-05","email","balance_statement","0"
"8572","5368","2025-06-02","postal","balance_statement","0"
"8573","5369","2025-10-15","email","service_alert","0"
"8574","5369","2026-02-22","email","balance_statement","0"
"8575","5370","2025-11-03","email","balance_statement","0"
"8576","5372","2026-06-05","email","service_alert","0"
"8577","5373","2022-09-26","postal","service_alert","0"
"8578","5373","2023-07-17","postal","promo_email","0"
"8579","5373","2024-04-17","email","promo_email","0"
"8580","5373","2026-04-02","email","balance_statement","0"
"8581","5374","2022-05-17","email","promo_email","0"
"8582","5374","2023-05-14","email","promo_email","0"
"8583","5374","2024-10-10","email","service_alert","0"
"8584","5374","2025-09-18","email","promo_email","0"
"8585","5375","2022-10-05","email","balance_statement","0"
"8586","5375","2024-03-03","email","promo_email","0"
"8587","5376","2024-03-18","push","balance_statement","0"
"8588","5376","2025-10-23","email","service_alert","0"
"8589","5377","2025-05-12","email","promo_email","0"
"8590","5377","2026-04-18","postal","balance_statement","0"
"8591","5378","2025-01-26","email","balance_statement","0"
"8592","5379","2025-05-04","email","promo_email","0"
"8593","5380","2025-02-14","email","service_alert","0"
"8594","5381","2024-10-16","email","promo_email","0"
"8595","5382","2025-07-08","postal","service_alert","0"
"8596","5382","2026-06-14","email","promo_email","0"
"8597","5384","2021-11-23","email","service_alert","0"
"8598","5384","2022-12-07","email","balance_statement","0"
"8599","5384","2023-04-28","email","promo_email","0"
"8600","5384","2024-01-02","email","promo_email","1"
"8601","5384","2025-03-13","email","promo_email","0"
"8602","5384","2026-05-16","email","promo_email","0"
"8603","5385","2022-07-02","postal","balance_statement","0"
"8604","5385","2026-03-11","push","service_alert","0"
"8605","5386","2025-08-26","postal","balance_statement","0"
"8606","5387","2026-02-23","email","service_alert","0"
"8607","5388","2025-07-16","email","balance_statement","0"
"8608","5389","2022-09-20","push","promo_email","0"
"8609","5389","2024-04-16","email","promo_email","0"
"8610","5389","2025-09-06","email","service_alert","0"
"8611","5389","2026-05-19","email","balance_statement","0"
"8612","5390","2026-01-12","push","service_alert","0"
"8613","5391","2025-05-28","postal","promo_email","0"
"8614","5393","2026-01-13","email","promo_email","1"
"8615","5395","2025-09-04","postal","balance_statement","0"
"8616","5397","2025-12-15","email","service_alert","0"
"8617","5400","2025-06-14","email","promo_email","0"
"8618","5400","2026-03-05","postal","service_alert","0"
"8619","5401","2021-11-19","postal","promo_email","0"
"8620","5401","2025-08-24","email","balance_statement","0"
"8621","5402","2024-04-22","email","promo_email","0"
"8622","5402","2025-12-26","postal","promo_email","0"
"8623","5404","2024-03-28","push","promo_email","0"
"8624","5405","2020-08-16","email","promo_email","0"
"8625","5405","2021-11-21","email","balance_statement","0"
"8626","5405","2022-07-22","postal","promo_email","0"
"8627","5405","2023-04-01","email","balance_statement","0"
"8628","5405","2025-06-08","email","promo_email","0"
"8629","5406","2024-01-05","email","service_alert","0"
"8630","5407","2023-06-06","push","promo_email","0"
"8631","5408","2021-06-21","push","service_alert","0"
"8632","5408","2024-09-14","email","promo_email","0"
"8633","5409","2021-03-10","push","service_alert","0"
"8634","5409","2022-04-25","push","promo_email","0"
"8635","5409","2024-03-27","email","promo_email","0"
"8636","5409","2025-06-09","email","promo_email","0"
"8637","5410","2023-05-01","email","balance_statement","0"
"8638","5412","2025-07-23","postal","promo_email","0"
"8639","5413","2019-07-16","postal","service_alert","0"
"8640","5413","2024-11-23","push","promo_email","0"
"8641","5413","2025-09-20","postal","promo_email","0"
"8642","5413","2026-05-27","email","balance_statement","1"
"8643","5414","2026-04-27","email","balance_statement","1"
"8644","5415","2023-07-05","email","promo_email","0"
"8645","5415","2024-07-03","email","service_alert","0"
"8646","5415","2025-05-24","email","promo_email","0"
"8647","5416","2022-06-21","push","balance_statement","0"
"8648","5416","2024-09-01","email","promo_email","0"
"8649","5416","2025-02-15","email","promo_email","0"
"8650","5417","2023-09-03","email","balance_statement","0"
"8651","5417","2024-10-14","email","promo_email","0"
"8652","5418","2023-04-07","email","promo_email","0"
"8653","5418","2024-08-05","push","promo_email","0"
"8654","5418","2026-01-01","email","balance_statement","0"
"8655","5419","2022-11-09","email","balance_statement","0"
"8656","5419","2024-01-12","email","balance_statement","0"
"8657","5420","2023-06-26","email","promo_email","0"
"8658","5420","2024-09-07","postal","promo_email","0"
"8659","5421","2023-03-18","email","promo_email","1"
"8660","5421","2025-12-13","postal","promo_email","1"
"8661","5421","2026-02-18","email","balance_statement","1"
"8662","5422","2023-11-08","postal","promo_email","0"
"8663","5422","2024-01-07","email","promo_email","0"
"8664","5422","2025-04-18","postal","service_alert","1"
"8665","5424","2020-05-01","push","balance_statement","0"
"8666","5424","2025-05-12","push","service_alert","0"
"8667","5425","2026-03-23","email","service_alert","0"
"8668","5427","2025-12-08","push","promo_email","0"
"8669","5429","2025-07-12","email","balance_statement","0"
"8670","5430","2023-11-12","email","promo_email","0"
"8671","5430","2025-05-07","email","balance_statement","0"
"8672","5431","2025-11-18","push","promo_email","0"
"8673","5433","2023-08-16","email","balance_statement","0"
"8674","5433","2024-06-12","email","promo_email","0"
"8675","5433","2025-11-26","postal","balance_statement","0"
"8676","5433","2026-03-06","push","promo_email","0"
"8677","5434","2024-05-21","email","balance_statement","0"
"8678","5434","2025-04-18","postal","balance_statement","0"
"8679","5435","2023-09-20","postal","service_alert","0"
"8680","5435","2025-05-22","postal","balance_statement","0"
"8681","5436","2026-02-24","email","balance_statement","0"
"8682","5441","2021-07-19","email","balance_statement","0"
"8683","5441","2022-12-21","email","service_alert","0"
"8684","5441","2023-08-22","postal","balance_statement","0"
"8685","5445","2023-04-03","postal","service_alert","0"
"8686","5445","2024-09-02","postal","promo_email","0"
"8687","5445","2025-10-05","email","balance_statement","0"
"8688","5445","2026-04-19","postal","promo_email","0"
"8689","5447","2022-11-23","email","balance_statement","0"
"8690","5447","2024-07-03","email","balance_statement","0"
"8691","5447","2025-02-28","email","balance_statement","0"
"8692","5447","2026-03-20","email","promo_email","0"
"8693","5448","2020-04-14","push","balance_statement","1"
"8694","5448","2021-12-15","email","balance_statement","1"
"8695","5448","2022-08-11","postal","promo_email","1"
"8696","5448","2023-04-05","email","service_alert","1"
"8697","5448","2026-05-23","postal","promo_email","1"
"8698","5450","2025-12-03","postal","promo_email","0"
"8699","5450","2026-06-16","postal","promo_email","0"
"8700","5451","2022-03-10","email","service_alert","0"
"8701","5451","2024-06-20","email","service_alert","0"
"8702","5452","2022-06-09","email","promo_email","0"
"8703","5452","2024-09-21","email","promo_email","0"
"8704","5452","2025-06-06","email","promo_email","0"
"8705","5453","2024-12-15","push","promo_email","0"
"8706","5453","2025-05-21","email","promo_email","0"
"8707","5454","2025-04-03","email","balance_statement","1"
"8708","5457","2025-12-05","push","promo_email","0"
"8709","5459","2026-06-01","email","service_alert","0"
"8710","5460","2025-01-11","email","balance_statement","0"
"8711","5461","2023-05-24","push","promo_email","1"
"8712","5461","2025-08-22","email","service_alert","1"
"8713","5462","2026-06-16","email","balance_statement","0"
"8714","5463","2024-12-06","email","balance_statement","0"
"8715","5463","2025-01-24","email","promo_email","0"
"8716","5465","2020-09-25","push","balance_statement","0"
"8717","5465","2025-03-28","email","balance_statement","0"
"8718","5466","2024-12-22","push","balance_statement","0"
"8719","5466","2025-04-14","push","balance_statement","0"
"8720","5467","2025-01-05","push","promo_email","1"
"8721","5467","2026-04-22","email","balance_statement","0"
"8722","5468","2023-11-02","email","promo_email","0"
"8723","5469","2025-10-10","email","promo_email","0"
"8724","5469","2026-05-10","postal","balance_statement","0"
"8725","5470","2024-11-03","email","service_alert","0"
"8726","5471","2025-05-11","postal","promo_email","0"
"8727","5472","2021-04-05","email","promo_email","0"
"8728","5472","2024-02-27","push","service_alert","1"
"8729","5472","2025-02-20","email","balance_statement","0"
"8730","5473","2023-11-13","push","promo_email","0"
"8731","5475","2026-01-06","email","balance_statement","0"
"8732","5476","2025-01-22","email","promo_email","0"
"8733","5477","2025-05-02","push","balance_statement","1"
"8734","5478","2025-11-14","postal","balance_statement","1"
"8735","5478","2026-02-25","email","balance_statement","1"
"8736","5479","2022-09-15","email","promo_email","0"
"8737","5479","2023-09-04","push","balance_statement","0"
"8738","5479","2024-10-01","push","promo_email","0"
"8739","5479","2025-09-16","email","balance_statement","0"
"8740","5482","2025-07-02","email","service_alert","0"
"8741","5482","2026-04-06","postal","promo_email","0"
"8742","5483","2023-10-24","postal","promo_email","0"
"8743","5483","2024-07-08","push","balance_statement","0"
"8744","5483","2025-12-19","push","balance_statement","1"
"8745","5485","2025-08-10","email","promo_email","0"
"8746","5487","2025-06-15","email","promo_email","0"
"8747","5488","2025-09-08","push","balance_statement","0"
"8748","5489","2023-01-15","email","promo_email","0"
"8749","5489","2024-05-06","postal","balance_statement","0"
"8750","5489","2025-09-24","email","balance_statement","0"
"8751","5490","2021-11-16","email","service_alert","0"
"8752","5490","2024-01-02","email","promo_email","0"
"8753","5491","2023-01-11","email","service_alert","0"
"8754","5491","2024-10-02","email","balance_statement","0"
"8755","5491","2025-02-13","email","service_alert","0"
"8756","5493","2021-07-12","email","balance_statement","0"
"8757","5493","2024-04-01","email","promo_email","0"
"8758","5493","2025-04-06","email","balance_statement","1"
"8759","5494","2024-05-07","push","promo_email","0"
"8760","5496","2024-10-09","postal","promo_email","0"
"8761","5496","2025-01-21","postal","balance_statement","0"
"8762","5496","2026-04-26","email","promo_email","0"
"8763","5497","2021-06-10","email","promo_email","0"
"8764","5497","2022-03-17","email","balance_statement","1"
"8765","5497","2023-09-10","email","balance_statement","0"
"8766","5499","2026-05-02","email","promo_email","0"
"8767","5500","2024-11-22","email","service_alert","0"
"8768","5500","2025-01-05","email","promo_email","0"
"8769","5503","2024-02-21","postal","promo_email","0"
"8770","5503","2025-07-22","email","promo_email","0"
"8771","5506","2023-09-09","email","balance_statement","0"
"8772","5506","2024-06-09","email","service_alert","0"
"8773","5506","2025-03-03","email","balance_statement","0"
"8774","5510","2020-11-28","email","promo_email","0"
"8775","5510","2021-10-18","push","balance_statement","0"
"8776","5510","2023-04-04","push","balance_statement","0"
"8777","5510","2024-09-24","email","balance_statement","0"
"8778","5512","2024-09-16","email","balance_statement","0"
"8779","5512","2025-09-23","email","balance_statement","0"
"8780","5512","2026-01-10","push","promo_email","0"
"8781","5513","2024-12-25","push","service_alert","0"
"8782","5513","2025-06-20","push","promo_email","0"
"8783","5517","2021-03-01","email","promo_email","0"
"8784","5517","2022-06-19","email","balance_statement","0"
"8785","5517","2023-01-10","email","balance_statement","0"
"8786","5518","2019-10-13","postal","promo_email","0"
"8787","5518","2020-01-14","email","promo_email","0"
"8788","5518","2023-08-17","push","promo_email","0"
"8789","5518","2024-03-23","postal","service_alert","0"
"8790","5518","2026-02-06","email","balance_statement","0"
"8791","5519","2020-04-04","email","promo_email","0"
"8792","5519","2021-09-05","email","promo_email","0"
"8793","5519","2023-02-25","email","service_alert","0"
"8794","5519","2025-09-26","email","promo_email","0"
"8795","5521","2022-10-02","email","service_alert","0"
"8796","5521","2023-01-13","email","balance_statement","0"
"8797","5521","2024-01-27","push","service_alert","0"
"8798","5525","2024-12-18","postal","promo_email","0"
"8799","5527","2024-05-19","push","balance_statement","0"
"8800","5528","2019-07-09","email","balance_statement","0"
"8801","5528","2022-01-15","email","balance_statement","0"
"8802","5528","2023-11-20","push","balance_statement","0"
"8803","5529","2023-12-13","email","balance_statement","0"
"8804","5529","2024-11-02","email","promo_email","0"
"8805","5529","2025-01-04","email","balance_statement","0"
"8806","5530","2023-12-24","postal","balance_statement","0"
"8807","5530","2025-06-05","postal","promo_email","0"
"8808","5531","2023-01-21","push","balance_statement","0"
"8809","5531","2024-07-11","postal","service_alert","0"
"8810","5532","2022-05-07","email","promo_email","0"
"8811","5532","2023-11-21","push","balance_statement","0"
"8812","5532","2024-09-28","postal","balance_statement","0"
"8813","5532","2025-03-15","email","balance_statement","0"
"8814","5533","2021-03-15","push","balance_statement","0"
"8815","5533","2022-09-03","postal","balance_statement","0"
"8816","5533","2023-07-10","email","balance_statement","0"
"8817","5533","2025-05-09","email","balance_statement","0"
"8818","5534","2022-07-05","postal","balance_statement","0"
"8819","5534","2024-04-10","email","promo_email","0"
"8820","5534","2025-10-12","email","balance_statement","0"
"8821","5535","2023-04-27","email","balance_statement","0"
"8822","5535","2025-05-24","push","promo_email","0"
"8823","5536","2020-06-16","postal","service_alert","0"
"8824","5536","2026-04-24","email","promo_email","0"
"8825","5537","2025-09-25","email","promo_email","1"
"8826","5538","2026-05-20","email","service_alert","1"
"8827","5539","2023-08-24","email","balance_statement","0"
"8828","5539","2026-02-19","email","promo_email","0"
"8829","5546","2025-10-26","email","balance_statement","0"
"8830","5547","2022-06-08","email","service_alert","0"
"8831","5547","2023-03-03","email","balance_statement","0"
"8832","5548","2022-09-14","push","balance_statement","0"
"8833","5548","2024-05-10","email","promo_email","0"
"8834","5548","2025-02-15","email","balance_statement","0"
"8835","5549","2024-09-02","postal","balance_statement","0"
"8836","5549","2025-04-16","email","promo_email","0"
"8837","5550","2024-06-27","postal","promo_email","0"
"8838","5550","2025-07-04","postal","balance_statement","0"
"8839","5551","2022-05-09","push","balance_statement","1"
"8840","5551","2023-02-07","postal","balance_statement","0"
"8841","5551","2024-09-16","push","balance_statement","0"
"8842","5552","2024-04-13","email","balance_statement","0"
"8843","5552","2026-03-07","push","balance_statement","0"
"8844","5553","2021-09-04","email","balance_statement","0"
"8845","5553","2024-02-21","postal","service_alert","0"
"8846","5554","2023-08-17","push","promo_email","0"
"8847","5554","2024-12-28","postal","promo_email","0"
"8848","5556","2025-07-16","email","promo_email","0"
"8849","5557","2025-11-14","email","promo_email","0"
"8850","5558","2023-03-25","email","promo_email","1"
"8851","5558","2025-03-05","email","service_alert","1"
"8852","5559","2025-10-07","email","promo_email","0"
"8853","5559","2026-06-21","postal","promo_email","0"
"8854","5561","2021-12-08","email","service_alert","0"
"8855","5561","2022-06-01","email","balance_statement","0"
"8856","5561","2023-05-21","postal","balance_statement","0"
"8857","5561","2024-11-21","push","promo_email","0"
"8858","5562","2020-10-23","email","balance_statement","0"
"8859","5562","2022-01-02","email","balance_statement","0"
"8860","5562","2025-02-14","email","promo_email","0"
"8861","5563","2024-01-28","push","balance_statement","1"
"8862","5566","2022-05-09","email","promo_email","0"
"8863","5567","2024-12-23","email","balance_statement","0"
"8864","5567","2025-09-03","email","balance_statement","0"
"8865","5568","2020-12-12","email","promo_email","0"
"8866","5568","2021-09-06","email","balance_statement","0"
"8867","5568","2022-04-01","email","promo_email","0"
"8868","5568","2024-12-16","push","balance_statement","0"
"8869","5569","2025-10-01","email","balance_statement","0"
"8870","5570","2022-08-02","email","promo_email","1"
"8871","5570","2025-11-04","push","balance_statement","0"
"8872","5573","2020-04-01","email","balance_statement","0"
"8873","5573","2021-07-20","email","balance_statement","1"
"8874","5573","2023-11-08","email","balance_statement","0"
"8875","5573","2024-05-04","email","promo_email","0"
"8876","5573","2025-09-22","push","promo_email","0"
"8877","5574","2022-07-02","email","balance_statement","0"
"8878","5574","2024-08-18","email","promo_email","0"
"8879","5574","2026-04-08","email","promo_email","0"
"8880","5576","2026-01-19","postal","promo_email","0"
"8881","5578","2024-09-10","email","balance_statement","0"
"8882","5578","2025-08-17","email","promo_email","0"
"8883","5581","2023-09-26","postal","balance_statement","0"
"8884","5582","2020-05-23","email","balance_statement","0"
"8885","5582","2024-11-05","push","promo_email","0"
"8886","5582","2025-10-16","email","balance_statement","0"
"8887","5582","2026-04-13","postal","balance_statement","0"
"8888","5583","2025-04-05","email","promo_email","0"
"8889","5583","2026-02-05","email","service_alert","0"
"8890","5584","2023-05-23","email","balance_statement","0"
"8891","5584","2024-07-06","email","balance_statement","0"
"8892","5585","2022-01-21","email","balance_statement","0"
"8893","5585","2023-01-22","postal","balance_statement","0"
"8894","5585","2025-11-10","email","balance_statement","0"
"8895","5585","2026-03-12","push","promo_email","1"
"8896","5586","2026-03-22","email","service_alert","0"
"8897","5587","2022-04-23","email","promo_email","0"
"8898","5588","2022-10-07","email","promo_email","0"
"8899","5588","2023-10-02","email","balance_statement","0"
"8900","5588","2024-10-27","email","promo_email","0"
"8901","5588","2026-04-11","email","promo_email","0"
"8902","5589","2022-11-05","email","promo_email","0"
"8903","5589","2023-07-10","push","balance_statement","0"
"8904","5591","2023-11-24","email","balance_statement","0"
"8905","5591","2026-06-02","email","promo_email","0"
"8906","5592","2024-04-28","postal","service_alert","0"
"8907","5592","2025-09-23","email","balance_statement","0"
"8908","5592","2026-03-17","postal","balance_statement","1"
"8909","5593","2026-04-06","email","balance_statement","1"
"8910","5594","2024-10-02","email","promo_email","1"
"8911","5594","2025-02-22","email","service_alert","1"
"8912","5594","2026-02-15","email","balance_statement","1"
"8913","5595","2021-01-17","email","service_alert","0"
"8914","5595","2022-03-22","push","balance_statement","0"
"8915","5595","2024-08-19","postal","service_alert","0"
"8916","5595","2025-06-08","email","promo_email","0"
"8917","5596","2021-09-28","email","promo_email","0"
"8918","5596","2022-10-07","postal","balance_statement","0"
"8919","5596","2023-01-28","email","promo_email","0"
"8920","5596","2024-01-26","push","balance_statement","0"
"8921","5596","2025-09-13","email","balance_statement","0"
"8922","5597","2022-12-20","email","balance_statement","1"
"8923","5597","2023-05-07","email","balance_statement","0"
"8924","5597","2024-04-28","postal","promo_email","1"
"8925","5597","2025-11-22","push","promo_email","0"
"8926","5597","2026-06-02","email","balance_statement","0"
"8927","5598","2021-06-12","push","balance_statement","0"
"8928","5598","2023-11-07","email","service_alert","1"
"8929","5598","2025-12-27","email","promo_email","0"
"8930","5599","2025-08-25","email","promo_email","0"
"8931","5599","2026-06-25","push","service_alert","0"
"8932","5602","2023-12-19","postal","promo_email","0"
"8933","5602","2025-08-19","postal","service_alert","0"
"8934","5603","2024-12-19","email","service_alert","0"
"8935","5603","2025-04-01","email","balance_statement","0"
"8936","5604","2024-06-20","email","service_alert","0"
"8937","5604","2025-04-21","push","service_alert","0"
"8938","5605","2025-08-16","email","balance_statement","0"
"8939","5605","2026-04-14","email","balance_statement","0"
"8940","5606","2024-10-23","email","balance_statement","0"
"8941","5606","2025-04-11","push","promo_email","0"
"8942","5607","2025-02-27","email","promo_email","1"
"8943","5607","2026-01-19","postal","balance_statement","0"
"8944","5608","2025-10-13","email","promo_email","0"
"8945","5610","2023-10-14","push","promo_email","1"
"8946","5610","2024-01-08","email","promo_email","1"
"8947","5610","2025-09-01","postal","promo_email","1"
"8948","5612","2024-07-24","email","promo_email","1"
"8949","5612","2025-12-19","email","promo_email","0"
"8950","5614","2021-09-26","email","service_alert","0"
"8951","5614","2023-09-15","push","promo_email","0"
"8952","5615","2022-11-03","email","promo_email","0"
"8953","5615","2023-02-25","email","promo_email","0"
"8954","5615","2025-01-18","email","promo_email","0"
"8955","5616","2022-01-10","postal","promo_email","0"
"8956","5616","2024-05-21","email","promo_email","0"
"8957","5618","2025-03-22","email","promo_email","0"
"8958","5619","2020-05-09","email","balance_statement","0"
"8959","5619","2023-04-16","postal","service_alert","0"
"8960","5620","2021-11-23","email","promo_email","1"
"8961","5620","2022-07-09","postal","service_alert","1"
"8962","5620","2023-01-26","email","balance_statement","1"
"8963","5620","2025-05-04","email","balance_statement","1"
"8964","5620","2026-03-24","push","promo_email","1"
"8965","5623","2024-09-21","email","promo_email","0"
"8966","5626","2021-05-17","postal","balance_statement","0"
"8967","5626","2022-06-20","email","promo_email","0"
"8968","5626","2023-08-21","postal","service_alert","0"
"8969","5626","2024-10-07","email","promo_email","0"
"8970","5626","2025-06-16","email","service_alert","0"
"8971","5626","2026-05-01","email","promo_email","0"
"8972","5628","2023-02-23","email","service_alert","0"
"8973","5628","2024-05-01","email","balance_statement","0"
"8974","5628","2025-06-22","email","balance_statement","0"
"8975","5628","2026-01-27","email","promo_email","0"
"8976","5629","2024-08-03","email","promo_email","0"
"8977","5629","2025-07-06","postal","promo_email","0"
"8978","5629","2026-01-28","email","promo_email","0"
"8979","5630","2024-03-07","push","balance_statement","0"
"8980","5630","2025-10-27","email","service_alert","0"
"8981","5631","2023-10-13","email","balance_statement","0"
"8982","5631","2024-11-11","email","promo_email","0"
"8983","5631","2025-12-01","push","balance_statement","0"
"8984","5631","2026-05-24","postal","promo_email","0"
"8985","5632","2025-08-03","email","promo_email","0"
"8986","5634","2026-06-16","postal","balance_statement","0"
"8987","5635","2024-08-01","postal","balance_statement","0"
"8988","5637","2022-12-26","email","balance_statement","0"
"8989","5637","2023-07-13","postal","promo_email","0"
"8990","5637","2024-05-12","postal","promo_email","0"
"8991","5638","2022-07-28","email","balance_statement","0"
"8992","5638","2024-01-19","email","balance_statement","0"
"8993","5638","2025-12-25","postal","service_alert","0"
"8994","5638","2026-01-07","email","promo_email","0"
"8995","5639","2023-02-18","postal","service_alert","0"
"8996","5640","2023-06-08","email","promo_email","0"
"8997","5640","2024-04-09","email","balance_statement","0"
"8998","5640","2026-01-16","push","service_alert","0"
"8999","5645","2026-02-10","email","promo_email","0"
"9000","5646","2024-05-05","email","balance_statement","0"
"9001","5646","2025-01-05","postal","promo_email","0"
"9002","5648","2022-04-14","email","promo_email","0"
"9003","5648","2023-03-18","push","balance_statement","0"
"9004","5650","2025-07-09","email","service_alert","0"
"9005","5651","2026-03-15","email","balance_statement","0"
"9006","5652","2023-11-02","push","balance_statement","1"
"9007","5652","2024-04-14","email","service_alert","1"
"9008","5652","2026-04-21","email","balance_statement","1"
"9009","5655","2025-11-08","email","balance_statement","0"
"9010","5655","2026-01-13","email","service_alert","0"
"9011","5656","2025-11-14","email","promo_email","0"
"9012","5658","2023-09-07","email","service_alert","0"
"9013","5659","2021-08-21","email","promo_email","0"
"9014","5659","2022-05-23","email","promo_email","0"
"9015","5659","2023-04-22","email","promo_email","0"
"9016","5659","2024-02-26","postal","promo_email","0"
"9017","5659","2025-03-05","email","balance_statement","0"
"9018","5661","2026-02-17","email","service_alert","0"
"9019","5662","2021-08-02","email","promo_email","0"
"9020","5662","2022-01-16","email","balance_statement","0"
"9021","5662","2025-06-26","email","promo_email","0"
"9022","5663","2019-09-05","postal","balance_statement","0"
"9023","5663","2020-04-12","email","service_alert","0"
"9024","5663","2021-09-22","email","promo_email","0"
"9025","5663","2022-01-07","email","balance_statement","0"
"9026","5663","2023-08-27","postal","balance_statement","0"
"9027","5663","2024-12-24","push","promo_email","0"
"9028","5663","2025-06-25","email","promo_email","0"
"9029","5665","2022-08-22","email","balance_statement","0"
"9030","5665","2026-03-12","email","promo_email","0"
"9031","5667","2022-08-25","push","promo_email","0"
"9032","5667","2024-07-22","email","promo_email","0"
"9033","5668","2022-06-03","email","balance_statement","0"
"9034","5668","2023-06-16","email","balance_statement","0"
"9035","5668","2025-03-24","email","balance_statement","0"
"9036","5668","2026-05-20","email","balance_statement","0"
"9037","5669","2026-04-01","email","promo_email","0"
"9038","5671","2026-05-26","email","promo_email","0"
"9039","5672","2023-01-08","postal","balance_statement","0"
"9040","5672","2024-10-23","push","promo_email","0"
"9041","5673","2021-11-23","postal","service_alert","0"
"9042","5673","2022-10-04","postal","balance_statement","0"
"9043","5673","2025-03-18","email","balance_statement","0"
"9044","5673","2026-03-04","postal","balance_statement","0"
"9045","5674","2024-01-06","email","promo_email","0"
"9046","5675","2022-10-25","push","promo_email","0"
"9047","5675","2024-11-15","postal","balance_statement","1"
"9048","5675","2025-08-19","push","balance_statement","0"
"9049","5675","2026-02-24","email","promo_email","0"
"9050","5676","2024-08-08","email","balance_statement","0"
"9051","5676","2025-05-03","postal","balance_statement","0"
"9052","5677","2021-05-16","email","balance_statement","0"
"9053","5677","2022-09-13","postal","service_alert","0"
"9054","5677","2024-10-03","email","balance_statement","0"
"9055","5677","2026-01-08","push","service_alert","0"
"9056","5678","2025-04-28","email","balance_statement","0"
"9057","5680","2024-06-14","email","promo_email","0"
"9058","5681","2023-04-25","email","promo_email","0"
"9059","5681","2026-04-06","postal","promo_email","0"
"9060","5682","2024-08-03","email","promo_email","0"
"9061","5683","2025-10-04","email","promo_email","0"
"9062","5683","2026-03-04","email","balance_statement","0"
"9063","5685","2022-07-06","email","balance_statement","0"
"9064","5685","2023-11-22","email","balance_statement","0"
"9065","5685","2024-08-24","postal","promo_email","0"
"9066","5686","2025-07-24","email","service_alert","0"
"9067","5686","2026-06-21","push","balance_statement","0"
"9068","5688","2022-06-15","email","service_alert","1"
"9069","5688","2023-09-28","email","service_alert","0"
"9070","5688","2025-01-01","email","balance_statement","0"
"9071","5689","2026-06-01","email","balance_statement","0"
"9072","5692","2025-01-13","postal","balance_statement","0"
"9073","5692","2026-03-05","email","promo_email","0"
"9074","5693","2023-08-23","email","service_alert","0"
"9075","5695","2024-11-07","push","balance_statement","0"
"9076","5695","2025-04-23","email","balance_statement","0"
"9077","5696","2025-07-26","email","promo_email","0"
"9078","5697","2022-07-06","email","promo_email","0"
"9079","5697","2023-01-09","email","balance_statement","0"
"9080","5697","2024-08-20","email","balance_statement","0"
"9081","5697","2025-09-14","email","balance_statement","0"
"9082","5698","2023-12-14","email","service_alert","0"
"9083","5699","2022-08-17","email","balance_statement","0"
"9084","5699","2023-02-18","postal","promo_email","0"
"9085","5699","2024-02-12","email","service_alert","0"
"9086","5699","2025-11-01","postal","balance_statement","0"
"9087","5700","2025-09-09","email","balance_statement","0"
"9088","5701","2025-11-23","push","balance_statement","0"
"9089","5702","2024-06-21","email","balance_statement","0"
"9090","5702","2025-02-14","push","promo_email","0"
"9091","5703","2023-06-11","email","promo_email","0"
"9092","5703","2025-01-12","email","balance_statement","0"
"9093","5704","2024-03-12","push","promo_email","0"
"9094","5704","2026-03-24","email","balance_statement","0"
"9095","5705","2020-06-22","email","promo_email","0"
"9096","5705","2024-09-21","email","promo_email","0"
"9097","5706","2023-06-11","email","balance_statement","0"
"9098","5706","2025-02-14","email","promo_email","0"
"9099","5707","2024-01-15","email","promo_email","0"
"9100","5707","2025-09-09","email","promo_email","0"
"9101","5708","2026-01-20","email","balance_statement","0"
"9102","5710","2021-09-21","email","service_alert","1"
"9103","5710","2022-05-18","push","balance_statement","0"
"9104","5710","2023-02-19","email","balance_statement","0"
"9105","5710","2025-10-10","postal","promo_email","0"
"9106","5711","2023-08-12","email","balance_statement","0"
"9107","5712","2023-12-17","email","balance_statement","1"
"9108","5712","2024-10-02","email","promo_email","1"
"9109","5713","2023-04-26","push","promo_email","1"
"9110","5713","2025-06-10","email","service_alert","0"
"9111","5714","2025-07-27","postal","promo_email","0"
"9112","5715","2026-04-07","push","promo_email","0"
"9113","5716","2024-04-09","email","service_alert","0"
"9114","5717","2024-11-28","postal","balance_statement","0"
"9115","5717","2025-12-03","email","promo_email","0"
"9116","5719","2025-12-16","email","promo_email","0"
"9117","5721","2021-08-09","email","promo_email","0"
"9118","5721","2024-01-20","email","promo_email","0"
"9119","5721","2025-02-05","email","balance_statement","0"
"9120","5721","2026-05-10","email","promo_email","0"
"9121","5722","2021-10-19","email","balance_statement","0"
"9122","5722","2023-11-22","email","balance_statement","0"
"9123","5722","2024-07-09","postal","balance_statement","0"
"9124","5722","2025-11-16","email","balance_statement","0"
"9125","5724","2023-03-24","email","promo_email","0"
"9126","5724","2024-03-12","email","balance_statement","0"
"9127","5724","2025-08-27","email","promo_email","0"
"9128","5725","2025-08-22","push","promo_email","0"
"9129","5726","2025-01-19","email","service_alert","0"
"9130","5728","2025-02-05","email","balance_statement","1"
"9131","5730","2025-02-07","email","promo_email","0"
"9132","5731","2025-09-10","email","promo_email","0"
"9133","5732","2026-02-28","postal","promo_email","0"
"9134","5734","2024-09-06","email","balance_statement","0"
"9135","5734","2025-07-21","push","balance_statement","0"
"9136","5737","2025-01-17","email","balance_statement","0"
"9137","5738","2025-02-07","postal","service_alert","0"
"9138","5741","2025-08-19","email","promo_email","0"
"9139","5742","2025-08-14","email","service_alert","1"
"9140","5744","2024-07-27","email","service_alert","0"
"9141","5744","2026-04-28","postal","promo_email","0"
"9142","5745","2024-04-21","email","promo_email","0"
"9143","5746","2021-03-26","email","promo_email","0"
"9144","5746","2022-07-09","postal","promo_email","0"
"9145","5746","2023-04-09","email","promo_email","0"
"9146","5746","2024-07-13","postal","promo_email","0"
"9147","5748","2021-06-09","email","promo_email","0"
"9148","5748","2022-10-19","postal","service_alert","0"
"9149","5748","2023-03-25","email","promo_email","0"
"9150","5748","2024-06-05","email","promo_email","0"
"9151","5748","2025-01-04","postal","balance_statement","0"
"9152","5749","2023-11-26","push","promo_email","0"
"9153","5749","2024-07-07","email","balance_statement","0"
"9154","5749","2025-10-14","postal","promo_email","0"
"9155","5750","2026-02-22","postal","balance_statement","0"
"9156","5752","2024-11-09","postal","promo_email","0"
"9157","5752","2025-07-19","postal","balance_statement","0"
"9158","5753","2020-07-13","push","promo_email","0"
"9159","5753","2022-02-17","email","balance_statement","0"
"9160","5753","2025-07-01","email","balance_statement","0"
"9161","5753","2026-03-02","email","promo_email","0"
"9162","5754","2026-03-06","postal","balance_statement","1"
"9163","5755","2025-11-06","email","balance_statement","0"
"9164","5756","2025-03-21","email","service_alert","0"
"9165","5756","2026-02-28","postal","service_alert","0"
"9166","5757","2026-06-11","postal","balance_statement","0"
"9167","5758","2022-12-16","email","promo_email","0"
"9168","5758","2023-01-17","email","service_alert","0"
"9169","5758","2025-10-07","push","balance_statement","0"
"9170","5760","2026-06-12","email","promo_email","0"
"9171","5761","2023-05-27","email","service_alert","0"
"9172","5761","2024-04-16","email","balance_statement","0"
"9173","5761","2026-03-02","email","balance_statement","0"
"9174","5762","2025-10-11","postal","promo_email","0"
"9175","5763","2020-10-16","email","balance_statement","1"
"9176","5763","2022-07-12","email","promo_email","1"
"9177","5763","2023-06-19","email","balance_statement","0"
"9178","5764","2025-07-27","email","balance_statement","0"
"9179","5765","2026-04-02","email","balance_statement","0"
"9180","5766","2025-10-23","push","promo_email","0"
"9181","5768","2026-01-18","postal","service_alert","0"
"9182","5769","2023-06-02","push","promo_email","0"
"9183","5769","2024-01-17","email","promo_email","0"
"9184","5769","2025-10-08","email","promo_email","0"
"9185","5771","2025-05-01","email","promo_email","0"
"9186","5772","2025-04-10","email","balance_statement","0"
"9187","5772","2026-03-27","email","balance_statement","0"
"9188","5774","2020-11-21","email","balance_statement","0"
"9189","5774","2021-02-28","postal","balance_statement","0"
"9190","5774","2022-09-13","email","promo_email","0"
"9191","5774","2023-02-12","postal","balance_statement","0"
"9192","5774","2024-02-24","email","balance_statement","0"
"9193","5774","2025-10-18","email","balance_statement","1"
"9194","5774","2026-01-03","email","promo_email","0"
"9195","5775","2025-01-12","email","balance_statement","0"
"9196","5775","2026-06-02","email","balance_statement","0"
"9197","5776","2021-06-04","postal","balance_statement","0"
"9198","5776","2022-02-25","email","service_alert","0"
"9199","5776","2026-02-22","email","balance_statement","0"
"9200","5777","2021-06-21","email","balance_statement","0"
"9201","5777","2023-12-09","postal","balance_statement","0"
"9202","5777","2024-07-10","email","balance_statement","0"
"9203","5777","2025-11-22","postal","balance_statement","0"
"9204","5778","2024-07-10","email","promo_email","1"
"9205","5778","2025-02-20","push","promo_email","0"
"9206","5778","2026-01-22","email","balance_statement","0"
"9207","5779","2020-01-28","email","service_alert","0"
"9208","5779","2021-06-10","push","balance_statement","0"
"9209","5779","2023-02-07","postal","balance_statement","0"
"9210","5779","2025-01-23","postal","balance_statement","0"
"9211","5780","2021-03-05","email","balance_statement","0"
"9212","5780","2022-09-25","postal","balance_statement","0"
"9213","5780","2023-06-25","email","promo_email","0"
"9214","5780","2025-02-28","postal","service_alert","0"
"9215","5780","2026-05-26","postal","service_alert","0"
"9216","5781","2023-03-08","email","promo_email","0"
"9217","5781","2024-05-26","email","promo_email","0"
"9218","5781","2025-12-24","email","balance_statement","0"
"9219","5782","2024-03-06","push","balance_statement","0"
"9220","5783","2025-10-07","postal","balance_statement","0"
"9221","5785","2025-03-12","email","promo_email","1"
"9222","5786","2024-10-21","email","balance_statement","0"
"9223","5786","2025-01-08","postal","balance_statement","0"
"9224","5786","2026-01-23","push","balance_statement","0"
"9225","5787","2025-07-08","email","balance_statement","0"
"9226","5788","2026-05-15","push","promo_email","0"
"9227","5790","2023-05-25","push","promo_email","0"
"9228","5790","2026-05-10","postal","balance_statement","0"
"9229","5791","2022-10-15","postal","promo_email","0"
"9230","5791","2024-08-25","email","balance_statement","0"
"9231","5791","2025-08-18","postal","promo_email","0"
"9232","5792","2026-06-02","postal","promo_email","0"
"9233","5793","2025-11-14","postal","promo_email","0"
"9234","5794","2026-02-28","email","service_alert","0"
"9235","5798","2026-05-08","email","promo_email","0"
"9236","5799","2021-12-13","email","balance_statement","0"
"9237","5799","2022-03-05","email","promo_email","0"
"9238","5799","2024-08-21","email","balance_statement","0"
"9239","5800","2023-11-15","email","promo_email","1"
"9240","5803","2026-04-14","push","balance_statement","0"
"9241","5804","2021-07-13","email","promo_email","0"
"9242","5804","2022-04-02","email","balance_statement","1"
"9243","5804","2023-06-27","email","balance_statement","0"
"9244","5804","2024-05-02","email","balance_statement","0"
"9245","5805","2023-02-03","email","promo_email","0"
"9246","5805","2024-08-08","email","balance_statement","0"
"9247","5805","2025-06-03","push","balance_statement","0"
"9248","5806","2024-07-15","email","promo_email","0"
"9249","5806","2025-07-11","email","balance_statement","0"
"9250","5807","2020-12-12","email","service_alert","1"
"9251","5807","2022-07-07","postal","balance_statement","1"
"9252","5807","2023-01-28","email","promo_email","1"
"9253","5807","2024-01-16","push","service_alert","1"
"9254","5807","2025-02-14","email","service_alert","1"
"9255","5808","2023-10-19","postal","balance_statement","0"
"9256","5808","2025-08-11","email","promo_email","0"
"9257","5809","2026-03-15","email","promo_email","0"
"9258","5810","2025-11-05","push","balance_statement","0"
"9259","5811","2021-05-15","email","promo_email","1"
"9260","5811","2024-08-14","email","promo_email","1"
"9261","5812","2025-02-10","email","promo_email","0"
"9262","5813","2024-01-07","email","balance_statement","0"
"9263","5814","2022-09-24","push","service_alert","0"
"9264","5814","2023-02-06","email","promo_email","0"
"9265","5815","2026-02-06","email","service_alert","0"
"9266","5816","2024-07-09","email","promo_email","0"
"9267","5816","2025-12-18","email","balance_statement","0"
"9268","5816","2026-05-06","email","balance_statement","1"
"9269","5817","2025-09-27","postal","balance_statement","0"
"9270","5818","2026-01-08","email","promo_email","0"
"9271","5819","2023-11-04","push","promo_email","0"
"9272","5820","2024-12-12","postal","balance_statement","0"
"9273","5820","2025-08-11","email","service_alert","0"
"9274","5821","2025-07-13","postal","balance_statement","0"
"9275","5824","2022-03-10","postal","balance_statement","0"
"9276","5824","2024-03-15","push","balance_statement","0"
"9277","5826","2023-11-16","postal","service_alert","0"
"9278","5826","2024-04-02","push","balance_statement","0"
"9279","5827","2025-11-19","postal","service_alert","0"
"9280","5827","2026-06-16","push","balance_statement","0"
"9281","5829","2026-06-14","email","promo_email","0"
"9282","5830","2026-05-19","email","balance_statement","0"
"9283","5831","2026-01-15","email","service_alert","1"
"9284","5832","2023-05-06","email","service_alert","0"
"9285","5832","2025-06-07","push","service_alert","0"
"9286","5833","2024-12-08","email","service_alert","0"
"9287","5834","2026-05-24","postal","promo_email","1"
"9288","5835","2024-05-25","email","promo_email","0"
"9289","5835","2025-03-16","email","balance_statement","0"
"9290","5836","2020-09-18","email","promo_email","0"
"9291","5836","2021-09-14","email","balance_statement","0"
"9292","5837","2024-01-08","postal","service_alert","0"
"9293","5837","2025-10-13","email","balance_statement","0"
"9294","5838","2024-01-04","postal","promo_email","0"
"9295","5843","2023-09-22","postal","promo_email","0"
"9296","5843","2024-07-05","push","promo_email","0"
"9297","5843","2025-12-12","email","balance_statement","1"
"9298","5843","2026-06-28","email","balance_statement","0"
"9299","5844","2023-12-26","email","balance_statement","0"
"9300","5844","2024-04-19","email","balance_statement","0"
"9301","5845","2023-10-18","email","promo_email","0"
"9302","5845","2024-08-18","push","promo_email","0"
"9303","5845","2025-03-27","postal","balance_statement","0"
"9304","5846","2024-10-02","push","balance_statement","0"
"9305","5846","2025-06-03","email","promo_email","0"
"9306","5846","2026-02-17","push","service_alert","1"
"9307","5847","2024-09-11","postal","promo_email","1"
"9308","5847","2025-08-26","email","balance_statement","1"
"9309","5847","2026-01-06","email","promo_email","1"
"9310","5848","2026-01-13","email","balance_statement","0"
"9311","5849","2025-03-04","email","promo_email","0"
"9312","5850","2023-01-09","postal","balance_statement","0"
"9313","5850","2026-02-17","postal","promo_email","0"
"9314","5851","2024-01-05","email","service_alert","0"
"9315","5851","2026-01-27","email","balance_statement","0"
"9316","5852","2024-03-19","email","balance_statement","0"
"9317","5853","2021-11-16","email","balance_statement","0"
"9318","5853","2023-07-11","email","service_alert","0"
"9319","5853","2025-07-27","push","balance_statement","0"
"9320","5854","2023-07-07","email","promo_email","0"
"9321","5854","2024-09-23","push","balance_statement","0"
"9322","5854","2026-01-10","push","promo_email","1"
"9323","5855","2024-11-11","email","promo_email","0"
"9324","5856","2023-01-01","push","promo_email","0"
"9325","5856","2025-04-27","email","service_alert","0"
"9326","5857","2024-10-07","email","promo_email","0"
"9327","5857","2025-12-11","postal","service_alert","0"
"9328","5859","2019-09-11","push","promo_email","1"
"9329","5859","2020-09-21","postal","balance_statement","1"
"9330","5859","2021-11-09","email","balance_statement","1"
"9331","5859","2022-08-10","email","service_alert","1"
"9332","5859","2024-01-26","postal","promo_email","1"
"9333","5859","2026-02-11","postal","balance_statement","1"
"9334","5860","2024-10-11","email","promo_email","0"
"9335","5860","2025-12-24","email","balance_statement","0"
"9336","5860","2026-04-24","email","balance_statement","0"
"9337","5861","2023-08-18","postal","balance_statement","0"
"9338","5861","2024-06-05","email","promo_email","0"
"9339","5863","2022-01-01","email","balance_statement","0"
"9340","5863","2023-05-04","email","promo_email","0"
"9341","5863","2024-03-15","postal","promo_email","0"
"9342","5863","2026-02-03","push","promo_email","0"
"9343","5864","2022-10-20","postal","service_alert","0"
"9344","5864","2023-07-20","push","promo_email","0"
"9345","5864","2024-02-06","email","promo_email","0"
"9346","5864","2025-12-16","email","promo_email","0"
"9347","5866","2020-08-06","email","promo_email","0"
"9348","5866","2021-10-09","email","service_alert","0"
"9349","5866","2023-07-17","email","promo_email","0"
"9350","5866","2024-09-13","email","promo_email","0"
"9351","5866","2025-02-22","email","promo_email","0"
"9352","5868","2024-09-06","postal","promo_email","0"
"9353","5868","2025-11-02","email","balance_statement","0"
"9354","5870","2025-08-08","email","promo_email","0"
"9355","5871","2025-08-11","email","service_alert","0"
"9356","5871","2026-01-13","postal","balance_statement","0"
"9357","5872","2020-09-22","push","promo_email","0"
"9358","5872","2022-06-05","push","balance_statement","0"
"9359","5872","2024-05-21","postal","promo_email","0"
"9360","5872","2025-06-19","push","promo_email","0"
"9361","5873","2022-10-21","postal","balance_statement","0"
"9362","5873","2023-06-19","email","balance_statement","0"
"9363","5873","2025-11-10","email","balance_statement","0"
"9364","5874","2023-12-10","email","balance_statement","0"
"9365","5874","2024-02-01","email","promo_email","0"
"9366","5875","2023-09-15","postal","service_alert","0"
"9367","5875","2025-02-25","email","balance_statement","0"
"9368","5878","2023-12-02","email","service_alert","0"
"9369","5878","2025-09-05","email","promo_email","0"
"9370","5879","2025-09-25","push","balance_statement","0"
"9371","5879","2026-05-10","postal","service_alert","0"
"9372","5880","2023-07-01","push","balance_statement","0"
"9373","5880","2024-05-13","email","balance_statement","0"
"9374","5880","2025-01-13","email","balance_statement","0"
"9375","5880","2026-01-24","push","service_alert","0"
"9376","5882","2024-04-23","postal","service_alert","0"
"9377","5882","2025-02-23","email","promo_email","0"
"9378","5885","2022-06-02","push","balance_statement","1"
"9379","5887","2023-05-02","postal","promo_email","0"
"9380","5887","2024-12-10","email","service_alert","0"
"9381","5888","2020-08-11","email","balance_statement","0"
"9382","5888","2022-09-09","postal","promo_email","0"
"9383","5888","2023-04-06","email","service_alert","0"
"9384","5888","2025-07-10","postal","balance_statement","0"
"9385","5890","2021-03-16","push","balance_statement","0"
"9386","5890","2022-07-22","email","balance_statement","0"
"9387","5890","2024-05-22","email","balance_statement","0"
"9388","5890","2025-07-03","email","promo_email","0"
"9389","5890","2026-02-13","email","promo_email","0"
"9390","5891","2020-12-02","push","service_alert","0"
"9391","5891","2021-01-03","push","promo_email","0"
"9392","5891","2023-02-21","postal","balance_statement","0"
"9393","5891","2024-04-19","email","balance_statement","0"
"9394","5891","2025-02-16","push","balance_statement","0"
"9395","5892","2024-07-05","email","promo_email","0"
"9396","5892","2025-12-23","email","promo_email","1"
"9397","5893","2024-11-08","email","promo_email","0"
"9398","5893","2025-06-21","push","service_alert","0"
"9399","5894","2024-10-03","email","balance_statement","1"
"9400","5895","2024-11-12","email","promo_email","0"
"9401","5895","2026-05-16","postal","balance_statement","0"
"9402","5896","2025-06-16","email","promo_email","0"
"9403","5897","2025-03-24","email","promo_email","0"
"9404","5900","2025-11-02","postal","promo_email","0"
"9405","5901","2026-06-01","push","service_alert","0"
"9406","5902","2025-12-25","email","promo_email","0"
"9407","5902","2026-06-23","postal","promo_email","0"
"9408","5903","2025-11-12","email","promo_email","0"
"9409","5906","2025-07-20","postal","promo_email","0"
"9410","5907","2023-10-09","email","promo_email","0"
"9411","5907","2025-10-02","email","promo_email","0"
"9412","5909","2021-07-19","email","balance_statement","1"
"9413","5909","2024-07-01","push","balance_statement","0"
"9414","5909","2025-04-02","email","balance_statement","0"
"9415","5910","2021-12-20","email","balance_statement","0"
"9416","5910","2025-06-01","email","promo_email","0"
"9417","5911","2020-04-28","postal","service_alert","0"
"9418","5911","2022-09-13","email","balance_statement","0"
"9419","5911","2024-12-28","email","balance_statement","0"
"9420","5911","2026-03-05","email","promo_email","0"
"9421","5912","2024-02-14","email","promo_email","0"
"9422","5912","2025-05-28","email","promo_email","0"
"9423","5913","2021-05-01","email","promo_email","0"
"9424","5913","2022-04-20","push","service_alert","1"
"9425","5913","2023-11-03","email","service_alert","0"
"9426","5913","2024-11-03","push","balance_statement","0"
"9427","5913","2026-03-13","email","promo_email","0"
"9428","5916","2022-10-12","push","balance_statement","0"
"9429","5916","2023-08-08","push","promo_email","0"
"9430","5916","2024-03-19","email","balance_statement","0"
"9431","5917","2022-09-18","email","promo_email","0"
"9432","5917","2025-06-21","email","balance_statement","0"
"9433","5918","2024-04-03","email","balance_statement","0"
"9434","5918","2025-06-25","email","service_alert","0"
"9435","5919","2025-02-16","postal","promo_email","0"
"9436","5920","2025-06-11","postal","service_alert","0"
"9437","5920","2026-01-03","postal","balance_statement","0"
"9438","5921","2025-01-09","postal","balance_statement","0"
"9439","5922","2022-10-03","email","balance_statement","0"
"9440","5922","2023-06-05","email","promo_email","0"
"9441","5922","2024-11-07","postal","balance_statement","0"
"9442","5923","2023-12-16","email","service_alert","0"
"9443","5923","2024-11-09","email","balance_statement","0"
"9444","5923","2025-02-24","email","promo_email","0"
"9445","5924","2026-05-22","push","balance_statement","0"
"9446","5925","2025-07-04","email","promo_email","0"
"9447","5927","2021-05-06","email","balance_statement","0"
"9448","5927","2023-08-23","postal","balance_statement","0"
"9449","5927","2025-01-03","postal","balance_statement","0"
"9450","5927","2026-05-21","push","service_alert","0"
"9451","5928","2023-03-06","email","balance_statement","0"
"9452","5928","2024-05-22","email","promo_email","0"
"9453","5928","2025-03-14","push","balance_statement","0"
"9454","5929","2024-11-18","postal","service_alert","1"
"9455","5929","2025-06-02","email","promo_email","0"
"9456","5929","2026-03-14","email","service_alert","1"
"9457","5930","2023-03-09","email","balance_statement","0"
"9458","5930","2025-04-24","email","balance_statement","0"
"9459","5931","2026-01-14","email","service_alert","0"
"9460","5932","2024-01-05","postal","service_alert","0"
"9461","5933","2024-08-11","email","service_alert","0"
"9462","5933","2025-12-15","email","balance_statement","0"
"9463","5934","2021-08-21","postal","service_alert","0"
"9464","5934","2022-12-27","email","promo_email","0"
"9465","5935","2020-08-18","email","promo_email","0"
"9466","5935","2021-01-20","email","balance_statement","0"
"9467","5935","2022-06-04","email","service_alert","0"
"9468","5935","2023-11-22","email","promo_email","1"
"9469","5937","2024-06-21","email","service_alert","0"
"9470","5937","2025-12-14","postal","balance_statement","0"
"9471","5937","2026-03-04","postal","promo_email","0"
"9472","5938","2025-07-17","email","balance_statement","0"
"9473","5940","2021-08-06","push","balance_statement","0"
"9474","5940","2023-06-23","email","balance_statement","0"
"9475","5940","2024-01-14","email","promo_email","0"
"9476","5940","2026-02-26","postal","promo_email","0"
"9477","5941","2023-10-17","email","balance_statement","0"
"9478","5941","2024-08-16","email","promo_email","0"
"9479","5941","2025-07-05","postal","balance_statement","0"
"9480","5941","2026-01-13","email","balance_statement","0"
"9481","5942","2024-12-28","email","promo_email","0"
"9482","5942","2025-08-07","email","promo_email","0"
"9483","5943","2024-12-12","email","balance_statement","0"
"9484","5943","2025-08-25","postal","service_alert","0"
"9485","5944","2023-07-10","push","balance_statement","0"
"9486","5944","2026-03-26","email","promo_email","0"
"9487","5945","2023-11-05","push","balance_statement","0"
"9488","5945","2025-10-09","email","balance_statement","0"
"9489","5946","2025-05-15","email","promo_email","0"
"9490","5948","2020-10-11","push","balance_statement","0"
"9491","5948","2021-08-26","push","balance_statement","0"
"9492","5948","2022-05-03","email","promo_email","0"
"9493","5948","2023-07-13","email","service_alert","0"
"9494","5948","2025-02-15","email","balance_statement","0"
"9495","5949","2023-08-07","push","balance_statement","1"
"9496","5949","2026-01-09","email","balance_statement","1"
"9497","5950","2024-09-23","email","promo_email","0"
"9498","5950","2026-03-14","email","balance_statement","0"
"9499","5951","2024-03-06","email","service_alert","0"
"9500","5952","2023-03-27","email","promo_email","1"
"9501","5952","2024-12-01","postal","promo_email","0"
"9502","5953","2021-04-01","email","balance_statement","0"
"9503","5955","2023-03-10","email","balance_statement","0"
"9504","5955","2024-05-15","email","promo_email","0"
"9505","5955","2026-05-28","email","balance_statement","0"
"9506","5957","2026-03-11","postal","service_alert","0"
"9507","5958","2022-05-16","email","balance_statement","0"
"9508","5958","2023-05-18","postal","balance_statement","0"
"9509","5958","2024-07-28","push","balance_statement","0"
"9510","5958","2026-02-16","push","balance_statement","0"
"9511","5959","2023-08-22","push","balance_statement","0"
"9512","5959","2024-10-18","push","promo_email","1"
"9513","5959","2025-04-12","postal","promo_email","0"
"9514","5959","2026-01-26","email","balance_statement","0"
"9515","5960","2021-07-21","postal","balance_statement","0"
"9516","5960","2022-11-23","email","balance_statement","0"
"9517","5960","2023-08-23","push","balance_statement","0"
"9518","5960","2024-10-10","email","balance_statement","0"
"9519","5960","2025-06-16","postal","promo_email","0"
"9520","5963","2025-01-04","email","promo_email","1"
"9521","5964","2024-05-16","push","promo_email","0"
"9522","5964","2025-11-17","email","balance_statement","0"
"9523","5964","2026-02-19","push","balance_statement","0"
"9524","5966","2023-08-22","email","service_alert","0"
"9525","5966","2024-07-06","email","service_alert","0"
"9526","5966","2025-09-24","email","promo_email","0"
"9527","5967","2025-04-11","postal","promo_email","0"
"9528","5968","2024-09-24","email","balance_statement","0"
"9529","5968","2025-10-11","email","balance_statement","0"
"9530","5968","2026-04-20","email","promo_email","0"
"9531","5969","2023-04-09","email","promo_email","1"
"9532","5970","2020-10-17","push","promo_email","1"
"9533","5970","2022-05-13","postal","balance_statement","0"
"9534","5970","2023-09-24","email","balance_statement","0"
"9535","5970","2024-06-02","email","balance_statement","0"
"9536","5970","2025-08-09","email","service_alert","0"
"9537","5971","2023-04-21","email","promo_email","0"
"9538","5971","2025-10-04","postal","balance_statement","0"
"9539","5971","2026-01-26","email","balance_statement","0"
"9540","5973","2024-04-19","email","balance_statement","0"
"9541","5973","2025-11-15","email","balance_statement","0"
"9542","5974","2024-11-15","email","service_alert","0"
"9543","5975","2023-03-06","postal","service_alert","1"
"9544","5975","2024-12-01","push","promo_email","1"
"9545","5976","2023-05-08","email","promo_email","0"
"9546","5977","2025-04-10","push","balance_statement","0"
"9547","5979","2020-11-06","push","balance_statement","0"
"9548","5979","2022-11-20","email","balance_statement","0"
"9549","5979","2023-07-23","email","balance_statement","0"
"9550","5979","2024-09-01","email","balance_statement","0"
"9551","5979","2026-02-04","email","promo_email","1"
"9552","5980","2023-06-16","email","balance_statement","0"
"9553","5980","2024-02-26","postal","service_alert","0"
"9554","5980","2025-02-18","email","promo_email","0"
"9555","5981","2024-04-18","push","balance_statement","0"
"9556","5981","2025-01-24","email","balance_statement","0"
"9557","5982","2021-05-18","postal","promo_email","0"
"9558","5982","2022-06-23","postal","service_alert","0"
"9559","5982","2023-11-04","email","service_alert","0"
"9560","5982","2024-03-15","email","promo_email","0"
"9561","5982","2026-05-24","push","service_alert","0"
"9562","5984","2026-02-21","email","balance_statement","0"
"9563","5988","2023-08-01","push","promo_email","0"
"9564","5988","2024-09-13","email","balance_statement","0"
"9565","5988","2025-05-25","postal","promo_email","0"
"9566","5988","2026-06-23","email","promo_email","0"
"9567","5989","2021-10-09","postal","promo_email","0"
"9568","5989","2022-09-23","email","service_alert","0"
"9569","5989","2024-03-16","push","balance_statement","0"
"9570","5989","2025-11-08","email","balance_statement","0"
"9571","5989","2026-05-09","email","balance_statement","0"
"9572","5992","2022-08-20","email","balance_statement","0"
"9573","5992","2023-07-13","postal","service_alert","0"
"9574","5992","2024-06-15","email","balance_statement","0"
"9575","5992","2025-03-02","email","service_alert","0"
"9576","5993","2023-12-08","postal","promo_email","0"
"9577","5993","2024-10-04","postal","balance_statement","0"
"9578","5993","2025-09-10","email","promo_email","0"
"9579","5995","2026-06-19","email","balance_statement","1"
"9580","5996","2023-12-09","postal","balance_statement","0"
"9581","5996","2024-06-23","email","balance_statement","0"
"9582","5998","2024-10-08","postal","promo_email","0"
"9583","5999","2023-11-28","email","service_alert","0"
"9584","5999","2024-06-23","email","promo_email","0"
"9585","5999","2025-11-13","email","balance_statement","0"
"9586","6000","2024-11-02","postal","promo_email","0"
"9587","6000","2025-12-01","email","balance_statement","0"
"9588","6002","2023-08-07","postal","balance_statement","0"
"9589","6002","2024-02-13","email","balance_statement","1"
"9590","6004","2024-05-17","email","promo_email","1"
"9591","6005","2022-07-01","email","promo_email","0"
"9592","6005","2023-08-19","postal","service_alert","0"
"9593","6005","2025-03-15","email","promo_email","0"
"9594","6006","2022-03-08","email","promo_email","0"
"9595","6006","2025-06-07","push","balance_statement","0"
"9596","6007","2025-09-18","email","promo_email","1"
"9597","6008","2025-03-20","push","balance_statement","0"
"9598","6008","2026-03-25","email","balance_statement","0"
"9599","6009","2025-03-22","email","balance_statement","0"
"9600","6010","2022-10-02","email","balance_statement","0"
"9601","6010","2023-10-23","postal","promo_email","0"
"9602","6010","2026-05-22","email","balance_statement","0"
"9603","6011","2023-08-18","postal","promo_email","0"
"9604","6011","2025-11-21","postal","service_alert","0"
"9605","6012","2025-11-22","email","balance_statement","0"
"9606","6013","2025-02-05","postal","balance_statement","0"
"9607","6014","2022-12-21","email","balance_statement","0"
"9608","6014","2023-09-13","email","promo_email","1"
"9609","6014","2025-12-04","email","balance_statement","0"
"9610","6016","2026-05-22","email","promo_email","0"
"9611","6017","2024-08-02","email","service_alert","0"
"9612","6017","2026-06-17","email","balance_statement","0"
"9613","6019","2023-07-28","email","promo_email","0"
"9614","6019","2025-02-09","push","promo_email","0"
"9615","6020","2026-03-14","email","promo_email","0"
"9616","6024","2021-04-13","email","balance_statement","0"
"9617","6024","2022-12-07","email","balance_statement","0"
"9618","6024","2023-08-10","postal","balance_statement","0"
"9619","6024","2024-09-05","email","promo_email","0"
"9620","6024","2025-02-25","email","balance_statement","0"
"9621","6025","2022-10-18","email","service_alert","0"
"9622","6025","2024-12-18","email","service_alert","0"
"9623","6026","2024-02-01","email","service_alert","0"
"9624","6027","2021-11-09","email","service_alert","0"
"9625","6027","2022-04-03","email","promo_email","0"
"9626","6027","2024-02-14","push","promo_email","0"
"9627","6027","2025-01-07","email","balance_statement","0"
"9628","6027","2026-04-11","email","balance_statement","0"
"9629","6028","2022-10-18","postal","balance_statement","0"
"9630","6028","2024-10-19","email","balance_statement","0"
"9631","6029","2023-11-25","email","balance_statement","0"
"9632","6029","2024-04-21","postal","promo_email","0"
"9633","6030","2024-10-20","email","service_alert","0"
"9634","6030","2025-02-17","email","promo_email","0"
"9635","6033","2022-04-26","email","service_alert","0"
"9636","6033","2023-06-27","email","promo_email","0"
"9637","6033","2024-11-06","email","balance_statement","0"
"9638","6034","2020-12-26","email","promo_email","0"
"9639","6034","2021-12-22","postal","promo_email","0"
"9640","6034","2022-05-15","push","balance_statement","0"
"9641","6034","2025-03-07","push","balance_statement","0"
"9642","6035","2023-02-15","email","service_alert","0"
"9643","6035","2025-06-20","email","service_alert","0"
"9644","6037","2024-06-15","push","balance_statement","0"
"9645","6038","2023-12-01","push","service_alert","0"
"9646","6038","2025-09-23","email","promo_email","0"
"9647","6039","2021-08-12","email","promo_email","0"
"9648","6039","2022-05-12","email","balance_statement","0"
"9649","6039","2023-05-14","email","promo_email","0"
"9650","6039","2024-08-16","email","promo_email","0"
"9651","6039","2025-02-10","postal","balance_statement","0"
"9652","6042","2023-10-13","email","promo_email","0"
"9653","6042","2024-03-05","postal","promo_email","0"
"9654","6043","2024-09-14","postal","balance_statement","0"
"9655","6044","2023-06-10","push","service_alert","0"
"9656","6044","2024-09-03","email","balance_statement","0"
"9657","6044","2025-12-18","email","promo_email","0"
"9658","6044","2026-03-19","email","promo_email","0"
"9659","6047","2023-12-07","email","balance_statement","0"
"9660","6047","2024-11-16","push","promo_email","0"
"9661","6047","2025-08-17","email","promo_email","0"
"9662","6049","2022-04-19","email","balance_statement","0"
"9663","6049","2024-09-08","email","promo_email","0"
"9664","6049","2025-04-19","email","promo_email","0"
"9665","6050","2024-12-23","email","service_alert","0"
"9666","6051","2024-07-05","email","service_alert","0"
"9667","6052","2023-01-27","email","promo_email","0"
"9668","6052","2025-05-26","email","service_alert","0"
"9669","6055","2025-09-23","email","promo_email","0"
"9670","6057","2025-12-25","email","promo_email","0"
"9671","6057","2026-01-08","email","promo_email","0"
"9672","6058","2019-12-26","postal","service_alert","0"
"9673","6058","2021-11-08","push","service_alert","0"
"9674","6058","2022-02-28","email","balance_statement","0"
"9675","6058","2024-09-16","postal","promo_email","0"
"9676","6058","2026-05-01","email","balance_statement","0"
"9677","6059","2025-11-11","email","balance_statement","0"
"9678","6061","2022-12-18","email","promo_email","0"
"9679","6062","2026-05-18","email","promo_email","0"
"9680","6063","2025-12-18","email","promo_email","0"
"9681","6064","2024-10-05","email","balance_statement","0"
"9682","6064","2025-06-04","postal","balance_statement","0"
"9683","6065","2020-11-12","email","promo_email","0"
"9684","6065","2023-06-24","email","balance_statement","0"
"9685","6065","2024-06-04","postal","balance_statement","0"
"9686","6066","2025-06-03","email","promo_email","0"
"9687","6067","2023-01-26","email","balance_statement","0"
"9688","6067","2025-11-09","email","promo_email","0"
"9689","6070","2023-12-07","email","balance_statement","0"
"9690","6070","2025-05-11","postal","balance_statement","0"
"9691","6071","2024-04-23","email","balance_statement","0"
"9692","6073","2023-11-06","email","promo_email","0"
"9693","6073","2024-10-04","email","balance_statement","0"
"9694","6073","2025-07-18","email","promo_email","0"
"9695","6073","2026-03-22","push","balance_statement","0"
"9696","6076","2026-04-22","email","service_alert","0"
"9697","6078","2022-08-03","email","promo_email","0"
"9698","6078","2023-02-15","email","promo_email","0"
"9699","6078","2024-10-01","email","balance_statement","0"
"9700","6079","2025-06-22","email","balance_statement","0"
"9701","6080","2021-06-02","email","balance_statement","0"
"9702","6080","2022-06-15","email","balance_statement","0"
"9703","6080","2023-01-20","email","balance_statement","0"
"9704","6080","2024-11-14","email","promo_email","0"
"9705","6080","2026-01-16","email","balance_statement","0"
"9706","6081","2026-03-18","email","promo_email","1"
"9707","6083","2021-08-10","postal","promo_email","0"
"9708","6083","2023-05-03","email","promo_email","0"
"9709","6083","2024-07-28","email","service_alert","0"
"9710","6083","2025-04-09","postal","service_alert","0"
"9711","6085","2021-09-23","postal","promo_email","0"
"9712","6085","2022-10-09","email","service_alert","0"
"9713","6085","2023-01-26","email","service_alert","0"
"9714","6085","2024-07-15","push","promo_email","0"
"9715","6085","2026-03-13","email","balance_statement","0"
"9716","6086","2024-08-18","email","promo_email","0"
"9717","6086","2025-12-23","email","balance_statement","0"
"9718","6086","2026-03-26","email","promo_email","0"
"9719","6087","2026-05-19","push","promo_email","0"
"9720","6088","2020-12-28","email","promo_email","0"
"9721","6088","2021-11-17","email","balance_statement","0"
"9722","6088","2024-05-26","email","balance_statement","0"
"9723","6089","2026-06-23","postal","promo_email","0"
"9724","6090","2023-02-25","postal","balance_statement","0"
"9725","6090","2024-10-16","email","service_alert","0"
"9726","6090","2025-04-09","push","balance_statement","0"
"9727","6091","2025-12-06","email","service_alert","1"
"9728","6092","2024-12-26","postal","balance_statement","0"
"9729","6093","2024-02-16","email","balance_statement","0"
"9730","6095","2023-03-23","email","balance_statement","0"
"9731","6095","2026-01-02","push","promo_email","0"
"9732","6096","2024-10-12","email","balance_statement","0"
"9733","6096","2025-04-16","email","service_alert","0"
"9734","6097","2025-06-12","email","promo_email","0"
"9735","6097","2026-03-16","email","balance_statement","0"
"9736","6098","2021-08-17","postal","balance_statement","1"
"9737","6098","2024-05-22","push","balance_statement","1"
"9738","6098","2025-06-03","email","promo_email","1"
"9739","6099","2025-10-26","postal","promo_email","0"
"9740","6100","2026-04-08","email","promo_email","0"
"9741","6101","2024-12-14","postal","balance_statement","0"
"9742","6101","2025-02-16","email","balance_statement","0"
"9743","6102","2025-04-18","email","balance_statement","0"
"9744","6102","2026-03-28","email","service_alert","0"
"9745","6103","2024-08-13","email","balance_statement","0"
"9746","6103","2026-01-05","postal","promo_email","0"
"9747","6104","2025-10-27","email","service_alert","0"
"9748","6105","2023-01-06","email","balance_statement","0"
"9749","6105","2024-05-06","postal","balance_statement","0"
"9750","6106","2026-05-01","email","balance_statement","0"
"9751","6107","2022-11-02","email","balance_statement","1"
"9752","6107","2025-04-15","postal","balance_statement","0"
"9753","6107","2026-01-01","postal","balance_statement","0"
"9754","6108","2025-08-25","postal","service_alert","0"
"9755","6108","2026-05-03","email","service_alert","0"
"9756","6109","2023-04-14","email","balance_statement","0"
"9757","6109","2024-06-02","email","promo_email","0"
"9758","6110","2024-10-11","push","balance_statement","0"
"9759","6110","2025-05-22","email","promo_email","0"
"9760","6111","2026-06-04","postal","promo_email","0"
"9761","6112","2023-03-09","email","promo_email","1"
"9762","6112","2024-11-13","email","promo_email","1"
"9763","6112","2025-03-24","push","balance_statement","0"
"9764","6114","2022-08-05","postal","balance_statement","0"
"9765","6114","2024-11-23","postal","service_alert","0"
"9766","6114","2026-03-10","email","promo_email","0"
"9767","6115","2025-11-07","postal","balance_statement","0"
"9768","6117","2024-08-22","postal","balance_statement","0"
"9769","6118","2025-10-27","postal","balance_statement","0"
"9770","6119","2021-06-03","email","service_alert","0"
"9771","6119","2022-01-07","email","promo_email","0"
"9772","6119","2025-04-02","email","promo_email","0"
"9773","6121","2021-11-24","push","service_alert","0"
"9774","6121","2022-10-12","email","promo_email","0"
"9775","6121","2023-09-24","push","promo_email","0"
"9776","6121","2025-11-26","email","balance_statement","0"
"9777","6121","2026-04-20","email","promo_email","0"
"9778","6122","2025-11-10","push","service_alert","0"
"9779","6122","2026-03-24","postal","balance_statement","0"
"9780","6124","2026-06-21","email","balance_statement","0"
"9781","6127","2024-05-17","push","promo_email","0"
"9782","6127","2025-01-12","postal","balance_statement","0"
"9783","6127","2026-04-11","push","balance_statement","0"
"9784","6128","2024-09-17","push","balance_statement","0"
"9785","6128","2025-07-09","email","balance_statement","0"
"9786","6129","2026-02-08","email","service_alert","0"
"9787","6131","2025-11-01","postal","balance_statement","0"
"9788","6132","2023-08-03","push","balance_statement","0"
"9789","6132","2025-10-05","push","service_alert","0"
"9790","6133","2024-05-02","push","promo_email","0"
"9791","6133","2026-02-07","email","promo_email","0"
"9792","6134","2022-07-23","postal","promo_email","0"
"9793","6134","2023-01-13","push","promo_email","0"
"9794","6134","2024-08-06","email","service_alert","0"
"9795","6134","2025-07-07","email","service_alert","0"
"9796","6135","2022-11-17","push","balance_statement","0"
"9797","6135","2023-02-11","push","service_alert","0"
"9798","6137","2025-01-06","email","service_alert","0"
"9799","6138","2025-05-16","email","service_alert","0"
"9800","6139","2023-02-05","email","promo_email","0"
"9801","6139","2024-12-18","push","balance_statement","0"
"9802","6140","2024-12-17","email","service_alert","0"
"9803","6140","2025-07-24","email","balance_statement","0"
"9804","6143","2025-12-15","email","service_alert","0"
"9805","6143","2026-06-14","email","balance_statement","0"
"9806","6144","2024-08-01","postal","balance_statement","0"
"9807","6144","2025-09-14","email","balance_statement","0"
"9808","6145","2022-10-02","email","service_alert","0"
"9809","6145","2023-08-16","push","balance_statement","0"
"9810","6146","2024-12-19","email","promo_email","0"
"9811","6147","2026-04-14","email","balance_statement","0"
"9812","6148","2024-04-10","email","service_alert","0"
"9813","6148","2026-01-26","email","balance_statement","0"
"9814","6149","2023-09-05","email","balance_statement","0"
"9815","6149","2024-12-05","email","service_alert","0"
"9816","6150","2025-01-15","push","promo_email","0"
"9817","6151","2022-02-26","postal","balance_statement","0"
"9818","6151","2023-12-22","email","balance_statement","0"
"9819","6151","2024-07-16","email","balance_statement","0"
"9820","6152","2021-06-07","email","balance_statement","0"
"9821","6152","2024-02-04","email","promo_email","0"
"9822","6152","2025-06-23","postal","promo_email","0"
"9823","6152","2026-05-06","push","promo_email","0"
"9824","6154","2023-11-06","email","service_alert","0"
"9825","6154","2025-08-12","postal","promo_email","0"
"9826","6155","2021-12-15","email","promo_email","0"
"9827","6155","2022-06-10","email","promo_email","0"
"9828","6155","2023-04-18","email","balance_statement","0"
"9829","6155","2024-10-28","push","balance_statement","0"
"9830","6155","2026-04-17","push","balance_statement","1"
"9831","6156","2020-11-02","postal","promo_email","0"
"9832","6156","2022-03-03","email","balance_statement","0"
"9833","6156","2024-11-14","email","service_alert","1"
"9834","6158","2025-07-22","push","balance_statement","0"
"9835","6159","2022-06-25","push","service_alert","0"
"9836","6160","2020-01-05","postal","balance_statement","0"
"9837","6160","2021-05-15","email","balance_statement","0"
"9838","6160","2024-03-20","email","service_alert","0"
"9839","6161","2025-12-19","postal","balance_statement","1"
"9840","6163","2025-01-21","push","service_alert","0"
"9841","6163","2026-01-19","postal","service_alert","0"
"9842","6164","2025-06-27","postal","service_alert","0"
"9843","6165","2021-01-16","postal","balance_statement","0"
"9844","6165","2022-11-19","email","promo_email","0"
"9845","6165","2024-12-18","email","balance_statement","1"
"9846","6165","2025-01-22","email","service_alert","0"
"9847","6165","2026-01-04","email","promo_email","0"
"9848","6167","2024-04-09","email","balance_statement","0"
"9849","6167","2025-06-19","email","balance_statement","0"
"9850","6169","2022-04-03","email","promo_email","0"
"9851","6169","2023-04-12","email","balance_statement","0"
"9852","6169","2024-01-16","email","promo_email","0"
"9853","6169","2025-07-21","postal","service_alert","0"
"9854","6170","2024-12-01","email","balance_statement","0"
"9855","6170","2025-06-28","push","balance_statement","1"
"9856","6170","2026-05-25","email","balance_statement","1"
"9857","6171","2022-07-24","postal","balance_statement","0"
"9858","6171","2026-01-12","email","balance_statement","0"
"9859","6173","2021-07-28","push","promo_email","0"
"9860","6173","2022-04-10","email","promo_email","0"
"9861","6173","2023-04-15","email","promo_email","0"
"9862","6173","2024-11-17","push","promo_email","0"
"9863","6173","2026-03-11","email","promo_email","0"
"9864","6174","2025-09-08","email","promo_email","0"
"9865","6174","2026-05-08","email","balance_statement","1"
"9866","6175","2023-01-16","email","service_alert","0"
"9867","6175","2024-10-24","email","service_alert","0"
"9868","6175","2025-08-02","push","balance_statement","0"
"9869","6177","2026-01-18","email","service_alert","0"
"9870","6178","2023-10-12","email","promo_email","0"
"9871","6178","2024-04-08","postal","promo_email","0"
"9872","6178","2026-06-15","email","balance_statement","0"
"9873","6181","2026-06-01","postal","promo_email","0"
"9874","6182","2022-11-27","push","promo_email","0"
"9875","6182","2023-06-22","postal","balance_statement","0"
"9876","6182","2024-12-23","email","service_alert","0"
"9877","6182","2025-06-26","email","service_alert","1"
"9878","6184","2025-03-22","postal","promo_email","0"
"9879","6185","2024-08-26","push","balance_statement","0"
"9880","6185","2025-01-11","push","balance_statement","0"
"9881","6186","2022-09-05","email","balance_statement","0"
"9882","6186","2023-01-01","email","promo_email","0"
"9883","6186","2024-09-02","email","balance_statement","0"
"9884","6186","2025-06-04","email","balance_statement","0"
"9885","6187","2023-05-18","email","promo_email","0"
"9886","6187","2025-09-12","email","balance_statement","0"
"9887","6188","2026-06-10","email","promo_email","0"
"9888","6190","2022-01-23","email","promo_email","0"
"9889","6190","2024-10-06","postal","balance_statement","1"
"9890","6190","2025-07-07","email","promo_email","0"
"9891","6190","2026-05-27","email","balance_statement","0"
"9892","6191","2021-04-07","email","balance_statement","0"
"9893","6191","2023-06-22","email","promo_email","0"
"9894","6191","2026-05-04","push","promo_email","0"
"9895","6192","2026-05-15","push","promo_email","0"
"9896","6193","2026-01-05","email","promo_email","0"
"9897","6194","2025-02-08","push","balance_statement","0"
"9898","6194","2026-02-14","push","balance_statement","0"
"9899","6195","2026-01-28","push","service_alert","0"
"9900","6196","2024-10-15","email","promo_email","1"
"9901","6197","2021-12-25","email","balance_statement","0"
"9902","6197","2023-11-09","email","promo_email","0"
"9903","6197","2024-04-24","postal","balance_statement","0"
"9904","6198","2023-12-21","email","balance_statement","0"
"9905","6198","2024-03-13","email","service_alert","0"
"9906","6198","2025-11-02","email","promo_email","0"
"9907","6199","2022-12-16","email","balance_statement","0"
"9908","6200","2025-07-07","push","balance_statement","0"
"9909","6200","2026-03-08","push","balance_statement","1"
"9910","6202","2025-11-08","email","promo_email","0"
"9911","6203","2023-09-08","postal","promo_email","0"
"9912","6203","2024-07-16","email","balance_statement","0"
"9913","6203","2026-06-17","email","promo_email","1"
"9914","6204","2023-11-13","postal","balance_statement","0"
"9915","6205","2020-11-02","postal","promo_email","0"
"9916","6205","2024-04-26","email","balance_statement","0"
"9917","6208","2026-03-15","email","promo_email","0"
"9918","6209","2024-07-14","email","balance_statement","0"
"9919","6210","2025-10-05","push","balance_statement","0"
"9920","6211","2022-03-28","email","balance_statement","0"
"9921","6211","2023-12-22","push","balance_statement","0"
"9922","6211","2024-04-06","email","promo_email","0"
"9923","6211","2025-03-09","email","balance_statement","0"
"9924","6213","2023-08-10","email","promo_email","0"
"9925","6213","2025-12-22","postal","balance_statement","0"
"9926","6214","2026-06-21","email","promo_email","0"
"9927","6216","2024-06-27","push","balance_statement","0"
"9928","6217","2020-04-03","email","service_alert","0"
"9929","6217","2021-06-23","email","balance_statement","0"
"9930","6217","2022-03-18","email","balance_statement","0"
"9931","6217","2024-12-04","postal","promo_email","0"
"9932","6217","2025-08-25","postal","promo_email","0"
"9933","6219","2021-07-23","email","promo_email","0"
"9934","6219","2022-01-01","email","promo_email","0"
"9935","6219","2024-08-01","email","balance_statement","0"
"9936","6219","2025-04-16","email","promo_email","0"
"9937","6221","2025-04-10","postal","promo_email","0"
"9938","6223","2025-07-08","email","service_alert","0"
"9939","6224","2026-06-13","postal","balance_statement","0"
"9940","6225","2025-10-15","email","promo_email","0"
"9941","6226","2025-10-05","email","balance_statement","0"
"9942","6227","2024-07-05","email","promo_email","0"
"9943","6227","2025-01-22","postal","balance_statement","0"
"9944","6228","2025-04-22","push","promo_email","0"
"9945","6229","2025-09-24","email","promo_email","0"
"9946","6229","2026-05-19","postal","promo_email","0"
"9947","6230","2020-12-01","email","promo_email","0"
"9948","6230","2021-10-09","postal","balance_statement","0"
"9949","6230","2022-01-15","postal","service_alert","0"
"9950","6230","2025-01-06","email","balance_statement","1"
"9951","6231","2024-12-01","push","balance_statement","0"
"9952","6231","2025-12-05","push","promo_email","0"
"9953","6233","2024-04-15","email","balance_statement","0"
"9954","6233","2025-12-23","email","service_alert","0"
"9955","6233","2026-05-25","push","promo_email","0"
"9956","6235","2021-08-06","email","promo_email","0"
"9957","6235","2022-12-19","postal","balance_statement","0"
"9958","6237","2025-07-10","postal","balance_statement","0"
"9959","6239","2022-09-12","email","balance_statement","1"
"9960","6239","2024-10-10","email","balance_statement","0"
"9961","6239","2025-07-16","email","service_alert","0"
"9962","6240","2023-10-01","email","balance_statement","0"
"9963","6240","2026-05-12","push","promo_email","1"
"9964","6241","2020-01-17","email","promo_email","0"
"9965","6241","2021-10-16","email","promo_email","0"
"9966","6241","2022-05-27","email","service_alert","0"
"9967","6241","2023-08-27","postal","service_alert","0"
"9968","6241","2024-12-11","push","promo_email","0"
"9969","6243","2021-08-06","email","balance_statement","0"
"9970","6243","2022-01-19","push","balance_statement","0"
"9971","6243","2026-04-11","postal","balance_statement","0"
"9972","6245","2022-10-07","email","balance_statement","0"
"9973","6245","2023-12-25","email","balance_statement","0"
"9974","6245","2024-10-21","email","balance_statement","0"
"9975","6246","2025-08-07","email","service_alert","0"
"9976","6247","2026-02-10","email","promo_email","1"
"9977","6252","2022-10-18","email","promo_email","0"
"9978","6252","2023-11-18","email","balance_statement","0"
"9979","6252","2024-01-03","email","service_alert","0"
"9980","6252","2025-09-25","email","promo_email","0"
"9981","6252","2026-02-17","postal","balance_statement","0"
"9982","6254","2026-06-03","email","service_alert","0"
"9983","6255","2022-11-24","postal","promo_email","0"
"9984","6255","2024-10-13","email","balance_statement","1"
"9985","6259","2024-06-16","push","balance_statement","1"
"9986","6259","2025-03-26","postal","promo_email","0"
"9987","6260","2024-03-27","push","promo_email","0"
"9988","6260","2025-12-05","push","promo_email","0"
"9989","6261","2022-08-09","email","balance_statement","0"
"9990","6262","2025-09-11","push","promo_email","0"
"9991","6263","2024-01-21","push","balance_statement","0"
"9992","6263","2025-12-24","postal","promo_email","0"
"9993","6264","2022-07-07","email","balance_statement","0"
"9994","6264","2023-07-13","email","promo_email","0"
"9995","6264","2025-06-08","email","service_alert","0"
"9996","6264","2026-01-04","push","promo_email","0"
"9997","6266","2023-09-20","email","promo_email","0"
"9998","6266","2024-09-06","email","balance_statement","0"
"9999","6266","2025-09-23","email","promo_email","0"
"10000","6267","2024-12-21","email","promo_email","0"
"10001","6267","2025-07-21","email","balance_statement","0"
"10002","6268","2023-03-18","postal","balance_statement","0"
"10003","6268","2024-09-16","email","balance_statement","0"
"10004","6268","2026-03-06","postal","promo_email","0"
"10005","6270","2025-12-05","email","promo_email","0"
"10006","6270","2026-01-27","postal","service_alert","0"
"10007","6271","2022-11-11","email","promo_email","0"
"10008","6271","2023-11-28","email","balance_statement","1"
"10009","6271","2024-08-07","postal","balance_statement","0"
"10010","6271","2026-04-03","email","service_alert","0"
"10011","6272","2023-09-17","email","promo_email","1"
"10012","6272","2024-10-04","email","balance_statement","0"
"10013","6272","2025-08-22","postal","balance_statement","0"
"10014","6273","2021-10-14","email","balance_statement","0"
"10015","6273","2022-11-01","postal","service_alert","0"
"10016","6273","2026-05-03","push","promo_email","0"
"10017","6274","2022-06-26","email","balance_statement","0"
"10018","6274","2024-06-07","postal","balance_statement","1"
"10019","6275","2023-03-07","postal","balance_statement","0"
"10020","6275","2026-03-24","email","promo_email","0"
"10021","6277","2025-10-26","postal","promo_email","0"
"10022","6278","2026-03-02","email","balance_statement","0"
"10023","6279","2024-03-16","email","balance_statement","1"
"10024","6279","2025-05-15","email","promo_email","1"
"10025","6280","2024-07-27","postal","promo_email","0"
"10026","6280","2025-11-27","email","balance_statement","0"
"10027","6281","2025-10-05","email","promo_email","0"
"10028","6281","2026-04-06","email","balance_statement","0"
"10029","6285","2023-09-25","email","balance_statement","0"
"10030","6285","2024-12-15","push","balance_statement","0"
"10031","6285","2025-09-11","email","balance_statement","0"
"10032","6286","2025-08-22","email","balance_statement","0"
"10033","6286","2026-03-05","email","balance_statement","0"
"10034","6290","2025-11-12","email","promo_email","0"
"10035","6291","2025-01-22","email","service_alert","0"
"10036","6292","2026-04-26","push","promo_email","1"
"10037","6293","2022-12-04","postal","balance_statement","0"
"10038","6294","2021-06-28","push","balance_statement","0"
"10039","6294","2023-10-13","email","balance_statement","0"
"10040","6294","2024-02-05","push","promo_email","0"
"10041","6294","2026-02-10","email","service_alert","0"
"10042","6295","2023-12-26","postal","promo_email","0"
"10043","6295","2024-09-20","email","service_alert","0"
"10044","6295","2025-07-15","email","balance_statement","1"
"10045","6295","2026-03-21","email","balance_statement","0"
"10046","6296","2023-10-22","email","promo_email","0"
"10047","6296","2026-06-15","email","balance_statement","0"
"10048","6297","2023-05-17","postal","promo_email","0"
"10049","6297","2024-12-04","email","balance_statement","0"
"10050","6297","2025-09-17","email","balance_statement","0"
"10051","6297","2026-01-08","push","balance_statement","0"
"10052","6301","2023-02-15","email","balance_statement","0"
"10053","6301","2024-01-09","email","balance_statement","0"
"10054","6302","2022-06-23","email","service_alert","0"
"10055","6302","2023-03-07","email","promo_email","0"
"10056","6302","2025-11-27","push","promo_email","0"
"10057","6302","2026-03-02","postal","promo_email","0"
"10058","6303","2023-11-14","email","service_alert","0"
"10059","6303","2025-04-21","email","promo_email","0"
"10060","6303","2026-03-10","email","balance_statement","0"
"10061","6305","2023-05-23","email","promo_email","0"
"10062","6306","2022-07-25","push","balance_statement","0"
"10063","6306","2024-09-19","email","promo_email","0"
"10064","6307","2023-08-08","email","balance_statement","0"
"10065","6308","2024-09-12","email","promo_email","0"
"10066","6311","2025-10-10","push","service_alert","0"
"10067","6311","2026-01-26","push","balance_statement","0"
"10068","6312","2025-02-01","email","promo_email","0"
"10069","6313","2025-05-21","email","balance_statement","0"
"10070","6314","2024-09-23","postal","service_alert","0"
"10071","6314","2025-11-27","email","promo_email","0"
"10072","6315","2026-04-14","email","promo_email","0"
"10073","6316","2024-06-22","postal","service_alert","0"
"10074","6316","2025-03-25","email","balance_statement","0"
"10075","6317","2020-07-05","email","promo_email","0"
"10076","6317","2021-01-03","email","balance_statement","0"
"10077","6317","2022-04-27","email","balance_statement","0"
"10078","6317","2024-05-07","postal","promo_email","0"
"10079","6317","2026-05-13","postal","promo_email","0"
"10080","6318","2023-10-01","email","service_alert","0"
"10081","6318","2024-06-20","email","promo_email","0"
"10082","6318","2025-04-13","push","service_alert","0"
"10083","6321","2020-08-19","postal","service_alert","0"
"10084","6321","2021-05-23","email","service_alert","0"
"10085","6321","2023-12-27","email","promo_email","0"
"10086","6321","2024-07-06","postal","promo_email","0"
"10087","6321","2025-04-21","push","promo_email","0"
"10088","6322","2022-12-20","email","balance_statement","1"
"10089","6322","2023-11-10","push","promo_email","1"
"10090","6323","2024-02-17","email","promo_email","1"
"10091","6323","2026-06-22","email","service_alert","0"
"10092","6324","2025-11-25","email","balance_statement","0"
"10093","6324","2026-02-21","email","promo_email","0"
"10094","6327","2025-09-22","postal","balance_statement","0"
"10095","6328","2024-02-16","push","promo_email","0"
"10096","6329","2026-02-27","email","balance_statement","0"
"10097","6331","2026-05-14","email","balance_statement","0"
"10098","6332","2025-12-19","push","balance_statement","1"
"10099","6334","2025-10-05","push","balance_statement","0"
"10100","6334","2026-05-07","email","service_alert","0"
"10101","6335","2020-02-23","email","balance_statement","0"
"10102","6335","2021-06-25","postal","promo_email","0"
"10103","6335","2023-09-27","postal","promo_email","0"
"10104","6335","2026-03-22","push","promo_email","0"
"10105","6339","2024-07-12","email","promo_email","0"
"10106","6339","2025-01-25","email","promo_email","1"
"10107","6340","2022-10-01","email","promo_email","0"
"10108","6340","2023-12-20","email","promo_email","1"
"10109","6340","2025-07-11","postal","promo_email","0"
"10110","6344","2022-04-27","email","service_alert","0"
"10111","6344","2023-11-27","email","promo_email","0"
"10112","6344","2024-08-05","push","balance_statement","0"
"10113","6345","2025-08-11","email","promo_email","0"
"10114","6345","2026-01-12","email","balance_statement","0"
"10115","6346","2025-07-02","email","service_alert","0"
"10116","6346","2026-02-22","push","promo_email","1"
"10117","6347","2025-07-03","email","balance_statement","0"
"10118","6349","2026-04-08","postal","promo_email","0"
"10119","6350","2020-12-22","push","promo_email","0"
"10120","6350","2021-10-27","postal","promo_email","0"
"10121","6350","2022-05-20","push","promo_email","0"
"10122","6350","2023-06-25","email","promo_email","0"
"10123","6350","2025-12-15","email","balance_statement","0"
"10124","6350","2026-03-03","email","balance_statement","0"
"10125","6353","2026-04-26","email","balance_statement","0"
"10126","6356","2021-02-13","email","service_alert","0"
"10127","6356","2023-07-07","push","balance_statement","0"
"10128","6356","2024-09-19","push","balance_statement","0"
"10129","6357","2020-09-08","email","balance_statement","0"
"10130","6357","2021-10-10","postal","balance_statement","0"
"10131","6357","2022-01-15","postal","promo_email","0"
"10132","6357","2024-06-05","push","balance_statement","0"
"10133","6357","2025-01-08","push","balance_statement","0"
"10134","6358","2022-04-06","postal","promo_email","0"
"10135","6358","2024-02-24","email","balance_statement","0"
"10136","6358","2025-03-12","postal","balance_statement","0"
"10137","6359","2023-06-22","push","promo_email","0"
"10138","6359","2024-03-28","email","promo_email","1"
"10139","6359","2025-02-05","email","balance_statement","0"
"10140","6360","2026-05-23","email","promo_email","0"
"10141","6361","2025-03-01","email","service_alert","0"
"10142","6363","2022-01-08","email","service_alert","0"
"10143","6363","2023-05-25","email","promo_email","0"
"10144","6363","2024-02-26","email","promo_email","0"
"10145","6363","2025-07-25","email","service_alert","0"
"10146","6364","2020-03-04","email","balance_statement","0"
"10147","6364","2021-04-01","email","service_alert","0"
"10148","6364","2023-05-23","email","service_alert","0"
"10149","6365","2026-06-05","postal","promo_email","0"
"10150","6366","2023-11-10","email","balance_statement","0"
"10151","6366","2024-06-17","email","balance_statement","0"
"10152","6367","2026-04-25","email","balance_statement","0"
"10153","6368","2023-09-05","email","balance_statement","0"
"10154","6369","2024-07-01","postal","promo_email","0"
"10155","6369","2025-09-06","email","balance_statement","0"
"10156","6369","2026-03-05","email","balance_statement","0"
"10157","6370","2026-05-27","push","service_alert","1"
"10158","6371","2020-12-14","push","balance_statement","0"
"10159","6371","2021-03-16","postal","promo_email","0"
"10160","6371","2022-06-11","email","service_alert","0"
"10161","6371","2023-06-26","push","balance_statement","0"
"10162","6371","2025-06-08","postal","promo_email","0"
"10163","6371","2026-06-14","email","balance_statement","0"
"10164","6373","2021-08-05","postal","promo_email","0"
"10165","6373","2022-12-24","postal","balance_statement","0"
"10166","6373","2024-05-10","email","balance_statement","0"
"10167","6373","2025-02-19","email","balance_statement","0"
"10168","6374","2025-07-26","email","balance_statement","0"
"10169","6376","2023-12-27","email","service_alert","0"
"10170","6376","2024-01-26","postal","promo_email","0"
"10171","6378","2020-01-24","email","promo_email","0"
"10172","6378","2021-01-22","email","service_alert","0"
"10173","6378","2022-08-21","push","promo_email","0"
"10174","6378","2024-01-12","postal","balance_statement","0"
"10175","6378","2025-04-05","postal","balance_statement","0"
"10176","6379","2021-11-10","postal","promo_email","0"
"10177","6379","2024-03-14","postal","balance_statement","0"
"10178","6379","2025-02-04","email","promo_email","0"
"10179","6380","2024-08-16","email","balance_statement","0"
"10180","6380","2026-01-27","email","balance_statement","0"
"10181","6381","2024-12-25","postal","promo_email","0"
"10182","6385","2023-02-18","push","promo_email","0"
"10183","6385","2024-10-15","email","service_alert","0"
"10184","6387","2023-02-07","email","promo_email","0"
"10185","6387","2026-04-10","postal","balance_statement","0"
"10186","6388","2026-05-26","push","balance_statement","0"
"10187","6390","2022-07-25","email","promo_email","0"
"10188","6390","2023-07-07","email","balance_statement","0"
"10189","6390","2024-06-03","email","promo_email","0"
"10190","6391","2021-10-23","email","promo_email","0"
"10191","6391","2024-06-09","email","balance_statement","0"
"10192","6392","2024-09-02","email","balance_statement","0"
"10193","6392","2025-10-26","postal","promo_email","0"
"10194","6393","2025-03-26","push","promo_email","0"
"10195","6393","2026-06-04","postal","promo_email","0"
"10196","6395","2022-03-27","email","promo_email","0"
"10197","6395","2025-05-19","email","balance_statement","0"
"10198","6397","2026-03-06","email","promo_email","0"
"10199","6398","2025-10-17","postal","promo_email","0"
"10200","6400","2022-11-02","postal","promo_email","0"
"10201","6400","2023-01-15","email","balance_statement","0"
"10202","6401","2026-05-10","email","promo_email","0"
"10203","6402","2024-10-13","email","balance_statement","0"
"10204","6402","2026-02-02","email","service_alert","0"
"10205","6403","2023-03-27","push","balance_statement","0"
"10206","6403","2025-08-06","postal","balance_statement","0"
"10207","6403","2026-04-05","postal","promo_email","0"
"10208","6405","2021-10-19","email","service_alert","0"
"10209","6405","2022-12-25","push","promo_email","0"
"10210","6405","2025-09-02","postal","service_alert","0"
"10211","6406","2024-02-19","email","balance_statement","1"
"10212","6406","2025-03-17","email","promo_email","0"
"10213","6407","2022-01-16","postal","service_alert","0"
"10214","6407","2024-06-06","email","balance_statement","0"
"10215","6407","2026-04-28","postal","balance_statement","0"
"10216","6408","2025-03-27","postal","balance_statement","0"
"10217","6410","2021-05-25","push","promo_email","0"
"10218","6410","2022-06-07","email","service_alert","0"
"10219","6410","2023-09-19","postal","balance_statement","0"
"10220","6410","2025-08-02","email","balance_statement","1"
"10221","6411","2025-04-07","push","service_alert","0"
"10222","6414","2025-11-04","email","balance_statement","0"
"10223","6415","2023-12-26","push","balance_statement","0"
"10224","6415","2024-08-13","email","service_alert","1"
"10225","6416","2019-07-22","email","promo_email","0"
"10226","6416","2020-02-16","push","promo_email","0"
"10227","6416","2021-08-13","email","balance_statement","0"
"10228","6416","2026-01-13","email","promo_email","0"
"10229","6418","2026-02-21","postal","service_alert","0"
"10230","6419","2025-10-01","postal","service_alert","0"
"10231","6420","2022-01-14","email","promo_email","0"
"10232","6420","2024-09-03","email","balance_statement","0"
"10233","6420","2025-06-02","email","balance_statement","0"
"10234","6421","2022-02-08","email","promo_email","0"
"10235","6421","2023-08-22","push","promo_email","0"
"10236","6423","2024-05-26","postal","balance_statement","0"
"10237","6423","2025-05-03","email","service_alert","0"
"10238","6424","2022-01-04","email","balance_statement","0"
"10239","6424","2023-10-09","email","balance_statement","0"
"10240","6424","2024-05-05","push","promo_email","1"
"10241","6424","2025-06-17","postal","promo_email","0"
"10242","6425","2026-02-14","email","promo_email","0"
"10243","6426","2025-03-15","push","promo_email","0"
"10244","6427","2025-07-24","email","promo_email","0"
"10245","6428","2025-10-17","email","balance_statement","0"
"10246","6429","2024-10-07","postal","balance_statement","1"
"10247","6430","2024-08-15","push","promo_email","0"
"10248","6431","2025-10-01","email","promo_email","0"
"10249","6432","2026-03-18","email","service_alert","0"
"10250","6433","2022-12-04","email","balance_statement","0"
"10251","6433","2023-05-03","push","service_alert","0"
"10252","6433","2026-03-25","email","balance_statement","0"
"10253","6434","2020-09-05","email","balance_statement","1"
"10254","6434","2022-10-02","push","promo_email","1"
"10255","6434","2024-08-14","push","balance_statement","1"
"10256","6435","2023-03-07","postal","promo_email","0"
"10257","6435","2024-09-18","email","balance_statement","0"
"10258","6436","2023-01-02","postal","balance_statement","0"
"10259","6436","2024-09-04","email","service_alert","0"
"10260","6436","2025-06-24","push","promo_email","0"
"10261","6437","2025-11-03","postal","service_alert","0"
"10262","6437","2026-01-05","postal","promo_email","0"
"10263","6438","2021-09-06","postal","balance_statement","0"
"10264","6438","2023-06-21","push","balance_statement","0"
"10265","6438","2025-06-24","email","promo_email","0"
"10266","6439","2025-12-05","postal","promo_email","0"
"10267","6439","2026-05-28","email","balance_statement","1"
"10268","6440","2023-08-02","push","service_alert","0"
"10269","6440","2024-05-21","push","promo_email","0"
"10270","6440","2026-05-19","email","promo_email","0"
"10271","6441","2022-08-01","postal","promo_email","0"
"10272","6441","2025-05-13","email","balance_statement","0"
"10273","6442","2025-12-06","email","promo_email","1"
"10274","6443","2025-11-27","email","balance_statement","1"
"10275","6443","2026-03-13","postal","promo_email","0"
"10276","6446","2025-11-21","postal","service_alert","0"
"10277","6447","2021-08-25","email","balance_statement","0"
"10278","6447","2022-07-09","postal","service_alert","0"
"10279","6447","2024-12-17","push","promo_email","0"
"10280","6450","2023-07-14","email","promo_email","0"
"10281","6450","2024-12-15","email","balance_statement","0"
"10282","6450","2025-02-08","email","service_alert","0"
"10283","6451","2023-05-17","email","promo_email","0"
"10284","6451","2024-07-07","email","promo_email","0"
"10285","6452","2025-12-10","postal","balance_statement","0"
"10286","6453","2020-02-27","postal","balance_statement","0"
"10287","6453","2021-06-02","email","promo_email","0"
"10288","6453","2022-09-07","email","promo_email","0"
"10289","6453","2025-04-18","push","service_alert","0"
"10290","6453","2026-04-23","email","promo_email","0"
"10291","6456","2023-05-12","postal","promo_email","0"
"10292","6456","2025-06-25","email","balance_statement","0"
"10293","6457","2024-06-13","email","promo_email","0"
"10294","6458","2025-06-24","postal","balance_statement","0"
"10295","6460","2020-09-06","email","promo_email","0"
"10296","6460","2021-07-01","email","promo_email","1"
"10297","6460","2022-03-09","email","balance_statement","0"
"10298","6460","2023-04-28","email","balance_statement","0"
"10299","6460","2025-04-15","email","balance_statement","0"
"10300","6461","2020-10-17","email","balance_statement","0"
"10301","6461","2021-02-07","email","balance_statement","0"
"10302","6461","2023-06-24","email","promo_email","0"
"10303","6461","2024-02-16","email","balance_statement","0"
"10304","6461","2025-06-11","postal","balance_statement","0"
"10305","6463","2025-05-04","email","balance_statement","0"
"10306","6464","2019-10-06","postal","promo_email","0"
"10307","6464","2022-05-01","email","balance_statement","0"
"10308","6464","2024-09-19","push","balance_statement","0"
"10309","6464","2025-01-13","email","promo_email","0"
"10310","6465","2025-11-02","email","balance_statement","0"
"10311","6465","2026-05-21","email","promo_email","0"
"10312","6466","2023-11-16","push","service_alert","0"
"10313","6466","2024-10-16","push","balance_statement","0"
"10314","6466","2025-08-25","email","promo_email","0"
"10315","6467","2020-08-27","email","promo_email","0"
"10316","6467","2022-11-18","postal","service_alert","0"
"10317","6467","2023-01-21","email","promo_email","0"
"10318","6467","2025-11-03","email","balance_statement","0"
"10319","6468","2021-06-07","email","balance_statement","0"
"10320","6468","2022-02-01","postal","promo_email","0"
"10321","6468","2025-07-09","email","promo_email","0"
"10322","6468","2026-06-17","push","balance_statement","0"
"10323","6469","2024-07-13","email","balance_statement","0"
"10324","6469","2025-09-21","push","promo_email","0"
"10325","6470","2023-03-01","postal","service_alert","0"
"10326","6470","2024-05-04","postal","balance_statement","0"
"10327","6470","2026-05-16","email","promo_email","0"
"10328","6471","2022-09-21","email","balance_statement","0"
"10329","6471","2023-11-28","email","service_alert","0"
"10330","6471","2024-10-07","postal","balance_statement","0"
"10331","6472","2025-07-13","push","promo_email","0"
"10332","6474","2024-05-22","email","promo_email","0"
"10333","6474","2026-04-14","email","promo_email","1"
"10334","6478","2026-04-21","email","service_alert","0"
"10335","6479","2020-09-15","email","promo_email","0"
"10336","6479","2023-12-16","email","promo_email","0"
"10337","6479","2025-02-24","postal","balance_statement","0"
"10338","6482","2020-05-05","push","balance_statement","0"
"10339","6482","2022-04-20","push","balance_statement","0"
"10340","6482","2024-08-12","email","balance_statement","0"
"10341","6483","2025-11-20","push","service_alert","0"
"10342","6485","2025-10-03","email","balance_statement","0"
"10343","6486","2023-06-23","email","promo_email","0"
"10344","6486","2024-10-16","postal","promo_email","0"
"10345","6486","2026-02-20","push","promo_email","0"
"10346","6488","2022-06-08","email","service_alert","0"
"10347","6488","2023-08-09","email","promo_email","0"
"10348","6488","2026-06-17","email","balance_statement","1"
"10349","6489","2023-10-05","email","balance_statement","0"
"10350","6490","2021-11-05","email","balance_statement","0"
"10351","6490","2023-01-11","email","promo_email","0"
"10352","6490","2024-02-16","postal","balance_statement","0"
"10353","6490","2025-01-26","postal","promo_email","0"
"10354","6490","2026-03-10","postal","promo_email","0"
"10355","6492","2022-02-21","email","service_alert","0"
"10356","6493","2022-05-02","push","balance_statement","0"
"10357","6493","2024-03-05","email","balance_statement","0"
"10358","6493","2025-06-28","email","balance_statement","0"
"10359","6494","2026-01-24","email","balance_statement","0"
"10360","6495","2022-11-03","postal","balance_statement","0"
"10361","6495","2023-12-25","postal","balance_statement","0"
"10362","6495","2025-09-23","email","balance_statement","0"
"10363","6497","2026-03-10","push","promo_email","0"
"10364","6498","2020-07-25","email","balance_statement","0"
"10365","6498","2021-06-19","email","promo_email","0"
"10366","6498","2024-04-13","push","balance_statement","0"
"10367","6498","2025-08-20","push","balance_statement","0"
"10368","6498","2026-01-16","postal","promo_email","0"
"10369","6499","2025-07-08","push","promo_email","0"
"10370","6500","2024-08-15","push","balance_statement","0"
"10371","6501","2021-06-19","email","balance_statement","1"
"10372","6501","2022-11-18","postal","promo_email","0"
"10373","6501","2023-06-16","email","promo_email","0"
"10374","6501","2026-05-01","push","balance_statement","0"
"10375","6502","2021-03-18","push","balance_statement","0"
"10376","6502","2023-10-16","email","service_alert","0"
"10377","6502","2025-10-02","email","promo_email","0"
"10378","6505","2024-03-06","email","balance_statement","1"
"10379","6505","2025-03-23","email","balance_statement","1"
"10380","6505","2026-01-09","email","service_alert","0"
"10381","6506","2025-03-14","postal","promo_email","0"
"10382","6507","2025-10-03","postal","promo_email","0"
"10383","6508","2024-09-16","email","service_alert","0"
"10384","6509","2026-04-09","email","balance_statement","1"
"10385","6511","2022-02-15","postal","promo_email","0"
"10386","6511","2023-11-05","email","balance_statement","0"
"10387","6511","2026-02-25","push","balance_statement","0"
"10388","6512","2023-06-19","email","promo_email","0"
"10389","6512","2025-05-02","email","balance_statement","0"
"10390","6513","2024-11-01","email","promo_email","0"
"10391","6514","2023-05-17","email","promo_email","0"
"10392","6514","2024-07-07","push","promo_email","0"
"10393","6514","2025-02-25","email","promo_email","0"
"10394","6514","2026-01-23","email","promo_email","0"
"10395","6515","2021-11-19","email","service_alert","0"
"10396","6515","2023-06-19","push","balance_statement","0"
"10397","6515","2025-03-13","email","promo_email","0"
"10398","6516","2024-09-18","postal","balance_statement","0"
"10399","6517","2024-06-19","postal","promo_email","0"
"10400","6519","2023-12-18","email","service_alert","0"
"10401","6519","2024-08-06","email","balance_statement","0"
"10402","6519","2025-11-12","email","balance_statement","0"
"10403","6520","2022-08-15","email","promo_email","0"
"10404","6520","2023-05-11","email","promo_email","0"
"10405","6520","2024-04-01","email","balance_statement","0"
"10406","6520","2026-03-04","push","promo_email","0"
"10407","6521","2024-06-23","email","balance_statement","0"
"10408","6521","2025-11-24","email","balance_statement","0"
"10409","6521","2026-06-23","email","promo_email","0"
"10410","6522","2025-02-08","postal","service_alert","0"
"10411","6525","2024-07-18","email","service_alert","0"
"10412","6525","2026-05-17","email","balance_statement","0"
"10413","6527","2023-07-20","email","balance_statement","0"
"10414","6528","2023-12-25","push","promo_email","1"
"10415","6529","2025-04-14","push","service_alert","0"
"10416","6530","2021-02-10","email","balance_statement","0"
"10417","6530","2022-11-22","email","promo_email","0"
"10418","6530","2025-11-01","email","balance_statement","0"
"10419","6531","2024-07-03","email","promo_email","0"
"10420","6531","2025-04-04","postal","balance_statement","0"
"10421","6532","2023-11-09","email","balance_statement","0"
"10422","6532","2025-04-10","email","balance_statement","0"
"10423","6533","2023-08-17","email","promo_email","0"
"10424","6534","2024-03-03","email","service_alert","0"
"10425","6534","2025-07-12","push","balance_statement","0"
"10426","6535","2021-01-16","push","balance_statement","0"
"10427","6535","2024-11-17","push","service_alert","0"
"10428","6535","2025-11-23","push","promo_email","0"
"10429","6536","2023-08-26","postal","promo_email","0"
"10430","6540","2026-06-18","email","promo_email","1"
"10431","6542","2025-11-06","email","balance_statement","0"
"10432","6543","2024-10-26","email","balance_statement","0"
"10433","6543","2025-11-08","push","balance_statement","0"
"10434","6543","2026-03-14","email","balance_statement","0"
"10435","6545","2026-02-19","email","balance_statement","0"
"10436","6546","2024-06-08","push","promo_email","0"
"10437","6547","2022-07-08","push","promo_email","1"
"10438","6547","2023-11-04","push","balance_statement","1"
"10439","6547","2024-03-23","email","service_alert","1"
"10440","6548","2024-02-10","push","service_alert","0"
"10441","6550","2024-07-11","push","promo_email","0"
"10442","6550","2025-10-09","email","promo_email","0"
"10443","6552","2021-01-24","email","balance_statement","0"
"10444","6552","2024-11-28","postal","promo_email","0"
"10445","6552","2026-02-20","email","promo_email","0"
"10446","6553","2025-06-09","postal","promo_email","0"
"10447","6554","2025-06-04","email","promo_email","0"
"10448","6554","2026-04-23","email","promo_email","0"
"10449","6556","2025-12-01","email","promo_email","0"
"10450","6556","2026-03-05","push","promo_email","0"
"10451","6557","2023-01-25","email","balance_statement","0"
"10452","6557","2024-10-17","email","balance_statement","0"
"10453","6557","2025-08-26","email","service_alert","0"
"10454","6558","2024-08-10","postal","promo_email","0"
"10455","6558","2025-01-07","email","service_alert","0"
"10456","6559","2025-09-14","push","balance_statement","0"
"10457","6561","2025-10-15","email","service_alert","0"
"10458","6562","2022-10-21","email","balance_statement","0"
"10459","6562","2023-08-23","push","balance_statement","0"
"10460","6562","2024-05-23","email","promo_email","0"
"10461","6563","2022-06-16","email","balance_statement","0"
"10462","6563","2024-11-22","push","promo_email","0"
"10463","6565","2023-01-27","email","balance_statement","0"
"10464","6565","2024-11-06","email","promo_email","0"
"10465","6566","2023-05-19","email","balance_statement","0"
"10466","6566","2025-10-07","email","service_alert","0"
"10467","6567","2026-01-28","postal","promo_email","0"
"10468","6568","2025-11-11","email","promo_email","0"
"10469","6573","2020-05-09","email","promo_email","0"
"10470","6573","2022-10-02","push","service_alert","0"
"10471","6573","2025-02-09","email","balance_statement","0"
"10472","6573","2026-04-03","email","promo_email","0"
"10473","6575","2020-08-06","postal","promo_email","1"
"10474","6575","2025-11-10","push","promo_email","1"
"10475","6576","2021-06-09","push","service_alert","0"
"10476","6576","2022-07-06","postal","balance_statement","0"
"10477","6576","2023-05-17","postal","service_alert","0"
"10478","6576","2025-05-07","postal","balance_statement","0"
"10479","6576","2026-01-20","email","promo_email","0"
"10480","6580","2025-10-27","email","service_alert","0"
"10481","6582","2023-03-16","postal","balance_statement","0"
"10482","6582","2025-12-10","postal","promo_email","0"
"10483","6583","2023-11-10","email","balance_statement","0"
"10484","6583","2024-05-24","email","balance_statement","0"
"10485","6585","2026-05-07","email","balance_statement","0"
"10486","6586","2026-01-13","email","promo_email","0"
"10487","6587","2021-09-23","push","balance_statement","0"
"10488","6587","2023-06-09","email","promo_email","0"
"10489","6587","2024-05-06","email","balance_statement","0"
"10490","6587","2025-09-15","email","promo_email","0"
"10491","6588","2022-12-16","postal","balance_statement","0"
"10492","6588","2023-09-17","email","balance_statement","0"
"10493","6588","2024-11-11","postal","balance_statement","0"
"10494","6589","2025-11-07","email","balance_statement","0"
"10495","6589","2026-05-22","email","balance_statement","0"
"10496","6590","2024-02-10","email","service_alert","0"
"10497","6590","2025-07-09","email","promo_email","0"
"10498","6591","2026-06-09","email","service_alert","1"
"10499","6592","2024-12-12","postal","service_alert","0"
"10500","6593","2023-05-17","email","promo_email","1"
"10501","6593","2024-05-21","email","balance_statement","1"
"10502","6593","2025-09-05","postal","promo_email","1"
"10503","6594","2024-02-20","postal","balance_statement","0"
"10504","6595","2025-11-25","postal","balance_statement","0"
"10505","6595","2026-04-11","postal","service_alert","0"
"10506","6597","2025-12-22","email","balance_statement","0"
"10507","6597","2026-06-19","postal","balance_statement","0"
"10508","6598","2024-12-22","push","balance_statement","0"
"10509","6598","2026-01-27","email","promo_email","0"
"10510","6599","2024-04-07","postal","promo_email","0"
"10511","6599","2025-06-22","postal","promo_email","0"
"10512","6601","2025-04-28","email","promo_email","0"
"10513","6601","2026-06-03","email","service_alert","0"
"10514","6602","2025-09-09","push","balance_statement","0"
"10515","6603","2022-12-17","email","promo_email","0"
"10516","6603","2023-11-27","push","balance_statement","0"
"10517","6603","2024-04-15","email","promo_email","0"
"10518","6604","2024-11-10","email","balance_statement","0"
"10519","6604","2025-09-15","email","promo_email","0"
"10520","6605","2024-06-11","email","balance_statement","0"
"10521","6605","2026-03-02","email","balance_statement","0"
"10522","6606","2022-03-14","email","balance_statement","0"
"10523","6606","2025-11-28","email","promo_email","0"
"10524","6608","2025-04-18","email","balance_statement","0"
"10525","6608","2026-03-07","postal","balance_statement","0"
"10526","6609","2023-12-23","email","balance_statement","0"
"10527","6609","2025-11-16","email","promo_email","0"
"10528","6610","2024-10-06","email","service_alert","0"
"10529","6610","2025-06-01","postal","promo_email","0"
"10530","6612","2024-07-05","email","promo_email","0"
"10531","6612","2026-02-10","email","balance_statement","0"
"10532","6614","2025-10-08","email","service_alert","0"
"10533","6616","2023-04-14","email","service_alert","0"
"10534","6616","2024-08-09","push","promo_email","0"
"10535","6617","2025-09-23","push","promo_email","0"
"10536","6619","2023-05-16","email","promo_email","0"
"10537","6619","2024-03-01","email","balance_statement","0"
"10538","6620","2022-03-07","email","balance_statement","0"
"10539","6620","2025-11-19","email","promo_email","0"
"10540","6621","2022-04-04","email","promo_email","0"
"10541","6621","2023-06-26","postal","balance_statement","0"
"10542","6621","2025-03-09","push","promo_email","0"
"10543","6622","2026-05-04","push","promo_email","0"
"10544","6624","2025-11-17","postal","promo_email","0"
"10545","6624","2026-02-18","postal","service_alert","0"
"10546","6625","2026-05-15","email","service_alert","1"
"10547","6626","2024-12-07","email","balance_statement","0"
"10548","6627","2024-05-26","postal","balance_statement","0"
"10549","6627","2026-04-13","push","service_alert","0"
"10550","6631","2025-06-08","postal","balance_statement","0"
"10551","6632","2025-09-21","email","service_alert","0"
"10552","6634","2023-09-27","email","promo_email","0"
"10553","6636","2021-05-05","email","service_alert","0"
"10554","6636","2022-05-07","push","balance_statement","0"
"10555","6636","2024-04-24","postal","promo_email","0"
"10556","6636","2025-12-12","push","balance_statement","0"
"10557","6637","2025-06-20","postal","balance_statement","0"
"10558","6638","2023-01-05","postal","promo_email","0"
"10559","6638","2025-12-22","push","promo_email","0"
"10560","6640","2024-08-11","email","balance_statement","0"
"10561","6642","2025-09-27","push","service_alert","0"
"10562","6643","2025-07-15","email","service_alert","0"
"10563","6643","2026-05-27","email","promo_email","0"
"10564","6644","2024-05-27","email","service_alert","1"
"10565","6644","2025-03-17","email","service_alert","1"
"10566","6645","2022-07-12","email","promo_email","0"
"10567","6645","2023-05-16","postal","promo_email","0"
"10568","6645","2025-03-06","email","balance_statement","0"
"10569","6645","2026-04-16","push","balance_statement","1"
"10570","6646","2022-06-02","email","promo_email","0"
"10571","6646","2025-02-16","email","balance_statement","0"
"10572","6648","2026-06-28","postal","promo_email","1"
"10573","6649","2024-07-20","postal","promo_email","0"
"10574","6650","2021-07-17","email","balance_statement","0"
"10575","6653","2024-11-26","email","balance_statement","0"
"10576","6654","2025-12-08","email","promo_email","1"
"10577","6654","2026-06-14","email","promo_email","1"
"10578","6655","2024-06-25","email","promo_email","0"
"10579","6655","2026-02-01","email","balance_statement","0"
"10580","6656","2025-11-06","email","service_alert","1"
"10581","6657","2024-08-02","email","promo_email","0"
"10582","6657","2025-03-05","email","promo_email","0"
"10583","6657","2026-02-09","push","service_alert","0"
"10584","6659","2026-03-02","email","promo_email","0"
"10585","6660","2024-04-27","email","balance_statement","0"
"10586","6661","2025-11-19","push","promo_email","0"
"10587","6664","2022-12-13","push","balance_statement","1"
"10588","6664","2023-08-10","email","promo_email","0"
"10589","6664","2024-11-27","email","balance_statement","0"
"10590","6665","2021-08-09","email","balance_statement","0"
"10591","6665","2022-12-15","email","balance_statement","0"
"10592","6665","2023-10-27","postal","balance_statement","0"
"10593","6665","2024-01-04","email","balance_statement","1"
"10594","6665","2025-06-21","postal","promo_email","0"
"10595","6666","2025-12-09","email","balance_statement","0"
"10596","6667","2026-03-10","email","balance_statement","0"
"10597","6668","2023-11-04","email","promo_email","0"
"10598","6668","2025-01-13","email","promo_email","0"
"10599","6668","2026-05-19","email","promo_email","0"
"10600","6669","2023-09-23","push","balance_statement","0"
"10601","6669","2024-08-25","postal","balance_statement","0"
"10602","6670","2026-03-01","email","promo_email","0"
"10603","6671","2023-12-23","email","promo_email","0"
"10604","6671","2024-05-05","email","balance_statement","0"
"10605","6672","2025-10-12","email","balance_statement","0"
"10606","6672","2026-04-23","postal","promo_email","0"
"10607","6674","2022-12-10","email","service_alert","1"
"10608","6674","2023-12-20","postal","promo_email","1"
"10609","6674","2026-04-28","email","service_alert","1"
"10610","6675","2025-04-24","postal","promo_email","0"
"10611","6677","2025-11-18","postal","service_alert","0"
"10612","6678","2022-10-03","email","promo_email","0"
"10613","6678","2024-07-07","push","service_alert","0"
"10614","6678","2025-02-25","push","balance_statement","0"
"10615","6679","2024-03-05","email","promo_email","0"
"10616","6679","2026-03-09","postal","balance_statement","1"
"10617","6680","2025-10-10","postal","balance_statement","0"
"10618","6681","2023-12-18","email","service_alert","0"
"10619","6681","2025-02-27","postal","balance_statement","0"
"10620","6681","2026-04-09","push","balance_statement","0"
"10621","6686","2023-07-15","email","promo_email","0"
"10622","6686","2024-12-12","email","balance_statement","0"
"10623","6686","2025-10-15","email","service_alert","0"
"10624","6687","2022-08-13","email","service_alert","0"
"10625","6687","2024-12-13","email","balance_statement","0"
"10626","6687","2025-07-02","email","balance_statement","0"
"10627","6687","2026-01-25","push","balance_statement","0"
"10628","6690","2020-07-18","email","balance_statement","0"
"10629","6690","2022-06-19","email","service_alert","0"
"10630","6690","2025-10-03","email","balance_statement","0"
"10631","6690","2026-04-28","postal","promo_email","0"
"10632","6691","2023-11-26","email","promo_email","0"
"10633","6691","2024-03-13","email","balance_statement","0"
"10634","6692","2023-08-14","email","service_alert","0"
"10635","6692","2024-04-02","email","promo_email","0"
"10636","6692","2026-05-27","postal","service_alert","0"
"10637","6693","2025-04-05","email","service_alert","0"
"10638","6694","2025-06-23","postal","service_alert","0"
"10639","6696","2023-04-24","postal","balance_statement","0"
"10640","6696","2024-11-17","postal","balance_statement","0"
"10641","6697","2025-05-09","email","balance_statement","0"
"10642","6698","2022-11-27","email","promo_email","0"
"10643","6698","2024-01-14","push","balance_statement","0"
"10644","6698","2025-12-14","email","balance_statement","0"
"10645","6698","2026-03-04","email","balance_statement","0"
"10646","6699","2025-10-08","postal","service_alert","0"
"10647","6700","2026-01-09","postal","promo_email","0"
"10648","6701","2024-03-23","push","balance_statement","0"
"10649","6701","2025-12-17","email","balance_statement","0"
"10650","6703","2021-03-21","email","balance_statement","0"
"10651","6703","2022-01-21","email","service_alert","0"
"10652","6703","2024-08-26","email","balance_statement","0"
"10653","6703","2025-03-20","email","balance_statement","0"
"10654","6703","2026-03-16","email","balance_statement","0"
"10655","6704","2021-08-05","email","service_alert","0"
"10656","6704","2023-02-19","postal","promo_email","0"
"10657","6704","2025-06-01","postal","promo_email","0"
"10658","6705","2022-12-14","push","promo_email","0"
"10659","6705","2024-10-17","email","promo_email","0"
"10660","6705","2025-10-09","email","balance_statement","0"
"10661","6705","2026-06-09","email","balance_statement","0"
"10662","6706","2022-04-04","push","balance_statement","0"
"10663","6706","2023-04-20","postal","balance_statement","0"
"10664","6706","2024-01-02","postal","promo_email","0"
"10665","6706","2025-01-11","email","promo_email","0"
"10666","6707","2022-06-26","push","balance_statement","0"
"10667","6707","2024-09-20","email","balance_statement","0"
"10668","6707","2025-12-20","push","promo_email","0"
"10669","6709","2021-02-27","email","promo_email","1"
"10670","6709","2023-06-02","postal","promo_email","1"
"10671","6709","2025-01-23","postal","balance_statement","1"
"10672","6709","2026-01-19","email","promo_email","1"
"10673","6711","2019-10-09","postal","service_alert","0"
"10674","6711","2020-06-15","email","balance_statement","0"
"10675","6711","2021-06-15","email","service_alert","0"
"10676","6711","2022-07-05","email","promo_email","0"
"10677","6711","2023-07-10","email","balance_statement","0"
"10678","6711","2024-06-15","postal","balance_statement","0"
"10679","6711","2026-03-28","postal","service_alert","0"
"10680","6712","2022-04-28","email","service_alert","0"
"10681","6712","2024-06-06","postal","balance_statement","0"
"10682","6712","2025-11-22","email","promo_email","0"
"10683","6712","2026-06-18","email","promo_email","0"
"10684","6713","2026-03-12","postal","balance_statement","0"
"10685","6717","2025-04-22","email","promo_email","0"
"10686","6719","2024-05-06","email","promo_email","0"
"10687","6719","2025-02-07","email","promo_email","0"
"10688","6719","2026-03-04","email","balance_statement","0"
"10689","6720","2025-09-11","postal","promo_email","0"
"10690","6721","2024-05-15","email","service_alert","0"
"10691","6721","2025-05-02","email","balance_statement","0"
"10692","6723","2023-09-03","email","service_alert","0"
"10693","6723","2025-05-18","email","promo_email","0"
"10694","6724","2024-06-24","email","service_alert","0"
"10695","6726","2022-02-14","email","promo_email","0"
"10696","6726","2023-01-28","email","service_alert","0"
"10697","6726","2025-02-18","push","balance_statement","0"
"10698","6728","2022-01-06","push","promo_email","0"
"10699","6728","2024-02-16","email","promo_email","0"
"10700","6728","2025-12-21","push","balance_statement","0"
"10701","6729","2026-02-01","email","balance_statement","0"
"10702","6730","2025-01-01","postal","balance_statement","0"
"10703","6732","2020-12-24","email","balance_statement","0"
"10704","6732","2023-02-05","email","balance_statement","0"
"10705","6732","2024-07-11","push","balance_statement","0"
"10706","6733","2025-05-21","push","promo_email","0"
"10707","6734","2024-11-18","email","promo_email","0"
"10708","6734","2025-05-25","email","promo_email","0"
"10709","6735","2020-10-17","email","balance_statement","0"
"10710","6735","2021-02-04","postal","promo_email","0"
"10711","6735","2024-08-08","email","promo_email","0"
"10712","6735","2025-02-25","email","promo_email","0"
"10713","6737","2021-09-19","email","promo_email","0"
"10714","6737","2022-11-16","email","service_alert","0"
"10715","6737","2025-06-10","postal","promo_email","0"
"10716","6737","2026-02-07","postal","balance_statement","0"
"10717","6738","2021-06-28","postal","balance_statement","0"
"10718","6738","2022-05-13","email","balance_statement","0"
"10719","6738","2026-04-07","push","balance_statement","0"
"10720","6739","2019-05-09","email","balance_statement","0"
"10721","6739","2020-09-06","email","balance_statement","0"
"10722","6739","2021-04-11","email","balance_statement","0"
"10723","6739","2024-08-11","postal","balance_statement","0"
"10724","6739","2026-04-21","email","promo_email","0"
"10725","6741","2026-06-17","postal","promo_email","0"
"10726","6742","2023-12-10","email","balance_statement","0"
"10727","6742","2025-07-12","email","promo_email","0"
"10728","6743","2020-11-22","email","balance_statement","0"
"10729","6743","2021-08-15","push","balance_statement","1"
"10730","6743","2024-06-13","email","balance_statement","0"
"10731","6743","2026-01-20","email","balance_statement","1"
"10732","6746","2026-03-26","email","service_alert","0"
"10733","6747","2023-04-21","email","balance_statement","0"
"10734","6747","2024-09-24","email","promo_email","0"
"10735","6747","2025-03-17","push","promo_email","0"
"10736","6747","2026-04-27","email","balance_statement","0"
"10737","6748","2024-11-07","email","promo_email","0"
"10738","6748","2026-05-28","push","balance_statement","0"
"10739","6750","2026-01-21","push","promo_email","1"
"10740","6751","2025-12-14","push","service_alert","0"
"10741","6752","2024-11-16","postal","promo_email","0"
"10742","6753","2025-10-12","push","service_alert","0"
"10743","6753","2026-03-11","postal","promo_email","0"
"10744","6754","2023-05-10","push","service_alert","0"
"10745","6756","2025-06-28","email","balance_statement","0"
"10746","6756","2026-03-27","email","balance_statement","0"
"10747","6757","2025-08-09","push","balance_statement","0"
"10748","6758","2023-11-14","email","promo_email","0"
"10749","6758","2025-12-02","email","promo_email","0"
"10750","6759","2021-02-05","postal","balance_statement","1"
"10751","6759","2024-02-26","push","balance_statement","1"
"10752","6760","2022-11-27","email","balance_statement","0"
"10753","6760","2024-02-27","email","balance_statement","0"
"10754","6760","2025-10-02","postal","service_alert","0"
"10755","6761","2024-12-19","postal","promo_email","0"
"10756","6764","2020-09-24","email","promo_email","0"
"10757","6764","2021-10-07","email","balance_statement","1"
"10758","6764","2022-06-18","push","promo_email","0"
"10759","6764","2024-03-07","push","promo_email","0"
"10760","6766","2020-04-07","postal","promo_email","0"
"10761","6766","2022-06-06","email","balance_statement","1"
"10762","6767","2026-06-03","postal","balance_statement","0"
"10763","6768","2024-09-09","email","balance_statement","0"
"10764","6769","2026-06-19","postal","service_alert","0"
"10765","6770","2025-04-06","email","promo_email","1"
"10766","6773","2022-02-07","email","service_alert","0"
"10767","6773","2023-04-12","email","balance_statement","0"
"10768","6773","2024-05-14","email","balance_statement","0"
"10769","6773","2025-08-13","email","balance_statement","0"
"10770","6774","2023-07-11","postal","promo_email","0"
"10771","6774","2024-03-16","postal","service_alert","0"
"10772","6774","2025-09-25","postal","promo_email","0"
"10773","6776","2025-12-06","email","promo_email","1"
"10774","6777","2023-02-10","push","promo_email","0"
"10775","6777","2025-03-14","push","service_alert","0"
"10776","6779","2026-06-10","email","balance_statement","0"
"10777","6782","2025-05-02","email","promo_email","0"
"10778","6783","2025-05-18","email","service_alert","0"
"10779","6783","2026-03-08","postal","promo_email","0"
"10780","6784","2024-01-23","email","balance_statement","0"
"10781","6785","2023-12-04","email","service_alert","0"
"10782","6785","2026-05-16","push","service_alert","0"
"10783","6786","2022-12-14","push","promo_email","0"
"10784","6786","2023-03-11","postal","promo_email","0"
"10785","6786","2025-09-19","email","balance_statement","0"
"10786","6787","2024-03-07","email","balance_statement","0"
"10787","6787","2025-09-06","postal","service_alert","0"
"10788","6789","2026-06-16","email","balance_statement","0"
"10789","6790","2023-02-17","push","promo_email","1"
"10790","6790","2025-12-28","email","balance_statement","1"
"10791","6791","2025-09-20","email","balance_statement","0"
"10792","6793","2024-11-12","email","promo_email","0"
"10793","6793","2025-05-27","postal","balance_statement","0"
"10794","6795","2024-12-26","email","promo_email","0"
"10795","6795","2025-06-06","email","promo_email","0"
"10796","6796","2025-07-18","email","balance_statement","0"
"10797","6796","2026-04-20","email","balance_statement","0"
"10798","6797","2022-05-07","email","promo_email","0"
"10799","6797","2023-11-22","postal","balance_statement","0"
"10800","6797","2024-02-12","push","balance_statement","0"
"10801","6797","2026-06-08","email","balance_statement","0"
"10802","6799","2026-03-03","email","balance_statement","1"
"10803","6801","2024-02-08","email","service_alert","0"
"10804","6801","2025-10-19","postal","promo_email","0"
"10805","6803","2020-12-14","postal","service_alert","0"
"10806","6803","2022-01-27","email","promo_email","0"
"10807","6803","2024-12-04","postal","service_alert","0"
"10808","6803","2025-03-23","email","promo_email","0"
"10809","6806","2022-09-22","email","service_alert","0"
"10810","6806","2024-08-02","email","balance_statement","0"
"10811","6806","2025-12-10","email","balance_statement","0"
"10812","6806","2026-01-09","postal","service_alert","0"
"10813","6807","2024-07-09","postal","service_alert","0"
"10814","6808","2025-08-11","postal","service_alert","0"
"10815","6811","2025-09-04","email","service_alert","0"
"10816","6815","2024-01-27","email","service_alert","0"
"10817","6817","2026-04-18","email","promo_email","0"
"10818","6818","2020-10-05","email","balance_statement","0"
"10819","6818","2021-05-24","email","promo_email","0"
"10820","6818","2022-03-25","postal","promo_email","0"
"10821","6818","2023-03-18","push","service_alert","0"
"10822","6818","2025-11-13","email","promo_email","0"
"10823","6819","2025-01-21","email","promo_email","0"
"10824","6821","2022-10-25","email","balance_statement","0"
"10825","6822","2021-10-13","email","service_alert","0"
"10826","6822","2025-04-23","postal","promo_email","1"
"10827","6823","2020-04-28","email","promo_email","0"
"10828","6823","2022-02-02","email","promo_email","0"
"10829","6823","2023-07-11","postal","service_alert","0"
"10830","6823","2025-06-23","push","balance_statement","0"
"10831","6824","2025-09-04","email","balance_statement","0"
"10832","6825","2025-05-11","email","balance_statement","0"
"10833","6826","2022-03-04","push","balance_statement","1"
"10834","6826","2023-10-03","postal","promo_email","0"
"10835","6828","2023-07-19","email","service_alert","0"
"10836","6828","2024-03-25","postal","balance_statement","0"
"10837","6831","2021-11-19","email","promo_email","0"
"10838","6831","2022-11-27","email","balance_statement","0"
"10839","6831","2023-05-24","postal","balance_statement","0"
"10840","6831","2024-07-21","postal","balance_statement","0"
"10841","6831","2025-03-28","push","promo_email","0"
"10842","6832","2021-02-26","postal","balance_statement","0"
"10843","6832","2023-08-07","postal","promo_email","0"
"10844","6832","2024-01-19","email","promo_email","0"
"10845","6832","2025-07-26","postal","service_alert","0"
"10846","6834","2023-05-07","email","balance_statement","0"
"10847","6834","2024-03-13","email","balance_statement","0"
"10848","6834","2025-05-17","email","balance_statement","1"
"10849","6835","2026-02-07","email","promo_email","0"
"10850","6836","2025-05-03","email","promo_email","1"
"10851","6839","2022-11-01","email","balance_statement","0"
"10852","6839","2023-03-27","email","promo_email","0"
"10853","6839","2025-01-05","email","service_alert","0"
"10854","6839","2026-03-21","postal","service_alert","0"
"10855","6840","2026-05-17","postal","promo_email","0"
"10856","6842","2023-02-23","email","balance_statement","0"
"10857","6842","2024-02-03","email","balance_statement","0"
"10858","6843","2025-10-15","email","balance_statement","0"
"10859","6843","2026-05-21","email","balance_statement","0"
"10860","6845","2021-06-17","email","balance_statement","0"
"10861","6845","2025-08-24","email","balance_statement","0"
"10862","6845","2026-06-24","email","balance_statement","0"
"10863","6846","2022-09-10","email","promo_email","0"
"10864","6846","2024-09-04","postal","balance_statement","0"
"10865","6846","2025-12-14","email","balance_statement","0"
"10866","6846","2026-03-23","email","balance_statement","1"
"10867","6848","2025-09-21","email","promo_email","0"
"10868","6849","2025-05-08","email","service_alert","0"
"10869","6849","2026-05-09","push","service_alert","0"
"10870","6850","2024-08-22","email","service_alert","0"
"10871","6851","2026-02-12","email","promo_email","0"
"10872","6854","2025-02-02","postal","promo_email","0"
"10873","6854","2026-01-25","email","balance_statement","0"
"10874","6855","2024-12-17","postal","promo_email","0"
"10875","6855","2025-05-22","postal","promo_email","0"
"10876","6856","2025-07-12","email","promo_email","1"
"10877","6857","2026-05-23","push","service_alert","0"
"10878","6859","2024-11-22","email","promo_email","0"
"10879","6859","2025-04-17","email","balance_statement","0"
"10880","6860","2020-11-09","email","promo_email","0"
"10881","6860","2021-04-21","postal","promo_email","0"
"10882","6860","2023-11-13","push","promo_email","0"
"10883","6860","2024-09-25","push","promo_email","0"
"10884","6860","2025-11-23","email","promo_email","0"
"10885","6862","2020-11-13","postal","promo_email","0"
"10886","6862","2021-04-17","email","service_alert","0"
"10887","6862","2024-12-17","email","promo_email","0"
"10888","6863","2025-02-03","email","balance_statement","0"
"10889","6864","2026-05-09","email","promo_email","0"
"10890","6865","2025-02-09","email","promo_email","0"
"10891","6865","2026-05-23","email","service_alert","0"
"10892","6867","2022-06-13","postal","balance_statement","0"
"10893","6867","2024-12-15","email","balance_statement","0"
"10894","6867","2025-02-17","push","promo_email","0"
"10895","6868","2022-09-28","push","balance_statement","0"
"10896","6868","2024-08-20","email","balance_statement","0"
"10897","6868","2025-01-13","email","service_alert","0"
"10898","6869","2025-10-28","email","promo_email","0"
"10899","6871","2022-09-23","postal","balance_statement","0"
"10900","6871","2025-12-26","postal","promo_email","0"
"10901","6872","2021-02-14","email","promo_email","0"
"10902","6872","2025-11-06","postal","service_alert","0"
"10903","6873","2025-12-19","email","promo_email","0"
"10904","6874","2025-05-25","email","promo_email","0"
"10905","6874","2026-05-06","postal","promo_email","0"
"10906","6875","2023-12-23","email","promo_email","0"
"10907","6875","2024-07-26","push","service_alert","0"
"10908","6876","2024-12-17","email","balance_statement","0"
"10909","6877","2024-02-03","email","balance_statement","0"
"10910","6877","2025-07-17","email","promo_email","0"
"10911","6879","2024-11-26","postal","balance_statement","0"
"10912","6879","2025-09-06","email","promo_email","0"
"10913","6879","2026-03-01","email","balance_statement","0"
"10914","6880","2025-01-10","email","balance_statement","1"
"10915","6880","2026-05-02","push","promo_email","1"
"10916","6882","2025-04-25","postal","promo_email","0"
"10917","6882","2026-04-09","postal","promo_email","0"
"10918","6883","2024-07-15","postal","service_alert","0"
"10919","6883","2025-02-12","email","balance_statement","1"
"10920","6884","2025-10-21","email","service_alert","0"
"10921","6884","2026-05-28","email","promo_email","0"
"10922","6885","2020-03-15","email","balance_statement","0"
"10923","6885","2021-02-11","push","promo_email","0"
"10924","6885","2022-08-04","email","promo_email","0"
"10925","6885","2024-11-20","postal","balance_statement","0"
"10926","6885","2025-11-04","email","balance_statement","0"
"10927","6886","2023-08-17","push","balance_statement","0"
"10928","6886","2025-09-09","email","balance_statement","0"
"10929","6887","2025-11-20","postal","balance_statement","0"
"10930","6888","2022-07-18","push","balance_statement","0"
"10931","6888","2023-02-23","email","service_alert","0"
"10932","6888","2024-06-27","email","promo_email","0"
"10933","6888","2025-04-03","email","balance_statement","0"
"10934","6890","2024-11-20","email","promo_email","0"
"10935","6890","2026-06-13","push","balance_statement","0"
"10936","6891","2026-04-04","email","promo_email","0"
"10937","6892","2022-12-21","email","balance_statement","1"
"10938","6892","2023-04-14","email","service_alert","1"
"10939","6892","2024-04-08","email","service_alert","1"
"10940","6892","2026-02-15","email","promo_email","1"
"10941","6893","2023-12-27","email","service_alert","0"
"10942","6893","2024-05-21","postal","balance_statement","0"
"10943","6893","2025-02-08","push","service_alert","0"
"10944","6895","2025-10-27","postal","promo_email","1"
"10945","6895","2026-01-23","postal","service_alert","1"
"10946","6896","2025-04-11","push","promo_email","0"
"10947","6897","2025-10-28","email","balance_statement","0"
"10948","6898","2019-10-14","email","promo_email","0"
"10949","6898","2020-08-13","postal","promo_email","0"
"10950","6898","2021-03-07","email","service_alert","0"
"10951","6898","2022-06-10","push","balance_statement","0"
"10952","6898","2023-01-28","postal","balance_statement","0"
"10953","6898","2024-11-12","email","service_alert","0"
"10954","6898","2025-12-20","postal","balance_statement","0"
"10955","6899","2025-08-18","email","balance_statement","0"
"10956","6900","2023-09-19","email","promo_email","0"
"10957","6900","2024-06-03","postal","balance_statement","0"
"10958","6902","2021-02-20","email","service_alert","1"
"10959","6902","2024-06-14","email","promo_email","1"
"10960","6902","2025-04-22","email","balance_statement","1"
"10961","6903","2023-12-18","email","balance_statement","0"
"10962","6903","2025-08-17","email","balance_statement","0"
"10963","6903","2026-01-01","push","balance_statement","0"
"10964","6905","2025-08-16","push","promo_email","0"
"10965","6907","2023-02-24","email","promo_email","0"
"10966","6907","2025-03-05","postal","balance_statement","0"
"10967","6908","2022-05-15","postal","promo_email","0"
"10968","6908","2023-12-16","email","promo_email","1"
"10969","6908","2025-05-22","email","service_alert","0"
"10970","6908","2026-03-15","email","balance_statement","0"
"10971","6910","2024-01-11","postal","service_alert","0"
"10972","6910","2025-12-09","email","promo_email","0"
"10973","6911","2024-02-27","email","balance_statement","0"
"10974","6912","2024-12-25","email","service_alert","0"
"10975","6913","2025-11-23","email","promo_email","0"
"10976","6913","2026-02-09","email","promo_email","0"
"10977","6914","2023-09-15","email","promo_email","0"
"10978","6915","2026-05-14","email","balance_statement","0"
"10979","6916","2025-09-27","email","promo_email","0"
"10980","6917","2024-11-23","postal","balance_statement","0"
"10981","6917","2025-03-28","email","service_alert","0"
"10982","6919","2025-10-05","postal","balance_statement","0"
"10983","6920","2023-10-28","email","promo_email","1"
"10984","6920","2025-02-09","email","balance_statement","0"
"10985","6921","2025-09-17","email","promo_email","0"
"10986","6922","2023-02-10","postal","service_alert","0"
"10987","6922","2024-07-21","email","promo_email","0"
"10988","6922","2026-06-25","email","service_alert","0"
"10989","6924","2023-04-19","email","service_alert","0"
"10990","6924","2025-12-23","email","balance_statement","0"
"10991","6925","2023-12-06","push","service_alert","0"
"10992","6925","2024-10-22","email","balance_statement","0"
"10993","6926","2022-12-11","postal","balance_statement","0"
"10994","6926","2024-02-20","email","service_alert","0"
"10995","6928","2023-10-12","email","promo_email","1"
"10996","6930","2024-08-20","email","balance_statement","1"
"10997","6930","2025-02-13","email","promo_email","0"
"10998","6931","2023-03-18","push","balance_statement","0"
"10999","6932","2022-11-22","postal","balance_statement","0"
"11000","6932","2023-03-19","postal","balance_statement","0"
"11001","6932","2025-06-19","push","promo_email","0"
"11002","6932","2026-04-13","email","balance_statement","0"
"11003","6934","2022-09-08","email","promo_email","0"
"11004","6935","2024-09-27","email","balance_statement","0"
"11005","6936","2025-02-28","push","promo_email","0"
"11006","6936","2026-03-23","email","promo_email","0"
"11007","6937","2025-06-25","email","balance_statement","0"
"11008","6937","2026-06-20","email","promo_email","0"
"11009","6939","2022-07-25","email","promo_email","0"
"11010","6939","2024-04-22","email","balance_statement","0"
"11011","6939","2025-06-09","email","balance_statement","0"
"11012","6941","2024-02-01","email","service_alert","0"
"11013","6941","2025-12-15","email","balance_statement","0"
"11014","6942","2025-04-05","email","promo_email","0"
"11015","6945","2024-04-13","email","balance_statement","0"
"11016","6945","2025-06-19","postal","balance_statement","0"
"11017","6947","2023-08-26","email","balance_statement","1"
"11018","6947","2024-12-20","email","promo_email","0"
"11019","6948","2022-05-28","email","promo_email","0"
"11020","6948","2023-08-04","postal","balance_statement","0"
"11021","6948","2024-01-28","push","balance_statement","0"
"11022","6948","2025-01-19","postal","balance_statement","0"
"11023","6950","2020-11-18","email","balance_statement","0"
"11024","6950","2022-06-17","email","balance_statement","0"
"11025","6952","2020-10-18","email","promo_email","0"
"11026","6952","2022-12-06","email","promo_email","0"
"11027","6952","2023-10-08","email","balance_statement","0"
"11028","6952","2025-08-23","email","promo_email","0"
"11029","6955","2021-09-27","email","promo_email","0"
"11030","6955","2022-06-21","postal","balance_statement","0"
"11031","6955","2024-04-26","push","service_alert","0"
"11032","6955","2026-05-18","email","service_alert","0"
"11033","6956","2025-09-20","email","promo_email","0"
"11034","6957","2024-07-21","email","service_alert","0"
"11035","6957","2026-05-21","email","balance_statement","0"
"11036","6958","2025-11-01","email","service_alert","0"
"11037","6959","2025-12-22","email","balance_statement","0"
"11038","6960","2023-11-14","push","balance_statement","0"
"11039","6960","2026-04-24","push","service_alert","0"
"11040","6961","2026-03-16","email","balance_statement","0"
"11041","6962","2022-10-22","postal","promo_email","0"
"11042","6963","2022-11-07","push","promo_email","0"
"11043","6963","2024-06-16","push","promo_email","0"
"11044","6963","2025-10-04","push","balance_statement","0"
"11045","6963","2026-06-17","push","promo_email","0"
"11046","6964","2025-01-16","email","balance_statement","0"
"11047","6966","2023-05-23","email","service_alert","0"
"11048","6966","2024-10-11","push","balance_statement","0"
"11049","6966","2025-04-14","email","promo_email","0"
"11050","6967","2026-02-23","push","service_alert","0"
"11051","6968","2023-12-14","email","service_alert","0"
"11052","6968","2024-11-05","postal","promo_email","0"
"11053","6968","2025-02-17","push","balance_statement","0"
"11054","6968","2026-01-28","email","balance_statement","0"
"11055","6970","2025-03-26","email","promo_email","0"
"11056","6970","2026-06-20","email","promo_email","0"
"11057","6971","2025-06-12","postal","service_alert","0"
"11058","6972","2026-04-03","email","balance_statement","0"
"11059","6973","2024-11-27","email","balance_statement","0"
"11060","6973","2026-06-04","email","balance_statement","0"
"11061","6974","2020-07-19","email","promo_email","0"
"11062","6974","2023-10-06","postal","promo_email","0"
"11063","6974","2024-03-01","postal","promo_email","0"
"11064","6974","2026-04-13","postal","promo_email","1"
"11065","6975","2025-11-25","postal","promo_email","0"
"11066","6975","2026-02-03","postal","promo_email","0"
"11067","6976","2025-03-27","email","balance_statement","0"
"11068","6976","2026-01-09","email","balance_statement","1"
"11069","6977","2024-06-16","email","promo_email","0"
"11070","6977","2025-10-22","email","promo_email","0"
"11071","6978","2021-08-12","email","promo_email","0"
"11072","6978","2022-01-02","email","promo_email","0"
"11073","6978","2023-04-24","postal","service_alert","0"
"11074","6978","2024-03-24","email","promo_email","0"
"11075","6979","2022-10-02","email","promo_email","0"
"11076","6979","2023-11-21","email","service_alert","0"
"11077","6979","2024-01-04","email","promo_email","1"
"11078","6980","2019-11-24","email","balance_statement","0"
"11079","6980","2020-10-28","email","balance_statement","1"
"11080","6980","2021-01-06","postal","balance_statement","0"
"11081","6980","2024-07-13","postal","balance_statement","0"
"11082","6981","2022-05-22","email","balance_statement","0"
"11083","6981","2023-05-09","email","promo_email","0"
"11084","6981","2024-11-16","email","service_alert","1"
"11085","6983","2026-02-06","postal","promo_email","1"
"11086","6984","2023-03-08","email","promo_email","0"
"11087","6984","2024-12-23","email","balance_statement","0"
"11088","6984","2025-01-28","email","balance_statement","0"
"11089","6984","2026-03-13","postal","balance_statement","0"
"11090","6985","2024-08-21","email","service_alert","0"
"11091","6985","2025-02-02","push","balance_statement","1"
"11092","6987","2025-02-07","postal","promo_email","0"
"11093","6988","2025-06-22","push","balance_statement","0"
"11094","6989","2021-07-06","postal","promo_email","0"
"11095","6989","2022-11-23","email","balance_statement","0"
"11096","6989","2023-04-09","postal","balance_statement","0"
"11097","6989","2024-11-19","push","service_alert","0"
"11098","6989","2025-09-05","push","balance_statement","0"
"11099","6990","2025-04-11","email","promo_email","0"
"11100","6991","2022-04-18","email","balance_statement","1"
"11101","6991","2023-05-02","email","balance_statement","1"
"11102","6991","2024-01-28","email","balance_statement","0"
"11103","6992","2025-10-27","email","balance_statement","0"
"11104","6994","2025-08-16","email","service_alert","0"
"11105","6995","2023-02-15","email","promo_email","0"
"11106","6995","2024-04-26","email","balance_statement","1"
"11107","6995","2025-02-19","email","promo_email","0"
"11108","6995","2026-06-07","push","balance_statement","0"
"11109","7001","2024-12-20","email","service_alert","0"
"11110","7002","2022-02-28","push","service_alert","0"
"11111","7002","2024-10-28","email","promo_email","0"
"11112","7002","2026-02-17","email","service_alert","1"
"11113","7005","2020-05-06","email","promo_email","0"
"11114","7005","2021-12-25","email","balance_statement","0"
"11115","7005","2024-10-24","email","service_alert","0"
"11116","7006","2024-11-13","email","promo_email","0"
"11117","7006","2025-07-03","postal","promo_email","0"
"11118","7006","2026-03-24","push","balance_statement","0"
"11119","7007","2024-02-22","email","balance_statement","0"
"11120","7008","2025-11-26","postal","promo_email","0"
"11121","7009","2021-03-19","email","promo_email","0"
"11122","7009","2023-05-18","email","balance_statement","0"
"11123","7010","2024-01-23","postal","promo_email","0"
"11124","7010","2025-11-20","email","service_alert","0"
"11125","7012","2020-09-25","email","service_alert","0"
"11126","7012","2022-06-18","email","balance_statement","0"
"11127","7012","2023-06-14","email","promo_email","0"
"11128","7012","2024-01-06","email","service_alert","0"
"11129","7012","2025-01-07","email","promo_email","0"
"11130","7013","2024-03-04","push","balance_statement","0"
"11131","7013","2025-02-02","email","promo_email","0"
"11132","7014","2024-05-04","email","balance_statement","0"
"11133","7014","2025-07-16","email","service_alert","0"
"11134","7016","2021-11-01","email","balance_statement","1"
"11135","7016","2022-10-08","postal","balance_statement","0"
"11136","7016","2023-05-12","push","promo_email","0"
"11137","7016","2025-09-26","email","balance_statement","0"
"11138","7018","2022-08-02","push","balance_statement","0"
"11139","7018","2023-04-23","email","balance_statement","0"
"11140","7018","2024-12-21","email","service_alert","0"
"11141","7018","2025-12-15","email","balance_statement","0"
"11142","7019","2025-04-12","email","balance_statement","0"
"11143","7020","2026-06-28","email","service_alert","0"
"11144","7021","2025-06-13","email","balance_statement","0"
"11145","7021","2026-04-17","push","balance_statement","0"
"11146","7023","2026-04-15","email","service_alert","0"
"11147","7024","2025-02-23","email","promo_email","0"
"11148","7026","2021-09-16","email","service_alert","0"
"11149","7026","2022-08-10","postal","balance_statement","0"
"11150","7026","2023-02-16","email","promo_email","0"
"11151","7026","2025-03-28","email","service_alert","0"
"11152","7027","2025-12-01","email","promo_email","0"
"11153","7027","2026-03-01","push","balance_statement","0"
"11154","7028","2024-03-05","push","balance_statement","0"
"11155","7029","2024-08-25","email","balance_statement","0"
"11156","7029","2025-12-08","push","promo_email","0"
"11157","7030","2021-06-05","email","promo_email","0"
"11158","7030","2023-07-12","email","balance_statement","0"
"11159","7030","2024-10-20","email","promo_email","0"
"11160","7031","2022-11-06","push","balance_statement","0"
"11161","7031","2023-04-15","email","promo_email","0"
"11162","7031","2024-11-14","email","balance_statement","0"
"11163","7031","2025-06-09","email","balance_statement","0"
"11164","7032","2023-09-20","email","promo_email","0"
"11165","7032","2024-06-28","email","balance_statement","1"
"11166","7033","2024-07-10","email","balance_statement","1"
"11167","7034","2024-11-22","push","balance_statement","0"
"11168","7034","2025-06-10","email","balance_statement","0"
"11169","7035","2022-10-26","email","promo_email","0"
"11170","7035","2026-06-28","email","promo_email","0"
"11171","7036","2026-04-25","push","balance_statement","0"
"11172","7038","2024-01-21","email","balance_statement","0"
"11173","7038","2025-09-04","email","service_alert","0"
"11174","7038","2026-05-21","email","service_alert","0"
"11175","7039","2023-10-25","email","balance_statement","0"
"11176","7039","2024-12-23","postal","promo_email","0"
"11177","7042","2022-10-11","email","promo_email","0"
"11178","7042","2023-10-17","push","balance_statement","0"
"11179","7042","2025-10-04","push","balance_statement","0"
"11180","7043","2023-12-19","email","promo_email","0"
"11181","7043","2024-05-13","email","balance_statement","0"
"11182","7043","2025-05-03","postal","balance_statement","0"
"11183","7043","2026-01-16","push","promo_email","0"
"11184","7044","2022-01-06","email","balance_statement","0"
"11185","7044","2023-06-21","email","balance_statement","0"
"11186","7044","2024-12-09","push","promo_email","0"
"11187","7044","2025-09-26","email","promo_email","0"
"11188","7045","2025-08-27","email","promo_email","0"
"11189","7045","2026-05-27","push","balance_statement","0"
"11190","7048","2022-01-25","push","balance_statement","0"
"11191","7048","2023-06-26","email","balance_statement","0"
"11192","7048","2024-04-21","email","balance_statement","0"
"11193","7048","2025-08-16","email","promo_email","0"
"11194","7049","2026-03-14","push","promo_email","0"
"11195","7050","2023-05-10","push","service_alert","0"
"11196","7050","2024-05-20","postal","balance_statement","0"
"11197","7051","2022-03-14","postal","promo_email","0"
"11198","7051","2024-02-03","email","balance_statement","0"
"11199","7052","2022-11-21","email","promo_email","0"
"11200","7052","2024-07-14","postal","balance_statement","0"
"11201","7052","2025-03-12","email","promo_email","0"
"11202","7053","2024-12-20","email","balance_statement","0"
"11203","7056","2025-02-23","email","service_alert","0"
"11204","7057","2022-09-26","email","promo_email","0"
"11205","7057","2023-04-04","postal","balance_statement","0"
"11206","7057","2024-12-04","postal","service_alert","0"
"11207","7059","2025-08-12","email","promo_email","0"
"11208","7060","2025-06-03","email","service_alert","0"
"11209","7060","2026-06-22","email","promo_email","0"
"11210","7062","2023-07-04","postal","balance_statement","0"
"11211","7062","2024-01-26","email","balance_statement","0"
"11212","7062","2025-12-10","email","balance_statement","0"
"11213","7063","2024-09-26","email","balance_statement","0"
"11214","7065","2025-12-17","email","balance_statement","0"
"11215","7066","2022-06-27","email","balance_statement","0"
"11216","7066","2023-05-12","push","promo_email","0"
"11217","7068","2022-06-02","email","promo_email","0"
"11218","7068","2023-12-22","email","balance_statement","0"
"11219","7068","2024-05-17","email","service_alert","0"
"11220","7068","2025-09-18","email","balance_statement","0"
"11221","7070","2024-09-11","email","promo_email","0"
"11222","7070","2026-05-06","postal","balance_statement","0"
"11223","7071","2024-06-02","email","balance_statement","0"
"11224","7071","2026-04-27","email","promo_email","0"
"11225","7072","2025-05-06","postal","promo_email","0"
"11226","7073","2025-05-14","email","service_alert","0"
"11227","7076","2022-06-16","email","promo_email","0"
"11228","7076","2024-03-06","email","promo_email","0"
"11229","7076","2026-02-21","email","balance_statement","0"
"11230","7079","2022-11-01","push","promo_email","1"
"11231","7079","2024-09-01","email","balance_statement","0"
"11232","7081","2025-10-27","push","promo_email","0"
"11233","7082","2025-03-23","email","service_alert","1"
"11234","7083","2025-11-07","push","service_alert","0"
"11235","7084","2024-11-01","email","balance_statement","0"
"11236","7086","2023-08-25","email","promo_email","0"
"11237","7086","2025-03-19","push","promo_email","0"
"11238","7090","2021-11-05","push","promo_email","0"
"11239","7090","2022-10-19","email","promo_email","0"
"11240","7090","2023-06-12","email","balance_statement","0"
"11241","7090","2024-05-09","email","balance_statement","0"
"11242","7091","2023-07-04","email","promo_email","0"
"11243","7091","2024-01-15","postal","balance_statement","0"
"11244","7091","2025-03-06","email","service_alert","0"
"11245","7091","2026-04-23","email","balance_statement","0"
"11246","7093","2024-09-13","postal","service_alert","0"
"11247","7093","2026-04-09","postal","promo_email","0"
"11248","7094","2020-01-02","email","balance_statement","0"
"11249","7094","2021-09-14","email","balance_statement","0"
"11250","7094","2022-12-22","postal","service_alert","0"
"11251","7095","2025-01-26","postal","promo_email","0"
"11252","7096","2025-02-27","email","balance_statement","0"
"11253","7097","2024-03-14","email","balance_statement","0"
"11254","7097","2025-05-25","email","promo_email","0"
"11255","7099","2026-06-11","email","promo_email","1"
"11256","7100","2026-02-23","postal","promo_email","0"
"11257","7101","2022-12-21","postal","balance_statement","0"
"11258","7101","2023-10-05","email","promo_email","0"
"11259","7101","2026-02-16","email","service_alert","0"
"11260","7103","2024-07-05","email","balance_statement","0"
"11261","7103","2025-06-19","email","service_alert","0"
"11262","7103","2026-02-05","email","balance_statement","0"
"11263","7104","2023-12-28","email","balance_statement","0"
"11264","7104","2024-05-09","email","balance_statement","0"
"11265","7104","2025-03-26","email","service_alert","0"
"11266","7105","2024-02-12","email","balance_statement","0"
"11267","7105","2025-09-21","push","balance_statement","0"
"11268","7106","2024-10-18","email","promo_email","0"
"11269","7106","2026-03-26","email","promo_email","0"
"11270","7107","2022-03-09","push","balance_statement","0"
"11271","7107","2023-06-15","email","balance_statement","0"
"11272","7107","2025-02-23","email","service_alert","0"
"11273","7107","2026-02-01","postal","service_alert","0"
"11274","7108","2025-06-25","push","balance_statement","0"
"11275","7109","2025-01-21","postal","balance_statement","0"
"11276","7111","2023-12-23","postal","balance_statement","0"
"11277","7113","2024-08-21","push","balance_statement","0"
"11278","7113","2025-07-10","email","balance_statement","0"
"11279","7113","2026-03-02","email","balance_statement","0"
"11280","7114","2023-08-17","email","balance_statement","0"
"11281","7115","2023-08-14","email","promo_email","0"
"11282","7115","2025-01-07","email","service_alert","0"
"11283","7115","2026-05-11","postal","promo_email","0"
"11284","7116","2026-04-11","email","balance_statement","0"
"11285","7117","2025-06-12","email","balance_statement","0"
"11286","7118","2021-07-15","postal","promo_email","1"
"11287","7119","2025-11-24","postal","balance_statement","0"
"11288","7121","2026-06-04","postal","balance_statement","0"
"11289","7122","2025-09-22","push","balance_statement","0"
"11290","7123","2024-06-05","email","balance_statement","0"
"11291","7123","2025-12-08","email","balance_statement","0"
"11292","7124","2019-04-27","email","service_alert","0"
"11293","7124","2020-12-18","email","promo_email","0"
"11294","7124","2021-01-19","push","promo_email","0"
"11295","7124","2022-04-07","email","promo_email","0"
"11296","7124","2025-07-24","email","promo_email","0"
"11297","7125","2020-02-20","postal","balance_statement","0"
"11298","7125","2022-11-18","email","balance_statement","0"
"11299","7125","2024-04-16","postal","balance_statement","0"
"11300","7125","2026-06-04","email","balance_statement","0"
"11301","7126","2026-02-11","postal","service_alert","0"
"11302","7127","2022-08-25","email","balance_statement","0"
"11303","7127","2023-09-09","email","balance_statement","1"
"11304","7127","2026-06-02","postal","service_alert","0"
"11305","7128","2019-08-02","push","promo_email","0"
"11306","7128","2020-04-18","push","balance_statement","0"
"11307","7128","2021-01-11","postal","promo_email","0"
"11308","7128","2022-05-20","push","service_alert","0"
"11309","7130","2026-05-18","email","promo_email","0"
"11310","7131","2024-04-05","email","service_alert","0"
"11311","7132","2019-07-08","postal","promo_email","0"
"11312","7132","2020-05-01","email","promo_email","0"
"11313","7132","2022-04-11","postal","service_alert","0"
"11314","7132","2023-01-01","postal","promo_email","0"
"11315","7132","2024-09-20","email","balance_statement","0"
"11316","7132","2026-01-14","email","promo_email","0"
"11317","7134","2025-02-16","email","promo_email","0"
"11318","7135","2023-10-19","email","promo_email","0"
"11319","7137","2025-08-14","postal","balance_statement","0"
"11320","7138","2025-05-21","push","promo_email","1"
"11321","7138","2026-04-03","email","balance_statement","0"
"11322","7139","2022-03-10","email","promo_email","0"
"11323","7139","2023-12-11","email","promo_email","0"
"11324","7139","2025-01-26","postal","promo_email","0"
"11325","7140","2024-09-17","email","service_alert","0"
"11326","7140","2025-06-06","push","promo_email","0"
"11327","7141","2024-10-01","push","balance_statement","0"
"11328","7141","2025-12-23","email","service_alert","0"
"11329","7141","2026-06-14","email","balance_statement","0"
"11330","7142","2024-09-11","email","promo_email","1"
"11331","7142","2025-04-08","push","balance_statement","1"
"11332","7143","2021-08-17","email","promo_email","0"
"11333","7144","2026-03-03","email","balance_statement","1"
"11334","7147","2024-02-18","push","balance_statement","0"
"11335","7147","2026-03-20","push","promo_email","0"
"11336","7148","2020-02-19","email","service_alert","0"
"11337","7148","2024-01-11","email","service_alert","0"
"11338","7148","2025-12-09","postal","promo_email","0"
"11339","7149","2023-09-25","email","promo_email","0"
"11340","7149","2024-03-10","email","service_alert","0"
"11341","7149","2025-04-12","email","balance_statement","0"
"11342","7150","2020-04-04","push","service_alert","0"
"11343","7150","2022-08-07","email","balance_statement","0"
"11344","7150","2025-11-05","postal","service_alert","0"
"11345","7150","2026-04-02","email","balance_statement","0"
"11346","7151","2025-10-09","postal","promo_email","0"
"11347","7152","2026-04-06","email","promo_email","0"
"11348","7153","2025-11-10","email","promo_email","0"
"11349","7154","2026-02-20","postal","promo_email","0"
"11350","7155","2024-02-27","push","service_alert","0"
"11351","7155","2025-02-16","email","promo_email","0"
"11352","7156","2026-04-10","email","promo_email","0"
"11353","7158","2021-09-25","email","balance_statement","0"
"11354","7158","2022-06-01","email","service_alert","0"
"11355","7158","2023-11-05","email","balance_statement","0"
"11356","7158","2024-03-11","postal","balance_statement","0"
"11357","7158","2025-08-20","push","promo_email","0"
"11358","7159","2021-09-10","email","balance_statement","0"
"11359","7159","2022-12-09","email","promo_email","0"
"11360","7161","2022-06-09","email","balance_statement","0"
"11361","7161","2026-04-09","email","balance_statement","1"
"11362","7163","2026-06-22","postal","balance_statement","0"
"11363","7164","2025-07-22","email","promo_email","0"
"11364","7165","2021-12-04","postal","balance_statement","0"
"11365","7165","2022-06-06","postal","balance_statement","0"
"11366","7165","2023-04-21","email","promo_email","0"
"11367","7165","2024-01-26","email","promo_email","0"
"11368","7165","2025-11-08","email","promo_email","0"
"11369","7166","2025-10-08","email","promo_email","0"
"11370","7167","2025-02-19","push","service_alert","0"
"11371","7169","2025-06-03","push","promo_email","1"
"11372","7169","2026-03-08","push","balance_statement","0"
"11373","7172","2026-03-05","push","promo_email","0"
"11374","7173","2020-12-12","email","promo_email","0"
"11375","7173","2021-03-28","email","balance_statement","0"
"11376","7173","2022-03-19","email","balance_statement","0"
"11377","7173","2023-11-10","email","balance_statement","0"
"11378","7173","2025-05-24","email","balance_statement","0"
"11379","7174","2024-11-21","email","promo_email","0"
"11380","7174","2025-01-08","postal","balance_statement","0"
"11381","7176","2022-12-19","email","promo_email","0"
"11382","7176","2023-11-23","email","balance_statement","0"
"11383","7176","2024-01-01","email","promo_email","0"
"11384","7176","2025-04-12","postal","balance_statement","0"
"11385","7178","2025-04-21","email","promo_email","0"
"11386","7179","2023-12-13","push","balance_statement","0"
"11387","7179","2025-05-05","push","promo_email","0"
"11388","7180","2024-01-04","postal","promo_email","0"
"11389","7180","2026-03-11","email","promo_email","0"
"11390","7181","2024-08-22","email","promo_email","0"
"11391","7181","2026-02-28","email","service_alert","0"
"11392","7183","2020-11-20","push","service_alert","0"
"11393","7183","2025-04-23","email","balance_statement","0"
"11394","7183","2026-02-19","postal","promo_email","0"
"11395","7184","2022-11-25","email","promo_email","0"
"11396","7184","2023-10-13","email","balance_statement","0"
"11397","7184","2025-04-20","email","balance_statement","0"
"11398","7187","2025-02-10","email","service_alert","0"
"11399","7188","2026-01-23","push","balance_statement","0"
"11400","7189","2024-08-12","postal","balance_statement","0"
"11401","7190","2024-12-17","email","promo_email","0"
"11402","7190","2025-05-05","push","balance_statement","0"
"11403","7191","2023-02-22","email","promo_email","0"
"11404","7191","2024-06-16","email","promo_email","0"
"11405","7191","2026-05-03","postal","service_alert","0"
"11406","7192","2026-06-19","push","service_alert","0"
"11407","7195","2026-04-02","push","balance_statement","0"
"11408","7196","2020-04-24","email","balance_statement","0"
"11409","7196","2021-02-05","postal","balance_statement","0"
"11410","7196","2023-09-23","email","balance_statement","0"
"11411","7198","2021-06-02","email","promo_email","0"
"11412","7198","2022-06-07","email","promo_email","0"
"11413","7198","2023-11-20","email","balance_statement","0"
"11414","7198","2026-05-24","email","promo_email","0"
"11415","7201","2026-02-16","push","promo_email","0"
"11416","7204","2023-07-17","email","balance_statement","0"
"11417","7204","2024-11-16","email","balance_statement","0"
"11418","7204","2025-04-04","postal","balance_statement","0"
"11419","7206","2020-09-14","email","balance_statement","0"
"11420","7206","2022-04-02","push","promo_email","0"
"11421","7206","2023-01-05","email","balance_statement","1"
"11422","7206","2024-11-03","email","balance_statement","0"
"11423","7207","2023-12-06","email","service_alert","0"
"11424","7207","2024-04-08","email","balance_statement","0"
"11425","7207","2025-06-16","email","balance_statement","0"
"11426","7208","2024-04-02","email","balance_statement","0"
"11427","7208","2026-05-24","email","promo_email","0"
"11428","7212","2026-06-11","postal","promo_email","0"
"11429","7213","2023-01-02","email","balance_statement","0"
"11430","7213","2025-01-17","email","balance_statement","0"
"11431","7214","2024-11-08","email","balance_statement","0"
"11432","7215","2023-12-09","email","service_alert","0"
"11433","7215","2024-04-16","email","service_alert","0"
"11434","7215","2025-09-23","email","balance_statement","0"
"11435","7216","2025-12-22","email","balance_statement","0"
"11436","7218","2025-10-05","email","balance_statement","0"
"11437","7219","2022-12-08","email","balance_statement","0"
"11438","7219","2023-10-23","push","balance_statement","0"
"11439","7219","2024-08-15","email","promo_email","0"
"11440","7219","2025-04-07","push","service_alert","1"
"11441","7219","2026-03-25","postal","promo_email","0"
"11442","7220","2026-04-21","postal","balance_statement","0"
"11443","7221","2025-04-07","push","promo_email","0"
"11444","7222","2025-03-19","postal","balance_statement","0"
"11445","7225","2025-01-04","email","balance_statement","1"
"11446","7226","2024-08-13","email","balance_statement","0"
"11447","7226","2026-05-09","email","balance_statement","1"
"11448","7227","2026-04-02","push","balance_statement","1"
"11449","7229","2022-08-02","push","balance_statement","0"
"11450","7229","2023-05-27","email","service_alert","0"
"11451","7229","2024-10-24","postal","promo_email","0"
"11452","7229","2026-02-26","email","balance_statement","0"
"11453","7231","2024-04-02","postal","balance_statement","0"
"11454","7232","2023-12-08","email","balance_statement","0"
"11455","7232","2024-06-13","email","balance_statement","0"
"11456","7233","2021-12-18","postal","balance_statement","0"
"11457","7233","2025-09-19","email","balance_statement","0"
"11458","7235","2021-07-03","email","balance_statement","0"
"11459","7235","2022-09-17","email","promo_email","0"
"11460","7235","2023-02-10","email","promo_email","1"
"11461","7235","2024-06-16","push","promo_email","0"
"11462","7236","2019-12-03","email","balance_statement","0"
"11463","7236","2020-11-19","email","promo_email","0"
"11464","7236","2023-05-20","push","balance_statement","0"
"11465","7236","2024-06-18","email","balance_statement","0"
"11466","7236","2026-05-18","postal","promo_email","0"
"11467","7237","2025-10-11","email","promo_email","0"
"11468","7239","2021-07-11","email","service_alert","1"
"11469","7239","2023-12-12","postal","balance_statement","0"
"11470","7239","2025-10-16","email","balance_statement","0"
"11471","7240","2026-05-07","email","balance_statement","0"
"11472","7241","2025-02-03","push","promo_email","1"
"11473","7242","2020-11-26","postal","service_alert","0"
"11474","7242","2022-01-06","email","service_alert","0"
"11475","7242","2023-04-11","push","promo_email","0"
"11476","7242","2024-10-05","email","service_alert","0"
"11477","7245","2021-07-28","email","promo_email","0"
"11478","7245","2023-10-22","email","balance_statement","0"
"11479","7245","2024-12-06","postal","balance_statement","0"
"11480","7245","2025-02-21","email","promo_email","0"
"11481","7246","2022-09-08","email","promo_email","0"
"11482","7246","2023-09-17","email","balance_statement","0"
"11483","7247","2023-05-04","email","balance_statement","0"
"11484","7247","2024-02-03","email","promo_email","1"
"11485","7248","2022-03-04","postal","balance_statement","0"
"11486","7248","2023-06-24","email","promo_email","1"
"11487","7248","2024-09-11","email","promo_email","0"
"11488","7248","2025-05-28","postal","balance_statement","0"
"11489","7250","2021-10-24","email","balance_statement","0"
"11490","7250","2024-04-26","email","promo_email","0"
"11491","7250","2025-12-09","email","balance_statement","1"
"11492","7251","2025-10-11","email","balance_statement","0"
"11493","7252","2025-06-02","push","promo_email","0"
"11494","7253","2022-12-09","push","service_alert","0"
"11495","7253","2024-10-13","postal","promo_email","0"
"11496","7253","2025-08-07","push","promo_email","0"
"11497","7253","2026-03-05","email","balance_statement","0"
"11498","7255","2020-07-01","push","balance_statement","0"
"11499","7255","2021-08-12","postal","balance_statement","0"
"11500","7255","2022-02-20","email","balance_statement","0"
"11501","7255","2023-03-27","push","service_alert","1"
"11502","7255","2025-11-02","email","balance_statement","0"
"11503","7257","2022-08-26","postal","balance_statement","0"
"11504","7258","2025-10-12","email","balance_statement","1"
"11505","7258","2026-04-24","postal","promo_email","1"
"11506","7259","2025-04-20","email","promo_email","0"
"11507","7260","2026-06-27","postal","balance_statement","0"
"11508","7263","2020-07-16","push","promo_email","0"
"11509","7263","2021-04-06","email","balance_statement","0"
"11510","7263","2022-07-26","push","balance_statement","1"
"11511","7263","2023-12-21","push","balance_statement","0"
"11512","7263","2025-12-21","postal","balance_statement","0"
"11513","7264","2025-08-08","email","promo_email","0"
"11514","7264","2026-05-21","postal","balance_statement","0"
"11515","7265","2021-08-21","email","service_alert","1"
"11516","7265","2022-01-20","email","balance_statement","0"
"11517","7265","2023-04-14","postal","service_alert","0"
"11518","7265","2024-10-01","email","balance_statement","0"
"11519","7265","2025-03-04","postal","promo_email","0"
"11520","7268","2021-05-13","postal","service_alert","0"
"11521","7268","2023-01-03","email","promo_email","0"
"11522","7269","2024-05-24","push","promo_email","0"
"11523","7269","2025-06-03","email","balance_statement","0"
"11524","7269","2026-03-02","push","promo_email","0"
"11525","7270","2025-12-04","email","promo_email","0"
"11526","7270","2026-03-17","email","promo_email","0"
"11527","7271","2021-10-04","push","balance_statement","0"
"11528","7271","2023-02-28","email","promo_email","0"
"11529","7271","2024-07-18","email","balance_statement","0"
"11530","7271","2025-11-16","email","promo_email","0"
"11531","7271","2026-04-01","postal","balance_statement","0"
"11532","7274","2025-09-13","email","balance_statement","0"
"11533","7275","2023-07-03","push","balance_statement","0"
"11534","7275","2025-03-18","email","balance_statement","0"
"11535","7277","2025-03-05","email","promo_email","1"
"11536","7277","2026-02-25","push","promo_email","0"
"11537","7278","2022-05-17","email","promo_email","1"
"11538","7278","2023-07-10","push","service_alert","1"
"11539","7278","2025-11-05","email","balance_statement","1"
"11540","7278","2026-05-06","push","promo_email","1"
"11541","7279","2021-09-02","email","balance_statement","0"
"11542","7279","2023-12-27","email","service_alert","1"
"11543","7279","2024-02-02","postal","promo_email","0"
"11544","7279","2025-09-07","postal","promo_email","0"
"11545","7281","2024-08-06","email","promo_email","0"
"11546","7281","2025-05-11","email","balance_statement","0"
"11547","7282","2025-10-06","postal","balance_statement","0"
"11548","7282","2026-02-27","email","promo_email","0"
"11549","7283","2022-05-16","postal","promo_email","0"
"11550","7283","2024-08-22","email","balance_statement","0"
"11551","7285","2024-06-25","email","balance_statement","0"
"11552","7286","2025-10-05","postal","promo_email","0"
"11553","7287","2025-01-02","email","service_alert","0"
"11554","7290","2022-10-07","email","balance_statement","1"
"11555","7290","2023-04-17","postal","service_alert","1"
"11556","7290","2024-09-16","email","balance_statement","1"
"11557","7290","2025-05-15","postal","promo_email","1"
"11558","7291","2023-09-20","email","balance_statement","0"
"11559","7291","2024-12-25","email","balance_statement","1"
"11560","7291","2025-11-08","email","service_alert","0"
"11561","7292","2026-05-01","email","balance_statement","1"
"11562","7293","2024-12-01","postal","promo_email","0"
"11563","7293","2025-07-06","email","service_alert","0"
"11564","7293","2026-05-21","email","promo_email","0"
"11565","7294","2020-09-23","email","balance_statement","0"
"11566","7294","2021-06-04","email","balance_statement","0"
"11567","7294","2022-03-04","postal","balance_statement","0"
"11568","7294","2024-02-03","email","balance_statement","0"
"11569","7295","2023-05-11","email","balance_statement","0"
"11570","7295","2024-05-04","postal","promo_email","0"
"11571","7296","2024-11-25","email","promo_email","0"
"11572","7296","2025-01-16","email","balance_statement","0"
"11573","7297","2022-03-27","email","promo_email","0"
"11574","7297","2025-09-08","email","promo_email","0"
"11575","7298","2023-10-02","email","balance_statement","0"
"11576","7298","2024-05-06","postal","promo_email","0"
"11577","7298","2025-10-13","postal","promo_email","0"
"11578","7299","2022-06-28","email","balance_statement","0"
"11579","7299","2023-06-27","push","balance_statement","0"
"11580","7299","2024-08-10","push","balance_statement","0"
"11581","7300","2021-09-07","email","promo_email","0"
"11582","7300","2022-08-12","email","promo_email","0"
"11583","7302","2019-09-18","postal","balance_statement","0"
"11584","7302","2020-08-26","email","balance_statement","0"
"11585","7302","2021-10-05","postal","promo_email","0"
"11586","7302","2024-05-04","postal","service_alert","0"
"11587","7302","2026-06-18","email","promo_email","0"
"11588","7303","2024-05-01","email","service_alert","0"
"11589","7303","2025-12-21","postal","service_alert","0"
"11590","7303","2026-04-06","email","balance_statement","0"
"11591","7304","2024-10-19","postal","balance_statement","0"
"11592","7305","2021-12-12","push","balance_statement","0"
"11593","7305","2022-06-15","email","balance_statement","1"
"11594","7305","2025-01-04","email","promo_email","1"
"11595","7306","2025-09-12","push","promo_email","0"
"11596","7307","2021-04-10","postal","balance_statement","0"
"11597","7307","2025-04-06","postal","promo_email","0"
"11598","7311","2025-06-06","email","promo_email","0"
"11599","7313","2023-03-16","email","balance_statement","0"
"11600","7313","2024-02-16","postal","promo_email","0"
"11601","7313","2025-12-16","email","promo_email","0"
"11602","7314","2023-06-11","email","promo_email","0"
"11603","7314","2025-12-04","postal","balance_statement","0"
"11604","7314","2026-01-26","email","balance_statement","1"
"11605","7315","2020-11-18","email","service_alert","0"
"11606","7315","2022-11-28","push","promo_email","0"
"11607","7315","2024-02-14","email","balance_statement","0"
"11608","7315","2025-05-10","push","balance_statement","0"
"11609","7316","2022-03-17","email","service_alert","0"
"11610","7316","2023-01-07","email","balance_statement","0"
"11611","7316","2024-01-01","email","balance_statement","0"
"11612","7317","2024-04-26","postal","promo_email","1"
"11613","7319","2020-11-09","email","promo_email","0"
"11614","7319","2021-07-24","email","service_alert","0"
"11615","7319","2022-11-14","email","service_alert","0"
"11616","7319","2023-10-27","email","balance_statement","0"
"11617","7319","2025-01-15","email","promo_email","0"
"11618","7320","2022-08-04","email","balance_statement","0"
"11619","7323","2025-08-04","email","promo_email","0"
"11620","7324","2025-08-26","email","balance_statement","0"
"11621","7325","2024-12-07","push","promo_email","0"
"11622","7325","2026-03-12","postal","balance_statement","0"
"11623","7326","2026-04-04","email","balance_statement","0"
"11624","7329","2024-12-16","push","promo_email","0"
"11625","7329","2025-05-02","email","balance_statement","0"
"11626","7331","2023-12-21","push","promo_email","0"
"11627","7331","2024-09-14","postal","balance_statement","0"
"11628","7333","2023-07-09","email","promo_email","1"
"11629","7333","2024-10-20","push","balance_statement","0"
"11630","7333","2026-06-01","email","promo_email","0"
"11631","7334","2026-05-04","email","balance_statement","0"
"11632","7335","2025-10-13","email","promo_email","1"
"11633","7336","2023-05-17","push","balance_statement","0"
"11634","7336","2026-02-25","email","promo_email","0"
"11635","7337","2024-05-07","email","promo_email","0"
"11636","7338","2023-12-05","postal","service_alert","0"
"11637","7338","2024-07-22","email","balance_statement","0"
"11638","7338","2025-11-25","email","promo_email","0"
"11639","7338","2026-05-17","email","service_alert","0"
"11640","7340","2022-12-05","email","balance_statement","0"
"11641","7340","2023-10-11","email","balance_statement","0"
"11642","7340","2024-03-24","postal","promo_email","0"
"11643","7340","2026-02-28","email","balance_statement","0"
"11644","7341","2023-06-17","push","promo_email","0"
"11645","7342","2026-05-17","email","service_alert","0"
"11646","7343","2025-07-17","push","promo_email","0"
"11647","7344","2024-06-03","email","balance_statement","0"
"11648","7344","2025-06-08","email","balance_statement","0"
"11649","7346","2024-08-25","postal","service_alert","0"
"11650","7347","2024-12-10","postal","balance_statement","0"
"11651","7348","2023-05-21","email","balance_statement","0"
"11652","7348","2024-09-06","postal","promo_email","0"
"11653","7348","2025-09-04","email","balance_statement","0"
"11654","7350","2024-03-10","push","balance_statement","0"
"11655","7350","2025-10-07","email","promo_email","0"
"11656","7350","2026-05-09","email","service_alert","0"
"11657","7352","2026-06-12","postal","balance_statement","1"
"11658","7353","2025-10-26","email","balance_statement","0"
"11659","7353","2026-03-16","push","promo_email","0"
"11660","7357","2020-11-28","email","promo_email","0"
"11661","7357","2022-07-06","email","promo_email","0"
"11662","7357","2023-03-22","email","balance_statement","0"
"11663","7357","2025-03-06","push","balance_statement","0"
"11664","7358","2025-01-11","email","promo_email","0"
"11665","7359","2024-10-13","email","promo_email","0"
"11666","7361","2026-04-14","email","balance_statement","0"
"11667","7362","2022-08-04","postal","balance_statement","0"
"11668","7362","2024-01-02","push","promo_email","0"
"11669","7362","2025-04-07","email","balance_statement","0"
"11670","7362","2026-01-23","push","balance_statement","0"
"11671","7364","2021-10-09","email","promo_email","0"
"11672","7364","2024-11-12","email","service_alert","0"
"11673","7365","2020-03-16","postal","service_alert","0"
"11674","7365","2022-07-01","email","balance_statement","0"
"11675","7367","2026-06-18","email","balance_statement","1"
"11676","7370","2019-12-13","email","balance_statement","0"
"11677","7370","2020-12-16","email","balance_statement","0"
"11678","7370","2021-11-21","postal","balance_statement","0"
"11679","7370","2022-11-03","email","balance_statement","0"
"11680","7370","2023-11-19","email","balance_statement","0"
"11681","7370","2024-10-13","email","promo_email","0"
"11682","7370","2025-06-04","email","promo_email","1"
"11683","7371","2024-03-09","push","balance_statement","0"
"11684","7371","2025-01-03","postal","promo_email","0"
"11685","7372","2021-08-19","postal","service_alert","0"
"11686","7372","2022-10-25","postal","balance_statement","0"
"11687","7372","2025-04-16","email","service_alert","0"
"11688","7373","2022-04-10","email","balance_statement","0"
"11689","7373","2025-11-16","email","balance_statement","0"
"11690","7373","2026-02-04","postal","service_alert","1"
"11691","7374","2020-07-25","email","balance_statement","1"
"11692","7374","2021-11-06","postal","service_alert","0"
"11693","7374","2025-01-07","email","balance_statement","0"
"11694","7374","2026-02-25","email","service_alert","0"
"11695","7375","2023-08-19","postal","promo_email","0"
"11696","7375","2024-10-25","email","promo_email","0"
"11697","7376","2025-12-27","email","promo_email","0"
"11698","7376","2026-03-21","email","balance_statement","0"
"11699","7377","2024-01-01","email","promo_email","0"
"11700","7377","2025-03-08","email","promo_email","0"
"11701","7380","2022-12-02","email","balance_statement","0"
"11702","7380","2024-09-20","push","balance_statement","0"
"11703","7380","2025-09-09","email","promo_email","0"
"11704","7382","2021-05-28","postal","promo_email","0"
"11705","7382","2024-08-07","email","service_alert","0"
"11706","7382","2025-04-24","email","promo_email","0"
"11707","7383","2025-02-11","email","promo_email","0"
"11708","7385","2019-05-15","email","balance_statement","0"
"11709","7385","2020-10-16","postal","balance_statement","0"
"11710","7385","2022-09-13","email","service_alert","0"
"11711","7385","2023-08-07","email","balance_statement","0"
"11712","7385","2024-03-13","email","promo_email","0"
"11713","7387","2021-05-18","email","balance_statement","0"
"11714","7387","2022-09-19","email","promo_email","0"
"11715","7387","2023-07-14","postal","promo_email","0"
"11716","7387","2024-07-16","email","promo_email","0"
"11717","7391","2024-05-28","email","promo_email","0"
"11718","7391","2026-04-02","email","service_alert","0"
"11719","7393","2025-03-18","postal","promo_email","0"
"11720","7395","2020-10-10","postal","balance_statement","0"
"11721","7395","2021-04-01","postal","promo_email","0"
"11722","7395","2022-09-21","email","balance_statement","0"
"11723","7395","2023-10-17","push","promo_email","0"
"11724","7395","2025-12-01","email","balance_statement","0"
"11725","7396","2026-03-26","postal","promo_email","0"
"11726","7400","2026-06-04","postal","promo_email","0"
"11727","7401","2022-02-13","push","service_alert","0"
"11728","7401","2024-11-15","email","balance_statement","0"
"11729","7401","2026-01-23","email","balance_statement","0"
"11730","7402","2021-04-02","email","promo_email","0"
"11731","7402","2022-02-17","email","promo_email","0"
"11732","7402","2024-08-13","postal","balance_statement","0"
"11733","7403","2025-12-03","email","promo_email","0"
"11734","7403","2026-01-07","email","service_alert","0"
"11735","7406","2023-12-27","email","balance_statement","0"
"11736","7406","2024-11-03","email","promo_email","0"
"11737","7406","2026-01-11","email","promo_email","0"
"11738","7407","2025-12-06","email","balance_statement","1"
"11739","7407","2026-03-02","postal","service_alert","0"
"11740","7408","2025-07-18","email","balance_statement","0"
"11741","7410","2024-10-12","push","service_alert","0"
"11742","7410","2025-03-21","push","promo_email","0"
"11743","7411","2020-01-17","postal","promo_email","0"
"11744","7411","2024-04-28","push","promo_email","0"
"11745","7411","2025-06-13","postal","balance_statement","0"
"11746","7412","2024-02-28","email","promo_email","0"
"11747","7412","2025-11-27","push","balance_statement","0"
"11748","7413","2023-01-15","email","service_alert","0"
"11749","7413","2025-02-08","email","balance_statement","0"
"11750","7413","2026-04-23","postal","balance_statement","0"
"11751","7415","2023-02-22","email","promo_email","0"
"11752","7415","2025-04-15","email","promo_email","0"
"11753","7416","2023-11-19","email","balance_statement","0"
"11754","7416","2024-12-09","email","balance_statement","0"
"11755","7417","2024-08-21","postal","service_alert","1"
"11756","7417","2025-03-02","email","promo_email","0"
"11757","7418","2021-10-09","email","balance_statement","0"
"11758","7418","2022-04-12","email","balance_statement","0"
"11759","7418","2024-07-27","email","service_alert","0"
"11760","7418","2026-04-18","email","promo_email","0"
"11761","7419","2022-12-03","postal","service_alert","0"
"11762","7420","2025-09-11","email","promo_email","0"
"11763","7421","2023-05-19","postal","balance_statement","0"
"11764","7421","2024-11-04","email","balance_statement","0"
"11765","7421","2025-12-07","email","balance_statement","0"
"11766","7422","2025-08-09","email","balance_statement","0"
"11767","7424","2025-10-09","email","promo_email","0"
"11768","7424","2026-02-17","email","promo_email","0"
"11769","7426","2024-08-26","push","service_alert","1"
"11770","7426","2025-11-16","postal","balance_statement","0"
"11771","7427","2025-09-25","push","balance_statement","0"
"11772","7430","2024-04-28","email","promo_email","0"
"11773","7431","2022-06-08","email","promo_email","0"
"11774","7431","2023-05-11","postal","balance_statement","0"
"11775","7431","2024-10-26","email","promo_email","0"
"11776","7432","2023-01-14","email","service_alert","0"
"11777","7432","2025-11-02","email","balance_statement","0"
"11778","7433","2024-04-01","email","promo_email","0"
"11779","7433","2025-03-13","email","promo_email","0"
"11780","7434","2026-06-22","email","service_alert","0"
"11781","7435","2022-09-27","email","service_alert","0"
"11782","7435","2023-07-23","push","promo_email","0"
"11783","7435","2025-10-10","email","balance_statement","0"
"11784","7436","2025-09-10","email","promo_email","0"
"11785","7436","2026-01-01","push","promo_email","0"
"11786","7438","2023-05-15","email","balance_statement","0"
"11787","7438","2024-09-20","email","promo_email","0"
"11788","7439","2024-11-05","email","balance_statement","0"
"11789","7439","2026-06-02","email","balance_statement","0"
"11790","7442","2025-12-22","push","balance_statement","0"
"11791","7442","2026-01-16","postal","balance_statement","0"
"11792","7443","2021-05-06","email","promo_email","0"
"11793","7443","2024-01-10","postal","promo_email","0"
"11794","7443","2025-06-27","postal","promo_email","0"
"11795","7443","2026-04-28","postal","promo_email","0"
"11796","7444","2025-07-21","push","promo_email","0"
"11797","7448","2022-11-08","email","balance_statement","0"
"11798","7448","2024-04-17","email","balance_statement","0"
"11799","7448","2025-07-11","postal","promo_email","0"
"11800","7449","2024-12-22","email","service_alert","0"
"11801","7450","2022-05-28","email","service_alert","0"
"11802","7450","2023-03-21","email","balance_statement","0"
"11803","7451","2020-06-25","push","balance_statement","0"
"11804","7451","2023-03-01","postal","balance_statement","0"
"11805","7451","2025-07-22","email","balance_statement","0"
"11806","7452","2021-09-28","push","promo_email","0"
"11807","7452","2022-10-15","email","balance_statement","0"
"11808","7452","2023-02-22","push","balance_statement","0"
"11809","7452","2024-02-11","postal","balance_statement","0"
"11810","7452","2025-03-16","postal","service_alert","0"
"11811","7453","2024-12-21","email","promo_email","0"
"11812","7453","2025-02-02","email","promo_email","0"
"11813","7455","2023-02-05","postal","promo_email","0"
"11814","7455","2026-04-08","push","service_alert","0"
"11815","7456","2022-06-11","email","promo_email","0"
"11816","7456","2023-12-26","email","promo_email","0"
"11817","7456","2025-08-05","email","promo_email","0"
"11818","7457","2021-10-09","email","balance_statement","0"
"11819","7457","2022-01-23","email","balance_statement","0"
"11820","7457","2026-01-09","email","promo_email","0"
"11821","7459","2024-11-04","postal","service_alert","0"
"11822","7459","2025-11-22","email","balance_statement","0"
"11823","7460","2021-12-27","email","promo_email","1"
"11824","7460","2022-12-15","push","service_alert","1"
"11825","7460","2024-07-06","email","promo_email","1"
"11826","7460","2026-05-15","email","balance_statement","1"
"11827","7462","2020-02-01","postal","balance_statement","0"
"11828","7462","2021-03-11","postal","promo_email","0"
"11829","7462","2022-12-17","email","balance_statement","0"
"11830","7462","2023-09-17","email","balance_statement","0"
"11831","7463","2023-06-11","email","service_alert","0"
"11832","7463","2025-11-14","email","promo_email","0"
"11833","7464","2019-08-17","push","balance_statement","0"
"11834","7464","2024-07-13","postal","balance_statement","0"
"11835","7466","2021-01-19","email","promo_email","0"
"11836","7466","2022-12-14","email","promo_email","0"
"11837","7466","2025-02-13","email","promo_email","0"
"11838","7467","2022-05-23","postal","promo_email","0"
"11839","7467","2025-04-05","email","promo_email","0"
"11840","7468","2024-02-20","push","balance_statement","0"
"11841","7469","2025-12-20","email","balance_statement","0"
"11842","7469","2026-03-05","email","balance_statement","0"
"11843","7471","2023-09-15","email","balance_statement","0"
"11844","7471","2025-10-03","email","balance_statement","0"
"11845","7471","2026-01-27","email","promo_email","0"
"11846","7473","2024-11-07","email","balance_statement","0"
"11847","7474","2024-10-19","email","promo_email","0"
"11848","7475","2023-09-12","email","balance_statement","0"
"11849","7475","2025-12-16","email","balance_statement","0"
"11850","7476","2021-07-14","push","promo_email","0"
"11851","7476","2022-05-25","email","balance_statement","0"
"11852","7476","2023-04-21","email","promo_email","1"
"11853","7476","2025-01-25","email","promo_email","0"
"11854","7477","2024-11-13","email","service_alert","0"
"11855","7480","2023-06-09","email","service_alert","0"
"11856","7480","2024-10-07","email","balance_statement","0"
"11857","7480","2025-04-01","email","balance_statement","0"
"11858","7480","2026-06-01","push","promo_email","0"
"11859","7481","2022-12-24","email","service_alert","0"
"11860","7481","2024-12-12","push","balance_statement","0"
"11861","7482","2025-08-13","email","promo_email","0"
"11862","7482","2026-06-22","email","promo_email","0"
"11863","7484","2023-09-25","email","promo_email","0"
"11864","7484","2024-02-06","postal","balance_statement","0"
"11865","7484","2025-07-05","postal","balance_statement","0"
"11866","7485","2025-01-28","email","balance_statement","0"
"11867","7485","2026-04-06","postal","balance_statement","0"
"11868","7486","2024-02-10","email","promo_email","0"
"11869","7486","2025-04-10","email","balance_statement","0"
"11870","7486","2026-01-11","postal","balance_statement","0"
"11871","7487","2026-05-14","email","balance_statement","0"
"11872","7488","2026-01-17","email","balance_statement","0"
"11873","7489","2025-11-14","email","balance_statement","0"
"11874","7493","2026-06-14","push","balance_statement","0"
"11875","7494","2024-03-16","email","promo_email","0"
"11876","7494","2025-08-17","email","balance_statement","0"
"11877","7495","2026-02-20","email","balance_statement","0"
"11878","7496","2024-09-18","email","balance_statement","0"
"11879","7496","2025-11-06","email","balance_statement","0"
"11880","7496","2026-03-28","email","service_alert","0"
"11881","7497","2021-02-23","email","balance_statement","0"
"11882","7497","2023-11-15","push","balance_statement","0"
"11883","7497","2024-08-15","push","balance_statement","1"
"11884","7498","2022-01-05","email","promo_email","0"
"11885","7498","2024-09-10","email","promo_email","0"
"11886","7498","2026-06-09","email","promo_email","0"
"11887","7499","2021-09-01","email","balance_statement","0"
"11888","7499","2024-02-15","postal","balance_statement","0"
"11889","7499","2026-04-26","postal","promo_email","0"
"11890","7501","2024-08-22","email","balance_statement","0"
"11891","7501","2025-04-14","postal","promo_email","0"
"11892","7502","2025-09-26","push","service_alert","0"
"11893","7502","2026-05-03","email","balance_statement","0"
"11894","7503","2021-06-10","postal","balance_statement","0"
"11895","7503","2023-10-25","email","service_alert","0"
"11896","7503","2024-12-08","email","promo_email","0"
"11897","7503","2025-11-28","email","balance_statement","0"
"11898","7506","2025-08-26","email","promo_email","0"
"11899","7507","2021-07-20","postal","promo_email","0"
"11900","7507","2023-05-13","email","balance_statement","0"
"11901","7507","2024-11-09","email","balance_statement","0"
"11902","7507","2025-06-09","email","balance_statement","0"
"11903","7508","2026-01-12","email","promo_email","0"
"11904","7509","2025-12-24","email","promo_email","0"
"11905","7510","2025-04-22","email","promo_email","0"
"11906","7511","2025-05-07","postal","balance_statement","0"
"11907","7514","2025-09-05","postal","balance_statement","1"
"11908","7519","2024-07-13","email","balance_statement","0"
"11909","7520","2020-09-05","push","service_alert","0"
"11910","7520","2021-10-24","email","balance_statement","0"
"11911","7520","2024-07-20","email","balance_statement","0"
"11912","7520","2026-01-25","email","promo_email","0"
"11913","7521","2025-06-04","email","balance_statement","0"
"11914","7524","2023-10-06","email","service_alert","0"
"11915","7524","2024-05-02","postal","balance_statement","0"
"11916","7525","2022-08-14","email","promo_email","0"
"11917","7525","2024-06-02","push","balance_statement","0"
"11918","7526","2025-09-21","postal","balance_statement","0"
"11919","7526","2026-06-07","push","balance_statement","0"
"11920","7527","2024-06-27","email","balance_statement","0"
"11921","7529","2024-08-22","email","service_alert","0"
"11922","7530","2025-07-14","email","promo_email","1"
"11923","7531","2024-02-15","email","service_alert","0"
"11924","7532","2021-01-08","email","balance_statement","0"
"11925","7532","2024-05-08","email","balance_statement","0"
"11926","7533","2026-06-01","email","balance_statement","0"
"11927","7538","2024-08-23","postal","promo_email","0"
"11928","7538","2025-09-22","email","balance_statement","0"
"11929","7539","2023-05-15","email","promo_email","0"
"11930","7539","2024-07-03","email","promo_email","0"
"11931","7539","2025-07-09","email","balance_statement","0"
"11932","7540","2024-01-08","push","balance_statement","1"
"11933","7541","2022-11-07","email","balance_statement","0"
"11934","7541","2023-12-18","push","promo_email","0"
"11935","7541","2025-01-14","email","balance_statement","0"
"11936","7542","2025-01-25","email","balance_statement","0"
"11937","7544","2025-08-17","email","promo_email","0"
"11938","7545","2023-11-22","email","balance_statement","0"
"11939","7545","2024-03-14","email","service_alert","0"
"11940","7545","2026-03-13","email","balance_statement","0"
"11941","7547","2024-07-03","email","promo_email","0"
"11942","7547","2025-06-21","email","promo_email","0"
"11943","7547","2026-04-11","push","service_alert","0"
"11944","7548","2024-01-01","email","balance_statement","0"
"11945","7548","2025-03-17","email","promo_email","0"
"11946","7549","2020-11-11","push","balance_statement","0"
"11947","7549","2021-10-13","push","promo_email","0"
"11948","7549","2024-01-22","email","balance_statement","0"
"11949","7549","2025-11-09","push","balance_statement","0"
"11950","7551","2021-04-22","postal","promo_email","0"
"11951","7551","2026-06-09","email","balance_statement","0"
"11952","7552","2021-09-14","email","promo_email","0"
"11953","7552","2023-02-18","postal","balance_statement","0"
"11954","7552","2026-05-09","email","promo_email","1"
"11955","7553","2024-02-24","email","balance_statement","0"
"11956","7553","2025-08-19","email","promo_email","0"
"11957","7554","2022-07-02","push","service_alert","0"
"11958","7554","2026-06-10","email","service_alert","0"
"11959","7555","2021-11-06","email","promo_email","0"
"11960","7555","2022-07-21","postal","balance_statement","0"
"11961","7555","2025-10-02","email","balance_statement","0"
"11962","7556","2025-11-14","email","promo_email","0"
"11963","7556","2026-06-09","email","balance_statement","0"
"11964","7557","2024-10-11","email","service_alert","0"
"11965","7557","2025-06-03","push","balance_statement","0"
"11966","7558","2025-04-18","email","balance_statement","0"
"11967","7559","2025-07-04","email","promo_email","0"
"11968","7560","2024-05-11","email","service_alert","0"
"11969","7560","2025-07-01","email","promo_email","0"
"11970","7561","2026-04-25","email","promo_email","0"
"11971","7562","2025-01-21","email","balance_statement","0"
"11972","7565","2025-11-23","email","service_alert","0"
"11973","7566","2024-07-02","email","balance_statement","0"
"11974","7566","2025-04-14","push","service_alert","0"
"11975","7567","2022-06-26","email","balance_statement","0"
"11976","7569","2025-10-12","push","balance_statement","0"
"11977","7570","2024-09-22","push","balance_statement","0"
"11978","7570","2025-12-15","email","service_alert","0"
"11979","7572","2023-11-09","push","balance_statement","0"
"11980","7572","2024-01-16","email","balance_statement","0"
"11981","7572","2025-06-03","email","balance_statement","1"
"11982","7572","2026-05-10","email","balance_statement","0"
"11983","7573","2023-04-26","email","balance_statement","0"
"11984","7573","2025-04-26","postal","promo_email","0"
"11985","7574","2021-11-27","email","promo_email","1"
"11986","7574","2024-03-20","push","balance_statement","0"
"11987","7574","2025-01-22","email","balance_statement","0"
"11988","7575","2025-12-15","email","balance_statement","0"
"11989","7576","2023-03-27","push","service_alert","0"
"11990","7576","2024-06-11","email","balance_statement","1"
"11991","7576","2025-06-04","push","promo_email","0"
"11992","7577","2024-02-05","email","service_alert","0"
"11993","7578","2022-10-11","postal","promo_email","0"
"11994","7578","2023-10-17","email","balance_statement","0"
"11995","7578","2024-10-10","postal","promo_email","0"
"11996","7578","2025-04-25","email","balance_statement","0"
"11997","7579","2025-01-12","email","balance_statement","0"
"11998","7580","2021-08-07","push","service_alert","0"
"11999","7580","2023-05-06","email","balance_statement","0"
"12000","7580","2025-08-15","email","balance_statement","0"
"12001","7582","2022-03-27","email","promo_email","0"
"12002","7582","2023-11-03","email","service_alert","0"
"12003","7582","2025-05-27","push","balance_statement","0"
"12004","7583","2025-09-23","postal","balance_statement","0"
"12005","7584","2024-09-05","push","balance_statement","0"
"12006","7584","2026-02-16","email","service_alert","0"
"12007","7585","2023-05-16","email","balance_statement","1"
"12008","7585","2024-12-04","email","balance_statement","1"
"12009","7585","2025-08-23","postal","promo_email","0"
"12010","7585","2026-03-09","push","service_alert","0"
"12011","7587","2025-10-10","push","service_alert","0"
"12012","7588","2024-05-05","email","service_alert","0"
"12013","7588","2025-11-06","postal","promo_email","0"
"12014","7590","2025-11-16","push","promo_email","1"
"12015","7592","2024-11-01","postal","service_alert","0"
"12016","7592","2025-08-28","email","balance_statement","0"
"12017","7593","2021-06-01","push","balance_statement","1"
"12018","7593","2025-09-06","email","service_alert","1"
"12019","7594","2024-02-10","push","balance_statement","0"
"12020","7594","2025-04-05","postal","balance_statement","0"
"12021","7594","2026-04-28","email","promo_email","0"
"12022","7595","2021-10-21","postal","service_alert","0"
"12023","7595","2023-10-09","email","balance_statement","0"
"12024","7595","2026-05-22","email","balance_statement","0"
"12025","7597","2023-04-23","email","balance_statement","1"
"12026","7597","2025-12-25","email","balance_statement","1"
"12027","7598","2025-06-21","postal","service_alert","0"
"12028","7599","2025-09-26","push","service_alert","0"
"12029","7600","2024-08-08","email","service_alert","0"
"12030","7600","2026-06-25","email","service_alert","0"
"12031","7601","2024-01-24","email","balance_statement","0"
"12032","7601","2026-04-18","email","balance_statement","0"
"12033","7602","2025-02-03","postal","balance_statement","0"
"12034","7603","2023-09-28","email","promo_email","0"
"12035","7603","2024-07-17","email","promo_email","0"
"12036","7603","2025-08-13","email","promo_email","0"
"12037","7604","2025-12-26","email","promo_email","0"
"12038","7605","2025-03-11","email","promo_email","0"
"12039","7605","2026-02-28","push","promo_email","1"
"12040","7606","2022-01-23","email","balance_statement","0"
"12041","7606","2023-04-01","email","balance_statement","0"
"12042","7606","2024-08-06","postal","balance_statement","0"
"12043","7606","2025-05-24","email","promo_email","0"
"12044","7608","2025-11-21","push","service_alert","0"
"12045","7610","2021-04-14","email","promo_email","0"
"12046","7610","2022-04-10","email","promo_email","0"
"12047","7612","2025-03-25","email","promo_email","0"
"12048","7614","2025-05-02","email","balance_statement","0"
"12049","7614","2026-05-10","postal","promo_email","0"
"12050","7616","2021-09-01","push","balance_statement","0"
"12051","7616","2022-09-15","email","promo_email","0"
"12052","7616","2024-05-18","email","balance_statement","0"
"12053","7616","2025-12-10","email","balance_statement","0"
"12054","7617","2023-01-21","postal","balance_statement","0"
"12055","7617","2024-10-22","email","balance_statement","0"
"12056","7617","2025-11-25","push","service_alert","0"
"12057","7618","2022-03-25","email","promo_email","0"
"12058","7618","2023-04-15","email","service_alert","0"
"12059","7618","2024-07-25","push","promo_email","0"
"12060","7618","2025-06-06","email","balance_statement","0"
"12061","7619","2025-11-07","postal","promo_email","0"
"12062","7619","2026-03-04","email","promo_email","0"
"12063","7620","2026-04-01","push","balance_statement","0"
"12064","7621","2021-10-10","email","promo_email","0"
"12065","7621","2024-04-25","email","balance_statement","0"
"12066","7621","2026-01-26","push","promo_email","0"
"12067","7622","2025-07-19","push","balance_statement","0"
"12068","7622","2026-02-20","email","service_alert","0"
"12069","7623","2025-07-16","email","promo_email","0"
"12070","7624","2026-04-11","postal","balance_statement","0"
"12071","7626","2025-03-16","email","balance_statement","0"
"12072","7627","2023-07-16","postal","promo_email","0"
"12073","7627","2024-04-05","email","balance_statement","1"
"12074","7628","2024-09-04","push","balance_statement","0"
"12075","7629","2021-05-28","postal","promo_email","0"
"12076","7629","2022-08-16","email","service_alert","0"
"12077","7629","2023-09-24","email","balance_statement","0"
"12078","7629","2024-04-09","email","balance_statement","0"
"12079","7630","2025-12-26","email","service_alert","0"
"12080","7632","2023-12-26","push","service_alert","0"
"12081","7632","2026-04-03","push","service_alert","0"
"12082","7634","2025-09-04","push","promo_email","0"
"12083","7634","2026-04-28","email","balance_statement","0"
"12084","7635","2022-09-09","email","promo_email","0"
"12085","7635","2023-02-13","email","promo_email","0"
"12086","7635","2025-07-21","postal","service_alert","0"
"12087","7636","2023-11-19","email","promo_email","0"
"12088","7636","2024-01-03","email","promo_email","0"
"12089","7638","2025-03-02","email","promo_email","0"
"12090","7639","2025-04-24","postal","balance_statement","0"
"12091","7639","2026-03-20","email","promo_email","0"
"12092","7640","2024-12-04","email","service_alert","0"
"12093","7640","2025-01-03","push","balance_statement","0"
"12094","7641","2025-12-23","email","promo_email","1"
"12095","7641","2026-02-15","postal","promo_email","0"
"12096","7642","2026-06-09","email","promo_email","0"
"12097","7643","2025-02-26","postal","balance_statement","0"
"12098","7644","2025-12-09","email","promo_email","0"
"12099","7645","2025-09-05","email","balance_statement","0"
"12100","7647","2023-10-19","email","balance_statement","0"
"12101","7647","2024-11-17","email","balance_statement","0"
"12102","7647","2025-08-15","postal","promo_email","0"
"12103","7648","2024-11-12","push","balance_statement","0"
"12104","7649","2022-11-22","push","balance_statement","0"
"12105","7649","2023-12-06","email","balance_statement","0"
"12106","7649","2026-03-28","postal","service_alert","0"
"12107","7650","2024-10-27","email","balance_statement","0"
"12108","7650","2025-03-07","email","promo_email","0"
"12109","7650","2026-05-20","push","balance_statement","0"
"12110","7651","2024-08-02","push","promo_email","0"
"12111","7651","2025-05-27","postal","balance_statement","0"
"12112","7652","2024-05-26","email","promo_email","0"
"12113","7653","2026-03-26","email","promo_email","0"
"12114","7654","2024-12-27","postal","service_alert","0"
"12115","7654","2025-08-22","email","promo_email","0"
"12116","7658","2024-06-23","email","balance_statement","0"
"12117","7659","2024-02-12","email","balance_statement","1"
"12118","7660","2023-07-23","push","service_alert","0"
"12119","7660","2024-11-02","email","service_alert","0"
"12120","7660","2025-05-26","email","balance_statement","0"
"12121","7662","2022-08-21","email","balance_statement","0"
"12122","7662","2024-03-27","email","promo_email","0"
"12123","7662","2025-06-19","email","promo_email","0"
"12124","7662","2026-06-28","push","promo_email","0"
"12125","7663","2024-09-25","email","balance_statement","0"
"12126","7664","2022-08-09","email","promo_email","0"
"12127","7664","2023-09-26","push","promo_email","0"
"12128","7664","2025-02-18","email","service_alert","0"
"12129","7667","2023-07-13","email","promo_email","0"
"12130","7667","2025-08-27","postal","promo_email","0"
"12131","7667","2026-03-13","push","balance_statement","0"
"12132","7668","2024-09-23","email","promo_email","0"
"12133","7668","2025-02-15","push","balance_statement","0"
"12134","7668","2026-03-11","push","balance_statement","0"
"12135","7669","2025-12-14","postal","balance_statement","0"
"12136","7670","2025-01-23","email","balance_statement","1"
"12137","7671","2023-06-07","email","promo_email","0"
"12138","7671","2025-04-25","email","balance_statement","0"
"12139","7672","2024-04-19","email","balance_statement","0"
"12140","7673","2023-01-21","email","balance_statement","0"
"12141","7676","2022-01-27","push","service_alert","1"
"12142","7676","2024-06-24","postal","promo_email","1"
"12143","7676","2025-02-20","postal","balance_statement","1"
"12144","7677","2026-05-04","email","balance_statement","0"
"12145","7679","2024-04-24","email","service_alert","0"
"12146","7680","2026-06-23","email","balance_statement","0"
"12147","7681","2026-05-23","email","balance_statement","0"
"12148","7684","2021-10-22","email","balance_statement","0"
"12149","7684","2022-04-03","push","balance_statement","0"
"12150","7684","2023-05-16","push","promo_email","0"
"12151","7684","2024-01-03","postal","promo_email","0"
"12152","7684","2026-06-18","postal","service_alert","0"
"12153","7685","2021-04-02","email","balance_statement","0"
"12154","7685","2025-06-15","push","promo_email","0"
"12155","7689","2025-02-15","email","balance_statement","0"
"12156","7689","2026-03-25","postal","balance_statement","0"
"12157","7690","2025-04-17","email","service_alert","0"
"12158","7691","2023-03-16","postal","balance_statement","0"
"12159","7691","2025-08-09","email","balance_statement","0"
"12160","7692","2020-04-09","push","promo_email","0"
"12161","7692","2021-11-04","email","balance_statement","0"
"12162","7692","2024-10-20","email","promo_email","0"
"12163","7692","2025-09-25","email","promo_email","0"
"12164","7693","2024-01-03","email","promo_email","0"
"12165","7693","2025-05-27","email","promo_email","0"
"12166","7693","2026-02-22","email","balance_statement","0"
"12167","7694","2023-09-08","email","balance_statement","0"
"12168","7694","2024-12-10","email","service_alert","0"
"12169","7694","2025-08-14","push","promo_email","0"
"12170","7695","2025-04-25","postal","balance_statement","0"
"12171","7695","2026-01-19","email","balance_statement","0"
"12172","7696","2023-05-01","postal","promo_email","0"
"12173","7696","2024-06-15","email","promo_email","0"
"12174","7696","2025-07-12","email","service_alert","1"
"12175","7697","2025-11-24","push","balance_statement","0"
"12176","7697","2026-03-15","push","balance_statement","1"
"12177","7698","2025-09-11","postal","promo_email","0"
"12178","7699","2022-08-23","email","promo_email","1"
"12179","7699","2023-12-12","postal","balance_statement","1"
"12180","7700","2021-09-12","email","service_alert","0"
"12181","7700","2022-09-05","email","promo_email","1"
"12182","7700","2023-03-22","email","promo_email","0"
"12183","7700","2024-10-17","email","balance_statement","0"
"12184","7700","2025-07-04","email","promo_email","0"
"12185","7702","2024-08-13","postal","promo_email","0"
"12186","7703","2021-11-16","email","promo_email","0"
"12187","7703","2022-08-17","email","balance_statement","0"
"12188","7703","2023-11-21","email","promo_email","0"
"12189","7703","2024-08-16","postal","promo_email","0"
"12190","7704","2025-09-19","email","promo_email","0"
"12191","7704","2026-06-11","email","promo_email","0"
"12192","7705","2021-09-02","postal","balance_statement","0"
"12193","7705","2022-04-23","postal","service_alert","0"
"12194","7705","2023-12-06","email","promo_email","0"
"12195","7705","2025-12-16","postal","promo_email","0"
"12196","7708","2025-05-28","email","balance_statement","0"
"12197","7709","2024-10-15","email","balance_statement","0"
"12198","7709","2025-05-21","push","balance_statement","0"
"12199","7710","2025-04-27","email","promo_email","0"
"12200","7712","2020-11-04","postal","promo_email","0"
"12201","7712","2021-08-28","email","promo_email","0"
"12202","7712","2022-11-08","push","promo_email","0"
"12203","7712","2023-02-11","email","service_alert","0"
"12204","7712","2025-05-08","email","balance_statement","0"
"12205","7712","2026-06-01","email","balance_statement","0"
"12206","7713","2020-02-08","email","promo_email","0"
"12207","7713","2022-12-28","email","promo_email","0"
"12208","7714","2025-04-28","email","balance_statement","0"
"12209","7714","2026-01-14","email","promo_email","0"
"12210","7715","2023-08-08","email","promo_email","0"
"12211","7715","2024-02-21","email","balance_statement","0"
"12212","7716","2020-11-27","postal","promo_email","0"
"12213","7716","2022-04-13","email","promo_email","1"
"12214","7716","2023-05-14","push","balance_statement","0"
"12215","7716","2024-07-04","push","balance_statement","0"
"12216","7716","2025-04-20","email","service_alert","1"
"12217","7716","2026-01-24","email","promo_email","0"
"12218","7718","2025-11-23","email","balance_statement","0"
"12219","7718","2026-05-10","email","promo_email","0"
"12220","7719","2026-06-15","postal","balance_statement","0"
"12221","7720","2025-02-25","email","balance_statement","0"
"12222","7723","2025-10-27","postal","balance_statement","0"
"12223","7724","2021-08-08","postal","promo_email","0"
"12224","7724","2022-04-23","email","promo_email","0"
"12225","7724","2023-12-26","postal","promo_email","0"
"12226","7724","2024-12-05","email","promo_email","0"
"12227","7724","2025-07-03","email","balance_statement","0"
"12228","7724","2026-03-03","push","promo_email","1"
"12229","7725","2025-11-04","postal","promo_email","0"
"12230","7726","2026-02-09","postal","balance_statement","0"
"12231","7727","2025-01-20","email","balance_statement","0"
"12232","7728","2024-10-22","email","balance_statement","0"
"12233","7729","2023-10-23","email","promo_email","1"
"12234","7730","2023-04-23","postal","balance_statement","0"
"12235","7730","2024-02-01","push","service_alert","0"
"12236","7730","2025-08-24","postal","service_alert","0"
"12237","7730","2026-02-18","email","balance_statement","1"
"12238","7731","2025-04-16","push","promo_email","0"
"12239","7732","2024-11-04","email","promo_email","0"
"12240","7732","2025-08-17","email","service_alert","0"
"12241","7733","2025-06-01","email","promo_email","0"
"12242","7733","2026-03-22","email","promo_email","0"
"12243","7736","2023-12-11","email","service_alert","0"
"12244","7736","2024-04-23","email","balance_statement","0"
"12245","7736","2025-07-13","postal","promo_email","0"
"12246","7737","2023-08-04","push","promo_email","1"
"12247","7737","2025-10-15","email","promo_email","1"
"12248","7738","2025-03-17","email","promo_email","0"
"12249","7739","2024-01-02","postal","balance_statement","0"
"12250","7739","2025-09-21","email","promo_email","0"
"12251","7740","2021-08-27","push","promo_email","0"
"12252","7740","2023-07-28","email","balance_statement","0"
"12253","7740","2024-07-26","postal","balance_statement","1"
"12254","7741","2023-07-11","postal","balance_statement","0"
"12255","7742","2024-06-26","email","promo_email","0"
"12256","7742","2025-09-07","postal","balance_statement","0"
"12257","7742","2026-03-21","push","balance_statement","0"
"12258","7743","2020-07-15","email","balance_statement","0"
"12259","7743","2021-01-08","postal","balance_statement","0"
"12260","7743","2022-07-19","email","balance_statement","0"
"12261","7743","2023-08-16","email","promo_email","0"
"12262","7743","2024-03-02","postal","balance_statement","0"
"12263","7744","2024-04-03","email","balance_statement","0"
"12264","7745","2023-09-15","email","balance_statement","0"
"12265","7745","2024-01-20","push","promo_email","0"
"12266","7745","2025-10-19","postal","promo_email","0"
"12267","7745","2026-03-19","email","promo_email","0"
"12268","7746","2026-05-16","postal","balance_statement","0"
"12269","7747","2024-10-16","email","promo_email","0"
"12270","7747","2025-11-20","email","service_alert","0"
"12271","7748","2025-05-05","email","service_alert","0"
"12272","7749","2025-11-25","email","promo_email","0"
"12273","7749","2026-02-11","email","service_alert","0"
"12274","7750","2023-12-21","push","promo_email","0"
"12275","7750","2024-03-26","email","promo_email","0"
"12276","7750","2025-11-03","postal","promo_email","0"
"12277","7752","2020-12-25","email","balance_statement","0"
"12278","7752","2022-12-10","email","balance_statement","0"
"12279","7752","2023-02-10","email","promo_email","0"
"12280","7753","2024-01-12","email","promo_email","0"
"12281","7753","2025-05-12","email","balance_statement","1"
"12282","7754","2025-03-05","email","promo_email","0"
"12283","7756","2022-06-27","postal","balance_statement","0"
"12284","7756","2025-09-23","push","balance_statement","0"
"12285","7757","2022-06-01","email","service_alert","1"
"12286","7757","2025-02-01","postal","balance_statement","0"
"12287","7758","2022-06-02","postal","promo_email","0"
"12288","7758","2023-12-14","email","balance_statement","0"
"12289","7759","2025-02-21","email","service_alert","0"
"12290","7759","2026-03-19","email","promo_email","0"
"12291","7760","2024-10-25","push","promo_email","0"
"12292","7760","2025-02-02","email","balance_statement","0"
"12293","7761","2025-05-01","email","balance_statement","0"
"12294","7763","2025-09-23","email","promo_email","1"
"12295","7764","2023-08-18","email","promo_email","1"
"12296","7764","2024-06-07","email","balance_statement","0"
"12297","7764","2025-10-25","email","promo_email","0"
"12298","7765","2024-11-08","postal","balance_statement","0"
"12299","7765","2026-05-17","postal","service_alert","0"
"12300","7768","2024-09-25","email","balance_statement","0"
"12301","7768","2026-06-02","email","promo_email","1"
"12302","7769","2019-09-23","email","balance_statement","0"
"12303","7769","2020-11-03","email","service_alert","0"
"12304","7769","2022-07-04","email","service_alert","0"
"12305","7769","2024-10-20","email","promo_email","0"
"12306","7769","2025-07-25","email","promo_email","0"
"12307","7770","2023-05-15","email","promo_email","1"
"12308","7770","2025-03-12","postal","promo_email","0"
"12309","7773","2024-08-06","push","promo_email","0"
"12310","7773","2025-05-24","postal","balance_statement","0"
"12311","7774","2020-09-18","email","promo_email","0"
"12312","7774","2023-03-18","email","promo_email","0"
"12313","7774","2025-05-26","email","balance_statement","0"
"12314","7775","2022-02-26","email","promo_email","0"
"12315","7775","2023-07-04","postal","promo_email","0"
"12316","7775","2025-11-12","email","promo_email","0"
"12317","7776","2022-12-09","email","balance_statement","0"
"12318","7776","2024-12-19","push","promo_email","1"
"12319","7776","2026-05-05","postal","balance_statement","0"
"12320","7778","2025-02-18","push","balance_statement","0"
"12321","7778","2026-04-02","email","balance_statement","0"
"12322","7779","2026-03-06","email","balance_statement","0"
"12323","7780","2025-03-25","email","balance_statement","0"
"12324","7780","2026-03-22","postal","service_alert","0"
"12325","7781","2025-12-23","email","balance_statement","1"
"12326","7783","2026-03-19","email","balance_statement","0"
"12327","7784","2023-02-04","email","balance_statement","0"
"12328","7784","2026-04-27","email","balance_statement","0"
"12329","7785","2024-09-20","email","service_alert","0"
"12330","7786","2024-11-16","email","balance_statement","0"
"12331","7789","2024-11-06","email","balance_statement","0"
"12332","7791","2024-10-17","email","balance_statement","0"
"12333","7792","2024-08-14","push","balance_statement","1"
"12334","7793","2025-09-06","email","balance_statement","0"
"12335","7795","2025-08-02","postal","promo_email","0"
"12336","7796","2022-02-17","postal","balance_statement","0"
"12337","7796","2023-04-19","postal","service_alert","0"
"12338","7796","2024-12-17","email","promo_email","0"
"12339","7798","2025-12-12","email","promo_email","0"
"12340","7799","2025-02-14","email","balance_statement","0"
"12341","7800","2021-05-11","email","balance_statement","0"
"12342","7800","2022-06-28","email","balance_statement","0"
"12343","7800","2024-05-19","email","balance_statement","0"
"12344","7801","2024-09-21","email","balance_statement","0"
"12345","7803","2024-01-19","postal","balance_statement","0"
"12346","7803","2025-07-08","email","balance_statement","0"
"12347","7804","2021-10-26","email","balance_statement","1"
"12348","7804","2022-09-01","postal","service_alert","1"
"12349","7804","2023-11-05","push","promo_email","1"
"12350","7804","2024-06-03","push","promo_email","1"
"12351","7805","2025-02-08","email","balance_statement","1"
"12352","7805","2026-06-09","email","balance_statement","0"
"12353","7806","2022-10-06","email","balance_statement","0"
"12354","7806","2023-09-16","postal","promo_email","0"
"12355","7806","2024-02-17","email","promo_email","0"
"12356","7807","2023-11-02","email","balance_statement","0"
"12357","7807","2025-01-06","push","service_alert","0"
"12358","7808","2020-08-27","email","promo_email","1"
"12359","7808","2024-07-17","email","balance_statement","1"
"12360","7808","2026-01-15","postal","promo_email","1"
"12361","7809","2025-07-21","email","promo_email","0"
"12362","7813","2024-12-17","push","balance_statement","1"
"12363","7813","2026-04-28","postal","balance_statement","0"
"12364","7814","2024-10-23","email","balance_statement","0"
"12365","7814","2025-07-14","email","balance_statement","0"
"12366","7816","2021-01-11","email","promo_email","0"
"12367","7816","2024-09-07","email","balance_statement","0"
"12368","7818","2023-03-10","email","balance_statement","0"
"12369","7819","2026-05-17","email","balance_statement","0"
"12370","7820","2019-08-24","email","promo_email","0"
"12371","7820","2021-04-03","push","balance_statement","0"
"12372","7820","2022-01-08","email","promo_email","0"
"12373","7820","2023-02-07","push","promo_email","0"
"12374","7820","2024-08-28","email","balance_statement","0"
"12375","7820","2025-04-28","email","promo_email","1"
"12376","7820","2026-03-22","email","promo_email","0"
"12377","7822","2020-08-04","email","promo_email","1"
"12378","7822","2022-01-07","email","balance_statement","0"
"12379","7822","2023-05-18","email","balance_statement","0"
"12380","7822","2024-01-17","email","promo_email","0"
"12381","7822","2025-01-22","postal","service_alert","0"
"12382","7823","2021-04-10","email","promo_email","1"
"12383","7823","2024-07-13","email","promo_email","0"
"12384","7823","2025-01-10","postal","balance_statement","0"
"12385","7823","2026-01-15","email","promo_email","0"
"12386","7824","2025-06-27","email","service_alert","1"
"12387","7825","2025-05-21","email","promo_email","0"
"12388","7827","2023-08-07","push","balance_statement","0"
"12389","7828","2022-10-14","postal","balance_statement","0"
"12390","7828","2025-06-09","email","balance_statement","0"
"12391","7828","2026-05-16","push","promo_email","0"
"12392","7829","2023-09-04","email","promo_email","0"
"12393","7830","2023-05-05","email","service_alert","0"
"12394","7830","2024-02-13","email","balance_statement","0"
"12395","7830","2025-06-08","email","promo_email","0"
"12396","7831","2022-07-11","email","balance_statement","1"
"12397","7831","2023-07-24","email","balance_statement","0"
"12398","7831","2024-04-03","email","promo_email","0"
"12399","7834","2024-09-12","email","balance_statement","0"
"12400","7834","2025-02-24","email","service_alert","0"
"12401","7835","2024-03-15","email","promo_email","0"
"12402","7835","2025-07-23","email","balance_statement","0"
"12403","7836","2022-10-19","push","promo_email","0"
"12404","7836","2024-11-26","email","balance_statement","0"
"12405","7837","2020-08-18","postal","promo_email","0"
"12406","7837","2022-01-02","email","service_alert","0"
"12407","7837","2024-08-12","email","promo_email","1"
"12408","7838","2023-09-19","email","promo_email","0"
"12409","7839","2020-07-11","push","balance_statement","0"
"12410","7839","2021-11-26","email","promo_email","0"
"12411","7839","2022-11-10","email","balance_statement","0"
"12412","7839","2023-11-15","push","promo_email","0"
"12413","7839","2026-03-09","push","balance_statement","0"
"12414","7840","2024-01-24","email","promo_email","0"
"12415","7842","2021-05-16","email","promo_email","0"
"12416","7842","2022-10-06","email","balance_statement","0"
"12417","7842","2023-09-01","postal","balance_statement","0"
"12418","7844","2019-12-22","postal","balance_statement","0"
"12419","7844","2022-12-13","postal","service_alert","0"
"12420","7844","2024-10-11","email","promo_email","0"
"12421","7844","2025-04-20","postal","promo_email","0"
"12422","7845","2024-11-15","email","service_alert","0"
"12423","7845","2025-05-06","push","balance_statement","0"
"12424","7846","2023-07-05","email","balance_statement","0"
"12425","7846","2024-06-17","postal","promo_email","0"
"12426","7846","2025-06-11","push","balance_statement","0"
"12427","7848","2023-04-26","email","balance_statement","0"
"12428","7848","2024-12-27","email","promo_email","0"
"12429","7848","2025-02-06","email","balance_statement","0"
"12430","7849","2026-05-24","email","balance_statement","0"
"12431","7850","2020-02-12","email","balance_statement","0"
"12432","7850","2021-07-06","email","service_alert","0"
"12433","7850","2023-05-28","email","balance_statement","0"
"12434","7850","2024-02-11","email","balance_statement","0"
"12435","7851","2025-06-11","postal","balance_statement","0"
"12436","7852","2020-05-25","postal","promo_email","0"
"12437","7852","2022-04-06","postal","service_alert","0"
"12438","7852","2023-08-26","email","balance_statement","0"
"12439","7852","2024-07-06","email","balance_statement","0"
"12440","7852","2025-09-19","postal","balance_statement","0"
"12441","7853","2024-09-17","email","balance_statement","0"
"12442","7853","2025-04-18","email","balance_statement","0"
"12443","7853","2026-04-17","email","balance_statement","0"
"12444","7855","2025-06-03","email","promo_email","0"
"12445","7857","2025-09-09","postal","promo_email","0"
"12446","7857","2026-01-11","email","promo_email","1"
"12447","7859","2025-07-11","email","promo_email","0"
"12448","7860","2024-10-24","email","balance_statement","0"
"12449","7860","2026-04-24","push","promo_email","0"
"12450","7861","2021-09-25","email","promo_email","0"
"12451","7861","2022-11-12","push","promo_email","0"
"12452","7861","2023-07-11","email","promo_email","0"
"12453","7862","2026-06-07","email","service_alert","0"
"12454","7864","2021-07-28","email","promo_email","0"
"12455","7864","2022-05-22","email","service_alert","0"
"12456","7864","2023-07-08","postal","promo_email","0"
"12457","7864","2026-01-08","email","service_alert","0"
"12458","7865","2022-02-15","email","service_alert","0"
"12459","7865","2025-04-18","push","balance_statement","0"
"12460","7867","2022-07-12","email","promo_email","0"
"12461","7867","2023-08-12","email","promo_email","0"
"12462","7867","2025-12-12","email","balance_statement","0"
"12463","7869","2023-09-05","push","promo_email","1"
"12464","7871","2025-11-02","email","balance_statement","1"
"12465","7871","2026-05-26","email","promo_email","0"
"12466","7873","2025-12-06","email","promo_email","0"
"12467","7873","2026-06-19","email","balance_statement","0"
"12468","7874","2022-05-10","push","balance_statement","0"
"12469","7874","2024-02-01","postal","balance_statement","0"
"12470","7874","2026-04-25","email","service_alert","0"
"12471","7876","2022-09-28","email","balance_statement","1"
"12472","7876","2023-06-01","email","balance_statement","0"
"12473","7876","2026-03-26","push","balance_statement","0"
"12474","7877","2024-02-13","email","promo_email","0"
"12475","7877","2025-12-24","postal","balance_statement","0"
"12476","7879","2021-05-05","email","balance_statement","0"
"12477","7879","2022-02-01","email","service_alert","0"
"12478","7879","2023-08-26","email","promo_email","0"
"12479","7879","2025-03-13","postal","service_alert","0"
"12480","7880","2025-04-20","push","service_alert","0"
"12481","7880","2026-01-06","push","balance_statement","0"
"12482","7881","2020-09-04","email","balance_statement","0"
"12483","7881","2021-02-20","email","balance_statement","0"
"12484","7881","2023-06-21","email","promo_email","0"
"12485","7882","2024-11-08","email","balance_statement","0"
"12486","7882","2026-01-08","email","promo_email","0"
"12487","7883","2022-09-21","email","promo_email","0"
"12488","7883","2024-10-19","email","promo_email","0"
"12489","7883","2025-09-17","push","balance_statement","0"
"12490","7884","2021-09-02","email","balance_statement","1"
"12491","7884","2022-09-24","push","promo_email","0"
"12492","7884","2024-08-23","push","balance_statement","0"
"12493","7884","2025-10-26","email","promo_email","0"
"12494","7888","2021-03-17","email","service_alert","0"
"12495","7888","2023-03-02","postal","balance_statement","0"
"12496","7888","2026-04-06","email","balance_statement","0"
"12497","7889","2025-10-05","postal","balance_statement","0"
"12498","7891","2022-12-28","push","balance_statement","1"
"12499","7891","2024-07-04","email","balance_statement","1"
"12500","7891","2025-10-15","email","service_alert","1"
"12501","7893","2020-11-10","email","promo_email","0"
"12502","7893","2023-06-19","email","balance_statement","0"
"12503","7893","2025-04-05","email","promo_email","0"
"12504","7895","2026-05-13","push","balance_statement","0"
"12505","7897","2024-09-14","email","promo_email","0"
"12506","7899","2021-04-02","postal","service_alert","0"
"12507","7899","2023-03-06","postal","balance_statement","0"
"12508","7899","2025-01-02","email","promo_email","0"
"12509","7900","2021-08-13","email","balance_statement","0"
"12510","7900","2023-01-02","email","promo_email","0"
"12511","7900","2024-08-20","push","promo_email","0"
"12512","7900","2025-01-21","push","balance_statement","0"
"12513","7901","2025-11-01","postal","promo_email","0"
"12514","7902","2025-10-02","email","balance_statement","0"
"12515","7903","2026-01-06","email","service_alert","0"
"12516","7904","2026-05-07","email","service_alert","0"
"12517","7906","2020-09-23","email","balance_statement","0"
"12518","7906","2021-04-11","email","promo_email","0"
"12519","7906","2022-10-23","email","promo_email","0"
"12520","7906","2023-02-10","email","service_alert","0"
"12521","7906","2025-09-23","email","service_alert","0"
"12522","7907","2025-05-10","email","promo_email","0"
"12523","7909","2022-12-07","postal","balance_statement","0"
"12524","7909","2023-11-03","email","promo_email","0"
"12525","7910","2024-11-02","postal","service_alert","0"
"12526","7911","2025-03-17","postal","service_alert","1"
"12527","7911","2026-02-19","email","balance_statement","0"
"12528","7912","2024-05-05","email","promo_email","0"
"12529","7912","2025-09-03","push","service_alert","0"
"12530","7913","2020-09-07","email","balance_statement","0"
"12531","7913","2022-08-27","email","balance_statement","0"
"12532","7913","2024-07-17","postal","promo_email","0"
"12533","7915","2022-03-06","email","promo_email","0"
"12534","7915","2023-12-15","postal","balance_statement","0"
"12535","7915","2026-02-11","email","service_alert","0"
"12536","7917","2024-07-13","email","promo_email","0"
"12537","7917","2025-03-10","postal","balance_statement","0"
"12538","7918","2024-08-24","postal","balance_statement","0"
"12539","7918","2025-04-01","email","promo_email","0"
"12540","7918","2026-03-23","email","balance_statement","0"
"12541","7919","2025-10-07","email","promo_email","0"
"12542","7919","2026-03-22","push","balance_statement","1"
"12543","7921","2023-03-19","email","promo_email","0"
"12544","7921","2024-02-20","email","service_alert","0"
"12545","7923","2023-10-11","email","promo_email","0"
"12546","7923","2025-06-04","email","promo_email","0"
"12547","7923","2026-02-19","postal","balance_statement","0"
"12548","7924","2024-04-02","email","balance_statement","0"
"12549","7924","2025-11-21","email","balance_statement","0"
"12550","7925","2024-04-12","email","service_alert","0"
"12551","7925","2026-04-14","postal","promo_email","1"
"12552","7926","2024-12-28","postal","balance_statement","0"
"12553","7927","2024-08-07","postal","promo_email","0"
"12554","7927","2025-07-02","postal","promo_email","0"
"12555","7928","2023-09-18","email","promo_email","0"
"12556","7928","2024-09-08","email","balance_statement","0"
"12557","7929","2021-11-18","email","balance_statement","0"
"12558","7929","2023-10-09","email","balance_statement","0"
"12559","7929","2024-10-20","email","promo_email","0"
"12560","7930","2023-12-12","email","balance_statement","0"
"12561","7932","2025-08-05","email","service_alert","0"
"12562","7933","2026-03-01","email","balance_statement","0"
"12563","7934","2024-02-25","postal","balance_statement","0"
"12564","7934","2025-11-04","email","promo_email","0"
"12565","7935","2026-03-19","postal","service_alert","0"
"12566","7936","2023-02-15","email","promo_email","1"
"12567","7936","2024-12-03","postal","balance_statement","0"
"12568","7936","2025-12-11","email","balance_statement","0"
"12569","7937","2025-09-16","email","promo_email","0"
"12570","7938","2026-04-17","push","balance_statement","0"
"12571","7939","2025-11-02","postal","promo_email","0"
"12572","7939","2026-05-10","postal","balance_statement","0"
"12573","7941","2025-05-11","email","service_alert","0"
"12574","7942","2020-09-12","email","service_alert","0"
"12575","7942","2021-10-21","email","promo_email","0"
"12576","7942","2022-05-12","postal","promo_email","0"
"12577","7942","2025-04-26","email","balance_statement","0"
"12578","7943","2023-10-13","email","promo_email","0"
"12579","7943","2026-06-15","email","balance_statement","0"
"12580","7945","2026-01-27","email","promo_email","0"
"12581","7946","2024-01-07","email","promo_email","0"
"12582","7946","2025-09-24","postal","service_alert","0"
"12583","7947","2021-03-07","email","balance_statement","0"
"12584","7947","2022-09-10","email","balance_statement","1"
"12585","7947","2023-06-07","email","balance_statement","0"
"12586","7947","2024-05-28","email","balance_statement","0"
"12587","7947","2025-11-14","email","promo_email","0"
"12588","7948","2020-06-09","postal","balance_statement","1"
"12589","7948","2021-11-06","push","service_alert","1"
"12590","7948","2023-09-05","email","balance_statement","1"
"12591","7948","2025-10-09","email","promo_email","1"
"12592","7950","2024-10-21","email","promo_email","0"
"12593","7950","2025-01-18","push","promo_email","0"
"12594","7950","2026-05-02","postal","service_alert","0"
"12595","7951","2025-05-27","postal","promo_email","0"
"12596","7953","2022-08-28","push","service_alert","0"
"12597","7953","2024-06-05","email","promo_email","0"
"12598","7953","2026-04-13","email","promo_email","0"
"12599","7954","2021-12-09","email","balance_statement","0"
"12600","7954","2022-06-19","postal","promo_email","0"
"12601","7954","2023-06-16","email","balance_statement","0"
"12602","7954","2024-05-02","email","balance_statement","0"
"12603","7955","2023-11-17","postal","promo_email","0"
"12604","7955","2025-06-25","postal","service_alert","0"
"12605","7956","2024-05-23","push","balance_statement","0"
"12606","7957","2023-04-13","email","balance_statement","0"
"12607","7957","2024-04-23","email","balance_statement","1"
"12608","7957","2025-05-04","postal","balance_statement","0"
"12609","7958","2024-07-26","postal","balance_statement","0"
"12610","7958","2026-06-25","email","balance_statement","0"
"12611","7959","2023-04-02","email","promo_email","1"
"12612","7959","2024-07-02","email","promo_email","1"
"12613","7960","2021-08-06","email","promo_email","0"
"12614","7960","2022-02-19","postal","promo_email","0"
"12615","7960","2023-05-13","email","promo_email","0"
"12616","7961","2021-08-28","email","balance_statement","0"
"12617","7961","2023-10-16","postal","balance_statement","0"
"12618","7961","2024-11-02","email","promo_email","0"
"12619","7961","2025-10-14","email","service_alert","0"
"12620","7962","2022-02-27","email","promo_email","1"
"12621","7962","2023-01-08","email","balance_statement","1"
"12622","7962","2025-06-25","push","balance_statement","1"
"12623","7965","2024-09-08","postal","balance_statement","0"
"12624","7966","2025-04-13","postal","balance_statement","0"
"12625","7968","2022-09-17","email","balance_statement","0"
"12626","7968","2023-07-08","push","balance_statement","0"
"12627","7968","2024-02-06","postal","promo_email","0"
"12628","7968","2025-11-14","push","promo_email","0"
"12629","7969","2022-01-16","email","promo_email","0"
"12630","7969","2025-09-13","email","balance_statement","0"
"12631","7969","2026-04-15","push","promo_email","0"
"12632","7972","2025-02-11","push","service_alert","0"
"12633","7973","2023-12-11","postal","promo_email","0"
"12634","7973","2025-08-08","email","balance_statement","0"
"12635","7974","2025-12-25","postal","promo_email","0"
"12636","7975","2022-12-19","postal","promo_email","0"
"12637","7975","2023-11-17","push","promo_email","0"
"12638","7975","2024-09-10","email","balance_statement","0"
"12639","7976","2023-05-15","push","balance_statement","0"
"12640","7976","2025-03-28","email","promo_email","0"
"12641","7978","2024-11-27","email","promo_email","0"
"12642","7978","2025-11-24","postal","balance_statement","0"
"12643","7979","2024-10-21","email","promo_email","0"
"12644","7979","2025-12-12","email","service_alert","0"
"12645","7980","2020-03-25","email","promo_email","0"
"12646","7980","2022-05-28","postal","promo_email","0"
"12647","7980","2023-11-21","postal","promo_email","0"
"12648","7980","2024-06-07","push","promo_email","0"
"12649","7980","2025-10-06","postal","service_alert","0"
"12650","7984","2024-10-05","email","balance_statement","0"
"12651","7984","2026-04-11","email","service_alert","0"
"12652","7987","2021-08-23","email","service_alert","0"
"12653","7987","2022-10-24","push","balance_statement","0"
"12654","7987","2024-06-12","email","balance_statement","0"
"12655","7987","2025-01-23","email","promo_email","0"
"12656","7988","2023-07-16","email","promo_email","0"
"12657","7988","2024-04-03","email","balance_statement","1"
"12658","7988","2025-06-24","email","balance_statement","0"
"12659","7989","2026-02-11","email","service_alert","0"
"12660","7991","2026-03-13","email","balance_statement","1"
"12661","7992","2026-01-08","email","balance_statement","0"
"12662","7993","2023-07-11","email","service_alert","1"
"12663","7993","2024-06-06","postal","balance_statement","1"
"12664","7993","2025-01-20","postal","promo_email","1"
"12665","7994","2025-11-12","email","service_alert","1"
"12666","7994","2026-01-26","email","balance_statement","1"
"12667","7995","2024-02-26","push","promo_email","0"
"12668","7995","2025-04-24","email","promo_email","0"
"12669","7996","2024-11-14","push","service_alert","0"
"12670","7996","2025-10-20","email","promo_email","0"
"12671","7997","2025-03-06","email","balance_statement","0"
"12672","7999","2025-03-22","email","balance_statement","0"
"12673","8000","2025-04-22","email","balance_statement","0"
