"driver_id","opened_on","closed_on","address_line1","city","state_raw","postal_raw","country_raw","mail_returned_on"
"1","2024-08-22","","920 S Main St","Olympia","WA","98574","US",""
"2","2023-06-04","","3796 S State St","Austin","TX","79096","US",""
"3","2019-09-25","","80 S Main St","Seattle","WA","98171","US",""
"4","2025-12-22","","6939 N Elm Dr","Tacoma","WA","98024","USA",""
"5","2026-01-11","","749 N Elm Dr","Dallas","tx ","76511","US",""
"6","2025-04-04","","8838 S State St","Dover","DE","19726","USA",""
"7","2025-11-04","","","","","","",""
"8","2025-02-06","","6056 S Main St","St. George","UT","84082","US",""
"9","2021-08-12","","5585 S Main St","Salt Lake City","UT","84563","USA",""
"10","2026-05-28","","6267 N Elm Dr","Fort Collins","CO","81626","US",""
"11","2023-08-06","","","","","","",""
"12","2023-07-13","","771 S Main St","Tacoma","Washington","98642","USA",""
"13","2025-09-02","","8878 E Center St","Oakland","CA","91931","US",""
"14","2024-09-09","","8545 E Center St","Tempe","az ","85611","US",""
"15","2022-07-18","","9134 W Oak Ave","Salt Lake City","Utah","84104","USA",""
"16","2020-02-04","","1265 S State St","Seattle","WA","99310","US",""
"17","2024-01-05","","7857 N Elm Dr","Provo","UT","84601","US",""
"18","2026-01-12","","1957 S State St","Plano","TX","75261","US",""
"19","2022-04-02","","8353 W Oak Ave","Seattle","WA","98666","US",""
"20","2024-08-18","","1457 E Center St","St. George","UT","84537","US",""
"21","2024-07-01","","5791 E Center St","Plano","TX","77729","US",""
"22","2025-03-02","","7598 W Oak Ave","Aurora","Colorado","80729","US",""
"23","2023-12-19","","8822 W Oak Ave","St. George","UT","84197","USA",""
"24","2024-11-11","","3319 N Elm Dr","Carson City","nv ","89681","US",""
"25","2025-05-09","","6208 S Main St","Provo","UT","84140","US",""
"26","2025-02-13","","5888 S State St","Aurora","CO","80450","US",""
"27","2025-03-28","","8234 S State St","Plano","tx ","77886","US",""
"28","2025-10-10","","4060 S State St","St. George","UT","84749","US",""
"29","2023-06-24","","2061 W Oak Ave","Dallas","tx ","76058","USA",""
"30","2020-12-03","","7168 W Oak Ave","Plano","TX","77844","US",""
"31","2024-03-15","","3181 N Elm Dr","Ogden","UT","84415","US","2025-02-02"
"32","2025-11-09","","2645 E Center St","Phoenix","AZ","85957","US",""
"33","2022-02-24","","8124 W Oak Ave","Reno","NV","89017","US",""
"34","2023-07-19","","7675 W Oak Ave","Dallas","TX","77446","US",""
"35","2021-03-09","","1551 W Oak Ave","Sacramento","ca ","95713","US",""
"36","2024-02-02","","7777 S State St","Bellevue","WA.","99002","US",""
"37","2024-12-21","","4833 E Center St","Fort Collins","CO","81002","USA",""
"38","2024-12-16","","2143 W Oak Ave","Spokane","WA","98648","USA",""
"39","2024-03-23","","9672 N Elm Dr","Milford","DE","19701","US",""
"40","2022-02-11","2023-01-13","5151 S Main St","Sacramento","CA","93436","USA",""
"41","2026-02-08","","1823 S State St","Phoenix","AZ","85158","US","2026-06-08"
"42","2025-06-23","","3175 N Elm Dr","Wilmington","Delaware","19820","US",""
"43","2025-04-11","","8975 E Center St","Plano","TX","77242","USA",""
"44","2019-08-28","","2390 E Center St","Carson City","NV","89783","US",""
"45","2025-03-25","","5565 N Elm Dr","Irvine","CA","93822","US",""
"46","2023-07-14","","7032 S State St","Oakland","CA","91968","US",""
"47","2025-03-09","","8966 W Oak Ave","Lehi","UT","84376","US",""
"48","2021-11-20","","7210 S Main St","Lehi","UT","84474","USA",""
"49","2021-07-03","","5499 S State St","Salt Lake City","UT","84219","US","2023-02-15"
"50","2025-01-16","","2548 N Elm Dr","Provo","UT","84188","US",""
"51","2025-06-25","","7716 S Main St","Lehi","UT","84603","US",""
"52","2022-05-08","","5795 W Oak Ave","Fresno","CA","90218","US",""
"53","2022-06-08","","6290 N Elm Dr","San Jose","CA","94563","USA",""
"54","2022-09-22","","5781 S State St","Fresno","CA","90282","USA",""
"55","2022-10-03","","4376 W Oak Ave","Sacramento","CA","92058","US",""
"56","2021-09-30","","2346 S Main St","Plano","TX","78332","US",""
"57","2022-07-30","","6180 E Center St","Sacramento","CA","93385","USA",""
"58","2026-02-01","","2907 N Elm Dr","Salt Lake City","UT","84045","US",""
"59","2020-10-29","","9239 S State St","Oakland","California","91620","US",""
"60","2026-03-31","","3861 S Main St","St. George","Utah","84117","US",""
"61","2024-12-21","","2024 W Oak Ave","St. George","UT","84139","USA",""
"62","2022-04-17","","3706 E Center St","Provo","UT","84369","USA",""
"63","2025-02-03","","2696 S Main St","St. George","UT.","84426","US",""
"64","2022-11-01","","9461 E Center St","St. George","UT","84102","US",""
"65","2025-08-15","","4957 N Elm Dr","Buffalo","New York","11774","USA",""
"66","2022-09-28","","6281 S Main St","Provo","Utah","84303","US",""
"67","2021-02-13","","2451 N Elm Dr","Lehi","UT","84139","US",""
"68","2020-06-26","","1469 S Main St","Provo","UT","84757","US",""
"69","2023-05-23","","7144 S Main St","Mesa","az ","86038","US",""
"70","2021-04-11","","6592 E Center St","Reno","NV","89520","US",""
"71","2025-08-16","","447 King St","Ciudad de Mexico","CMX","75089","MX",""
"72","2020-12-06","","7836 W Oak Ave","Syracuse","NY","12024","US",""
"73","2025-08-29","","5530 W Oak Ave","San Jose","CA","93286","US",""
"74","2024-02-15","","","","","","",""
"75","2022-12-05","","8164 S State St","Provo","UT","84070","US",""
"76","2022-05-21","","6813 S State St","Plano","tx ","77671","US",""
"77","2023-03-25","","7050 N Elm Dr","Boulder","CO","81245","USA",""
"78","2022-03-31","","2822 S State St","Dallas","TX","76519","US",""
"79","2019-04-23","","8352 S State St","Phoenix","AZ","85892","US",""
"80","2024-02-04","","1541 S State St","San Jose","CA.","95338","US",""
"81","2024-07-31","","8050 N Elm Dr","Olympia","WA.","99080","USA",""
"82","2026-01-04","","9781 W Oak Ave","Provo","UT","84487","US",""
"83","2022-05-05","","2121 E Center St","Irvine","CA","95833","US",""
"84","2019-09-08","","1521 S Main St","Rochester","NY","11157","US",""
"85","2025-01-23","","8277 E Center St","Bellevue","wa ","98703","USA",""
"86","2026-04-29","","7125 E Center St","Tempe","AZ","86459","US",""
"87","2025-01-19","","9465 S State St","Plano","TX","75723","US",""
"88","2026-01-31","","","","","","",""
"89","2021-01-23","","2582 S Main St","Salt Lake City","UT","84286","US",""
"90","2022-12-02","","9252 E Center St","Boulder","CO","81366","US",""
"91","2022-10-27","2025-04-09","4798 E Center St","Lehi","UT","84283","US",""
"92","2024-01-22","","119 Calle Norte","Guadalajara","JAL","68399","MX",""
"93","2024-12-12","","2089 N Elm Dr","Fresno","CA.","91478","US",""
"94","2020-02-06","","5862 N Elm Dr","Pueblo","CO","81499","USA",""
"95","2022-09-07","","2701 E Center St","Olympia","WA","98795","US",""
"96","2023-11-22","","8785 W Oak Ave","Dover","de ","19806","US",""
"97","2021-11-25","","8540 E Center St","Sparks","NV","89726","US",""
"98","2021-09-07","","638 S State St","Boulder","CO","80714","US",""
"99","2025-03-21","","77 King St","Ciudad de Mexico","CMX","97216","MX",""
"100","2025-02-16","","4328 S Main St","Sacramento","CA.","93147","US",""
"101","2019-11-23","","2833 S Main St","Bellevue","WA","98584","US",""
"102","2021-06-20","","4291 W Oak Ave","Salt Lake City","UT","84294","USA",""
"103","2020-10-07","","4428 E Center St","Brooklyn","NY","14627","US",""
"104","2022-11-17","","5033 S State St","Lehi","UT","84629","USA",""
"105","2024-12-07","","6521 W Oak Ave","Reno","NV.","89038","US",""
"106","2021-03-23","","5984 S State St","Pueblo","CO","81360","US",""
"107","2021-03-15","","4654 E Center St","Milford","DE","19794","US",""
"108","2025-01-09","","5914 N Elm Dr","Lehi","UT","84240","US",""
"109","2021-08-24","","4139 S State St","Sacramento","CA.","93579","US",""
"110","2025-02-27","","5413 E Center St","Dallas","TX.","78336","US","2025-11-06"
"111","2023-09-20","","7893 E Center St","Provo","UT.","84344","US",""
"112","2025-03-04","","6842 W Oak Ave","Salt Lake City","UT","84649","US",""
"113","2022-10-18","","1031 W Oak Ave","Salt Lake City","UT","84130","USA",""
"114","2026-01-21","","","","","","",""
"115","2021-11-23","","584 E Center St","Denver","CO","81638","US",""
"116","2022-03-23","","9168 E Center St","Pueblo","CO","81101","US",""
"117","2023-10-13","","808 S Main St","Provo","UT","84480","USA",""
"118","2024-09-13","","5572 W Oak Ave","Reno","NV","89428","US",""
"119","2022-10-30","","4834 W Oak Ave","Plano","TX","79900","US",""
"120","2025-03-05","","8490 S Main St","Sparks","NV","89194","US",""
"121","2023-06-08","","9651 E Center St","Oakland","CA","93415","USA",""
"122","2021-06-16","2026-05-04","5957 S Main St","Oakland","CA","90907","USA",""
"123","2023-09-29","","294 E Center St","El Paso","TX","77254","US",""
"124","2024-12-05","","6484 E Center St","Tempe","AZ","85135","US",""
"125","2024-03-03","","1519 E Center St","Sacramento","CA","91449","USA","2026-02-03"
"126","2024-02-17","","3498 E Center St","Phoenix","AZ","85993","US",""
"127","2025-08-19","","442 S State St","Provo","UT","84010","US",""
"128","2022-10-01","","3642 N Elm Dr","Provo","UT","84497","US",""
"129","2024-04-29","","8275 S Main St","Provo","UT","84023","US",""
"130","2022-05-27","","1166 N Elm Dr","Oakland","CA","91737","USA",""
"131","2024-02-02","","6467 S Main St","Aurora","co ","81148","US",""
"132","2023-04-12","","7093 N Elm Dr","Seattle","WA","98267","US",""
"133","2023-06-04","","3095 S State St","Rochester","NY","14894","US",""
"134","2025-04-19","","3293 S State St","Sacramento","CA","92867","US",""
"135","2025-01-17","","9292 E Center St","Henderson","NV","89171","USA",""
"136","2024-02-10","","1906 King St","Vancouver","BC","H5A 6A6","CA",""
"137","2020-06-08","","2112 S State St","Rochester","New York","13390","US",""
"138","2021-11-19","","8421 W Oak Ave","Henderson","NV","89780","US",""
"139","2023-08-12","","610 S Main St","Tacoma","WA","98987","US",""
"140","2026-01-17","","1452 W Oak Ave","Fresno","CA.","95351","US",""
"141","2023-09-20","","3950 E Center St","Salt Lake City","UT","84529","US",""
"142","2025-02-23","","3425 S State St","El Paso","TX","77808","USA",""
"143","2021-11-02","","6256 S Main St","Albany","NY","10196","USA",""
"144","2021-05-14","","2815 Av Reforma","Toronto","ON","M9G 5B3","Canada","2026-04-04"
"145","2019-11-24","","","","","","",""
"146","2024-11-17","","4643 S Main St","Pueblo","CO","80361","USA",""
"147","2024-06-13","","8027 W Oak Ave","St. George","ut ","84250","USA",""
"148","2022-04-01","","823 N Elm Dr","Syracuse","New York","10399","US",""
"149","2020-02-07","","7638 S Main St","Seattle","wa ","99027","USA","2022-08-22"
"150","2026-02-02","","5839 S State St","St. George","UT.","84577","USA",""
"151","2026-02-21","","9718 N Elm Dr","Ogden","ut ","84069","US",""
"152","2023-09-22","","4633 Rue Principale","Montreal","QC","H6G 9C6","CA","2024-07-29"
"153","2024-02-17","","9208 S State St","San Jose","CA","90379","US",""
"154","2021-03-04","","2095 S Main St","Irvine","CA","91447","US",""
"155","2025-02-02","","4210 N Elm Dr","Aurora","CO","81212","US",""
"156","2022-10-27","2023-03-20","6359 W Oak Ave","El Paso","TX","75884","USA",""
"157","2025-11-18","","9686 W Oak Ave","Las Vegas","NV","89412","US",""
"158","2022-05-02","","3489 Calle Norte","Monterrey","NLE","18556","MX",""
"159","2024-01-20","","9698 S Main St","Mesa","Arizona","85318","USA",""
"160","2025-06-07","","8369 N Elm Dr","Denver","Colorado","81417","USA",""
"161","2021-12-15","","1047 E Center St","Oakland","CA","93827","US",""
"162","2023-08-06","","9563 N Elm Dr","Spokane","WA","98642","USA",""
"163","2022-05-11","","1596 W Oak Ave","Lehi","UT","84681","US",""
"164","2021-06-02","","208 W Oak Ave","Sacramento","CA","93500","US",""
"165","2024-01-13","","6784 E Center St","Tacoma","WA","98974","USA",""
"166","2022-03-24","","3095 W Oak Ave","Bellevue","WA","99212","USA",""
"167","2024-02-06","","3578 N Elm Dr","Sparks","NV","89856","US",""
"168","2023-11-29","","8667 S Main St","Irvine","CA","95987","US",""
"169","2022-04-06","","4208 S Main St","Lehi","UT","84437","US",""
"170","2024-07-17","","7777 E Center St","Tempe","AZ","85405","USA","2025-06-07"
"171","2023-09-01","","3047 N Elm Dr","Sacramento","CA","91660","US",""
"172","2026-02-28","","9706 N Elm Dr","Milford","DE","19787","US",""
"173","2025-11-14","","","","","","",""
"174","2021-03-28","","4307 W Oak Ave","Ogden","UT","84470","US",""
"175","2024-08-21","","5941 S State St","St. George","UT","84403","USA",""
"176","2023-05-06","","9268 N Elm Dr","Brooklyn","NY","11975","US",""
"177","2021-01-01","","1249 E Center St","Salt Lake City","UT","84371","US",""
"178","2022-10-30","","2378 S Main St","Tempe","Arizona","86448","US",""
"179","2021-02-27","","","","","","",""
"180","2026-01-22","","5052 N Elm Dr","Oakland","ca ","93247","US",""
"181","2020-09-10","","8845 N Elm Dr","El Paso","TX","79836","USA",""
"182","2025-08-22","","8258 E Center St","Pueblo","CO","80511","US",""
"183","2022-06-28","","17 E Center St","Henderson","NV","89163","US",""
"184","2021-01-20","","","","","","",""
"185","2026-05-16","","863 S Main St","Las Vegas","NV","89817","US",""
"186","2023-08-21","","2927 S State St","Boulder","CO.","80897","US","2023-12-04"
"187","2020-01-03","","5200 E Center St","Plano","tx ","75300","US",""
"188","2020-05-12","","2616 W Oak Ave","Sacramento","CA","94826","US",""
"189","2023-10-13","","3430 E Center St","Ogden","UT","84704","US",""
"190","2026-06-21","","2625 W Oak Ave","Spokane","Washington","98453","USA",""
"191","2022-04-11","","5010 W Oak Ave","Carson City","NV","89442","USA",""
"192","2025-04-27","","7823 N Elm Dr","Tempe","AZ","86501","USA",""
"193","2025-07-18","","5087 S State St","Irvine","CA","94945","US",""
"194","2022-11-27","","578 E Center St","Sacramento","California","94082","US",""
"195","2022-07-08","","3121 E Center St","Salt Lake City","UT","84093","US",""
"196","2024-06-02","","5365 N Elm Dr","Buffalo","NY","14711","US",""
"197","2024-06-15","","235 E Center St","Tacoma","WA","99386","US",""
"198","2023-07-11","","4136 S State St","Denver","Colorado","80936","US",""
"199","2025-02-28","","7996 E Center St","Flagstaff","AZ","85470","US",""
"200","2024-09-21","","7705 N Elm Dr","Provo","UT","84093","US",""
"201","2019-01-28","","2557 E Center St","Sacramento","CA","92128","US",""
"202","2021-03-04","","1995 N Elm Dr","Denver","CO","80952","USA",""
"203","2020-05-27","","","","","","",""
"204","2024-11-27","","1925 S Main St","Wilmington","DE","19786","US",""
"205","2024-01-18","","4948 N Elm Dr","Salt Lake City","UT.","84168","US",""
"206","2023-09-21","","4396 S State St","Dallas","TX","79663","US",""
"207","2023-12-29","","8849 S State St","Lehi","UT","84076","US",""
"208","2021-10-06","","6643 E Center St","Dallas","TX","79010","US","2023-06-22"
"209","2020-04-19","","4264 S Main St","Pueblo","Colorado","81438","US",""
"210","2026-04-21","","933 W Oak Ave","Houston","TX","75307","US",""
"211","2019-10-21","","6475 E Center St","St. George","UT","84733","US",""
"212","2023-06-30","","4857 E Center St","Sacramento","CA","94048","US",""
"213","2021-11-20","","5453 E Center St","Mesa","Arizona","85822","US",""
"214","2024-07-20","","287 S Main St","Plano","TX","78701","US","2024-12-25"
"215","2023-08-27","","6341 N Elm Dr","Salt Lake City","ut ","84554","US","2024-01-28"
"216","2025-10-25","","8016 E Center St","Denver","CO","81515","US",""
"217","2026-02-28","","8417 S State St","Tacoma","WA","98160","USA",""
"218","2024-11-26","","7323 S State St","Irvine","CA.","95282","US",""
"219","2025-01-22","","7649 S Main St","Houston","TX","75805","USA",""
"220","2026-02-19","","8519 S State St","St. George","UT","84111","US",""
"221","2023-07-22","2025-06-28","5292 S Main St","Buffalo","NY","10229","USA",""
"222","2022-06-11","","6078 S Main St","Ogden","ut ","84771","US",""
"223","2025-07-12","","7172 N Elm Dr","San Jose","CA.","94769","US",""
"224","2022-12-05","","5479 E Center St","Houston","TX","77884","US",""
"225","2022-11-17","","5377 S State St","St. George","UT","84457","US","2023-12-17"
"226","2026-05-25","","2414 S Main St","Las Vegas","NV","89878","US",""
"227","2024-06-09","","7397 E Center St","Fort Collins","CO","81657","US",""
"228","2024-03-20","","7901 S Main St","Sparks","NV","89722","US",""
"229","2022-08-12","","3721 W Oak Ave","Smyrna","DE","19792","US",""
"230","2024-09-11","","7248 S State St","Salt Lake City","UT","84498","US",""
"231","2022-09-16","","6575 W Oak Ave","Fort Collins","CO","80579","US",""
"232","2023-10-20","","7382 W Oak Ave","Albany","New York","12044","USA",""
"233","2023-10-22","","3606 E Center St","Fort Collins","CO","81167","US",""
"234","2024-03-11","","1012 N Elm Dr","Salt Lake City","UT","84782","US",""
"235","2025-01-17","","898 S State St","Irvine","CA","90366","US",""
"236","2024-03-08","","2709 N Elm Dr","Salt Lake City","ut ","84777","US","2025-07-26"
"237","2023-11-11","","8428 S Main St","Irvine","California","92696","USA",""
"238","2020-12-17","","5472 W Oak Ave","Pueblo","CO","80854","US",""
"239","2023-05-13","","","","","","",""
"240","2025-01-19","","1835 S Main St","Phoenix","AZ","85583","US",""
"241","2022-08-14","","8493 S Main St","Oakland","CA.","91120","US",""
"242","2022-07-28","","7480 S Main St","Spokane","WA","98978","US",""
"243","2025-08-04","","8889 W Oak Ave","Salt Lake City","ut ","84567","US",""
"244","2022-06-08","","7168 E Center St","Tempe","Arizona","85557","US","2023-12-21"
"245","2021-02-05","","3002 E Center St","Irvine","CA","95771","USA",""
"246","2025-08-01","","8898 S State St","Buffalo","NY","10898","USA",""
"247","2023-01-21","","1292 E Center St","Houston","TX","79228","USA",""
"248","2020-04-18","","9001 N Elm Dr","Pueblo","CO","81476","US",""
"249","2022-01-25","","3545 N Elm Dr","Plano","TX","75263","US",""
"250","2022-08-19","","2669 N Elm Dr","Olympia","WA","98327","US",""
"251","2025-10-20","","9291 W Oak Ave","Bellevue","WA","98779","US",""
"252","2019-12-26","","2035 W Oak Ave","Syracuse","NY","12364","US",""
"253","2023-10-25","","8332 N Elm Dr","Boulder","CO","81272","US",""
"254","2022-07-24","","9443 S Main St","Mesa","AZ","85371","US",""
"255","2024-09-07","","1771 W Oak Ave","Boulder","CO","80740","US",""
"256","2021-11-09","2025-07-23","4313 S Main St","Tempe","AZ","85037","US",""
"257","2026-06-03","","6682 N Elm Dr","Ogden","UT","84416","US",""
"258","2022-11-05","2023-05-18","6970 S Main St","Oakland","CA","95157","US",""
"259","2023-08-18","","9680 E Center St","Seattle","WA","99167","US",""
"260","2020-03-07","","6857 S State St","Lehi","UT","84586","US",""
"261","2025-10-18","","2040 W Oak Ave","Pueblo","CO","81191","US",""
"262","2023-09-27","","6328 S Main St","Lehi","Utah","84449","US",""
"263","2024-01-22","","3837 E Center St","Irvine","CA","92428","US",""
"264","2025-10-28","","394 N Elm Dr","Provo","UT","84249","US",""
"265","2026-05-29","","7391 S State St","Milford","Delaware","19793","USA",""
"266","2024-12-08","","5938 W Oak Ave","Salt Lake City","ut ","84073","USA",""
"267","2024-07-16","","9108 E Center St","Provo","UT","84374","US",""
"268","2026-04-12","","5938 S Main St","St. George","UT","84274","US",""
"269","2025-02-21","","4477 S Main St","Lehi","Utah","84506","US",""
"270","2024-08-30","","","","","","",""
"271","2025-11-04","","5525 S State St","Irvine","CA","90429","US",""
"272","2020-11-08","","1979 N Elm Dr","Lehi","ut ","84626","US",""
"273","2025-07-25","","7585 E Center St","Dallas","TX","78569","US",""
"274","2020-11-11","","1248 W Oak Ave","Pueblo","CO","80724","USA",""
"275","2024-07-06","","8794 W Oak Ave","Henderson","nv ","89125","US",""
"276","2025-06-09","","6606 N Elm Dr","Austin","TX.","77748","US",""
"277","2021-05-27","","7804 S Main St","St. George","UT","84143","US",""
"278","2023-04-15","","9033 W Oak Ave","Irvine","CA","91174","US",""
"279","2019-07-03","","6068 N Elm Dr","Aurora","CO","81018","US",""
"280","2019-12-20","","3167 E Center St","Syracuse","New York","14828","US",""
"281","2022-10-30","","4144 S Main St","Provo","UT","84417","US",""
"282","2022-03-08","","2931 N Elm Dr","Flagstaff","AZ.","86264","US",""
"283","2020-06-17","","8799 S Main St","Lehi","UT","84394","US",""
"284","2024-01-10","","92 N Elm Dr","Spokane","WA","98926","US",""
"285","2025-10-12","","3455 S State St","Henderson","NV","89264","USA",""
"286","2024-08-03","","8639 W Oak Ave","Aurora","CO","80167","US",""
"287","2024-11-30","","8105 S Main St","Oakland","CA","95141","US",""
"288","2022-11-03","","8187 E Center St","Smyrna","DE","19790","US",""
"289","2026-01-10","","5019 N Elm Dr","Provo","UT","84472","US",""
"290","2021-02-10","","5031 S Main St","Carson City","NV","89145","US",""
"291","2024-06-19","","3181 N Elm Dr","Provo","UT","84516","USA","2024-08-31"
"292","2021-01-15","","7435 W Oak Ave","Sacramento","California","90378","US",""
"293","2020-12-30","","","","","","",""
"294","2021-05-27","","9188 S Main St","Sparks","NV","89833","US",""
"295","2023-08-01","","5967 S Main St","Lehi","UT","84403","US","2026-01-16"
"296","2022-09-11","","197 S State St","Milford","DE","19874","USA",""
"297","2026-03-17","","9334 S State St","Boulder","co ","80876","US",""
"298","2023-03-25","","9299 W Oak Ave","Salt Lake City","UT","84504","US",""
"299","2023-01-02","","","","","","",""
"300","2021-04-20","","4399 N Elm Dr","Phoenix","AZ","86108","US",""
"301","2025-05-24","","2333 N Elm Dr","St. George","UT","84293","US",""
"302","2020-08-01","","2387 Rue Principale","Guadalajara","JAL","59796","MX",""
"303","2023-05-30","","1802 S Main St","Boulder","Colorado","80098","US",""
"304","2026-05-15","","6411 S Main St","Lehi","ut ","84284","US",""
"305","2022-08-09","","8671 N Elm Dr","Tempe","AZ","85652","US","2023-02-17"
"306","2025-04-01","","990 N Elm Dr","Ogden","UT.","84308","US",""
"307","2025-05-08","","4890 E Center St","Boulder","CO","81158","US",""
"308","2024-10-14","","4843 S Main St","Provo","UT","84752","US",""
"309","2026-02-07","","6215 N Elm Dr","Mesa","AZ","85608","US",""
"310","2023-01-08","","3698 W Oak Ave","Salt Lake City","UT","84489","US",""
"311","2021-03-21","","5511 W Oak Ave","Ogden","UT","84574","USA",""
"312","2024-01-13","","6644 S State St","Lehi","UT","84342","USA",""
"313","2024-03-03","","4479 E Center St","Ogden","UT","84130","US",""
"314","2022-08-23","","6621 N Elm Dr","Plano","TX","76228","US",""
"315","2026-06-08","","426 S Main St","Sacramento","California","91800","US",""
"316","2019-09-24","","9567 N Elm Dr","Oakland","CA","94880","US",""
"317","2024-03-30","","1810 N Elm Dr","Smyrna","DE","19753","USA",""
"318","2024-04-14","","7374 E Center St","Tacoma","WA","98289","US",""
"319","2025-01-30","","1136 E Center St","El Paso","TX","79701","US",""
"320","2026-01-13","","5061 N Elm Dr","Olympia","wa ","98252","USA",""
"321","2020-10-16","","594 E Center St","Milford","DE","19919","US",""
"322","2025-12-12","","3507 S Main St","Tempe","AZ","86226","US",""
"323","2026-01-08","","3889 W Oak Ave","El Paso","TX.","75196","US",""
"324","2023-12-31","","5293 S Main St","El Paso","tx ","76577","USA",""
"325","2022-02-10","","1193 W Oak Ave","Tucson","AZ","85076","US",""
"326","2024-05-29","","6445 S Main St","Aurora","CO","81013","US",""
"327","2021-05-28","","9623 E Center St","El Paso","TX","79493","USA","2023-09-30"
"328","2021-01-31","","7946 N Elm Dr","Henderson","NV","89459","US",""
"329","2025-10-26","","7421 S State St","Provo","UT","84789","US",""
"330","2023-05-06","","7823 N Elm Dr","Boulder","CO","80825","USA",""
"331","2023-03-03","","386 W Oak Ave","Salt Lake City","UT","84415","US",""
"332","2021-12-09","","1635 S Main St","Austin","TX","79913","US",""
"333","2025-06-01","","8962 S Main St","Plano","Texas","79404","US",""
"334","2026-05-08","","9284 W Oak Ave","Aurora","CO","80998","US",""
"335","2023-01-12","2023-05-11","7143 W Oak Ave","Dallas","TX","76191","US",""
"336","2023-05-25","","6062 E Center St","Sacramento","CA","92041","US",""
"337","2025-06-08","","2436 S Main St","El Paso","TX","79781","US","2026-04-10"
"338","2021-10-06","","9648 S Main St","Provo","UT","84029","US",""
"339","2023-12-14","","4684 W Oak Ave","St. George","UT","84160","US",""
"340","2024-08-09","","9557 S Main St","Wilmington","DE","19799","US",""
"341","2019-09-08","2022-01-20","1036 S State St","Irvine","ca ","94649","US",""
"342","2024-10-20","2026-01-27","9334 N Elm Dr","Salt Lake City","UT","84385","US",""
"343","2025-12-09","","1361 S State St","Ogden","UT","84470","US","2025-12-21"
"344","2019-04-28","","3533 N Elm Dr","Austin","TX","75178","US",""
"345","2020-04-17","","2978 N Elm Dr","Sacramento","CA","90062","US",""
"346","2024-08-01","","5160 E Center St","Boulder","CO","81291","USA",""
"347","2024-03-03","","2775 S Main St","St. George","UT","84183","USA",""
"348","2024-02-23","","8511 S Main St","Lehi","UT","84736","US",""
"349","2022-08-31","","5426 S Main St","Lehi","UT","84706","US",""
"350","2021-09-17","","4898 W Oak Ave","Tempe","Arizona","85908","US","2025-02-06"
"351","2022-09-29","","9091 S Main St","Sacramento","CA","91659","US",""
"352","2025-03-24","","7129 W Oak Ave","Lehi","UT","84310","US",""
"353","2026-02-10","","","","","","",""
"354","2022-10-13","","7245 S Main St","Sacramento","CA","96029","USA",""
"355","2025-08-22","","2976 E Center St","Oakland","CA","93040","US",""
"356","2024-10-05","","9197 N Elm Dr","Boulder","CO","81127","US",""
"357","2024-05-07","","6924 N Elm Dr","Mesa","AZ","85544","USA",""
"358","2022-01-12","","1410 S State St","Dallas","TX","77212","US",""
"359","2025-11-28","","2745 S State St","Wilmington","DE","19977","US",""
"360","2021-08-01","","3032 S State St","Las Vegas","NV","89174","US",""
"361","2022-04-11","","8940 S Main St","Spokane","WA","98575","US",""
"362","2022-05-18","","764 E Center St","Fresno","California","90425","US",""
"363","2025-05-04","","4865 S Main St","Oakland","CA","92171","US",""
"364","2023-09-18","","3192 N Elm Dr","Provo","UT","84277","US",""
"365","2022-04-27","","4729 W Oak Ave","Lehi","UT","84294","US",""
"366","2023-12-30","","1697 W Oak Ave","Flagstaff","AZ","85905","US",""
"367","2021-11-27","","7057 E Center St","St. George","UT","84504","US",""
"368","2023-03-01","","5884 S State St","Spokane","WA","98919","US",""
"369","2021-08-22","","4238 E Center St","Flagstaff","Arizona","85700","USA",""
"370","2020-09-12","","","","","","",""
"371","2020-02-09","","6749 S State St","Lehi","ut ","84077","US",""
"372","2023-06-30","","500 E Center St","Dover","DE","19899","US",""
"373","2024-06-22","","4287 S State St","Houston","TX","75271","US",""
"374","2024-10-12","","2858 S Main St","Fort Collins","Colorado","80459","US",""
"375","2026-05-22","","690 S Main St","Ogden","UT","84502","US",""
"376","2025-12-11","","8356 W Oak Ave","St. George","Utah","84339","US",""
"377","2025-07-18","","9596 E Center St","Irvine","CA","92662","US",""
"378","2024-07-04","","9610 N Elm Dr","Sacramento","CA","94765","US",""
"379","2021-09-17","","8678 E Center St","Ogden","UT","84075","USA",""
"380","2020-10-21","2021-07-18","","","","","",""
"381","2022-05-26","","5915 S Main St","Salt Lake City","UT","84315","US",""
"382","2026-05-11","","1850 S State St","Sacramento","CA","92879","US",""
"383","2022-12-15","","7923 S State St","Boulder","CO","81614","US",""
"384","2022-07-22","","","","","","",""
"385","2022-02-03","","2810 S State St","Ogden","UT","84206","US",""
"386","2025-06-14","","566 W Oak Ave","Henderson","NV","89835","US",""
"387","2024-07-25","2025-11-22","8547 S State St","Oakland","CA","93735","USA",""
"388","2025-07-09","","1320 E Center St","Denver","CO","80911","US",""
"389","2022-10-31","","9029 W Oak Ave","El Paso","TX","75244","US",""
"390","2023-08-28","","7347 S Main St","Smyrna","de ","19849","USA",""
"391","2026-06-16","","2828 W Oak Ave","Tacoma","WA","98848","US",""
"392","2023-02-20","","","","","","",""
"393","2023-10-24","","3300 W Oak Ave","Austin","TX","77450","US",""
"394","2022-05-21","","4288 E Center St","El Paso","Texas","75891","US",""
"395","2020-12-06","","2751 N Elm Dr","Flagstaff","Arizona","85204","US",""
"396","2022-10-29","","2338 E Center St","St. George","UT.","84651","US",""
"397","2019-06-12","","2405 E Center St","El Paso","TX","79389","USA",""
"398","2022-10-25","","2307 E Center St","Henderson","nv ","89519","USA",""
"399","2025-02-07","","8406 E Center St","Newark","Delaware","19859","USA",""
"400","2025-03-06","","1001 N Elm Dr","Salt Lake City","UT","84638","US",""
"401","2021-03-31","","1458 S Main St","Syracuse","NY","13314","US",""
"402","2026-04-28","","6356 E Center St","Lehi","UT","84213","US",""
"403","2022-01-28","","","","","","",""
"404","2022-06-25","","5587 S Main St","Sacramento","CA","93226","US",""
"405","2024-07-06","","5179 E Center St","Lehi","UT.","84411","US",""
"406","2026-01-25","","2561 W Oak Ave","Sacramento","CA","95727","USA",""
"407","2020-12-21","","4450 S Main St","San Jose","CA","91516","US",""
"408","2024-10-26","","7806 E Center St","Fresno","CA","93809","US",""
"409","2021-09-20","","2226 S State St","Tacoma","wa ","98962","US",""
"410","2024-02-13","","8510 W Oak Ave","El Paso","TX","79796","USA",""
"411","2024-08-23","","4937 S State St","Provo","ut ","84559","US","2025-01-23"
"412","2023-12-06","","9685 S Main St","Pueblo","Colorado","80069","US",""
"413","2022-08-26","","4744 Rue Principale","Calgary","AB","M9A 3E8","CA",""
"414","2024-02-09","","7104 S Main St","Fort Collins","CO","80551","USA",""
"415","2024-07-05","","1104 S State St","Tacoma","Washington","99274","US",""
"416","2023-03-01","","8469 N Elm Dr","Lehi","UT","84615","US",""
"417","2023-12-12","","7336 N Elm Dr","Mesa","AZ","86534","US",""
"418","2023-09-05","","4696 W Oak Ave","Oakland","CA","91955","USA",""
"419","2019-09-14","","7269 N Elm Dr","Phoenix","AZ","85203","US",""
"420","2026-04-09","","3443 Av Reforma","Calgary","AB","T3C 2J4","CA",""
"421","2021-03-10","","2893 E Center St","Oakland","CA","93506","US","2025-07-14"
"422","2026-02-13","","2050 S Main St","Spokane","wa ","99233","US",""
"423","2020-12-27","","4302 S State St","Boulder","CO","81102","US",""
"424","2022-03-13","","8234 S Main St","Sacramento","CA","91743","US",""
"425","2024-10-02","","7996 E Center St","Houston","TX","75725","US",""
"426","2023-01-27","","1596 N Elm Dr","Dallas","TX","78576","US",""
"427","2021-12-04","","7481 W Oak Ave","Flagstaff","AZ","86538","US",""
"428","2025-02-27","","9488 S State St","Houston","TX","78029","US",""
"429","2024-01-14","","630 E Center St","Plano","tx ","76681","USA",""
"430","2024-03-28","","3424 S Main St","Seattle","WA","98711","US",""
"431","2025-02-20","","9240 S State St","Ogden","UT","84715","US",""
"432","2022-08-12","","8485 S Main St","Sparks","Nevada","89020","US",""
"433","2024-03-04","","5385 E Center St","Irvine","CA","93536","US",""
"434","2020-01-21","","124 S Main St","Oakland","CA","93322","USA",""
"435","2022-01-12","","4796 W Oak Ave","Irvine","CA","91329","US",""
"436","2019-09-20","2026-03-27","5566 S Main St","Milford","DE.","19721","US",""
"437","2024-11-25","","1104 S Main St","Provo","UT","84329","USA",""
"438","2023-10-13","","7790 S Main St","Provo","UT","84447","US","2024-12-22"
"439","2021-04-22","","","","","","",""
"440","2025-10-06","","6612 S State St","St. George","UT","84158","USA",""
"441","2023-08-15","","9062 S Main St","San Jose","CA","95677","USA",""
"442","2022-05-06","","6780 W Oak Ave","Sacramento","CA","91684","USA",""
"443","2024-09-06","","8364 E Center St","Mesa","AZ","86476","US",""
"444","2025-12-20","","3798 S Main St","Ogden","ut ","84766","US",""
"445","2022-07-14","","7829 W Oak Ave","Lehi","ut ","84115","USA",""
"446","2021-07-31","","7397 N Elm Dr","Denver","co ","81528","US",""
"447","2026-04-06","","1041 E Center St","Ogden","Utah","84156","USA",""
"448","2021-06-27","","3672 Calle Norte","Montreal","QC","M4G 2H7","Canada",""
"449","2021-05-20","","5077 N Elm Dr","Seattle","WA","98119","US",""
"450","2023-02-03","","1806 E Center St","Oakland","CA","95502","US",""
"451","2023-07-15","","5160 S Main St","Syracuse","NY","12329","US",""
"452","2025-10-30","","1735 N Elm Dr","Tacoma","WA","98620","US",""
"453","2026-03-12","","412 Rue Principale","Montreal","QC","T4H 6J3","CA",""
"454","2021-07-30","","7651 N Elm Dr","Salt Lake City","ut ","84778","USA",""
"455","2021-09-04","","1523 N Elm Dr","St. George","UT","84251","US",""
"456","2023-02-14","","","","","","",""
"457","2025-10-19","","2487 E Center St","Brooklyn","NY.","12759","US",""
"458","2025-08-25","","3396 S Main St","Henderson","NV","89568","US",""
"459","2023-03-10","","5475 W Oak Ave","Phoenix","AZ","85201","USA",""
"460","2023-04-09","","7868 E Center St","Irvine","ca ","95899","US",""
"461","2024-03-19","","8558 S Main St","Aurora","co ","81219","US",""
"462","2024-08-06","","963 N Elm Dr","Fresno","CA","96101","USA",""
"463","2024-01-16","","4696 Rue Principale","Calgary","AB","M4C 7E3","CA","2024-09-21"
"464","2024-07-07","","9509 N Elm Dr","Syracuse","NY","11438","US",""
"465","2024-03-07","","","","","","",""
"466","2022-11-17","","8750 N Elm Dr","Sacramento","CA","93059","US",""
"467","2025-05-28","","7673 S Main St","Lehi","UT","84536","US",""
"468","2024-11-09","","2794 E Center St","El Paso","TX","79351","US",""
"469","2025-12-11","","7230 N Elm Dr","Provo","UT","84372","US",""
"470","2019-11-12","","6408 S Main St","Boulder","co ","80043","US",""
"471","2023-01-23","","7988 S State St","Denver","Colorado","80686","US",""
"472","2022-04-12","","","","","","",""
"473","2022-01-04","","8509 N Elm Dr","Brooklyn","ny ","11908","USA",""
"474","2020-08-10","","595 E Center St","Seattle","wa ","98234","USA",""
"475","2023-03-04","","4372 W Oak Ave","San Jose","CA","90847","US",""
"476","2024-09-05","","4972 N Elm Dr","Irvine","CA","94271","USA",""
"477","2020-10-04","","","","","","",""
"478","2025-01-07","","2861 S Main St","Reno","NV","89535","US",""
"479","2023-08-28","","7432 W Oak Ave","Pueblo","CO.","80714","US",""
"480","2024-12-08","","5777 S Main St","Las Vegas","NV","89176","US",""
"481","2023-07-08","","4340 E Center St","St. George","UT","84737","USA",""
"482","2024-12-13","","9227 N Elm Dr","Las Vegas","NV","89708","US",""
"483","2023-09-28","","6880 W Oak Ave","Aurora","CO","81222","USA",""
"484","2023-07-07","","4927 E Center St","Tacoma","WA","99227","US",""
"485","2025-04-25","","","","","","",""
"486","2023-02-09","","4703 W Oak Ave","Provo","UT","84103","USA",""
"487","2024-10-03","","9435 W Oak Ave","Ogden","UT","84396","US",""
"488","2026-06-07","","171 S Main St","Irvine","CA.","92389","USA",""
"489","2024-02-24","","6439 S Main St","El Paso","TX","76752","USA",""
"490","2023-04-03","","4606 W Oak Ave","Lehi","Utah","84430","US",""
"491","2022-10-27","","3928 S Main St","Dallas","tx ","77199","USA",""
"492","2026-05-06","","8664 S State St","Syracuse","NY","11263","US",""
"493","2025-03-01","","1063 N Elm Dr","Fresno","CA.","92810","US",""
"494","2025-04-06","","3965 N Elm Dr","Seattle","WA","98081","USA",""
"495","2023-12-04","","4656 S Main St","Provo","UT","84698","USA",""
"496","2022-02-08","","6071 S Main St","Phoenix","AZ","85439","US",""
"497","2024-12-24","","5331 N Elm Dr","San Jose","CA","90939","US",""
"498","2023-09-18","","3544 S Main St","Ogden","UT","84118","US",""
"499","2023-12-03","","9356 W Oak Ave","Fresno","CA","90993","US",""
"500","2021-11-27","","4114 S State St","Plano","TX","78080","US",""
"501","2022-05-09","","9304 S Main St","Irvine","CA","92953","US",""
"502","2024-03-13","","5394 W Oak Ave","St. George","UT","84760","US",""
"503","2023-04-27","","3329 W Oak Ave","Irvine","CA","94749","USA",""
"504","2025-01-06","","2814 S Main St","Henderson","NV","89846","USA",""
"505","2022-09-26","","","","","","",""
"506","2025-04-30","","7479 E Center St","Oakland","CA","92397","USA",""
"507","2020-05-21","","9740 S Main St","Phoenix","AZ","85778","USA",""
"508","2023-05-04","","7195 E Center St","Lehi","UT","84357","US",""
"509","2024-03-28","","8064 S State St","San Jose","CA","93301","US",""
"510","2020-07-02","","4814 W Oak Ave","Dallas","TX","77128","US",""
"511","2026-01-27","","7463 W Oak Ave","Salt Lake City","UT","84407","USA",""
"512","2023-12-31","","6545 E Center St","Houston","TX.","75034","USA",""
"513","2022-12-13","","","","","","",""
"514","2021-08-09","","9325 W Oak Ave","Ogden","UT","84322","US",""
"515","2025-12-20","","2309 King St","Toronto","ON","T8E 8H8","CA",""
"516","2025-01-29","","4448 S State St","St. George","ut ","84591","US",""
"517","2025-05-26","","7337 S Main St","Ogden","UT","84770","US",""
"518","2022-04-30","","1990 N Elm Dr","Dallas","TX","76969","US",""
"519","2020-07-12","","2140 W Oak Ave","Boulder","CO","80918","USA",""
"520","2025-04-24","","9060 S State St","Sacramento","CA","92694","US",""
"521","2025-07-27","","9690 S Main St","San Jose","California","94946","US",""
"522","2022-09-20","","3000 S Main St","Tucson","Arizona","85003","US","2025-11-17"
"523","2019-05-15","","2276 Rue Principale","Calgary","AB","V7B 3H5","Canada",""
"524","2022-12-27","","5975 N Elm Dr","Plano","TX","76000","US",""
"525","2021-07-10","","5334 E Center St","St. George","ut ","84726","US",""
"526","2020-06-18","","3505 S State St","Fort Collins","CO","80296","US",""
"527","2023-05-31","","8123 N Elm Dr","Henderson","NV","89798","US",""
"528","2021-07-23","","2704 S Main St","Las Vegas","Nevada","89160","US",""
"529","2025-11-17","","6360 S State St","Brooklyn","NY","14570","USA",""
"530","2020-08-12","","1747 W Oak Ave","Buffalo","ny ","11411","US",""
"531","2022-08-16","","2243 Calle Norte","Toronto","ON","H4B 6A4","Canada",""
"532","2020-03-15","","1064 King St","Calgary","AB","H2E 1E3","CA","2025-10-03"
"533","2023-09-09","","6417 W Oak Ave","Sacramento","CA","93079","US",""
"534","2023-03-26","","8098 S Main St","Milford","DE","19973","USA",""
"535","2021-12-31","","4600 Av Reforma","Montreal","QC","T2G 4A5","CA",""
"536","2021-04-15","","4433 S Main St","Plano","TX","75667","USA",""
"537","2022-07-12","","1760 N Elm Dr","Salt Lake City","UT","84644","US",""
"538","2023-04-18","","8710 E Center St","Oakland","CA.","94035","US",""
"539","2022-12-27","","4809 N Elm Dr","Lehi","UT","84062","US",""
"540","2021-01-13","2021-06-14","6417 S Main St","Ogden","Utah","84142","USA",""
"541","2020-01-30","","1567 E Center St","Austin","TX","76854","USA",""
"542","2025-04-22","","","","","","",""
"543","2019-08-18","","8137 S State St","Salt Lake City","ut ","84223","US",""
"544","2024-08-06","","","","","","",""
"545","2020-11-23","","3080 S Main St","Henderson","NV","89116","USA",""
"546","2022-03-20","","","","","","",""
"547","2023-01-19","","7113 N Elm Dr","Provo","Utah","84354","US",""
"548","2023-10-22","","7961 S State St","Boulder","CO","80261","USA",""
"549","2022-12-08","","1661 E Center St","Houston","tx ","77748","US",""
"550","2025-04-15","","4370 S State St","Tucson","AZ","85737","USA",""
"551","2025-05-13","","8419 S State St","St. George","UT","84174","US",""
"552","2026-02-03","","2338 N Elm Dr","Ogden","UT","84194","US",""
"553","2021-10-02","","9008 E Center St","Flagstaff","AZ.","85579","US",""
"554","2025-10-26","","6740 W Oak Ave","Las Vegas","NV","89167","US",""
"555","2025-01-13","","","","","","",""
"556","2022-07-05","","8707 N Elm Dr","Syracuse","ny ","10043","US",""
"557","2022-06-30","","1039 Av Reforma","Guadalajara","JAL","54039","MX",""
"558","2025-07-23","","2369 S State St","Salt Lake City","ut ","84310","US",""
"559","2024-12-04","","1882 S Main St","Brooklyn","NY","14536","US",""
"560","2022-10-16","","2191 E Center St","Phoenix","AZ","85487","USA","2025-10-16"
"561","2023-04-01","","7879 N Elm Dr","Buffalo","NY.","11373","US",""
"562","2020-08-27","","2039 E Center St","Provo","UT","84523","US",""
"563","2023-02-07","","577 E Center St","Tempe","AZ","85440","US",""
"564","2023-12-02","","4453 S State St","Bellevue","WA","98509","USA",""
"565","2023-01-06","","8389 S State St","Fort Collins","CO","80090","US",""
"566","2025-10-13","","576 W Oak Ave","San Jose","CA","92230","US",""
"567","2026-05-05","","435 S State St","Salt Lake City","UT","84111","US",""
"568","2019-12-24","","3475 S State St","Provo","UT","84049","US",""
"569","2023-11-21","","4671 W Oak Ave","Mesa","az ","85592","US",""
"570","2021-05-15","","3199 E Center St","Flagstaff","az ","86494","US","2022-07-28"
"571","2024-12-15","","3407 S Main St","St. George","UT.","84731","USA",""
"572","2025-03-03","","173 King St","Toronto","ON","T5H 8C1","Canada",""
"573","2019-10-28","","7840 N Elm Dr","El Paso","TX","78524","US",""
"574","2022-06-02","","2966 S Main St","Sacramento","CA","94800","US",""
"575","2022-03-19","","5966 W Oak Ave","Irvine","CA","90918","USA",""
"576","2024-10-25","","9372 E Center St","St. George","UT","84469","US",""
"577","2023-06-25","","9507 W Oak Ave","Lehi","UT","84698","USA",""
"578","2022-02-11","","2270 S Main St","Flagstaff","AZ","86337","USA",""
"579","2026-01-15","","954 N Elm Dr","Bellevue","WA","99278","US",""
"580","2025-11-26","","6016 E Center St","San Jose","CA","93286","USA",""
"581","2024-02-25","","5274 N Elm Dr","Houston","TX","79471","USA",""
"582","2024-09-27","","2556 W Oak Ave","Austin","TX","78016","US",""
"583","2026-03-03","","7049 S Main St","Provo","ut ","84211","USA",""
"584","2025-06-10","","2327 N Elm Dr","Austin","tx ","78802","USA",""
"585","2025-08-04","","7230 E Center St","Seattle","Washington","98952","USA",""
"586","2021-11-14","","5320 N Elm Dr","Denver","co ","81298","USA",""
"587","2020-04-11","","4704 W Oak Ave","Denver","CO","81234","US",""
"588","2024-01-31","","9652 S Main St","Lehi","ut ","84725","US",""
"589","2026-03-11","","7536 E Center St","Syracuse","NY","11644","US",""
"590","2020-03-18","","5515 W Oak Ave","Salt Lake City","UT","84463","US",""
"591","2024-12-20","","7346 W Oak Ave","Fresno","CA","93669","USA",""
"592","2025-03-28","","7808 N Elm Dr","Oakland","CA","95244","US",""
"593","2026-03-26","","6794 W Oak Ave","Phoenix","AZ","86503","US",""
"594","2023-10-14","","4228 S State St","Albany","NY","10946","US",""
"595","2025-12-21","","6717 E Center St","Boulder","CO","81604","US",""
"596","2020-05-09","","7095 W Oak Ave","Dallas","TX","76304","USA",""
"597","2020-08-25","","4853 S State St","Provo","UT","84314","US",""
"598","2023-05-19","","7189 E Center St","Tacoma","Washington","99315","US",""
"599","2024-07-31","","2139 W Oak Ave","San Jose","CA","92059","US",""
"600","2025-08-30","","6907 S Main St","Mesa","AZ","86374","US",""
"601","2024-09-13","","2786 Av Reforma","Ciudad de Mexico","CMX","83888","MX",""
"602","2020-05-31","","3451 W Oak Ave","Fort Collins","CO","80851","USA",""
"603","2023-10-16","","2416 W Oak Ave","Carson City","NV","89146","US",""
"604","2022-10-18","","550 S State St","Lehi","UT","84732","US",""
"605","2025-06-12","","","","","","",""
"606","2024-07-08","","9715 W Oak Ave","Salt Lake City","UT","84604","US",""
"607","2021-11-16","","3176 S Main St","El Paso","TX","75709","US",""
"608","2026-02-08","","227 S State St","Henderson","Nevada","89403","US",""
"609","2024-02-26","","4197 S State St","Mesa","AZ","85428","US",""
"610","2026-06-24","","2437 S Main St","Bellevue","WA","99043","USA",""
"611","2020-04-26","","7743 N Elm Dr","Plano","TX","79734","USA",""
"612","2021-01-09","","5603 N Elm Dr","Austin","TX","76561","US",""
"613","2023-02-01","","9106 S State St","El Paso","TX.","75035","US",""
"614","2022-04-23","","5750 N Elm Dr","Salt Lake City","UT","84218","USA",""
"615","2025-05-13","","2532 S State St","Spokane","Washington","98069","US",""
"616","2021-08-26","","6147 N Elm Dr","San Jose","California","93595","US",""
"617","2021-08-05","","6185 S State St","San Jose","CA","95025","US",""
"618","2026-06-21","","7344 E Center St","Austin","TX","77673","USA",""
"619","2024-11-03","","1937 W Oak Ave","St. George","UT","84152","USA",""
"620","2024-05-23","","8746 E Center St","Oakland","CA","90599","US",""
"621","2022-05-19","","1076 W Oak Ave","Plano","TX","75892","US",""
"622","2022-12-04","","4396 E Center St","Aurora","CO.","81551","US",""
"623","2025-11-12","","3728 S State St","St. George","UT","84217","US",""
"624","2021-02-12","","9238 E Center St","Ogden","UT","84039","US",""
"625","2025-12-14","","695 W Oak Ave","St. George","ut ","84628","USA",""
"626","2026-06-06","","4358 E Center St","Wilmington","de ","19735","US",""
"627","2025-11-04","","1784 Rue Principale","Guadalajara","JAL","10736","MX",""
"628","2020-07-09","","5575 S State St","Pueblo","CO","81199","USA",""
"629","2023-12-28","","8903 S Main St","Tucson","AZ","86160","US",""
"630","2022-01-22","","6757 S Main St","Ogden","UT","84721","US","2025-11-09"
"631","2024-07-25","","1869 E Center St","Phoenix","AZ","86006","USA",""
"632","2021-08-17","","7895 N Elm Dr","Salt Lake City","UT","84770","USA",""
"633","2021-09-06","","9499 N Elm Dr","Mesa","Arizona","85841","US",""
"634","2022-01-08","","","","","","",""
"635","2021-07-14","","9418 S State St","Salt Lake City","UT","84730","US",""
"636","2021-05-30","","3770 W Oak Ave","Austin","tx ","78342","US",""
"637","2020-06-06","","8633 E Center St","Rochester","NY","11543","US",""
"638","2019-05-22","","371 W Oak Ave","Flagstaff","az ","86241","USA",""
"639","2021-08-28","","1376 S Main St","Plano","TX","75645","US",""
"640","2024-12-28","","2815 Rue Principale","Guadalajara","JAL","70933","MX","2025-09-07"
"641","2023-09-28","","3695 S Main St","Tempe","Arizona","85386","US",""
"642","2024-08-11","","4941 S State St","Irvine","CA","94383","US",""
"643","2019-07-30","","2644 Av Reforma","Calgary","AB","M3H 2A7","CA",""
"644","2026-01-17","","7869 W Oak Ave","Tacoma","WA","98298","US",""
"645","2023-07-31","","1930 S State St","Spokane","WA.","99298","US",""
"646","2024-01-21","","6826 S Main St","Dallas","TX","76095","US",""
"647","2022-06-09","","3536 S State St","Henderson","NV","89673","USA",""
"648","2021-06-19","","","","","","",""
"649","2024-02-09","","5575 E Center St","Sacramento","CA","90955","USA",""
"650","2022-09-20","","6198 S State St","St. George","UT","84578","US",""
"651","2025-09-21","","8281 S Main St","Oakland","CA","96090","US",""
"652","2026-03-06","","7651 W Oak Ave","Syracuse","New York","13226","USA",""
"653","2022-04-15","","9036 E Center St","Sacramento","CA","92921","US",""
"654","2024-07-24","","7489 S State St","Salt Lake City","UT","84463","US",""
"655","2024-08-16","","3837 S State St","Tempe","AZ.","86511","USA",""
"656","2021-12-06","","2353 W Oak Ave","Houston","TX","77613","US",""
"657","2020-11-03","","848 N Elm Dr","Fort Collins","CO","80713","US",""
"658","2022-02-10","","7121 N Elm Dr","Lehi","UT","84486","US",""
"659","2023-03-07","","1033 W Oak Ave","Ogden","Utah","84751","US",""
"660","2022-10-16","","6188 N Elm Dr","Rochester","NY","10134","USA",""
"661","2019-09-29","","5530 E Center St","Austin","TX","79368","US",""
"662","2026-03-08","","4875 E Center St","Salt Lake City","UT","84524","US",""
"663","2022-10-16","","6643 S State St","Sparks","NV","89467","USA",""
"664","2024-06-03","2024-07-20","3851 W Oak Ave","Provo","UT","84339","US",""
"665","2024-03-31","","2879 S State St","San Jose","CA","95628","US",""
"666","2023-07-11","","3624 W Oak Ave","Seattle","WA","99324","US",""
"667","2025-06-21","","6986 N Elm Dr","Lehi","UT","84642","USA",""
"668","2024-04-12","","2090 Rue Principale","Toronto","ON","H9C 2G2","CA",""
"669","2023-03-16","","","","","","",""
"670","2025-10-22","","4095 S Main St","Denver","Colorado","80174","US",""
"671","2022-04-15","","6816 N Elm Dr","Fresno","CA","92246","USA",""
"672","2024-02-19","","427 S State St","San Jose","CA","94601","US",""
"673","2020-03-14","","5718 E Center St","Sacramento","CA","92327","USA",""
"674","2022-04-24","","5319 E Center St","Las Vegas","nv ","89726","US",""
"675","2025-01-03","","2028 E Center St","Provo","UT","84518","US",""
"676","2026-01-31","","51 S State St","Provo","UT","84210","US",""
"677","2023-02-10","","7156 S Main St","St. George","UT","84469","US",""
"678","2026-06-24","","7162 S Main St","Plano","TX","77636","US",""
"679","2023-05-19","","1512 E Center St","Mesa","AZ.","86061","US",""
"680","2023-05-26","","9746 E Center St","Bellevue","WA","98915","US","2024-10-07"
"681","2025-03-05","","2424 S State St","Phoenix","AZ","86124","USA","2026-03-21"
"682","2023-02-10","","4558 N Elm Dr","Dallas","TX","78500","US",""
"683","2023-01-08","","2789 E Center St","San Jose","CA","93106","USA",""
"684","2022-01-29","","1990 S Main St","Plano","TX","77805","USA",""
"685","2020-08-05","","8555 N Elm Dr","Bellevue","WA","98321","USA",""
"686","2023-11-01","","4604 W Oak Ave","Spokane","WA","99346","US",""
"687","2024-04-04","","4631 S Main St","Seattle","WA","99108","USA",""
"688","2025-08-30","","3639 S State St","El Paso","tx ","79560","US",""
"689","2019-08-08","","2776 S State St","El Paso","TX","79512","US",""
"690","2019-05-12","","2420 W Oak Ave","Ogden","UT","84542","USA",""
"691","2022-09-28","","3723 S State St","Denver","co ","81444","US",""
"692","2026-01-13","","533 S Main St","Salt Lake City","UT","84247","US",""
"693","2024-11-11","","6866 W Oak Ave","Provo","Utah","84025","US",""
"694","2022-01-03","","8807 S Main St","Ogden","UT","84006","USA",""
"695","2025-04-19","","","","","","",""
"696","2024-05-01","","691 S Main St","Pueblo","Colorado","80975","US",""
"697","2025-12-14","","5801 S Main St","Provo","ut ","84422","USA",""
"698","2021-11-04","","5972 W Oak Ave","San Jose","CA","95644","US",""
"699","2025-08-06","","6624 S Main St","Syracuse","NY","10537","USA",""
"700","2021-06-24","","3618 W Oak Ave","Ogden","Utah","84147","USA",""
"701","2024-12-21","","2240 E Center St","Mesa","AZ","85507","US",""
"702","2020-05-26","","","","","","",""
"703","2025-12-22","","1550 S State St","Reno","NV","89663","USA",""
"704","2020-10-17","","534 S Main St","Pueblo","CO","81402","USA",""
"705","2022-08-16","","2246 W Oak Ave","Las Vegas","NV","89060","US",""
"706","2024-05-20","","1751 S State St","Tempe","AZ","86102","US",""
"707","2021-06-10","","980 S State St","Sacramento","ca ","93879","US",""
"708","2025-09-20","","2556 W Oak Ave","Plano","tx ","78154","US",""
"709","2025-01-11","","221 W Oak Ave","Oakland","CA","91131","US",""
"710","2020-06-02","","5924 N Elm Dr","Olympia","WA","98446","USA",""
"711","2026-05-15","","9165 S Main St","Olympia","WA","98986","US",""
"712","2025-02-04","","7210 S State St","El Paso","TX","79645","US",""
"713","2023-07-05","","7496 W Oak Ave","Ogden","UT","84264","USA",""
"714","2022-06-02","","2124 E Center St","Tacoma","WA","99130","US","2025-01-19"
"715","2020-01-09","","9559 E Center St","Carson City","nv ","89527","USA",""
"716","2023-12-02","","7480 W Oak Ave","Fresno","CA","94968","US",""
"717","2026-03-17","","2221 E Center St","Salt Lake City","ut ","84129","US",""
"718","2024-10-29","","9026 E Center St","Irvine","CA","93310","US",""
"719","2026-02-27","","4642 S State St","Provo","UT","84706","US",""
"720","2025-04-18","","5548 S State St","Provo","UT","84329","US",""
"721","2025-04-26","","9231 W Oak Ave","Denver","CO","80781","USA",""
"722","2024-11-14","","2353 N Elm Dr","Sacramento","CA","94822","US",""
"723","2021-07-06","","7367 S Main St","Provo","UT","84047","US",""
"724","2024-08-01","","1954 S Main St","Brooklyn","ny ","12240","USA",""
"725","2023-02-06","","9555 E Center St","Sacramento","CA","92291","US",""
"726","2021-06-02","","5911 E Center St","St. George","UT","84592","US",""
"727","2024-06-03","","7092 E Center St","St. George","UT","84488","US",""
"728","2025-02-22","","9483 E Center St","Brooklyn","NY","12184","US",""
"729","2025-12-20","","4002 S Main St","Ogden","UT","84407","US",""
"730","2024-06-23","","6992 E Center St","Spokane","wa ","98659","US",""
"731","2024-03-10","","5903 W Oak Ave","Aurora","co ","80923","US",""
"732","2021-04-04","","","","","","",""
"733","2026-04-28","","1139 N Elm Dr","Rochester","NY","12490","US",""
"734","2026-01-05","","1446 S Main St","Denver","CO","81134","US",""
"735","2020-10-23","2026-05-16","3096 N Elm Dr","Fresno","ca ","90206","US",""
"736","2026-03-18","","8522 S State St","Carson City","NV","89807","US",""
"737","2025-12-16","","8236 S Main St","Carson City","NV","89466","USA",""
"738","2024-08-29","","2564 S State St","Irvine","CA","95975","US",""
"739","2025-06-08","","9705 N Elm Dr","Rochester","NY","13592","USA",""
"740","2020-01-10","","2185 E Center St","San Jose","California","90344","US",""
"741","2021-06-25","","3539 N Elm Dr","Sacramento","CA","96058","USA",""
"742","2024-02-28","","8651 E Center St","St. George","UT","84587","US",""
"743","2023-09-10","","398 S Main St","Aurora","CO","81236","US",""
"744","2024-04-11","","3911 N Elm Dr","Spokane","WA","98758","USA",""
"745","2024-09-23","","1877 E Center St","Oakland","CA","91121","US",""
"746","2020-07-11","","5826 E Center St","Tacoma","WA","99393","US",""
"747","2023-09-19","","1122 S Main St","Austin","TX","78352","US",""
"748","2021-04-12","","3963 N Elm Dr","Spokane","WA","99382","USA",""
"749","2025-01-31","","5907 N Elm Dr","Tucson","az ","86517","US",""
"750","2023-07-23","","4281 S Main St","St. George","UT","84101","USA","2025-03-22"
"751","2025-09-29","","4817 W Oak Ave","Ogden","UT","84006","US",""
"752","2020-12-21","","","","","","",""
"753","2025-04-06","","1656 S State St","Ogden","ut ","84097","US",""
"754","2023-03-18","","1133 W Oak Ave","San Jose","CA","93100","USA","2023-09-16"
"755","2025-06-12","","1852 S State St","San Jose","CA","95995","USA",""
"756","2020-11-06","","3824 S State St","Carson City","Nevada","89548","US",""
"757","2026-05-11","","8251 N Elm Dr","Aurora","CO","80620","US",""
"758","2023-02-20","","6961 S State St","Houston","Texas","75780","US",""
"759","2022-01-02","","7504 S State St","Mesa","AZ","85963","US",""
"760","2023-04-25","","1796 S Main St","Irvine","CA","95301","US",""
"761","2026-04-02","","4395 King St","Calgary","AB","V4C 2E5","CA",""
"762","2022-06-14","","5216 W Oak Ave","Boulder","CO","80850","US",""
"763","2020-11-15","","874 W Oak Ave","Salt Lake City","UT","84329","USA",""
"764","2023-02-20","","","","","","",""
"765","2026-02-04","","","","","","",""
"766","2026-02-22","","","","","","",""
"767","2024-10-20","","5062 W Oak Ave","Denver","Colorado","80416","US",""
"768","2022-12-30","","1680 Rue Principale","Guadalajara","JAL","21872","MX",""
"769","2026-03-31","","3339 S Main St","Lehi","UT","84714","US",""
"770","2024-09-27","","4877 S State St","Fort Collins","CO","80981","USA",""
"771","2023-03-07","","2161 W Oak Ave","Houston","TX","79102","US",""
"772","2026-04-11","","9207 N Elm Dr","Rochester","NY","12096","US",""
"773","2026-06-04","","8391 E Center St","Dallas","TX","75210","US",""
"774","2019-10-18","","6514 E Center St","St. George","UT","84446","US",""
"775","2025-11-14","","6386 N Elm Dr","San Jose","California","95596","US",""
"776","2025-10-02","","3094 N Elm Dr","Aurora","CO","80127","US",""
"777","2021-10-25","","6353 N Elm Dr","Sparks","NV","89170","US",""
"778","2024-04-10","","3698 W Oak Ave","Lehi","UT","84665","US",""
"779","2022-09-21","","9232 W Oak Ave","Wilmington","de ","19884","US",""
"780","2026-06-21","","3513 S State St","Phoenix","AZ","85049","US",""
"781","2020-09-11","","9384 W Oak Ave","Boulder","CO","80498","US",""
"782","2022-03-22","","1110 S State St","Spokane","wa ","99365","US",""
"783","2023-05-30","","4280 N Elm Dr","Plano","TX","79854","USA",""
"784","2024-11-03","","2847 W Oak Ave","Ogden","ut ","84237","USA",""
"785","2025-07-10","","6308 N Elm Dr","Lehi","UT","84453","US",""
"786","2024-08-10","","3717 W Oak Ave","Tucson","AZ","85276","US","2025-10-25"
"787","2025-02-27","","4095 N Elm Dr","Oakland","CA","90847","US",""
"788","2021-12-24","","6275 W Oak Ave","Oakland","CA","95605","US",""
"789","2023-04-07","","5644 E Center St","Salt Lake City","UT.","84167","US",""
"790","2020-05-09","","4895 N Elm Dr","Las Vegas","NV","89444","US",""
"791","2023-07-07","","324 S Main St","Flagstaff","Arizona","86267","US",""
"792","2022-01-30","","2611 S Main St","Plano","TX","75231","USA",""
"793","2022-11-03","","3088 E Center St","Salt Lake City","UT","84734","USA",""
"794","2021-03-30","","5670 S Main St","Dallas","TX","78260","US",""
"795","2022-11-07","","8017 W Oak Ave","Plano","TX","76204","US",""
"796","2024-02-28","","3228 N Elm Dr","Tempe","AZ","86214","US",""
"797","2025-01-08","","4383 S State St","Ogden","UT","84489","USA","2026-04-25"
"798","2023-12-01","","7772 S Main St","El Paso","TX","75159","US",""
"799","2021-12-05","","137 Calle Norte","Monterrey","NLE","30962","MX",""
"800","2025-06-15","","7331 W Oak Ave","Phoenix","AZ","86512","US",""
"801","2025-08-12","","9712 S Main St","Sacramento","CA","91800","US",""
"802","2025-12-14","","393 E Center St","Oakland","California","94497","USA",""
"803","2023-01-17","","8873 S Main St","Spokane","WA","99360","US",""
"804","2022-06-16","","8394 S Main St","Provo","UT","84657","US",""
"805","2024-03-27","","490 S State St","Oakland","ca ","90046","US",""
"806","2026-02-25","","785 S Main St","Salt Lake City","Utah","84490","USA",""
"807","2019-03-06","","6065 N Elm Dr","Lehi","ut ","84547","USA",""
"808","2026-03-26","","","","","","",""
"809","2019-06-29","","9476 W Oak Ave","San Jose","CA","93872","US",""
"810","2024-11-02","","2971 N Elm Dr","San Jose","California","91220","US",""
"811","2026-06-14","","1293 W Oak Ave","Pueblo","CO","80263","US",""
"812","2023-07-06","","3275 E Center St","St. George","UT","84217","US",""
"813","2021-10-22","","4989 S State St","Dallas","Texas","78050","US",""
"814","2023-03-16","","4227 S State St","Tucson","AZ","85167","US","2023-12-29"
"815","2025-11-01","","2177 Calle Norte","Guadalajara","JAL","99205","MX",""
"816","2024-06-15","","4875 W Oak Ave","Provo","UT","84790","USA",""
"817","2020-03-15","","6063 E Center St","San Jose","CA","90596","US",""
"818","2026-05-08","","5042 W Oak Ave","Aurora","CO","81532","USA",""
"819","2025-07-13","","","","","","",""
"820","2021-07-04","","1199 E Center St","Lehi","UT.","84331","USA",""
"821","2022-01-25","","4937 N Elm Dr","Henderson","NV.","89476","US","2025-07-07"
"822","2023-10-30","","9792 W Oak Ave","Irvine","CA","94195","US",""
"823","2021-01-30","","9667 N Elm Dr","Reno","NV","89245","US",""
"824","2019-01-13","","2289 S Main St","Tacoma","WA","99200","US",""
"825","2025-09-24","","8967 W Oak Ave","Lehi","UT","84285","US",""
"826","2024-01-20","","465 E Center St","Irvine","CA","93858","US",""
"827","2024-05-02","","445 S Main St","Oakland","CA.","92422","US",""
"828","2023-06-26","","2796 E Center St","St. George","UT.","84490","US",""
"829","2021-07-16","","820 S State St","Houston","TX","77359","US",""
"830","2025-11-15","","6565 S Main St","Austin","TX","77788","USA",""
"831","2019-03-02","","1183 E Center St","St. George","UT","84418","US",""
"832","2025-06-08","","5274 S State St","Smyrna","de ","19949","US",""
"833","2023-10-04","","5340 S State St","Salt Lake City","UT","84306","US",""
"834","2023-08-26","","3037 S State St","Fresno","CA","90916","USA",""
"835","2024-06-21","","2422 W Oak Ave","Sparks","NV","89200","USA",""
"836","2025-07-13","","9536 N Elm Dr","St. George","UT","84671","US",""
"837","2020-09-20","","2348 N Elm Dr","Carson City","NV.","89849","US",""
"838","2019-08-20","","4180 Calle Norte","Calgary","AB","M2H 3A3","Canada",""
"839","2025-09-04","","4488 S State St","Lehi","UT","84523","USA",""
"840","2025-01-31","","","","","","",""
"841","2024-12-27","","2110 S Main St","Lehi","ut ","84534","US",""
"842","2024-02-14","","2771 S Main St","Salt Lake City","UT","84135","USA",""
"843","2023-05-18","","8381 S Main St","Sacramento","California","90169","USA",""
"844","2021-09-13","","7492 S Main St","Rochester","NY","14035","USA",""
"845","2023-09-06","","6444 S Main St","Ogden","UT","84132","US","2025-12-09"
"846","2019-10-20","","4990 W Oak Ave","Reno","NV","89387","US",""
"847","2025-08-06","","538 E Center St","Albany","ny ","10781","US",""
"848","2020-08-18","","3153 Av Reforma","Ciudad de Mexico","CMX","82642","MX",""
"849","2025-03-30","","3069 N Elm Dr","El Paso","TX","77301","US",""
"850","2024-09-14","","7714 W Oak Ave","Flagstaff","Arizona","85682","US",""
"851","2021-09-02","","5993 E Center St","Irvine","CA","95622","US",""
"852","2026-03-02","","873 N Elm Dr","Oakland","CA","93464","US",""
"853","2024-01-27","","6177 S State St","Fresno","CA","95700","USA",""
"854","2021-05-19","","1931 S Main St","El Paso","TX","78745","US",""
"855","2025-09-19","","346 N Elm Dr","Provo","UT","84119","US",""
"856","2022-11-15","","4797 Calle Norte","Vancouver","BC","M4C 6A9","CA",""
"857","2019-10-06","","4481 E Center St","Lehi","UT","84686","US",""
"858","2026-04-02","","8273 S State St","St. George","UT","84706","USA",""
"859","2022-12-18","","","","","","",""
"860","2022-06-19","","1920 N Elm Dr","Fresno","CA","93920","US",""
"861","2020-07-05","","8737 S State St","Oakland","CA","95897","USA",""
"862","2022-09-25","","2516 S State St","Sacramento","CA","94046","US",""
"863","2020-08-18","","9752 W Oak Ave","Fresno","CA","90289","US",""
"864","2023-12-02","","8922 S Main St","Lehi","UT","84550","US",""
"865","2026-05-12","","1450 S State St","Plano","TX","77792","US",""
"866","2026-06-01","","4454 S State St","Tucson","AZ","85420","US",""
"867","2024-04-01","","5993 W Oak Ave","Lehi","UT","84187","USA",""
"868","2026-05-29","","1315 King St","Monterrey","NLE","16357","MX",""
"869","2025-12-08","","6158 W Oak Ave","Sparks","Nevada","89125","US",""
"870","2026-01-23","","","","","","",""
"871","2025-01-22","","9364 E Center St","St. George","UT","84321","US",""
"872","2022-12-30","","785 N Elm Dr","Plano","Texas","75922","USA",""
"873","2026-02-03","","6532 S State St","El Paso","tx ","75615","USA",""
"874","2023-09-28","","9428 N Elm Dr","Buffalo","New York","11202","US",""
"875","2021-03-28","","7268 S Main St","Plano","TX.","75264","US","2024-03-07"
"876","2022-01-09","","269 E Center St","Seattle","WA","98162","USA",""
"877","2023-08-20","","4458 N Elm Dr","Brooklyn","NY","10603","US",""
"878","2023-09-27","","3559 E Center St","Brooklyn","NY","10878","US",""
"879","2023-02-09","2024-09-26","6645 W Oak Ave","Syracuse","NY","14675","US",""
"880","2023-09-16","","610 N Elm Dr","Ogden","UT","84530","US",""
"881","2022-09-08","","3228 S State St","Plano","TX","77445","US",""
"882","2024-02-02","","7307 S Main St","Reno","NV","89263","US",""
"883","2025-05-06","","5738 S State St","Rochester","NY","14686","US",""
"884","2020-02-27","","6614 N Elm Dr","Fresno","CA","93103","USA",""
"885","2023-03-30","","4689 S Main St","Mesa","AZ","86200","US",""
"886","2022-12-18","","1861 N Elm Dr","Rochester","NY","14001","USA","2025-08-17"
"887","2021-10-27","","3926 S State St","Tucson","AZ","85441","US",""
"888","2023-02-20","","4063 N Elm Dr","Lehi","UT","84747","US",""
"889","2021-02-14","","8842 S State St","Bellevue","WA","98417","US",""
"890","2021-02-18","","4041 E Center St","Phoenix","AZ","85564","US",""
"891","2023-06-26","","7149 S Main St","Flagstaff","AZ","85669","US",""
"892","2025-01-25","","4493 Rue Principale","Calgary","AB","V2C 8J8","Canada",""
"893","2025-02-07","","6875 S State St","Provo","Utah","84671","USA",""
"894","2023-10-28","","1727 S Main St","Fresno","CA","95210","US",""
"895","2023-03-25","","6596 W Oak Ave","Plano","tx ","79891","US",""
"896","2021-08-22","","5352 S Main St","El Paso","tx ","79248","US",""
"897","2022-04-18","","4392 E Center St","Fresno","California","94441","US",""
"898","2026-03-19","","4523 E Center St","El Paso","TX","77537","USA",""
"899","2023-01-05","","8283 W Oak Ave","Fort Collins","Colorado","81566","USA",""
"900","2022-01-09","","5575 W Oak Ave","Oakland","CA","91539","US",""
"901","2025-09-29","","4903 W Oak Ave","Tempe","Arizona","85238","US",""
"902","2023-05-06","","389 E Center St","Fort Collins","CO","80468","US",""
"903","2024-07-03","","3019 King St","Toronto","ON","H2J 7C2","Canada","2024-09-29"
"904","2025-02-08","","1573 N Elm Dr","Oakland","CA","94345","US",""
"905","2023-09-22","","5454 S State St","Denver","CO","81106","US",""
"906","2023-07-06","","9470 W Oak Ave","St. George","Utah","84453","US","2024-02-25"
"907","2021-02-01","","3813 S Main St","Irvine","CA","91580","US",""
"908","2025-05-06","","2066 S Main St","Carson City","NV","89038","US",""
"909","2024-06-07","","1507 S State St","St. George","UT","84300","USA",""
"910","2021-10-20","","4799 W Oak Ave","Salt Lake City","ut ","84358","US",""
"911","2020-09-27","","3599 S State St","Fresno","CA","91235","US",""
"912","2025-09-17","","4009 S State St","Sparks","Nevada","89842","USA",""
"913","2025-12-20","","3060 N Elm Dr","Salt Lake City","ut ","84614","USA",""
"914","2025-07-27","","5121 S Main St","Sacramento","CA","90119","USA",""
"915","2021-10-02","","5338 W Oak Ave","Provo","UT.","84046","US","2022-06-10"
"916","2025-03-18","","6141 E Center St","Plano","Texas","76665","USA",""
"917","2020-10-10","","7782 S Main St","Irvine","CA","95423","US",""
"918","2025-08-24","","8969 S Main St","Las Vegas","NV","89151","US",""
"919","2022-04-29","","3477 N Elm Dr","Provo","UT","84095","US",""
"920","2025-11-04","","5978 N Elm Dr","Fort Collins","CO","80954","US",""
"921","2025-08-12","","316 W Oak Ave","Dallas","TX","77294","USA",""
"922","2024-07-11","","3799 N Elm Dr","Lehi","UT","84315","USA",""
"923","2020-12-15","","1909 W Oak Ave","Ogden","UT","84658","US",""
"924","2025-06-09","","4504 N Elm Dr","San Jose","CA","91175","US",""
"925","2021-01-22","","","","","","",""
"926","2024-01-24","","9618 S Main St","Newark","DE","19832","US",""
"927","2023-10-15","","6582 E Center St","Tacoma","WA","98260","US",""
"928","2020-12-02","","5532 E Center St","St. George","UT","84094","USA",""
"929","2026-06-11","","717 N Elm Dr","Oakland","CA","90009","US",""
"930","2025-02-06","","5404 S Main St","Austin","TX","78893","USA",""
"931","2024-11-04","","3027 Rue Principale","Montreal","QC","T6H 4E2","Canada",""
"932","2023-06-24","","2524 N Elm Dr","San Jose","California","94708","US",""
"933","2022-01-01","","9431 W Oak Ave","Seattle","WA.","98498","US",""
"934","2021-01-05","","6893 S Main St","Lehi","UT","84249","US",""
"935","2022-06-12","","3615 W Oak Ave","Seattle","wa ","98708","US",""
"936","2021-01-25","","5171 N Elm Dr","Fresno","CA","94708","USA",""
"937","2022-11-29","","2462 E Center St","Fresno","CA","95051","USA",""
"938","2021-08-21","","1256 N Elm Dr","Sacramento","ca ","90986","US",""
"939","2026-03-18","","1576 W Oak Ave","Provo","UT","84004","USA",""
"940","2022-01-17","","1973 N Elm Dr","Irvine","CA","95480","US",""
"941","2024-11-06","","41 S Main St","St. George","UT","84083","US",""
"942","2021-03-01","","6808 N Elm Dr","Boulder","CO","81073","US",""
"943","2021-10-02","","8765 N Elm Dr","Lehi","UT","84205","US",""
"944","2026-05-14","","5069 N Elm Dr","Tempe","az ","85509","US",""
"945","2024-09-12","","5691 E Center St","Tucson","AZ","85364","USA",""
"946","2024-03-10","","348 S Main St","Lehi","Utah","84637","US",""
"947","2020-07-03","","3354 S State St","El Paso","TX","78061","US",""
"948","2026-03-02","","8611 S State St","Tempe","az ","85929","US",""
"949","2025-04-19","","3625 W Oak Ave","Sparks","NV","89177","US",""
"950","2024-07-05","","5704 W Oak Ave","Brooklyn","NY","12187","USA",""
"951","2021-12-23","","9344 E Center St","Lehi","UT","84740","US",""
"952","2023-03-30","","2732 Av Reforma","Montreal","QC","H6B 6G2","CA",""
"953","2026-04-06","","","","","","",""
"954","2024-03-20","","9330 N Elm Dr","St. George","UT","84699","US",""
"955","2021-02-07","","7259 S Main St","San Jose","ca ","90018","US",""
"956","2026-01-21","","768 E Center St","San Jose","CA","90907","US",""
"957","2022-06-01","","5922 W Oak Ave","Sparks","NV","89051","US",""
"958","2024-01-23","","193 W Oak Ave","Denver","CO.","81639","US",""
"959","2025-10-05","","9682 S State St","Bellevue","WA","98101","USA",""
"960","2020-10-22","","9782 W Oak Ave","Henderson","Nevada","89058","US",""
"961","2025-04-04","","7206 W Oak Ave","Salt Lake City","UT","84320","USA",""
"962","2025-01-29","","2766 E Center St","Sacramento","CA.","90302","US",""
"963","2019-08-05","","5742 N Elm Dr","Houston","TX","79504","US",""
"964","2026-06-19","","4255 E Center St","San Jose","CA","93262","US",""
"965","2025-01-29","","5021 N Elm Dr","Olympia","WA","98525","USA",""
"966","2022-02-13","","3141 N Elm Dr","St. George","Utah","84190","US",""
"967","2022-11-06","","","","","","",""
"968","2025-03-25","","381 W Oak Ave","Provo","UT","84582","USA",""
"969","2025-02-14","","1464 N Elm Dr","Bellevue","WA","98446","US",""
"970","2023-05-05","","204 S Main St","St. George","UT","84027","US",""
"971","2023-12-03","","7082 E Center St","Ogden","UT","84491","US",""
"972","2021-04-22","","6116 S Main St","Pueblo","CO","80153","US",""
"973","2024-02-11","","3650 E Center St","El Paso","TX","76964","USA","2025-08-04"
"974","2024-01-21","","7909 E Center St","Oakland","California","90399","USA",""
"975","2024-01-11","","2571 E Center St","Seattle","WA","99314","US",""
"976","2021-12-26","","8668 N Elm Dr","Irvine","California","91486","US","2024-08-25"
"977","2022-03-10","","1545 Rue Principale","Montreal","QC","M5B 4H9","CA",""
"978","2020-03-15","","405 E Center St","Fresno","CA","95271","US",""
"979","2025-05-12","","6218 E Center St","Spokane","WA","98011","US",""
"980","2022-04-24","","3367 N Elm Dr","Austin","TX","78042","US",""
"981","2023-02-08","","6808 W Oak Ave","Olympia","WA","98711","US",""
"982","2024-11-22","","7010 N Elm Dr","Fresno","CA","95171","US",""
"983","2021-04-27","","5190 E Center St","San Jose","CA.","92988","US",""
"984","2020-01-04","","6640 S State St","Salt Lake City","UT","84302","USA",""
"985","2022-03-03","","6724 S Main St","Provo","UT","84670","US",""
"986","2021-09-18","","6457 E Center St","St. George","UT","84750","US",""
"987","2025-05-18","","","","","","",""
"988","2025-09-24","","3940 N Elm Dr","Austin","TX.","76060","US",""
"989","2023-06-29","","5829 S Main St","Dallas","TX.","75678","USA",""
"990","2025-05-21","","5719 W Oak Ave","Fresno","CA","91358","US",""
"991","2024-03-31","","4491 W Oak Ave","Dallas","TX","77000","US",""
"992","2023-07-09","","","","","","",""
"993","2025-10-11","","9718 N Elm Dr","Fort Collins","CO","81049","US",""
"994","2019-10-16","","1431 S Main St","Tacoma","Washington","99079","US",""
"995","2022-10-25","","2634 Av Reforma","Monterrey","NLE","63432","MX",""
"996","2025-12-13","","2877 N Elm Dr","Tacoma","WA","98740","US",""
"997","2023-06-16","","1347 S State St","Fresno","CA","94191","US",""
"998","2020-10-18","","","","","","",""
"999","2024-07-18","","4471 S Main St","Mesa","AZ","85480","USA",""
"1000","2025-05-18","","150 S Main St","Lehi","UT","84304","US",""
"1001","2020-09-15","","8984 N Elm Dr","Austin","TX","75191","US",""
"1002","2026-03-13","","5944 W Oak Ave","Boulder","CO","80196","USA",""
"1003","2024-10-16","","1514 E Center St","Phoenix","Arizona","86161","USA",""
"1004","2022-02-13","","4591 S Main St","Wilmington","DE","19920","US",""
"1005","2020-10-06","","6212 N Elm Dr","Plano","TX","76815","USA",""
"1006","2022-11-15","","568 W Oak Ave","Bellevue","WA","98615","US",""
"1007","2021-04-24","","2943 E Center St","Fresno","CA","91857","US",""
"1008","2023-06-06","","8740 E Center St","Sacramento","CA","93917","US",""
"1009","2026-03-13","","6533 W Oak Ave","Irvine","CA.","92218","US",""
"1010","2022-10-06","","2579 S Main St","Lehi","ut ","84521","US",""
"1011","2025-01-23","","82 W Oak Ave","St. George","Utah","84350","US",""
"1012","2022-01-21","","3884 E Center St","Houston","TX","76122","US",""
"1013","2019-12-26","","9199 W Oak Ave","Fresno","CA.","90963","USA",""
"1014","2025-11-05","","108 Rue Principale","Vancouver","BC","H3B 9E1","CA",""
"1015","2020-10-04","","4239 W Oak Ave","Sacramento","CA","90620","US",""
"1016","2025-06-18","","4899 E Center St","Fresno","CA","91923","US",""
"1017","2025-05-29","","3485 E Center St","Irvine","ca ","96003","US",""
"1018","2024-05-15","","1495 N Elm Dr","El Paso","TX","76222","US",""
"1019","2024-11-04","","8380 S Main St","San Jose","CA","92869","USA",""
"1020","2024-11-30","","2485 S State St","Salt Lake City","ut ","84577","USA",""
"1021","2023-09-02","","4675 N Elm Dr","Brooklyn","ny ","13746","US",""
"1022","2023-01-09","","736 S Main St","Tacoma","wa ","98027","US","2023-08-09"
"1023","2019-02-21","","8280 S Main St","San Jose","CA","90787","US",""
"1024","2025-06-07","","7710 N Elm Dr","Oakland","CA","92546","US",""
"1025","2026-01-26","","6480 E Center St","Plano","tx ","79698","US",""
"1026","2026-01-02","","2595 S Main St","Houston","TX","76572","US",""
"1027","2025-12-25","","1851 S Main St","Seattle","WA","98473","US",""
"1028","2021-04-25","","3734 S State St","Sacramento","CA","93024","US",""
"1029","2025-04-22","","8401 S State St","Lehi","UT","84123","US",""
"1030","2024-03-19","","3704 W Oak Ave","El Paso","TX","77033","US",""
"1031","2021-09-24","","6910 S Main St","Oakland","CA","94451","USA",""
"1032","2019-10-20","","1100 S State St","Lehi","Utah","84014","US",""
"1033","2023-03-13","2024-03-04","6904 E Center St","Fresno","CA","90226","US",""
"1034","2019-10-16","","4640 S State St","Aurora","CO","81259","US",""
"1035","2025-03-07","2026-02-23","816 W Oak Ave","Provo","UT","84747","US",""
"1036","2024-12-25","","7074 W Oak Ave","Aurora","CO","80369","USA",""
"1037","2021-05-24","","187 S State St","Denver","CO","81042","US",""
"1038","2024-11-06","","1006 S Main St","Oakland","CA","93616","US",""
"1039","2022-10-10","","2751 S State St","Ogden","UT","84609","USA",""
"1040","2025-03-25","","773 W Oak Ave","Lehi","UT","84144","USA",""
"1041","2025-10-17","","6018 W Oak Ave","Spokane","WA.","98120","US",""
"1042","2024-07-16","","721 E Center St","Salt Lake City","UT","84520","US",""
"1043","2024-09-04","","8154 E Center St","Tucson","AZ","85803","US",""
"1044","2019-07-23","2024-01-16","505 S State St","Fresno","CA","91916","US",""
"1045","2023-10-06","","9376 N Elm Dr","St. George","UT","84094","US",""
"1046","2024-11-04","","4786 E Center St","Ogden","UT","84385","USA",""
"1047","2025-05-22","","","","","","",""
"1048","2024-10-20","","292 N Elm Dr","Austin","TX","76616","US",""
"1049","2024-01-10","","3049 S State St","Reno","nv ","89157","USA",""
"1050","2022-07-30","","5000 E Center St","Salt Lake City","UT","84608","US",""
"1051","2021-06-02","","2885 W Oak Ave","Henderson","NV","89016","US",""
"1052","2021-10-28","","","","","","",""
"1053","2024-06-21","","8272 W Oak Ave","Plano","TX","78905","US",""
"1054","2024-08-10","","3679 W Oak Ave","Lehi","UT","84242","US",""
"1055","2022-12-18","","742 E Center St","Fort Collins","CO","81597","US",""
"1056","2025-02-04","","8226 E Center St","Ogden","Utah","84788","US",""
"1057","2025-03-18","","2557 S State St","San Jose","CA","91034","USA","2025-08-22"
"1058","2020-06-01","","8936 N Elm Dr","Dallas","TX","79400","US",""
"1059","2022-03-24","","1927 N Elm Dr","Buffalo","NY","13780","USA",""
"1060","2022-06-09","","2426 W Oak Ave","Boulder","CO","81496","USA",""
"1061","2024-01-21","","3723 W Oak Ave","Salt Lake City","UT.","84144","US",""
"1062","2023-11-04","","124 S Main St","Sacramento","California","95319","US",""
"1063","2026-02-12","","8338 N Elm Dr","Reno","Nevada","89307","USA",""
"1064","2022-08-31","","","","","","",""
"1065","2023-05-31","","9178 E Center St","Wilmington","DE","19951","USA",""
"1066","2026-03-02","","2275 N Elm Dr","Sparks","NV","89032","USA","2026-05-07"
"1067","2025-12-25","","3748 Rue Principale","Calgary","AB","H3E 7E2","Canada",""
"1068","2025-05-03","","6091 S Main St","Salt Lake City","UT","84204","US",""
"1069","2026-02-18","","3769 N Elm Dr","Dallas","tx ","78052","USA",""
"1070","2023-01-21","","1246 S Main St","Las Vegas","NV","89045","US",""
"1071","2025-03-17","","5923 E Center St","Ogden","UT","84121","US",""
"1072","2020-09-10","","276 S Main St","Rochester","NY","10486","USA",""
"1073","2023-10-06","","5178 W Oak Ave","Austin","TX","77150","US",""
"1074","2024-06-15","","250 Rue Principale","Montreal","QC","V5G 2B3","CA",""
"1075","2025-01-04","","3688 S State St","Sparks","nv ","89619","USA",""
"1076","2024-01-29","","3865 N Elm Dr","Irvine","CA","95824","US",""
"1077","2024-11-10","","4716 N Elm Dr","Sacramento","CA","92088","US",""
"1078","2021-09-24","","3317 E Center St","Provo","Utah","84280","US",""
"1079","2023-04-01","","6637 E Center St","Salt Lake City","UT","84699","US",""
"1080","2026-06-25","","2958 N Elm Dr","Tempe","AZ","85799","US",""
"1081","2020-06-20","","3249 N Elm Dr","Bellevue","WA","99161","USA",""
"1082","2021-01-01","","864 S Main St","Provo","UT","84134","US",""
"1083","2020-07-01","","3382 W Oak Ave","Plano","TX","75113","USA",""
"1084","2025-06-12","","5733 W Oak Ave","Lehi","UT","84470","US",""
"1085","2021-02-01","","1633 N Elm Dr","Carson City","NV","89302","US",""
"1086","2023-08-07","","4031 S Main St","Oakland","CA","95093","US",""
"1087","2025-12-16","","8297 E Center St","Boulder","CO","80402","US",""
"1088","2019-09-08","","3277 S State St","Austin","TX","76023","US",""
"1089","2025-06-09","","4127 E Center St","Oakland","CA","95639","US","2026-05-03"
"1090","2024-04-16","","437 N Elm Dr","Dallas","TX","76976","US",""
"1091","2025-04-29","","6020 W Oak Ave","Henderson","NV","89001","US",""
"1092","2025-04-04","","6144 S Main St","Rochester","ny ","14001","USA",""
"1093","2022-02-02","","1217 E Center St","Pueblo","CO","81158","USA",""
"1094","2022-06-14","","37 S Main St","El Paso","TX","76355","USA",""
"1095","2025-05-26","","6143 S Main St","Pueblo","CO","80042","US",""
"1096","2026-03-16","","","","","","",""
"1097","2026-04-26","","3567 S State St","Tacoma","Washington","99253","US",""
"1098","2020-12-02","","6381 N Elm Dr","Salt Lake City","UT","84744","USA",""
"1099","2019-09-15","","","","","","",""
"1100","2023-12-15","","3128 W Oak Ave","El Paso","TX","75849","US",""
"1101","2024-04-05","","1310 Av Reforma","Toronto","ON","H4J 5C4","Canada",""
"1102","2020-06-26","","12 N Elm Dr","Ogden","ut ","84452","US",""
"1103","2025-03-02","","4796 E Center St","Pueblo","CO","81612","US",""
"1104","2022-11-16","","1840 S State St","Oakland","CA","92454","US",""
"1105","2023-02-16","","1429 N Elm Dr","Ogden","UT","84289","US",""
"1106","2024-12-12","","5373 W Oak Ave","Salt Lake City","UT","84596","US",""
"1107","2025-03-14","","8687 S Main St","Tempe","AZ","86524","US",""
"1108","2026-03-13","","6686 E Center St","Lehi","UT","84071","US",""
"1109","2025-02-14","","642 W Oak Ave","Provo","UT","84359","US",""
"1110","2021-01-15","","6380 W Oak Ave","Plano","TX","78998","US",""
"1111","2024-05-21","","1149 S State St","Newark","de ","19774","US",""
"1112","2021-07-13","","1053 S Main St","Newark","DE","19833","USA",""
"1113","2019-12-29","","3331 S Main St","Oakland","CA","96155","US",""
"1114","2025-03-12","","2177 W Oak Ave","Provo","UT","84152","US",""
"1115","2019-10-14","","6083 S State St","Fresno","ca ","94630","US",""
"1116","2021-08-21","","7611 S Main St","Lehi","ut ","84735","USA",""
"1117","2026-04-14","","1435 S State St","Salt Lake City","UT","84708","USA",""
"1118","2025-02-04","","7933 W Oak Ave","Boulder","CO","80844","US",""
"1119","2020-01-24","","8669 W Oak Ave","Irvine","CA.","93791","US",""
"1120","2025-10-11","","2263 E Center St","Houston","TX","78561","US",""
"1121","2023-07-20","","7103 W Oak Ave","San Jose","CA","91787","USA",""
"1122","2026-01-19","","4117 E Center St","Flagstaff","AZ","85011","US",""
"1123","2021-06-14","","9440 W Oak Ave","Salt Lake City","ut ","84432","US",""
"1124","2022-08-17","","4484 S State St","Seattle","Washington","99281","US",""
"1125","2020-10-15","","1074 N Elm Dr","Las Vegas","NV","89774","US",""
"1126","2020-06-25","","6137 W Oak Ave","Tacoma","WA","99183","US",""
"1127","2022-10-12","","76 W Oak Ave","Provo","UT","84217","US",""
"1128","2026-04-07","","3819 S Main St","Olympia","WA","98474","US",""
"1129","2021-09-22","","1448 W Oak Ave","Oakland","CA","93402","US",""
"1130","2023-01-23","","1437 N Elm Dr","Mesa","AZ","86512","US",""
"1131","2025-05-23","","8139 E Center St","Plano","TX","77262","US",""
"1132","2023-01-30","","3179 S Main St","St. George","UT","84375","US",""
"1133","2022-04-14","","3873 S Main St","Oakland","ca ","95783","USA",""
"1134","2024-05-22","","7449 S Main St","Fresno","CA","95277","US",""
"1135","2025-11-24","","7478 S State St","Milford","DE","19778","US",""
"1136","2024-12-12","","9639 W Oak Ave","Ogden","Utah","84270","US",""
"1137","2025-05-11","2026-01-05","","","","","",""
"1138","2022-05-04","","6379 W Oak Ave","Houston","TX","79199","US",""
"1139","2024-06-27","","7757 S State St","Phoenix","az ","86533","US",""
"1140","2026-03-06","","1058 E Center St","Syracuse","NY","11698","US",""
"1141","2022-05-14","","8131 N Elm Dr","Fort Collins","CO.","80051","USA",""
"1142","2021-04-23","","5158 N Elm Dr","Austin","TX","76440","USA",""
"1143","2025-10-29","","1076 N Elm Dr","Flagstaff","AZ","86483","US",""
"1144","2025-03-13","","5964 N Elm Dr","Phoenix","AZ","85609","US",""
"1145","2022-05-24","","","","","","",""
"1146","2024-01-11","","1468 S Main St","Lehi","UT","84521","USA","2024-04-29"
"1147","2025-06-18","","8249 S Main St","Salt Lake City","UT","84569","USA",""
"1148","2023-03-05","","3447 S State St","Newark","DE","19872","US",""
"1149","2021-08-26","","1264 W Oak Ave","Salt Lake City","UT","84229","US",""
"1150","2024-05-29","","7516 S State St","Albany","ny ","10089","USA",""
"1151","2020-10-06","","4463 S State St","Albany","NY","11191","US",""
"1152","2021-11-04","","4730 King St","Calgary","AB","H4B 6E8","CA",""
"1153","2025-08-28","","2409 King St","Calgary","AB","H8B 1A8","CA",""
"1154","2021-11-25","","8168 W Oak Ave","Provo","ut ","84281","US",""
"1155","2023-10-26","","6982 N Elm Dr","Ogden","UT","84539","US",""
"1156","2023-06-05","2026-02-07","5335 E Center St","Oakland","CA","95420","US",""
"1157","2021-03-15","","5339 W Oak Ave","Flagstaff","Arizona","86295","US",""
"1158","2025-11-26","2026-05-02","15 N Elm Dr","Fort Collins","CO","81331","US",""
"1159","2024-08-31","","1879 S Main St","Tempe","Arizona","86101","US",""
"1160","2024-09-15","","1541 S State St","Pueblo","CO","80573","USA",""
"1161","2025-01-06","","3106 S Main St","Phoenix","AZ","86544","US",""
"1162","2021-09-23","","1968 E Center St","Olympia","WA","98735","USA",""
"1163","2024-08-28","","9080 W Oak Ave","Boulder","CO","80015","US",""
"1164","2025-06-15","","2724 E Center St","Oakland","ca ","92953","USA",""
"1165","2025-01-22","","1755 N Elm Dr","Tempe","AZ","86192","US",""
"1166","2025-12-02","","2158 W Oak Ave","Salt Lake City","UT","84790","USA",""
"1167","2020-04-08","","8490 N Elm Dr","Salt Lake City","UT","84222","US",""
"1168","2022-08-14","","6290 W Oak Ave","Oakland","CA","93209","US",""
"1169","2024-07-29","","5752 E Center St","Boulder","CO","81490","US",""
"1170","2021-07-04","","6384 W Oak Ave","Tucson","AZ","86409","US",""
"1171","2025-05-10","","7793 S Main St","Provo","UT","84105","USA",""
"1172","2024-07-11","","4547 E Center St","Lehi","UT","84261","USA",""
"1173","2025-02-06","","7884 S Main St","Rochester","NY","10184","USA",""
"1174","2026-04-03","","5752 S Main St","Lehi","UT.","84425","US",""
"1175","2026-05-11","","445 W Oak Ave","Oakland","CA","93290","US",""
"1176","2024-01-15","2024-04-13","","","","","",""
"1177","2023-01-12","","7862 E Center St","Brooklyn","NY","14661","US",""
"1178","2020-04-24","","1468 E Center St","Buffalo","NY","13487","US",""
"1179","2021-03-09","","7658 E Center St","Fresno","California","91248","US",""
"1180","2023-07-18","","4903 E Center St","Salt Lake City","UT","84442","US",""
"1181","2021-05-12","","9720 E Center St","Mesa","az ","86431","US",""
"1182","2024-11-28","","5912 E Center St","Rochester","NY","14010","US",""
"1183","2022-06-23","","1404 N Elm Dr","Salt Lake City","UT","84571","USA","2024-01-17"
"1184","2022-11-19","","6065 E Center St","Boulder","CO","80218","US",""
"1185","2020-12-20","","9692 N Elm Dr","Seattle","WA","98295","US",""
"1186","2023-11-24","","3880 Calle Norte","Ciudad de Mexico","CMX","70271","MX",""
"1187","2021-02-08","","806 E Center St","El Paso","Texas","78909","US",""
"1188","2026-05-07","","7204 S Main St","Las Vegas","NV","89344","US",""
"1189","2021-02-10","","8136 S Main St","St. George","UT","84676","USA",""
"1190","2025-12-10","","4413 E Center St","Provo","UT","84563","US",""
"1191","2024-05-17","","3935 S Main St","Rochester","NY","14131","US",""
"1192","2025-03-20","","5797 S State St","Salt Lake City","UT","84209","US",""
"1193","2023-02-18","","4569 E Center St","Dallas","TX","77497","US",""
"1194","2026-05-13","","6105 W Oak Ave","Oakland","CA","93305","US",""
"1195","2020-06-16","","5522 W Oak Ave","Wilmington","Delaware","19838","US",""
"1196","2025-07-24","","4520 N Elm Dr","Provo","ut ","84363","US",""
"1197","2020-06-26","","3422 E Center St","Ogden","Utah","84199","US",""
"1198","2022-04-12","","3230 E Center St","Fort Collins","co ","81051","US",""
"1199","2022-08-06","","1083 E Center St","Sacramento","ca ","92777","USA",""
"1200","2022-11-25","","","","","","",""
"1201","2022-05-24","","8715 S State St","Bellevue","WA","98199","US",""
"1202","2019-07-22","","4057 E Center St","Tacoma","wa ","98803","US",""
"1203","2025-02-09","","9362 N Elm Dr","El Paso","TX","79530","US",""
"1204","2023-01-22","","8257 S State St","St. George","UT","84077","US",""
"1205","2025-08-04","","8485 N Elm Dr","Tempe","AZ","86552","US",""
"1206","2023-04-04","","4489 S Main St","Sacramento","California","93571","US",""
"1207","2021-03-13","","6769 S State St","Mesa","AZ","86216","USA",""
"1208","2020-09-02","","7757 E Center St","Fresno","ca ","95279","US",""
"1209","2022-12-02","","2387 S State St","Provo","UT","84596","US",""
"1210","2020-02-05","","4092 W Oak Ave","Bellevue","WA","98151","US",""
"1211","2023-02-03","","798 N Elm Dr","Spokane","WA","98739","US",""
"1212","2024-10-12","","3158 S State St","Lehi","UT","84241","USA",""
"1213","2025-03-07","","7055 S State St","Sacramento","CA.","90103","US",""
"1214","2023-10-25","","8269 W Oak Ave","Sparks","NV","89632","US",""
"1215","2026-06-16","","1569 W Oak Ave","Olympia","WA","98681","US",""
"1216","2024-12-01","","8725 W Oak Ave","Denver","CO","81099","US",""
"1217","2025-09-26","","4938 S State St","Oakland","CA","91560","USA",""
"1218","2023-01-14","","3771 E Center St","Houston","tx ","76155","US",""
"1219","2026-01-21","","6075 N Elm Dr","Ogden","UT","84757","US",""
"1220","2023-07-31","","1394 S Main St","Irvine","CA","95148","USA",""
"1221","2026-06-02","","5649 N Elm Dr","Tucson","AZ","85898","US",""
"1222","2024-12-21","","1684 S Main St","Denver","CO","80006","US",""
"1223","2023-01-26","","9369 E Center St","St. George","ut ","84555","US",""
"1224","2024-10-04","","2759 W Oak Ave","Ogden","Utah","84593","US",""
"1225","2021-08-20","","2244 N Elm Dr","Fresno","CA","92707","USA",""
"1226","2021-11-26","","1106 N Elm Dr","Albany","NY","12843","US",""
"1227","2025-03-23","","4635 E Center St","Olympia","WA","98715","US",""
"1228","2025-06-15","","843 N Elm Dr","Dallas","TX","76371","US",""
"1229","2024-12-17","","8423 S State St","Boulder","co ","80052","USA",""
"1230","2026-06-22","","5021 S Main St","San Jose","CA","91434","US",""
"1231","2023-01-10","","7380 S State St","Fort Collins","CO","80957","USA",""
"1232","2026-03-14","","6229 W Oak Ave","Houston","TX","78186","US",""
"1233","2020-03-26","","8695 E Center St","Lehi","UT","84221","US","2024-10-16"
"1234","2026-06-23","","2470 W Oak Ave","Boulder","CO","80897","USA",""
"1235","2023-07-27","","1319 N Elm Dr","Fresno","California","95368","US",""
"1236","2023-07-10","","5054 W Oak Ave","Syracuse","NY","12147","US",""
"1237","2025-12-13","","9593 E Center St","Provo","UT","84471","US",""
"1238","2025-04-26","","8985 S Main St","Plano","TX","78120","US",""
"1239","2022-04-01","","","","","","",""
"1240","2022-04-01","","3837 W Oak Ave","Austin","TX","77440","US","2023-08-18"
"1241","2019-09-20","","8802 S Main St","San Jose","CA","94439","US",""
"1242","2019-06-17","","9178 W Oak Ave","Pueblo","CO.","81070","US",""
"1243","2022-04-07","","3253 E Center St","Houston","TX","75181","US","2025-07-28"
"1244","2025-04-09","","3360 Rue Principale","Monterrey","NLE","67105","MX","2025-07-28"
"1245","2021-11-26","","3876 W Oak Ave","Seattle","WA","98601","US",""
"1246","2021-10-02","","7511 S State St","Dallas","TX","77307","US",""
"1247","2022-08-30","2024-12-02","6809 W Oak Ave","Lehi","Utah","84240","US",""
"1248","2026-01-18","","7838 E Center St","Provo","UT","84320","US",""
"1249","2025-08-19","","","","","","",""
"1250","2021-05-05","","2051 N Elm Dr","Fort Collins","co ","80963","USA","2025-11-11"
"1251","2025-07-29","","7351 E Center St","Las Vegas","NV","89469","US",""
"1252","2023-05-20","","591 S State St","Austin","TX","76037","US",""
"1253","2019-06-27","","8077 S Main St","Sacramento","CA","95252","US","2022-09-22"
"1254","2024-12-08","","3199 S State St","Dallas","TX","76625","US",""
"1255","2021-09-28","","3438 S Main St","Albany","NY","13340","USA",""
"1256","2020-08-11","","9632 N Elm Dr","Salt Lake City","UT","84649","US",""
"1257","2020-05-17","","1138 W Oak Ave","Fresno","CA","95835","US",""
"1258","2026-02-01","","3818 E Center St","El Paso","TX","75014","USA","2026-04-16"
"1259","2023-08-28","","3152 E Center St","Dallas","TX","76142","US",""
"1260","2019-08-25","","2801 Av Reforma","Toronto","ON","M8H 5H6","CA",""
"1261","2026-05-03","","95 Calle Norte","Vancouver","BC","V7E 1A6","Canada",""
"1262","2024-08-18","","8969 S State St","San Jose","California","94266","US",""
"1263","2025-04-26","","4291 W Oak Ave","St. George","UT","84214","US",""
"1264","2022-08-12","","259 S State St","Salt Lake City","UT","84332","US",""
"1265","2026-03-28","","3423 E Center St","Mesa","AZ","85740","USA",""
"1266","2024-08-20","","8856 S State St","St. George","UT","84290","US",""
"1267","2026-02-22","","3803 S Main St","Ogden","UT","84653","USA",""
"1268","2023-04-27","","6823 S Main St","Fort Collins","CO.","80794","USA",""
"1269","2024-09-22","2025-12-23","1684 E Center St","Tucson","AZ","85931","USA",""
"1270","2020-02-25","","8753 S Main St","Phoenix","AZ","85864","US",""
"1271","2022-03-24","","6517 S Main St","Boulder","co ","80135","US",""
"1272","2025-03-22","","5177 E Center St","Tucson","AZ","85575","US",""
"1273","2025-05-06","","3854 N Elm Dr","Boulder","CO","81378","US",""
"1274","2025-02-14","","2442 E Center St","Carson City","NV","89773","US",""
"1275","2025-10-20","","8456 E Center St","Sparks","NV","89646","US",""
"1276","2020-11-23","","2178 W Oak Ave","San Jose","CA","95595","US",""
"1277","2020-08-14","","7493 W Oak Ave","Lehi","UT.","84257","US",""
"1278","2023-09-26","","2775 Rue Principale","Calgary","AB","M8H 3A6","CA",""
"1279","2022-07-25","","6447 E Center St","Newark","Delaware","19793","US",""
"1280","2025-02-10","","321 E Center St","Brooklyn","NY","11067","US",""
"1281","2026-06-14","","9179 S Main St","Fresno","CA","90849","US",""
"1282","2025-05-06","","4869 N Elm Dr","Salt Lake City","UT","84751","USA",""
"1283","2024-02-07","","3155 S Main St","Salt Lake City","Utah","84286","US",""
"1284","2021-10-28","","9617 N Elm Dr","Oakland","CA.","94958","US","2025-03-23"
"1285","2020-10-12","","9130 N Elm Dr","Fresno","CA","95550","US",""
"1286","2019-04-19","","928 N Elm Dr","Ogden","UT","84180","US",""
"1287","2021-06-20","","6803 S State St","Salt Lake City","UT","84155","US",""
"1288","2025-03-28","","6497 N Elm Dr","Boulder","CO","80375","US",""
"1289","2024-12-02","","761 S Main St","Boulder","CO","80276","US",""
"1290","2024-04-16","","7483 S Main St","Olympia","WA","99246","US",""
"1291","2020-08-02","","5394 E Center St","Provo","UT","84425","US",""
"1292","2025-04-22","","2612 S State St","Flagstaff","AZ","85348","USA",""
"1293","2024-10-16","","2891 N Elm Dr","Ogden","UT","84635","USA",""
"1294","2021-06-05","","3324 S Main St","Olympia","WA","98649","US",""
"1295","2021-03-22","","3062 E Center St","Fort Collins","CO","81333","US",""
"1296","2023-06-30","","9576 N Elm Dr","Austin","TX","79806","USA","2023-11-28"
"1297","2025-05-30","","2943 Av Reforma","Calgary","AB","T1J 5H3","CA","2025-11-05"
"1298","2023-08-29","","2166 E Center St","Irvine","CA","93776","US",""
"1299","2022-04-22","","4044 N Elm Dr","Tempe","AZ","86076","US",""
"1300","2024-06-03","","2527 E Center St","Denver","CO","81266","US",""
"1301","2022-01-23","","2819 W Oak Ave","Lehi","UT","84298","US",""
"1302","2022-12-07","","4084 E Center St","Flagstaff","AZ","86545","US",""
"1303","2022-03-12","","1221 S State St","Plano","TX","78686","US",""
"1304","2022-11-13","","7569 S State St","Ogden","ut ","84787","US",""
"1305","2024-10-30","","1576 E Center St","Tucson","az ","86343","USA",""
"1306","2023-10-20","2026-02-12","823 W Oak Ave","Bellevue","WA","98457","US",""
"1307","2020-06-22","","3909 S Main St","Provo","ut ","84631","US",""
"1308","2023-03-23","","4786 S State St","Phoenix","AZ","85833","US",""
"1309","2021-08-11","","4514 N Elm Dr","Reno","NV","89242","US",""
"1310","2021-02-20","","5917 S State St","Tempe","AZ","86319","US",""
"1311","2021-08-07","","8062 N Elm Dr","Provo","UT","84519","USA",""
"1312","2019-02-09","","5505 W Oak Ave","Salt Lake City","Utah","84738","US",""
"1313","2025-05-10","","678 N Elm Dr","Bellevue","WA","99397","USA",""
"1314","2022-02-08","","4929 S State St","Aurora","CO","81201","US",""
"1315","2024-04-15","","9335 N Elm Dr","Sacramento","CA","95460","US",""
"1316","2024-04-09","","7786 W Oak Ave","Irvine","CA","90083","US",""
"1317","2024-05-06","2025-07-27","4018 W Oak Ave","Mesa","AZ","86321","US",""
"1318","2025-03-12","","6169 S Main St","Olympia","WA.","98236","US",""
"1319","2020-12-20","","2227 W Oak Ave","Lehi","UT","84739","US",""
"1320","2023-08-28","","7254 E Center St","Fresno","CA","93618","USA",""
"1321","2025-08-17","","4516 W Oak Ave","Austin","TX","79344","US",""
"1322","2021-03-21","","2533 E Center St","Syracuse","NY","14016","US",""
"1323","2021-07-24","","","","","","",""
"1324","2025-07-12","","4329 N Elm Dr","Irvine","CA","94008","US",""
"1325","2019-10-25","","3906 N Elm Dr","Oakland","CA","91711","US",""
"1326","2024-05-13","","7803 W Oak Ave","Tucson","AZ","86423","US",""
"1327","2025-10-09","","7811 N Elm Dr","Provo","UT.","84218","US",""
"1328","2025-02-25","","9267 E Center St","Austin","TX","79091","USA",""
"1329","2024-06-11","","8393 S State St","Seattle","Washington","99322","US",""
"1330","2024-03-04","","8114 W Oak Ave","Lehi","UT","84435","US",""
"1331","2023-01-29","","1369 N Elm Dr","Carson City","NV","89653","USA",""
"1332","2026-03-01","","7023 S Main St","Sacramento","CA","90129","US",""
"1333","2025-04-05","","3034 E Center St","Albany","New York","13916","US",""
"1334","2023-11-07","","8492 E Center St","St. George","UT","84453","US",""
"1335","2024-10-24","","1800 S Main St","Brooklyn","ny ","12063","USA",""
"1336","2023-08-16","","6591 E Center St","St. George","UT","84301","US",""
"1337","2024-03-11","","658 W Oak Ave","Ogden","Utah","84649","US",""
"1338","2025-10-02","","1103 S State St","Phoenix","AZ","86432","US",""
"1339","2026-03-11","","3599 King St","Montreal","QC","H9A 9E3","CA",""
"1340","2022-02-04","","2211 Rue Principale","Montreal","QC","T1B 3B3","Canada",""
"1341","2024-02-23","","4216 S State St","St. George","UT","84704","US",""
"1342","2020-09-08","","8789 S Main St","Brooklyn","NY","14491","USA",""
"1343","2025-08-20","","666 N Elm Dr","Fresno","CA","92161","USA",""
"1344","2022-04-20","","","","","","",""
"1345","2025-06-15","","3283 E Center St","Phoenix","az ","86394","US",""
"1346","2026-03-13","","3137 S Main St","Houston","TX","79952","US",""
"1347","2025-06-19","","","","","","",""
"1348","2025-09-12","","8254 N Elm Dr","Oakland","California","95227","US",""
"1349","2022-08-20","","3097 E Center St","Oakland","CA","92053","US",""
"1350","2024-08-02","","83 S Main St","Fort Collins","CO","81140","US",""
"1351","2023-10-15","","5636 E Center St","Rochester","NY","10673","USA",""
"1352","2023-08-27","","7988 S State St","San Jose","CA","94891","US",""
"1353","2024-11-27","","1550 S State St","Tacoma","WA","98624","US","2025-07-20"
"1354","2024-11-15","","1013 N Elm Dr","Phoenix","AZ","85153","US",""
"1355","2025-03-09","","8026 E Center St","Seattle","WA","98846","US",""
"1356","2025-03-09","","2579 S Main St","Newark","DE","19792","US",""
"1357","2024-03-08","","2810 E Center St","Irvine","CA","94815","US",""
"1358","2023-09-02","","4135 S Main St","Irvine","CA","94629","USA",""
"1359","2021-05-04","","5698 S Main St","Oakland","CA","90732","US",""
"1360","2022-07-14","","4408 N Elm Dr","Oakland","CA","93360","US",""
"1361","2024-05-01","","5298 W Oak Ave","Dallas","TX","76988","US",""
"1362","2025-02-12","","2707 King St","Vancouver","BC","T9B 9J8","CA",""
"1363","2021-04-23","","","","","","",""
"1364","2020-07-15","","3233 S Main St","Lehi","UT","84310","US","2024-11-09"
"1365","2025-12-24","","331 S State St","Sacramento","CA.","94321","US",""
"1366","2025-08-02","","4012 N Elm Dr","Boulder","CO","81487","US",""
"1367","2020-08-10","","2028 Calle Norte","Montreal","QC","V2C 2E5","CA",""
"1368","2024-04-21","","135 E Center St","St. George","Utah","84358","US",""
"1369","2020-08-11","","1368 S State St","Tacoma","WA","98254","US",""
"1370","2024-11-28","","3527 E Center St","Rochester","NY","11503","US",""
"1371","2022-04-17","","3367 S State St","Provo","UT","84165","USA",""
"1372","2026-01-15","","6722 S Main St","Las Vegas","NV","89780","US",""
"1373","2020-06-14","","384 S Main St","Aurora","CO","81612","US",""
"1374","2021-09-22","","144 E Center St","San Jose","CA","90708","US",""
"1375","2024-04-09","","6065 S State St","Oakland","ca ","94153","US",""
"1376","2023-06-06","","938 S Main St","Lehi","UT","84254","US",""
"1377","2025-10-08","","7502 W Oak Ave","Sparks","nv ","89257","US",""
"1378","2024-12-22","","9785 S State St","Irvine","ca ","91006","US",""
"1379","2024-09-22","","2453 S Main St","Fresno","CA","90107","US",""
"1380","2025-07-06","","2680 E Center St","St. George","UT","84216","US","2026-01-19"
"1381","2023-12-01","","7436 S State St","Carson City","NV","89843","USA",""
"1382","2022-09-01","","2873 W Oak Ave","Lehi","UT","84048","US",""
"1383","2024-11-03","","8125 S Main St","Boulder","co ","80673","USA",""
"1384","2022-10-16","","991 N Elm Dr","Lehi","UT","84208","US",""
"1385","2021-07-10","","","","","","",""
"1386","2023-01-23","","8236 S State St","Bellevue","Washington","98089","US",""
"1387","2026-03-30","","2537 S State St","Provo","UT","84750","US",""
"1388","2026-01-07","","7890 S State St","Houston","TX","75286","US",""
"1389","2019-10-16","","7820 N Elm Dr","Houston","Texas","77888","US",""
"1390","2022-12-28","","1125 N Elm Dr","Sacramento","CA","90724","US",""
"1391","2022-01-29","","603 S Main St","Pueblo","CO","80183","US",""
"1392","2025-12-28","","921 N Elm Dr","Carson City","Nevada","89112","US",""
"1393","2026-03-22","","114 Rue Principale","Montreal","QC","H8H 1B6","CA",""
"1394","2021-06-02","","3752 S State St","Pueblo","CO","81402","US",""
"1395","2026-01-26","","8990 S Main St","Plano","tx ","79586","USA",""
"1396","2026-02-03","","2500 E Center St","Albany","NY","11487","US",""
"1397","2023-03-24","","349 S State St","San Jose","CA","95959","US",""
"1398","2023-06-01","","3731 S State St","Tacoma","wa ","98317","US",""
"1399","2025-12-24","","9336 W Oak Ave","Tacoma","WA","98316","US",""
"1400","2021-08-08","","6986 N Elm Dr","Fresno","CA","92960","US",""
"1401","2026-03-28","","591 N Elm Dr","Austin","TX","78522","US",""
"1402","2021-09-10","","2292 E Center St","El Paso","tx ","79642","US",""
"1403","2025-07-12","","652 W Oak Ave","Sacramento","CA","93369","USA",""
"1404","2020-08-31","","9132 S Main St","Ogden","UT","84413","US",""
"1405","2026-06-13","","1493 E Center St","Aurora","Colorado","80610","US",""
"1406","2020-04-29","","8456 S State St","Tempe","AZ","85527","US",""
"1407","2024-05-08","","","","","","",""
"1408","2021-05-03","","4271 S State St","San Jose","CA","91095","US",""
"1409","2025-01-16","","8794 S State St","Seattle","WA","98034","US",""
"1410","2023-10-13","","7380 W Oak Ave","Provo","UT","84779","US",""
"1411","2023-04-27","","1692 E Center St","Reno","nv ","89433","US",""
"1412","2025-04-10","","4497 E Center St","Seattle","WA","99135","US",""
"1413","2022-01-10","","5771 S State St","Fresno","CA","94488","USA",""
"1414","2024-01-17","","8254 W Oak Ave","Dallas","tx ","79197","US",""
"1415","2025-05-10","","134 E Center St","Ogden","UT","84235","US",""
"1416","2026-04-03","","6022 S State St","El Paso","TX","79743","USA",""
"1417","2025-06-24","","4770 N Elm Dr","Denver","CO","81062","USA",""
"1418","2020-04-01","","3737 S Main St","Sacramento","CA","94068","US",""
"1419","2024-06-29","","2469 Calle Norte","Montreal","QC","V9G 9E1","Canada",""
"1420","2024-06-15","","2753 N Elm Dr","Salt Lake City","Utah","84473","USA",""
"1421","2023-09-27","","1325 S Main St","Fresno","CA","94802","US",""
"1422","2020-05-27","","5219 W Oak Ave","Rochester","NY","11661","US",""
"1423","2025-08-19","","4075 S State St","El Paso","TX","77021","USA",""
"1424","2023-06-29","","3547 N Elm Dr","San Jose","CA","91950","USA",""
"1425","2022-06-06","","4477 S State St","St. George","UT","84415","US","2026-02-18"
"1426","2023-01-27","","4572 S State St","Plano","TX","75322","USA",""
"1427","2022-10-31","","1821 E Center St","El Paso","TX","79384","US",""
"1428","2021-11-21","","4079 S State St","Fresno","ca ","90205","US",""
"1429","2023-12-18","","6640 E Center St","Tucson","AZ","85005","USA","2025-03-11"
"1430","2025-03-30","","6403 E Center St","Fort Collins","CO","81402","US",""
"1431","2019-07-19","","5280 N Elm Dr","Denver","CO","81328","US",""
"1432","2021-03-22","","6071 S Main St","Tempe","AZ","85896","USA",""
"1433","2020-05-01","","4950 N Elm Dr","Houston","TX","78088","USA",""
"1434","2019-04-14","","4975 S State St","Phoenix","AZ","86463","US",""
"1435","2026-04-24","","773 E Center St","Irvine","CA","94177","USA",""
"1436","2023-06-05","","6241 E Center St","Pueblo","CO","81393","US",""
"1437","2026-05-02","","4068 N Elm Dr","Las Vegas","NV.","89363","US",""
"1438","2020-09-13","","2325 N Elm Dr","Boulder","CO","80487","USA",""
"1439","2023-03-27","","3990 S State St","Lehi","ut ","84168","USA",""
"1440","2025-07-25","","3994 E Center St","Oakland","CA","95232","US",""
"1441","2023-08-12","","9267 S Main St","Sacramento","ca ","91298","USA",""
"1442","2024-08-06","","7944 N Elm Dr","Sacramento","CA","91374","US",""
"1443","2026-05-19","","4476 W Oak Ave","Albany","NY.","13990","US",""
"1444","2026-05-07","","5954 W Oak Ave","Lehi","UT","84114","US",""
"1445","2026-06-11","","6707 S Main St","Pueblo","CO","80578","US",""
"1446","2026-03-23","","965 N Elm Dr","St. George","UT","84065","US",""
"1447","2022-09-21","","6891 E Center St","Denver","CO","80946","USA",""
"1448","2024-10-03","","","","","","",""
"1449","2023-04-29","","9150 S Main St","Provo","UT","84470","US",""
"1450","2023-11-18","","6391 E Center St","Ogden","Utah","84608","US",""
"1451","2023-05-13","","7907 S State St","Lehi","UT","84355","US",""
"1452","2025-05-30","","7142 N Elm Dr","Syracuse","ny ","10854","USA",""
"1453","2021-03-28","","4368 S Main St","Flagstaff","AZ","85013","US",""
"1454","2020-05-17","","7199 W Oak Ave","Fort Collins","CO","80198","US",""
"1455","2022-09-06","","194 S State St","St. George","UT","84479","US",""
"1456","2026-05-08","","1359 S State St","Seattle","WA","98494","USA",""
"1457","2023-12-08","","6883 E Center St","St. George","UT","84607","US",""
"1458","2020-12-05","","3736 N Elm Dr","Albany","NY","10241","US",""
"1459","2023-09-25","","2776 N Elm Dr","Oakland","CA","90369","US",""
"1460","2019-05-24","","6444 N Elm Dr","Albany","NY","14593","USA",""
"1461","2021-01-18","","4556 E Center St","Provo","UT.","84219","US",""
"1462","2021-03-26","","8380 S State St","Phoenix","az ","85802","US",""
"1463","2024-10-14","","8636 S Main St","Flagstaff","Arizona","86069","US",""
"1464","2026-01-15","","4249 S State St","St. George","UT","84321","US",""
"1465","2024-09-11","","658 N Elm Dr","Lehi","UT","84220","US",""
"1466","2023-07-23","","8260 W Oak Ave","Provo","ut ","84561","US","2026-01-03"
"1467","2019-11-11","","2544 E Center St","Henderson","NV","89130","US",""
"1468","2023-04-10","","1932 S Main St","Spokane","WA","99231","US",""
"1469","2026-06-20","","5177 S Main St","Fort Collins","CO","80553","US",""
"1470","2022-06-06","","2622 N Elm Dr","Oakland","CA","91756","US",""
"1471","2023-03-08","","6149 W Oak Ave","Ogden","UT","84394","US",""
"1472","2020-02-28","","748 S State St","Fresno","CA","95075","US","2025-09-07"
"1473","2024-12-02","","198 W Oak Ave","Salt Lake City","UT","84513","US",""
"1474","2024-05-01","","6198 S Main St","Salt Lake City","Utah","84296","USA",""
"1475","2020-05-21","2022-11-17","9697 E Center St","Irvine","CA","95107","US",""
"1476","2023-08-03","","8678 S Main St","Fresno","CA","94481","US",""
"1477","2024-10-20","","377 W Oak Ave","Ogden","UT","84708","USA",""
"1478","2021-10-07","","8816 N Elm Dr","St. George","UT","84632","US",""
"1479","2022-12-18","","4063 W Oak Ave","Ogden","UT","84563","US",""
"1480","2020-01-27","","2052 N Elm Dr","Fresno","California","95257","US",""
"1481","2022-05-26","","3316 W Oak Ave","Fort Collins","CO","80355","USA",""
"1482","2023-10-23","","630 S Main St","Spokane","WA","98256","US",""
"1483","2025-05-01","","8049 S Main St","Irvine","CA","93693","USA",""
"1484","2023-06-28","","7013 W Oak Ave","Spokane","WA","98456","US",""
"1485","2020-12-11","","6382 S State St","Boulder","CO","81429","US",""
"1486","2023-10-16","","6523 S State St","Salt Lake City","UT","84204","USA",""
"1487","2021-08-19","","8178 N Elm Dr","St. George","UT","84126","US",""
"1488","2024-07-25","","9252 W Oak Ave","Fort Collins","co ","81009","US",""
"1489","2021-10-09","","1587 S State St","Pueblo","CO","80558","US",""
"1490","2023-05-15","","1304 N Elm Dr","Fort Collins","CO","80532","US",""
"1491","2022-08-01","","4595 E Center St","Ogden","UT","84217","US",""
"1492","2023-07-02","","6019 E Center St","Pueblo","CO","80799","US",""
"1493","2020-08-07","","236 N Elm Dr","Ogden","UT.","84398","US","2023-03-27"
"1494","2024-01-17","","1110 S Main St","Syracuse","NY","11907","US",""
"1495","2025-08-27","","","","","","",""
"1496","2021-12-03","","2594 N Elm Dr","Lehi","UT","84345","USA","2024-03-28"
"1497","2026-06-03","","6552 S State St","Phoenix","AZ","86266","USA",""
"1498","2024-05-20","","2974 S State St","Sparks","Nevada","89862","US",""
"1499","2023-01-01","","9638 S Main St","Fort Collins","CO","80638","US",""
"1500","2021-10-10","","1259 N Elm Dr","Boulder","CO","81370","US",""
"1501","2025-06-03","","95 S Main St","Lehi","UT","84379","US",""
"1502","2024-03-05","","8914 E Center St","Irvine","CA","93304","US",""
"1503","2021-03-07","","5673 E Center St","El Paso","TX","79341","USA",""
"1504","2023-12-11","","8414 S Main St","Lehi","ut ","84649","USA",""
"1505","2023-03-14","","","","","","",""
"1506","2021-04-19","","5434 S Main St","Buffalo","NY","12425","US",""
"1507","2020-11-21","","8108 W Oak Ave","St. George","Utah","84674","US",""
"1508","2022-02-16","","2135 E Center St","Provo","UT","84540","US",""
"1509","2021-10-15","","7778 E Center St","Austin","TX","77125","US",""
"1510","2023-11-29","","5452 E Center St","Brooklyn","NY","14692","US",""
"1511","2025-10-16","","2588 S Main St","Buffalo","NY","13797","USA",""
"1512","2021-09-21","","728 S State St","Lehi","UT","84422","US","2026-02-05"
"1513","2024-01-31","","2625 E Center St","Plano","TX","79862","US",""
"1514","2022-12-14","","6336 E Center St","Salt Lake City","ut ","84457","US",""
"1515","2025-06-14","","1913 S Main St","Rochester","NY","13777","US",""
"1516","2022-10-01","","2701 N Elm Dr","Rochester","New York","12134","US",""
"1517","2025-06-17","","6586 S State St","Lehi","UT","84166","US",""
"1518","2022-02-05","","879 S Main St","Lehi","UT","84737","US",""
"1519","2025-07-12","","5874 S Main St","Sparks","NV","89453","USA",""
"1520","2023-11-05","","1932 S State St","Aurora","CO","80091","US",""
"1521","2026-02-22","","7693 S Main St","Irvine","CA","90935","US",""
"1522","2023-06-24","2024-11-19","3907 S Main St","Brooklyn","NY","14504","USA",""
"1523","2025-01-17","","2931 S Main St","Aurora","CO","80526","US",""
"1524","2023-05-13","","4875 W Oak Ave","San Jose","CA","95488","USA",""
"1525","2025-04-03","","8866 E Center St","Rochester","New York","14578","US",""
"1526","2026-05-08","","9522 S Main St","Seattle","WA","98693","USA",""
"1527","2023-10-13","","3005 S State St","Fresno","CA","94370","USA",""
"1528","2022-10-06","","5868 E Center St","Oakland","CA","93699","US",""
"1529","2023-05-16","","2697 S Main St","El Paso","TX","76818","US",""
"1530","2024-04-22","","1005 E Center St","Aurora","CO","80518","US",""
"1531","2026-01-27","","3257 W Oak Ave","Ogden","UT.","84218","USA",""
"1532","2024-10-28","","","","","","",""
"1533","2025-10-25","","2818 E Center St","St. George","UT","84539","US",""
"1534","2023-12-09","","3450 S State St","Plano","TX","78945","US",""
"1535","2021-10-17","","1219 S State St","Austin","TX","75494","US",""
"1536","2025-02-09","","6952 W Oak Ave","Lehi","Utah","84002","US",""
"1537","2023-08-03","","2382 S Main St","Denver","CO","80816","US",""
"1538","2023-12-20","","3381 N Elm Dr","Houston","TX","75824","US",""
"1539","2025-02-08","","8972 N Elm Dr","El Paso","tx ","79500","US",""
"1540","2019-05-23","","1542 E Center St","Austin","tx ","76045","US",""
"1541","2023-10-13","","5500 N Elm Dr","Houston","tx ","75438","US",""
"1542","2024-08-02","","2220 Av Reforma","Montreal","QC","M6H 5J1","CA",""
"1543","2019-08-20","","5667 W Oak Ave","Tucson","AZ","85404","USA",""
"1544","2021-09-08","","3123 W Oak Ave","Mesa","AZ","86073","USA",""
"1545","2022-12-09","","1391 Av Reforma","Monterrey","NLE","63024","MX","2025-04-27"
"1546","2025-07-31","","","","","","",""
"1547","2022-12-13","","2820 E Center St","Provo","ut ","84739","US",""
"1548","2021-06-06","","7675 S Main St","Salt Lake City","UT","84037","US",""
"1549","2023-01-09","","8730 E Center St","Austin","Texas","75806","US",""
"1550","2024-11-27","","2538 E Center St","Olympia","WA","98301","US",""
"1551","2025-03-27","","4278 E Center St","Aurora","CO","81522","US",""
"1552","2025-12-27","","8321 S Main St","Houston","TX.","76626","US",""
"1553","2021-04-12","","305 W Oak Ave","Sparks","NV.","89706","US",""
"1554","2022-08-29","","6811 W Oak Ave","Lehi","UT","84461","USA",""
"1555","2022-11-08","","6183 N Elm Dr","El Paso","TX","78515","USA",""
"1556","2025-08-08","","8331 E Center St","Olympia","wa ","98160","USA",""
"1557","2023-09-09","","4607 S Main St","Buffalo","ny ","12563","USA",""
"1558","2020-03-20","","9757 W Oak Ave","Houston","TX","76068","US",""
"1559","2024-01-16","","8837 E Center St","Rochester","ny ","10426","US","2025-11-12"
"1560","2022-08-22","","2772 S State St","Fort Collins","CO.","80843","US",""
"1561","2025-10-03","","","","","","",""
"1562","2022-01-25","","6280 N Elm Dr","San Jose","CA","95883","US",""
"1563","2019-09-30","","4675 N Elm Dr","Aurora","CO","81328","US",""
"1564","2025-07-07","","3199 S State St","Austin","TX","75383","US",""
"1565","2025-02-24","","5939 S Main St","Fort Collins","CO","81117","USA",""
"1566","2021-02-15","","729 S State St","Fresno","California","95650","USA",""
"1567","2022-08-04","","7819 N Elm Dr","Salt Lake City","ut ","84595","US",""
"1568","2022-12-03","","1835 N Elm Dr","Lehi","UT","84749","US",""
"1569","2023-10-16","2024-11-21","8238 S Main St","Oakland","CA","90924","US",""
"1570","2019-12-08","","249 W Oak Ave","St. George","UT","84030","US",""
"1571","2023-12-18","","1672 S State St","Newark","DE","19722","US",""
"1572","2024-03-13","","1531 S Main St","El Paso","TX","78919","US",""
"1573","2025-06-07","","","","","","",""
"1574","2021-11-01","","1737 E Center St","Provo","ut ","84518","US",""
"1575","2026-03-01","","8377 S State St","Oakland","CA","94277","US",""
"1576","2021-03-09","","6000 N Elm Dr","Flagstaff","AZ","85376","US",""
"1577","2019-07-19","","7076 E Center St","El Paso","tx ","77182","US",""
"1578","2021-06-12","","8236 N Elm Dr","Salt Lake City","UT","84159","USA",""
"1579","2024-12-02","","8418 S State St","St. George","UT","84500","US",""
"1580","2023-11-14","","6725 W Oak Ave","Provo","UT","84687","US",""
"1581","2024-06-16","","897 N Elm Dr","Lehi","UT","84570","US",""
"1582","2020-11-15","","2666 E Center St","Salt Lake City","UT","84499","US",""
"1583","2025-11-21","","7220 E Center St","Fort Collins","CO","80901","US",""
"1584","2026-02-17","","391 N Elm Dr","Olympia","WA","98018","US","2026-05-25"
"1585","2023-09-22","","1017 E Center St","Ogden","UT","84765","US",""
"1586","2025-01-20","","4268 S State St","Denver","CO","80689","US",""
"1587","2024-08-31","","9006 E Center St","Plano","TX","79309","US",""
"1588","2022-10-01","","7340 W Oak Ave","St. George","UT","84130","US",""
"1589","2023-03-02","","119 S State St","Syracuse","NY","12814","USA",""
"1590","2021-09-01","","5992 S State St","Newark","DE","19899","US",""
"1591","2019-04-28","","3074 S Main St","Tempe","az ","86384","US",""
"1592","2024-10-02","","9349 E Center St","Plano","TX","79927","USA",""
"1593","2024-03-25","","3688 S State St","Carson City","NV","89745","USA",""
"1594","2024-08-10","","9427 N Elm Dr","Provo","ut ","84573","US",""
"1595","2023-12-26","","7847 S State St","Austin","TX","75577","US","2025-11-05"
"1596","2023-02-11","","1904 S Main St","El Paso","TX","79461","USA",""
"1597","2021-12-13","","2457 S State St","Irvine","ca ","94524","US",""
"1598","2023-06-14","","6709 N Elm Dr","Provo","UT","84558","USA",""
"1599","2022-02-19","","3246 W Oak Ave","Provo","UT","84084","US",""
"1600","2024-01-24","","7249 E Center St","Dallas","TX","76973","USA",""
"1601","2020-09-20","","6622 W Oak Ave","Pueblo","CO","81235","US",""
"1602","2026-05-30","","982 E Center St","Houston","Texas","76852","US",""
"1603","2024-05-27","","9685 E Center St","Sacramento","CA","95887","US",""
"1604","2023-06-03","","5046 S State St","Ogden","UT","84790","US",""
"1605","2024-03-20","","531 Rue Principale","Vancouver","BC","M8J 8A1","CA",""
"1606","2025-11-11","","385 E Center St","Plano","TX","77494","US",""
"1607","2023-03-19","","1052 E Center St","El Paso","TX","79102","USA",""
"1608","2024-07-16","","3215 S Main St","Phoenix","AZ.","85975","US",""
"1609","2024-07-02","","1287 S State St","Houston","TX","77588","USA",""
"1610","2022-06-25","","592 S Main St","Fort Collins","CO","81237","US","2025-12-26"
"1611","2021-07-25","","7437 S State St","Ogden","UT","84371","USA",""
"1612","2022-07-08","","6968 S Main St","Denver","co ","81162","US",""
"1613","2022-01-13","","2720 N Elm Dr","Ogden","UT","84595","US",""
"1614","2025-02-13","","5469 N Elm Dr","St. George","UT","84583","USA",""
"1615","2021-07-11","","7218 S Main St","Boulder","CO.","80783","US",""
"1616","2022-09-25","","2679 Av Reforma","Monterrey","NLE","32789","MX",""
"1617","2020-01-27","","9366 S Main St","Tempe","az ","85522","US",""
"1618","2023-10-04","","180 N Elm Dr","Aurora","co ","80025","US",""
"1619","2020-02-07","","5134 S State St","El Paso","TX","77818","US",""
"1620","2022-09-01","","4786 S Main St","San Jose","CA","94791","USA",""
"1621","2021-09-26","","7571 S Main St","St. George","ut ","84125","USA","2024-03-08"
"1622","2022-11-24","","7150 E Center St","Sparks","NV.","89418","US",""
"1623","2020-08-28","","9253 S State St","Oakland","CA","90418","USA",""
"1624","2021-10-31","","6054 N Elm Dr","Oakland","CA","91567","US",""
"1625","2023-09-06","","513 King St","Monterrey","NLE","41992","MX","2025-02-08"
"1626","2024-07-12","","","","","","",""
"1627","2021-08-20","","8119 S Main St","Pueblo","co ","81318","USA",""
"1628","2025-12-05","","3209 W Oak Ave","St. George","UT","84636","US",""
"1629","2021-12-07","","5343 S State St","Irvine","CA","90569","US","2022-09-29"
"1630","2022-02-11","","8130 E Center St","San Jose","CA","92737","US",""
"1631","2022-01-06","","4722 N Elm Dr","Salt Lake City","Utah","84361","USA",""
"1632","2021-10-19","","3081 E Center St","Tempe","az ","85782","US",""
"1633","2023-12-13","","6424 S Main St","Phoenix","AZ","85132","US","2024-08-04"
"1634","2025-07-08","","2891 E Center St","El Paso","TX","75292","USA",""
"1635","2023-11-07","","6225 W Oak Ave","St. George","Utah","84607","US","2026-02-03"
"1636","2026-04-12","","3364 S State St","Denver","CO","81550","US",""
"1637","2025-02-18","","8047 S Main St","Fresno","CA","94173","USA",""
"1638","2023-09-09","","1896 W Oak Ave","Salt Lake City","UT","84090","US",""
"1639","2025-08-14","","4837 E Center St","Sparks","NV","89311","USA",""
"1640","2025-02-04","","6967 S State St","Tucson","AZ","86154","US",""
"1641","2026-04-07","","3281 E Center St","Seattle","WA","98578","US",""
"1642","2020-09-05","","3082 N Elm Dr","Provo","UT.","84375","US",""
"1643","2024-04-18","","136 W Oak Ave","Salt Lake City","UT","84287","US",""
"1644","2023-11-05","","1378 S State St","Plano","TX","77155","US","2025-05-18"
"1645","2023-06-14","","1260 S State St","Ogden","UT","84778","USA",""
"1646","2023-06-05","","5005 W Oak Ave","Ogden","UT","84732","US",""
"1647","2025-12-14","","6752 S Main St","Reno","NV","89091","US",""
"1648","2023-10-28","","371 W Oak Ave","Denver","CO","80567","USA",""
"1649","2026-02-28","","2457 N Elm Dr","Fort Collins","CO","80638","US",""
"1650","2025-11-21","","9241 W Oak Ave","Tempe","AZ","86491","US",""
"1651","2025-03-08","","5326 S State St","Provo","UT","84739","US",""
"1652","2024-06-30","","1713 N Elm Dr","Phoenix","AZ","86403","USA",""
"1653","2025-09-14","","4815 S Main St","Las Vegas","NV","89370","US",""
"1654","2021-01-04","","5173 W Oak Ave","Bellevue","WA.","98836","US",""
"1655","2024-01-01","","2977 Rue Principale","Toronto","ON","M5H 4E5","Canada",""
"1656","2023-11-13","","5544 N Elm Dr","Oakland","CA","91128","US",""
"1657","2025-01-13","","7235 S Main St","Houston","TX","76013","US","2025-12-16"
"1658","2024-04-14","","4570 Rue Principale","Toronto","ON","V5E 3C8","Canada",""
"1659","2023-08-07","","618 N Elm Dr","Provo","UT","84479","US",""
"1660","2026-04-10","","5204 S State St","Provo","UT","84027","US",""
"1661","2024-03-17","","5334 W Oak Ave","Pueblo","CO","81416","US",""
"1662","2019-10-24","","2006 S State St","Bellevue","Washington","99361","US","2023-10-03"
"1663","2024-08-23","","7750 S State St","Lehi","UT","84256","USA",""
"1664","2020-05-22","","1890 N Elm Dr","Lehi","ut ","84248","US",""
"1665","2019-08-06","","7035 W Oak Ave","Ogden","UT","84360","US",""
"1666","2026-06-06","","4072 S Main St","Phoenix","AZ","85347","USA",""
"1667","2022-04-23","","5709 N Elm Dr","Salt Lake City","UT","84199","US",""
"1668","2021-10-23","","8946 S Main St","Flagstaff","AZ","85223","USA",""
"1669","2021-06-21","","2374 W Oak Ave","Houston","TX","75492","USA",""
"1670","2023-05-02","","958 S Main St","Milford","DE","19955","US",""
"1671","2022-11-26","","4434 W Oak Ave","San Jose","CA.","96004","US",""
"1672","2023-06-28","","7696 S Main St","Plano","TX","75666","USA",""
"1673","2026-05-20","","4708 W Oak Ave","Fresno","CA","91349","US",""
"1674","2022-05-06","","4724 S Main St","Pueblo","CO","81528","USA",""
"1675","2022-10-20","","7391 E Center St","Syracuse","NY","10323","US",""
"1676","2025-01-25","","4492 N Elm Dr","Aurora","CO.","80079","US",""
"1677","2021-08-21","","6648 E Center St","Seattle","WA","98542","US","2022-10-18"
"1678","2021-05-13","","7814 W Oak Ave","Sparks","NV","89395","US",""
"1679","2024-12-24","","5998 W Oak Ave","San Jose","ca ","93528","US",""
"1680","2021-04-25","","2954 W Oak Ave","Tempe","AZ","86462","US",""
"1681","2024-09-08","","2606 W Oak Ave","Plano","Texas","79424","US",""
"1682","2023-11-06","","9371 W Oak Ave","Tacoma","Washington","98846","US",""
"1683","2020-06-14","2026-01-11","2925 E Center St","Sacramento","California","94042","US",""
"1684","2024-08-05","","3402 S Main St","Provo","UT","84007","US",""
"1685","2019-05-23","","2920 S State St","Bellevue","WA","99346","US","2025-12-29"
"1686","2024-02-21","","8101 W Oak Ave","Fort Collins","CO","80744","US",""
"1687","2024-12-04","","3014 N Elm Dr","Sacramento","CA","93710","US",""
"1688","2025-07-29","","8000 E Center St","St. George","UT","84364","USA",""
"1689","2025-04-27","","981 W Oak Ave","Henderson","NV","89621","USA",""
"1690","2025-02-03","","7180 S Main St","El Paso","TX","79359","USA",""
"1691","2021-01-05","","1856 N Elm Dr","Flagstaff","AZ.","85015","US",""
"1692","2022-04-04","","5979 S Main St","Milford","DE","19941","USA",""
"1693","2023-04-29","","8207 S State St","Las Vegas","NV","89844","USA",""
"1694","2026-01-11","","8428 W Oak Ave","St. George","UT","84412","US",""
"1695","2025-11-09","","7468 W Oak Ave","Brooklyn","NY","11442","US",""
"1696","2023-10-25","","4910 S Main St","Aurora","CO","81441","US",""
"1697","2025-04-05","","","","","","",""
"1698","2026-04-26","","6326 S State St","Salt Lake City","Utah","84375","US",""
"1699","2023-11-26","","9368 S Main St","Aurora","CO","80121","US","2025-10-01"
"1700","2024-04-03","","1751 E Center St","Lehi","UT","84634","US",""
"1701","2026-03-18","","7271 S Main St","Oakland","California","94578","US",""
"1702","2021-11-20","","1146 Av Reforma","Guadalajara","JAL","72434","MX",""
"1703","2022-09-20","","1780 E Center St","Aurora","CO","80696","US",""
"1704","2023-07-07","","","","","","",""
"1705","2024-06-18","","","","","","",""
"1706","2021-02-25","","5877 S Main St","Mesa","AZ","85575","USA",""
"1707","2021-01-30","","2107 E Center St","Pueblo","Colorado","81597","USA",""
"1708","2023-01-13","","7092 S State St","Tucson","Arizona","86506","US",""
"1709","2022-01-28","2024-05-25","7791 E Center St","Dallas","TX","78125","USA",""
"1710","2023-11-30","","7331 W Oak Ave","Ogden","ut ","84148","US","2024-07-15"
"1711","2020-09-20","","","","","","",""
"1712","2026-05-06","","","","","","",""
"1713","2025-01-16","","986 W Oak Ave","El Paso","Texas","75236","USA",""
"1714","2022-02-13","","4331 S State St","Denver","CO","81278","US",""
"1715","2025-02-12","","500 W Oak Ave","Lehi","UT","84548","USA",""
"1716","2023-10-16","","543 E Center St","Austin","TX","79084","US",""
"1717","2023-03-01","","7290 E Center St","Plano","TX","77328","US",""
"1718","2022-06-12","","7778 S Main St","Oakland","CA","94627","USA",""
"1719","2025-01-06","","5001 S Main St","Salt Lake City","UT","84522","US",""
"1720","2026-05-15","","8349 W Oak Ave","San Jose","California","90734","US",""
"1721","2024-10-19","","6069 W Oak Ave","Salt Lake City","UT","84055","USA",""
"1722","2023-03-12","","6254 S State St","Rochester","NY","13928","US",""
"1723","2021-03-16","","9488 E Center St","Lehi","UT","84096","USA",""
"1724","2024-09-08","","4102 W Oak Ave","Houston","TX","79012","US",""
"1725","2023-09-25","","8539 W Oak Ave","Fresno","CA","95526","US",""
"1726","2025-09-25","","4494 King St","Ciudad de Mexico","CMX","74197","MX","2026-02-18"
"1727","2024-02-02","","601 W Oak Ave","Tempe","AZ","86070","US",""
"1728","2023-03-17","","4348 S State St","Rochester","NY","10685","US",""
"1729","2022-06-14","","8596 N Elm Dr","Dallas","TX","76371","US",""
"1730","2026-03-20","","6042 W Oak Ave","Tucson","AZ","86089","US",""
"1731","2021-07-22","","6401 W Oak Ave","Tempe","AZ.","86379","US",""
"1732","2021-10-10","","1329 S State St","Seattle","WA","98006","US",""
"1733","2020-04-05","","4302 W Oak Ave","Lehi","UT","84484","US",""
"1734","2024-09-22","","2724 E Center St","Tacoma","WA","99260","US",""
"1735","2023-06-19","","6104 N Elm Dr","Austin","TX.","78377","US",""
"1736","2023-10-09","","2888 E Center St","Bellevue","WA.","98210","USA",""
"1737","2022-11-04","","8827 S Main St","Fort Collins","co ","81249","US","2023-01-31"
"1738","2021-10-25","","1668 W Oak Ave","Dallas","TX","77086","US",""
"1739","2025-01-25","","9191 E Center St","Fresno","CA","91432","US",""
"1740","2022-03-10","","5946 S Main St","Sacramento","CA","92723","US",""
"1741","2024-01-04","","2539 E Center St","Salt Lake City","UT","84627","US",""
"1742","2026-01-19","","4591 E Center St","Irvine","ca ","91758","US",""
"1743","2019-10-18","","8946 S Main St","Spokane","wa ","99253","US",""
"1744","2025-08-01","","","","","","",""
"1745","2023-10-13","","8116 S Main St","Brooklyn","NY","11358","US","2024-08-19"
"1746","2024-04-13","","5752 N Elm Dr","Boulder","CO","80952","US",""
"1747","2025-06-12","","8710 W Oak Ave","Pueblo","CO","80704","US",""
"1748","2024-08-09","","6860 W Oak Ave","Mesa","AZ","85483","US",""
"1749","2023-10-17","","9723 W Oak Ave","Pueblo","CO","80678","US",""
"1750","2024-12-29","","260 E Center St","Denver","CO","80020","US","2025-03-01"
"1751","2025-04-26","","1174 N Elm Dr","Lehi","UT.","84226","US",""
"1752","2025-05-14","","","","","","",""
"1753","2022-12-05","","2457 S State St","Ogden","UT","84318","US",""
"1754","2023-12-06","","936 S State St","San Jose","CA","92323","USA",""
"1755","2020-05-03","","7765 N Elm Dr","Denver","CO","81062","US",""
"1756","2022-05-01","","7508 S State St","Tacoma","WA","99257","US",""
"1757","2024-09-19","","6659 E Center St","Boulder","CO","81459","US",""
"1758","2022-05-17","","2745 S State St","St. George","UT","84282","USA",""
"1759","2024-10-12","","1139 W Oak Ave","Provo","UT","84032","US",""
"1760","2026-03-25","","2537 E Center St","Albany","NY","14753","US",""
"1761","2025-03-30","","678 E Center St","Denver","CO","80613","US",""
"1762","2022-01-19","","681 S State St","Seattle","WA","98020","USA",""
"1763","2024-01-12","","3524 S State St","Plano","TX","76706","US",""
"1764","2024-06-30","","8521 S Main St","Dallas","Texas","76514","US",""
"1765","2025-05-30","","3114 E Center St","Mesa","AZ","86457","US",""
"1766","2021-05-10","","","","","","",""
"1767","2022-09-04","","6842 E Center St","Sacramento","CA","95561","USA",""
"1768","2025-07-15","","5508 S Main St","Lehi","ut ","84232","USA",""
"1769","2020-06-21","","","","","","",""
"1770","2024-05-20","","787 E Center St","Flagstaff","AZ","86496","US",""
"1771","2025-02-28","","4076 S State St","Austin","TX","78736","USA",""
"1772","2026-06-22","","3919 Av Reforma","Vancouver","BC","H5B 9B6","Canada",""
"1773","2020-04-03","","1204 S Main St","St. George","UT","84406","USA",""
"1774","2025-07-20","","5830 S Main St","Aurora","CO","80436","US",""
"1775","2025-07-07","","2169 S Main St","Ogden","UT","84646","US",""
"1776","2025-08-12","","686 E Center St","Rochester","NY","14653","US",""
"1777","2023-06-13","","2685 Calle Norte","Toronto","ON","H7B 7J8","Canada","2025-09-28"
"1778","2022-09-12","","","","","","",""
"1779","2026-02-18","2026-05-12","7757 E Center St","Provo","ut ","84348","US",""
"1780","2024-11-23","","7610 S Main St","Oakland","CA","92264","US",""
"1781","2023-02-10","","1215 N Elm Dr","Plano","TX","78757","US",""
"1782","2024-01-16","","2049 S Main St","Boulder","CO","81543","US",""
"1783","2025-04-30","","685 W Oak Ave","Oakland","CA","93664","US",""
"1784","2023-08-27","","4429 E Center St","Austin","TX","79588","US",""
"1785","2025-07-26","","8391 N Elm Dr","Salt Lake City","UT","84319","US",""
"1786","2023-11-24","","1577 S State St","San Jose","CA","95176","US",""
"1787","2025-10-12","","4532 S State St","El Paso","TX","77373","USA",""
"1788","2024-08-30","","367 S Main St","San Jose","ca ","91657","US",""
"1789","2025-06-12","","4710 S State St","Salt Lake City","ut ","84581","US",""
"1790","2026-04-03","","2771 W Oak Ave","Lehi","UT","84516","USA",""
"1791","2025-10-10","","7332 W Oak Ave","Plano","tx ","79135","USA",""
"1792","2024-06-22","","5026 S Main St","Oakland","CA","94924","US",""
"1793","2020-03-29","2022-12-14","4208 W Oak Ave","El Paso","tx ","75324","US",""
"1794","2025-07-10","","3955 E Center St","Rochester","NY","10768","US",""
"1795","2021-06-02","","2134 N Elm Dr","Dallas","TX","76297","US",""
"1796","2022-11-08","","1009 W Oak Ave","Tacoma","Washington","98581","USA",""
"1797","2022-08-27","","928 E Center St","Provo","UT","84215","US",""
"1798","2023-11-16","","4939 S Main St","Plano","Texas","75342","US",""
"1799","2025-09-03","","5731 E Center St","Carson City","Nevada","89006","US",""
"1800","2022-03-18","","2680 S Main St","Wilmington","Delaware","19873","US",""
"1801","2025-10-04","","1977 E Center St","Sparks","NV","89635","USA",""
"1802","2023-08-12","","2995 N Elm Dr","Boulder","CO","80636","US",""
"1803","2020-05-02","","5318 N Elm Dr","Reno","NV","89862","US","2024-04-21"
"1804","2020-12-23","","9153 E Center St","Albany","ny ","13339","US",""
"1805","2022-05-10","","4521 S Main St","Plano","TX","78582","US",""
"1806","2025-07-02","","581 S State St","Dallas","TX","77170","USA",""
"1807","2024-06-20","","7693 N Elm Dr","Lehi","UT","84169","US",""
"1808","2021-09-06","","4221 S Main St","Bellevue","WA","98959","US",""
"1809","2026-06-24","","5721 E Center St","Bellevue","WA","99024","US",""
"1810","2026-04-28","","1331 N Elm Dr","Aurora","CO","80208","USA",""
"1811","2020-10-08","","5699 S State St","Sparks","NV","89690","USA",""
"1812","2024-02-17","2025-04-01","258 S State St","Lehi","UT","84574","US",""
"1813","2023-10-05","","3029 N Elm Dr","Oakland","CA","90224","US","2026-02-07"
"1814","2023-09-18","","9309 N Elm Dr","Salt Lake City","ut ","84305","US",""
"1815","2024-09-04","","3726 W Oak Ave","Olympia","WA","98058","US",""
"1816","2024-06-11","","8172 N Elm Dr","Sacramento","CA","95077","US",""
"1817","2025-07-19","","5245 S State St","Pueblo","CO","80249","US",""
"1818","2025-08-29","","858 E Center St","Lehi","UT","84233","US",""
"1819","2025-10-22","","5701 S State St","Sparks","NV","89550","US",""
"1820","2023-03-17","","5300 N Elm Dr","El Paso","TX","79276","US",""
"1821","2021-03-23","","5813 E Center St","San Jose","CA","92051","USA",""
"1822","2025-03-11","","128 E Center St","Plano","TX","79558","US",""
"1823","2026-05-14","","","","","","",""
"1824","2024-07-21","","6358 S State St","Provo","UT.","84280","US",""
"1825","2024-11-04","","2424 W Oak Ave","San Jose","CA","93294","US",""
"1826","2025-11-28","","212 W Oak Ave","Tacoma","WA","98756","USA",""
"1827","2024-11-09","","3053 N Elm Dr","Ogden","UT","84488","USA",""
"1828","2022-10-12","","7874 W Oak Ave","St. George","UT","84340","US",""
"1829","2026-03-31","","9759 E Center St","San Jose","CA","95813","US",""
"1830","2024-09-17","","2996 E Center St","Fresno","ca ","92741","USA",""
"1831","2025-07-04","","6362 S State St","Houston","Texas","76693","US",""
"1832","2023-07-23","","470 W Oak Ave","Ogden","UT","84499","US",""
"1833","2021-04-11","","","","","","",""
"1834","2023-08-29","","3920 N Elm Dr","San Jose","CA","94737","US",""
"1835","2024-03-03","","7500 W Oak Ave","Boulder","CO","80069","US","2025-12-23"
"1836","2019-09-26","","9796 S Main St","Buffalo","ny ","12775","USA",""
"1837","2024-05-27","","","","","","",""
"1838","2023-05-09","","367 E Center St","Aurora","CO","80897","US",""
"1839","2021-12-26","","3858 E Center St","Lehi","ut ","84078","US","2024-03-26"
"1840","2022-09-10","","5947 S State St","Phoenix","AZ","85477","US",""
"1841","2023-02-27","","3968 E Center St","Sacramento","CA","90007","US","2026-01-03"
"1842","2024-10-13","","9688 W Oak Ave","Rochester","NY","11718","US",""
"1843","2022-10-25","","8752 S Main St","Spokane","WA","98051","US",""
"1844","2022-10-08","","3680 E Center St","Dover","DE.","19936","USA",""
"1845","2022-06-15","","8622 S State St","Smyrna","DE","19820","USA",""
"1846","2025-12-06","","4739 W Oak Ave","Seattle","WA","98882","USA",""
"1847","2026-06-01","","8859 W Oak Ave","Tempe","AZ","85967","US",""
"1848","2025-09-01","","3062 N Elm Dr","Spokane","WA","98452","US",""
"1849","2021-04-17","","5527 S State St","St. George","ut ","84245","US",""
"1850","2024-07-13","","6978 N Elm Dr","El Paso","TX","79233","US",""
"1851","2025-08-17","","6681 S Main St","San Jose","CA","91332","USA",""
"1852","2025-11-09","","824 S Main St","Lehi","UT","84211","US",""
"1853","2022-12-27","","3094 W Oak Ave","Henderson","NV","89550","US",""
"1854","2020-09-21","","1284 N Elm Dr","Syracuse","New York","11683","USA",""
"1855","2023-09-13","","5633 S Main St","St. George","UT","84434","USA",""
"1856","2023-12-04","","4066 W Oak Ave","Boulder","CO","80155","US",""
"1857","2023-06-12","","8846 N Elm Dr","Olympia","WA","98457","USA",""
"1858","2026-01-30","","301 S State St","Ogden","UT","84647","US",""
"1859","2022-04-05","","2351 N Elm Dr","Reno","NV","89641","US",""
"1860","2025-08-22","","3177 N Elm Dr","Lehi","UT","84626","US",""
"1861","2026-04-08","","5146 S State St","Plano","tx ","75738","USA",""
"1862","2022-05-25","","7445 S Main St","El Paso","TX","75276","US",""
"1863","2025-02-09","","4395 S State St","Spokane","WA","98384","US",""
"1864","2025-03-14","","9146 S Main St","Bellevue","WA","98442","US",""
"1865","2025-12-15","","7419 W Oak Ave","Fresno","CA","95472","US",""
"1866","2026-03-01","","4048 S State St","Ogden","Utah","84113","USA",""
"1867","2024-05-18","","501 W Oak Ave","St. George","UT","84054","US",""
"1868","2021-01-06","","5737 S Main St","El Paso","TX","79532","US",""
"1869","2025-03-01","","9557 W Oak Ave","Phoenix","AZ","86159","USA",""
"1870","2026-06-06","","2549 S State St","Las Vegas","NV","89078","US",""
"1871","2020-04-25","","5620 S Main St","El Paso","TX","75014","US",""
"1872","2025-05-29","","8125 E Center St","Lehi","UT","84492","USA",""
"1873","2023-07-05","","7469 N Elm Dr","Ogden","UT","84748","US",""
"1874","2019-08-27","","9752 S Main St","Irvine","CA","95003","US",""
"1875","2025-05-23","","6622 N Elm Dr","St. George","UT","84376","US","2025-10-13"
"1876","2026-02-28","","6968 N Elm Dr","Irvine","CA","90513","USA",""
"1877","2024-10-05","","1310 E Center St","Brooklyn","NY","12866","US",""
"1878","2022-11-15","","5814 S State St","Oakland","ca ","93160","USA",""
"1879","2024-08-23","","9341 S Main St","Reno","NV","89197","USA",""
"1880","2022-04-10","","1445 S State St","Boulder","CO","80617","US",""
"1881","2026-05-10","","2450 S State St","Tucson","AZ","85927","USA",""
"1882","2023-01-17","","4501 E Center St","Provo","UT","84705","USA",""
"1883","2020-09-17","","5335 E Center St","Olympia","wa ","98113","US",""
"1884","2025-04-28","","8119 E Center St","Fort Collins","CO","80304","US",""
"1885","2024-07-26","","6466 E Center St","Ogden","ut ","84784","US",""
"1886","2025-11-30","","7987 S Main St","Sparks","nv ","89443","US",""
"1887","2023-01-21","","5216 W Oak Ave","Oakland","CA","90561","US",""
"1888","2023-07-19","","4736 N Elm Dr","Dover","DE","19891","USA",""
"1889","2025-02-23","","2108 S State St","Las Vegas","NV","89332","US",""
"1890","2025-07-24","2025-09-24","863 S Main St","Fresno","ca ","91377","US",""
"1891","2023-07-18","","7437 W Oak Ave","Austin","TX.","75436","US","2026-03-17"
"1892","2024-05-10","","2937 E Center St","Sparks","NV","89839","US",""
"1893","2024-07-15","","7552 W Oak Ave","Mesa","AZ","85633","US",""
"1894","2025-08-26","","4067 E Center St","Phoenix","AZ","85738","US",""
"1895","2025-02-01","","4528 E Center St","Austin","TX","77809","US",""
"1896","2019-06-27","","","","","","",""
"1897","2021-10-17","","8696 S Main St","Denver","CO","80448","US",""
"1898","2019-08-12","","38 E Center St","El Paso","TX","78365","US",""
"1899","2025-08-10","","9447 E Center St","Provo","UT","84381","US",""
"1900","2026-02-07","","2578 E Center St","Mesa","AZ","85971","US",""
"1901","2026-03-01","","4046 N Elm Dr","Las Vegas","NV","89760","USA",""
"1902","2023-06-28","","","","","","",""
"1903","2023-01-23","","3438 N Elm Dr","Salt Lake City","UT","84780","US",""
"1904","2022-02-23","","","","","","",""
"1905","2026-04-13","","621 Calle Norte","Guadalajara","JAL","93696","MX",""
"1906","2026-03-20","","2457 S Main St","Bellevue","WA","98468","US",""
"1907","2021-05-31","","5932 E Center St","Albany","New York","14767","USA",""
"1908","2023-09-06","","7981 S Main St","Sacramento","CA","90960","US",""
"1909","2022-11-21","","8288 E Center St","Ogden","UT","84101","US",""
"1910","2024-05-26","","","","","","",""
"1911","2024-01-02","","4249 E Center St","Lehi","UT","84138","US",""
"1912","2024-09-08","","1097 King St","Toronto","ON","M8H 2B6","CA",""
"1913","2025-01-09","","6056 N Elm Dr","Lehi","Utah","84491","US",""
"1914","2024-03-11","","9052 S State St","Las Vegas","NV","89119","US",""
"1915","2024-09-11","","8982 E Center St","El Paso","Texas","76634","US",""
"1916","2024-07-22","","3262 S Main St","Provo","UT","84436","US",""
"1917","2023-02-05","","","","","","",""
"1918","2021-08-13","","946 S Main St","Irvine","CA","94592","US",""
"1919","2019-03-17","","2849 E Center St","El Paso","TX","76970","US",""
"1920","2022-08-21","","7974 N Elm Dr","Fort Collins","CO","80044","US",""
"1921","2021-06-02","","7666 N Elm Dr","El Paso","tx ","77478","US",""
"1922","2019-06-25","","19 E Center St","Lehi","UT","84490","US",""
"1923","2024-12-31","","7918 W Oak Ave","Irvine","CA","95037","US",""
"1924","2021-11-28","","8953 S State St","Aurora","CO","80344","US",""
"1925","2022-07-01","","3419 W Oak Ave","Salt Lake City","UT","84023","US",""
"1926","2025-12-13","","1102 W Oak Ave","Bellevue","WA","99085","US",""
"1927","2026-03-22","","5749 S State St","St. George","UT","84653","US",""
"1928","2026-05-23","","1826 W Oak Ave","Flagstaff","AZ","85913","US",""
"1929","2021-03-03","","2489 S State St","Houston","TX","77025","US",""
"1930","2022-12-03","","6511 E Center St","Oakland","CA","90437","US",""
"1931","2026-01-29","","4619 W Oak Ave","Dallas","Texas","79598","US",""
"1932","2023-10-24","","3728 N Elm Dr","Phoenix","az ","85598","USA",""
"1933","2026-04-02","","6538 S Main St","Plano","TX","75401","USA",""
"1934","2021-11-29","","6068 N Elm Dr","Seattle","WA","99150","US",""
"1935","2023-04-18","","1490 S State St","Salt Lake City","UT","84613","USA",""
"1936","2020-10-14","","4386 S State St","Mesa","az ","85985","US",""
"1937","2022-12-22","","2855 W Oak Ave","Ogden","Utah","84165","USA",""
"1938","2021-04-14","","6985 E Center St","Fresno","CA","93911","US",""
"1939","2021-05-13","","5252 E Center St","Irvine","CA","90523","US",""
"1940","2025-08-03","","5569 S Main St","Rochester","ny ","10485","US",""
"1941","2026-03-07","","225 S State St","Fort Collins","CO","81399","US",""
"1942","2019-11-13","","7570 N Elm Dr","St. George","ut ","84593","US",""
"1943","2021-02-20","","3035 W Oak Ave","Tempe","AZ.","85141","US",""
"1944","2024-08-19","","8916 W Oak Ave","Tacoma","WA","98886","US",""
"1945","2021-06-21","","4181 S State St","Boulder","CO","80346","US",""
"1946","2025-07-19","","8064 W Oak Ave","St. George","UT","84286","USA",""
"1947","2020-12-25","","1544 W Oak Ave","Salt Lake City","Utah","84617","US",""
"1948","2021-09-05","","6334 S Main St","Tempe","Arizona","86387","USA",""
"1949","2025-06-20","","5113 S State St","Irvine","ca ","91452","USA",""
"1950","2025-08-24","","5717 W Oak Ave","Newark","DE","19924","US",""
"1951","2024-01-17","","46 W Oak Ave","Oakland","ca ","91592","US",""
"1952","2026-01-20","","2793 W Oak Ave","Ogden","UT","84658","US",""
"1953","2020-07-21","2021-07-07","5532 S State St","Milford","DE","19781","US",""
"1954","2025-03-18","","9482 S Main St","Henderson","NV","89486","US",""
"1955","2025-10-24","","9004 S Main St","Austin","TX.","75401","US",""
"1956","2025-03-30","","9742 E Center St","Pueblo","Colorado","81515","US",""
"1957","2021-11-01","","2293 S State St","Dallas","TX","75290","USA",""
"1958","2023-10-30","","3050 E Center St","Provo","ut ","84040","USA",""
"1959","2019-06-20","","","","","","",""
"1960","2023-10-17","","8965 S State St","Buffalo","NY","14756","USA",""
"1961","2023-12-08","","5118 W Oak Ave","Ogden","UT","84249","US",""
"1962","2020-10-25","","8116 S Main St","Lehi","UT","84201","US",""
"1963","2023-02-13","","9503 S Main St","Salt Lake City","ut ","84440","US",""
"1964","2025-05-31","","9457 N Elm Dr","Austin","TX","79119","USA",""
"1965","2022-08-06","","564 W Oak Ave","Lehi","UT","84626","US",""
"1966","2023-03-27","","2384 S State St","San Jose","ca ","91393","US",""
"1967","2026-05-19","","1733 S Main St","Flagstaff","AZ","85852","US",""
"1968","2025-03-02","","","","","","",""
"1969","2026-01-06","","8478 N Elm Dr","Houston","Texas","77666","USA",""
"1970","2022-09-24","","3515 King St","Calgary","AB","M2E 5G2","Canada",""
"1971","2024-08-01","","4625 S Main St","Provo","ut ","84732","USA",""
"1972","2025-10-13","","6562 E Center St","Houston","TX","76844","USA",""
"1973","2019-10-16","","9014 N Elm Dr","Boulder","CO","80222","US",""
"1974","2024-06-18","","8471 S Main St","El Paso","Texas","75872","US","2025-05-31"
"1975","2024-09-28","","2481 W Oak Ave","Austin","TX","77959","US",""
"1976","2024-06-13","","1335 S Main St","Syracuse","NY.","11572","US",""
"1977","2020-08-29","","7533 N Elm Dr","Salt Lake City","UT","84714","USA",""
"1978","2022-09-09","","6611 S Main St","Pueblo","CO","80662","US",""
"1979","2025-05-01","","8260 S Main St","Ogden","UT","84380","US",""
"1980","2022-05-09","","4622 W Oak Ave","Lehi","UT","84055","US",""
"1981","2023-05-24","","5812 N Elm Dr","Aurora","CO","80990","US",""
"1982","2020-01-19","","3022 N Elm Dr","Salt Lake City","UT","84498","US",""
"1983","2023-03-30","","5383 E Center St","Aurora","CO","81384","US",""
"1984","2022-07-17","","7822 W Oak Ave","Las Vegas","Nevada","89759","US",""
"1985","2020-02-04","","","","","","",""
"1986","2023-09-25","","8986 W Oak Ave","Reno","NV","89034","US",""
"1987","2021-07-12","","2832 N Elm Dr","Lehi","UT","84535","US",""
"1988","2025-11-24","","","","","","",""
"1989","2020-11-05","2021-03-01","9610 W Oak Ave","Seattle","WA","99056","USA",""
"1990","2025-07-04","","7427 W Oak Ave","Tacoma","WA","98739","US",""
"1991","2022-09-23","","3392 S State St","Spokane","WA","98223","US",""
"1992","2020-05-29","","8044 N Elm Dr","Denver","Colorado","81296","US",""
"1993","2026-04-10","","8508 S Main St","Dallas","TX","75594","US",""
"1994","2026-05-22","","5780 S State St","Olympia","WA","98727","US",""
"1995","2025-06-15","","5171 S State St","Dover","DE","19793","USA",""
"1996","2021-05-16","","7459 W Oak Ave","St. George","UT","84063","US",""
"1997","2025-01-28","","6111 N Elm Dr","El Paso","TX","76228","US",""
"1998","2025-10-30","","4140 N Elm Dr","Tucson","AZ","86012","US",""
"1999","2024-02-17","","8544 E Center St","Spokane","WA","98728","US",""
"2000","2025-11-25","","3931 E Center St","Lehi","UT","84389","US",""
"2001","2021-11-08","","2285 S State St","Sacramento","CA","94125","US",""
"2002","2023-10-01","","3944 E Center St","Denver","CO","80672","US","2024-07-24"
"2003","2024-03-09","","6037 S State St","Sparks","NV","89454","US",""
"2004","2024-11-10","","8587 W Oak Ave","Dallas","TX","77963","US","2026-02-26"
"2005","2022-10-14","","4502 E Center St","San Jose","CA","91907","US",""
"2006","2023-08-17","","9272 W Oak Ave","Newark","DE","19740","US",""
"2007","2022-03-21","","2761 S State St","Oakland","California","90621","US",""
"2008","2024-05-10","","8073 S State St","Plano","TX","75452","USA",""
"2009","2022-12-05","","7970 S Main St","Reno","NV","89011","USA",""
"2010","2025-06-22","","997 S Main St","Lehi","UT","84054","US",""
"2011","2024-03-02","2025-06-15","3545 S Main St","Brooklyn","NY","10859","US",""
"2012","2024-04-13","","9365 E Center St","Rochester","NY","12173","US",""
"2013","2024-10-05","","1142 E Center St","Las Vegas","NV","89234","US",""
"2014","2024-03-31","","432 N Elm Dr","Lehi","UT","84350","USA",""
"2015","2022-05-02","","705 N Elm Dr","Houston","TX","78067","US",""
"2016","2022-03-20","","307 E Center St","Rochester","NY.","14416","USA",""
"2017","2019-10-05","","5650 S State St","Provo","UT","84380","US",""
"2018","2020-04-18","","5336 N Elm Dr","Ogden","UT","84611","US",""
"2019","2021-02-12","","1061 E Center St","Austin","TX","75568","US",""
"2020","2021-09-16","","2743 N Elm Dr","Las Vegas","nv ","89404","US",""
"2021","2026-06-18","","4650 W Oak Ave","Irvine","CA","90287","US",""
"2022","2025-12-07","","801 W Oak Ave","St. George","Utah","84066","US",""
"2023","2023-07-21","","5766 S State St","Dallas","TX","76168","US",""
"2024","2021-03-20","","4150 S State St","Newark","DE","19763","USA",""
"2025","2025-10-14","","6616 E Center St","Fresno","CA","92575","US",""
"2026","2024-07-27","","1817 S Main St","San Jose","CA","93900","USA",""
"2027","2024-11-02","","5290 W Oak Ave","Provo","UT","84003","US",""
"2028","2024-09-03","","2239 S Main St","St. George","UT.","84382","US",""
"2029","2024-09-04","","5566 S Main St","Plano","TX","78714","US",""
"2030","2022-08-08","","2120 W Oak Ave","Irvine","CA","94938","US",""
"2031","2025-09-22","","7271 E Center St","Denver","CO","81276","USA",""
"2032","2025-01-19","","6128 S Main St","St. George","UT","84525","USA",""
"2033","2026-05-04","","2339 S State St","Lehi","UT","84347","US",""
"2034","2020-03-30","","9739 S Main St","Provo","ut ","84498","US",""
"2035","2023-10-23","","8680 S State St","Sparks","NV.","89272","US",""
"2036","2021-04-21","","9650 E Center St","Oakland","CA","91752","USA",""
"2037","2021-06-13","","3012 E Center St","Lehi","UT.","84097","US",""
"2038","2025-10-10","","8493 E Center St","Provo","UT","84191","US",""
"2039","2021-03-24","","4773 W Oak Ave","Fort Collins","CO","81017","US",""
"2040","2023-04-12","","3295 S Main St","Lehi","UT","84511","US",""
"2041","2023-11-27","","4864 S Main St","St. George","UT","84081","US",""
"2042","2025-05-08","","6247 S Main St","Sacramento","CA","95023","US",""
"2043","2024-05-13","","237 S State St","Albany","NY","12176","USA",""
"2044","2023-07-20","","3243 W Oak Ave","Irvine","CA","94965","US",""
"2045","2024-11-14","","2854 S Main St","Lehi","UT","84706","US",""
"2046","2022-02-18","","247 N Elm Dr","Denver","CO","80541","US",""
"2047","2020-06-14","","1816 S Main St","Newark","DE","19815","US",""
"2048","2020-10-04","","455 E Center St","St. George","UT","84761","US",""
"2049","2023-10-10","","4381 E Center St","Houston","TX","78711","USA",""
"2050","2025-04-20","","6273 N Elm Dr","Mesa","az ","86262","US",""
"2051","2025-06-05","2025-11-08","7110 S Main St","Ogden","UT","84625","US",""
"2052","2024-06-05","","3951 S State St","Salt Lake City","UT","84487","US",""
"2053","2024-12-08","","7242 E Center St","Syracuse","NY","13047","US",""
"2054","2023-05-23","","343 S Main St","Provo","UT","84508","US",""
"2055","2024-01-29","","4687 N Elm Dr","Mesa","AZ","85627","USA",""
"2056","2020-04-08","","2698 S Main St","Provo","UT","84553","US",""
"2057","2025-01-03","","2792 N Elm Dr","Las Vegas","NV","89211","US",""
"2058","2024-07-09","","","","","","",""
"2059","2025-12-26","","6554 N Elm Dr","Irvine","CA","93500","US",""
"2060","2025-12-02","","9023 S State St","Lehi","UT","84786","US",""
"2061","2020-02-18","","8569 S State St","Phoenix","AZ","86303","US",""
"2062","2022-07-20","","9734 N Elm Dr","St. George","ut ","84693","USA",""
"2063","2026-05-20","","8074 S State St","El Paso","Texas","76675","US",""
"2064","2025-12-12","","8100 E Center St","Phoenix","AZ","85850","US",""
"2065","2026-04-30","","5109 W Oak Ave","Mesa","AZ","85996","US",""
"2066","2024-06-03","2024-12-02","6462 S Main St","Salt Lake City","ut ","84302","US",""
"2067","2024-08-09","","3612 S State St","El Paso","TX","75154","US",""
"2068","2021-09-18","","","","","","",""
"2069","2021-07-17","","7263 N Elm Dr","Oakland","CA","93184","US",""
"2070","2025-07-06","","9134 N Elm Dr","Smyrna","DE","19958","US",""
"2071","2021-09-04","","4206 E Center St","Boulder","CO","80785","US",""
"2072","2023-03-07","","3571 Calle Norte","Toronto","ON","V5B 1C8","Canada",""
"2073","2019-02-11","","7723 W Oak Ave","Provo","UT","84621","US",""
"2074","2025-08-12","","5449 N Elm Dr","Ogden","UT","84083","USA",""
"2075","2020-01-02","","7568 E Center St","Lehi","UT","84483","US",""
"2076","2022-05-24","","3817 W Oak Ave","Spokane","WA.","98445","USA",""
"2077","2021-05-15","","5988 W Oak Ave","Provo","UT","84417","US",""
"2078","2025-12-22","","7442 N Elm Dr","Syracuse","New York","13060","US",""
"2079","2023-01-09","","5375 N Elm Dr","Denver","CO","80331","US",""
"2080","2024-12-26","","6187 N Elm Dr","Lehi","UT","84463","USA",""
"2081","2022-04-21","","5236 S Main St","Plano","TX","78486","US",""
"2082","2024-11-15","","2030 N Elm Dr","Pueblo","CO","80377","US",""
"2083","2023-08-15","","9206 S State St","Olympia","Washington","99141","US",""
"2084","2022-06-05","","3257 S State St","Lehi","ut ","84086","US",""
"2085","2025-02-08","","814 S Main St","Sparks","NV","89541","US",""
"2086","2026-05-26","","4271 N Elm Dr","Salt Lake City","UT","84720","US",""
"2087","2023-11-12","","5524 W Oak Ave","Mesa","az ","85359","US",""
"2088","2025-08-23","","2015 S Main St","Olympia","WA","99041","US",""
"2089","2022-05-31","","1261 N Elm Dr","Fresno","CA","91065","USA",""
"2090","2026-02-13","","3932 S State St","Olympia","WA","98005","US",""
"2091","2024-10-04","","1896 N Elm Dr","San Jose","California","94452","US",""
"2092","2025-05-02","","5214 S Main St","Ogden","UT","84572","US",""
"2093","2020-02-04","","7369 N Elm Dr","San Jose","CA","95553","USA",""
"2094","2024-04-20","","134 N Elm Dr","Salt Lake City","ut ","84467","US",""
"2095","2025-07-21","","68 W Oak Ave","Fresno","CA","91410","US",""
"2096","2025-08-21","","3003 Rue Principale","Monterrey","NLE","79584","MX",""
"2097","2024-10-24","","4034 N Elm Dr","Ogden","UT","84071","USA","2025-03-27"
"2098","2024-12-23","","3390 N Elm Dr","Salt Lake City","ut ","84188","US",""
"2099","2024-06-29","","6951 E Center St","Provo","ut ","84752","US",""
"2100","2021-04-11","","936 S Main St","St. George","UT","84249","US",""
"2101","2022-04-07","","4811 N Elm Dr","Provo","UT","84767","US","2024-02-12"
"2102","2023-10-26","","6169 N Elm Dr","Buffalo","NY","14884","US",""
"2103","2019-04-01","","6330 W Oak Ave","Houston","TX.","76862","USA","2024-08-06"
"2104","2022-05-13","","8711 N Elm Dr","Denver","co ","80369","USA",""
"2105","2025-01-14","","4353 E Center St","Boulder","CO","80865","US",""
"2106","2024-10-18","","4300 E Center St","St. George","Utah","84108","US",""
"2107","2024-10-16","","2605 S State St","Sparks","NV.","89075","US",""
"2108","2025-12-15","","6259 S Main St","Flagstaff","Arizona","86165","US",""
"2109","2026-04-11","","2178 S State St","Wilmington","DE","19777","USA",""
"2110","2021-03-14","","3459 S Main St","Seattle","WA","99050","US",""
"2111","2022-09-06","","1163 S State St","Provo","UT","84434","US",""
"2112","2020-04-27","","7645 S Main St","Tempe","AZ","86187","US",""
"2113","2020-09-11","","4102 S Main St","Lehi","UT","84371","US",""
"2114","2023-01-15","","4747 N Elm Dr","Oakland","California","91087","US",""
"2115","2020-07-26","","4902 E Center St","Dover","DE","19892","US",""
"2116","2024-12-25","","6727 S State St","Tucson","AZ","85945","US",""
"2117","2025-02-09","","4892 E Center St","Plano","TX","77949","US",""
"2118","2021-02-09","","4798 W Oak Ave","Provo","UT","84443","USA","2026-05-12"
"2119","2022-04-30","","2040 S State St","Spokane","WA","98338","US",""
"2120","2023-06-28","","8979 E Center St","Ogden","ut ","84445","USA",""
"2121","2020-11-15","","7497 S State St","Flagstaff","AZ","85544","US",""
"2122","2021-08-23","","6020 N Elm Dr","Mesa","AZ","85633","US",""
"2123","2024-06-17","","6344 W Oak Ave","St. George","ut ","84109","US",""
"2124","2022-09-03","","3114 W Oak Ave","St. George","ut ","84650","USA",""
"2125","2025-10-26","","3385 E Center St","Aurora","CO","81090","USA",""
"2126","2023-12-05","","8620 E Center St","Spokane","Washington","99094","US",""
"2127","2024-08-09","","7824 N Elm Dr","Denver","co ","80686","US",""
"2128","2026-06-09","","5975 N Elm Dr","Salt Lake City","UT","84140","USA",""
"2129","2022-05-04","","8836 S State St","Flagstaff","AZ","85635","USA",""
"2130","2025-07-15","","97 E Center St","Boulder","co ","81635","US",""
"2131","2025-04-27","","5380 E Center St","Salt Lake City","UT","84078","US",""
"2132","2019-11-26","","789 E Center St","Irvine","CA","90775","US",""
"2133","2025-09-07","","1918 King St","Calgary","AB","H2A 6A6","CA",""
"2134","2022-08-29","","676 N Elm Dr","Ogden","UT","84588","US",""
"2135","2024-07-19","","6035 S Main St","Salt Lake City","UT","84640","US",""
"2136","2026-03-09","","8736 N Elm Dr","Albany","NY","13795","US",""
"2137","2022-06-18","","2695 S Main St","Buffalo","NY","12143","US",""
"2138","2020-09-07","","5402 E Center St","Las Vegas","NV","89831","USA",""
"2139","2023-04-29","","4365 N Elm Dr","Bellevue","WA","98165","US",""
"2140","2023-06-26","","8765 E Center St","Henderson","Nevada","89533","US",""
"2141","2023-08-31","","4639 N Elm Dr","Denver","Colorado","80987","US",""
"2142","2021-06-30","","4128 E Center St","Buffalo","NY.","11231","US",""
"2143","2025-11-09","","8969 E Center St","Pueblo","CO","80106","US",""
"2144","2025-07-05","","5340 S Main St","Austin","TX","78778","USA",""
"2145","2023-07-19","","4089 King St","Toronto","ON","V9E 4H2","CA",""
"2146","2022-02-13","","2460 W Oak Ave","Albany","ny ","11770","US",""
"2147","2024-08-29","","2705 S Main St","San Jose","CA","92333","US",""
"2148","2023-06-09","","7679 E Center St","Provo","UT","84285","US",""
"2149","2023-02-16","","4919 S Main St","St. George","ut ","84263","USA",""
"2150","2026-05-30","","517 N Elm Dr","Austin","TX","76737","USA",""
"2151","2025-02-02","","5761 S State St","St. George","ut ","84773","US",""
"2152","2021-06-17","","3563 N Elm Dr","St. George","UT.","84790","US","2024-06-25"
"2153","2022-10-07","","8945 W Oak Ave","Austin","TX","77090","USA",""
"2154","2024-12-18","","3292 N Elm Dr","Irvine","CA","96155","US",""
"2155","2023-06-26","","4320 S State St","Tempe","AZ","85018","US",""
"2156","2025-12-26","","","","","","",""
"2157","2025-03-28","","4510 N Elm Dr","Pueblo","co ","80961","US",""
"2158","2022-06-27","","2147 S State St","Mesa","AZ","85388","US","2024-03-07"
"2159","2021-08-05","","4697 E Center St","Oakland","ca ","91011","USA","2025-11-09"
"2160","2021-03-15","","6200 N Elm Dr","Milford","DE","19884","USA",""
"2161","2024-12-26","","4480 E Center St","Lehi","UT","84771","USA",""
"2162","2022-07-18","","5112 S Main St","Syracuse","NY","12009","USA",""
"2163","2025-02-17","","7348 E Center St","Denver","CO","80979","US",""
"2164","2023-03-21","","1060 S Main St","Fort Collins","CO","80980","US",""
"2165","2022-09-23","","3846 E Center St","Sacramento","CA","94227","US",""
"2166","2020-06-19","","551 S Main St","Sacramento","CA","91831","USA",""
"2167","2023-09-16","","2685 E Center St","Fort Collins","CO","80064","USA",""
"2168","2022-06-15","","8399 E Center St","Plano","TX","77091","US","2023-04-01"
"2169","2022-10-20","","6806 N Elm Dr","San Jose","CA","90865","US",""
"2170","2023-06-12","","1873 N Elm Dr","Bellevue","WA","99256","US",""
"2171","2024-10-18","","7370 S Main St","Sacramento","CA","95143","USA",""
"2172","2020-03-13","","1070 S Main St","Boulder","CO","81543","US",""
"2173","2025-12-22","","5245 E Center St","Ogden","UT","84432","US",""
"2174","2025-02-09","","3090 S State St","Irvine","ca ","91467","USA","2025-03-16"
"2175","2025-12-13","","6127 N Elm Dr","Provo","UT","84050","US",""
"2176","2021-12-24","","3481 E Center St","Olympia","WA","99390","US",""
"2177","2025-10-05","","6367 S Main St","Irvine","CA","91809","US",""
"2178","2021-11-24","","925 E Center St","Fort Collins","CO","81233","US",""
"2179","2021-01-17","","772 W Oak Ave","St. George","UT","84663","US",""
"2180","2025-02-12","","4416 W Oak Ave","Austin","TX","78215","US",""
"2181","2021-08-27","","","","","","",""
"2182","2022-01-14","","6377 S State St","St. George","UT","84466","US",""
"2183","2024-08-29","","4177 W Oak Ave","Ogden","UT","84662","US","2025-05-08"
"2184","2026-04-04","","3005 E Center St","Dallas","TX","79188","US",""
"2185","2025-05-24","","9413 S Main St","Buffalo","NY","13657","US",""
"2186","2026-05-12","","1828 E Center St","Salt Lake City","UT","84705","US",""
"2187","2021-08-16","","1444 N Elm Dr","Provo","UT","84721","US",""
"2188","2025-10-19","","1415 E Center St","Tempe","AZ","85538","US",""
"2189","2022-03-06","","1759 S Main St","Tacoma","WA.","98792","US",""
"2190","2026-06-22","","6950 S Main St","Dallas","TX","79905","US",""
"2191","2024-12-04","","5808 S Main St","Sparks","nv ","89824","US",""
"2192","2023-09-26","","9455 E Center St","Sacramento","CA","91179","US",""
"2193","2023-12-07","","3791 S State St","Syracuse","NY","12905","USA","2025-05-02"
"2194","2026-01-14","","3491 S State St","Lehi","UT","84121","US",""
"2195","2020-12-29","","223 S Main St","Syracuse","NY","12702","US",""
"2196","2020-06-02","","6139 E Center St","Wilmington","DE","19722","US",""
"2197","2024-03-03","","7682 S State St","Albany","NY","12085","USA",""
"2198","2024-11-20","","8908 W Oak Ave","El Paso","TX","78774","US",""
"2199","2022-11-06","","4589 W Oak Ave","Denver","co ","80349","US",""
"2200","2024-01-16","","8684 S State St","St. George","UT.","84116","US",""
"2201","2021-02-18","","4586 S Main St","San Jose","CA","90856","US",""
"2202","2023-05-26","","2581 S State St","El Paso","TX","75010","USA",""
"2203","2019-12-27","2021-02-06","8604 S State St","Reno","NV","89816","US",""
"2204","2023-09-20","","2504 S Main St","St. George","UT","84355","US",""
"2205","2022-03-31","","746 S State St","Albany","NY","14621","US",""
"2206","2019-11-09","","7172 N Elm Dr","El Paso","TX.","79403","USA",""
"2207","2020-09-28","","9551 S Main St","Salt Lake City","UT","84397","US",""
"2208","2020-03-09","","6558 N Elm Dr","Austin","TX","79358","US",""
"2209","2026-04-18","","3251 Calle Norte","Monterrey","NLE","44144","MX",""
"2210","2024-10-05","","7120 S State St","Sparks","nv ","89875","US",""
"2211","2026-06-05","","7247 E Center St","El Paso","TX","78310","USA",""
"2212","2025-01-22","","441 S State St","Salt Lake City","UT","84614","US",""
"2213","2023-04-20","","8609 W Oak Ave","Fresno","ca ","92667","USA",""
"2214","2023-10-01","","5300 N Elm Dr","Wilmington","DE","19894","USA","2024-05-17"
"2215","2022-01-21","","9375 N Elm Dr","Austin","TX","79677","USA",""
"2216","2022-05-14","","8396 N Elm Dr","Olympia","Washington","98075","US","2025-05-01"
"2217","2022-01-09","","3044 E Center St","Salt Lake City","UT","84780","US",""
"2218","2022-04-15","","4162 W Oak Ave","Provo","UT","84403","US",""
"2219","2021-12-26","","8935 S State St","San Jose","CA","93822","USA",""
"2220","2025-03-21","","3748 N Elm Dr","Ogden","UT","84022","US",""
"2221","2021-06-15","","7670 W Oak Ave","Austin","TX","79312","US",""
"2222","2024-10-23","","4979 N Elm Dr","Spokane","WA","99095","US",""
"2223","2019-11-19","","4872 N Elm Dr","Salt Lake City","UT.","84037","US",""
"2224","2020-12-19","","8380 S Main St","Salt Lake City","UT","84332","US","2024-04-10"
"2225","2023-08-07","","8777 W Oak Ave","Phoenix","AZ","86298","US",""
"2226","2019-11-25","","822 S State St","Henderson","nv ","89247","USA",""
"2227","2021-10-01","","9011 W Oak Ave","St. George","UT","84294","USA",""
"2228","2022-08-06","","7542 E Center St","Irvine","ca ","95965","US",""
"2229","2021-07-17","","9334 E Center St","Seattle","WA","99306","US",""
"2230","2023-11-14","","8192 N Elm Dr","Fresno","ca ","93803","US",""
"2231","2022-09-21","","5810 E Center St","San Jose","CA","91726","USA",""
"2232","2023-03-15","","6631 E Center St","Irvine","CA","91042","USA",""
"2233","2023-04-10","","4599 W Oak Ave","Boulder","CO.","80061","US",""
"2234","2025-03-06","","8081 W Oak Ave","St. George","UT","84279","USA",""
"2235","2023-02-28","","2672 S Main St","San Jose","CA","95886","US",""
"2236","2021-04-26","","6393 E Center St","Lehi","UT","84373","US",""
"2237","2021-01-19","","8288 W Oak Ave","Spokane","WA","99202","US",""
"2238","2026-04-22","","2113 E Center St","El Paso","tx ","76339","US",""
"2239","2021-01-14","","4953 N Elm Dr","St. George","UT","84719","USA",""
"2240","2023-10-11","","4026 W Oak Ave","St. George","UT","84509","US",""
"2241","2025-11-14","","8414 W Oak Ave","Denver","Colorado","80673","USA",""
"2242","2025-11-29","","5929 S State St","Spokane","WA","98412","USA",""
"2243","2024-05-14","","3858 W Oak Ave","Tacoma","wa ","99240","US","2024-06-05"
"2244","2022-04-05","","8648 N Elm Dr","Lehi","UT","84600","USA",""
"2245","2025-10-26","","2342 S State St","St. George","Utah","84171","US",""
"2246","2023-05-07","","6384 S Main St","Houston","TX","79395","US",""
"2247","2021-01-05","","544 N Elm Dr","Lehi","UT","84515","US",""
"2248","2022-11-19","","1883 W Oak Ave","Oakland","CA","92668","US",""
"2249","2025-07-31","","4935 S State St","Boulder","CO","80177","US",""
"2250","2021-06-16","","5405 N Elm Dr","Bellevue","WA","98808","USA",""
"2251","2024-05-25","","9765 N Elm Dr","El Paso","tx ","78548","US",""
"2252","2023-07-03","","8534 S Main St","St. George","ut ","84473","US",""
"2253","2022-11-29","","8704 W Oak Ave","Denver","CO","80777","USA",""
"2254","2026-01-02","","7919 W Oak Ave","Fresno","CA","92935","US",""
"2255","2025-11-07","","","","","","",""
"2256","2025-05-21","","5157 N Elm Dr","Phoenix","AZ","86287","USA",""
"2257","2023-08-03","","5621 S Main St","Salt Lake City","UT","84079","US",""
"2258","2026-01-04","","","","","","",""
"2259","2024-06-25","","2340 S Main St","Salt Lake City","ut ","84083","US",""
"2260","2025-01-27","","2605 W Oak Ave","San Jose","CA","95937","US",""
"2261","2025-12-26","","324 Calle Norte","Calgary","AB","T4A 6J7","CA",""
"2262","2022-02-19","","1887 N Elm Dr","Oakland","CA","95923","USA",""
"2263","2024-09-30","","4800 N Elm Dr","San Jose","ca ","96118","USA",""
"2264","2025-07-05","","6619 S Main St","Phoenix","az ","86543","US",""
"2265","2025-12-24","","6984 S State St","Salt Lake City","UT","84160","US",""
"2266","2024-11-07","","8785 S State St","St. George","ut ","84671","USA",""
"2267","2022-06-02","","512 W Oak Ave","Sacramento","CA","93612","US",""
"2268","2025-06-03","","9708 N Elm Dr","Spokane","WA","98766","USA",""
"2269","2021-03-07","","733 W Oak Ave","St. George","UT","84074","US",""
"2270","2026-06-08","","3496 N Elm Dr","St. George","ut ","84101","USA",""
"2271","2025-03-05","","4143 S State St","El Paso","tx ","79515","USA",""
"2272","2021-06-11","","1155 W Oak Ave","Bellevue","wa ","99090","USA",""
"2273","2026-06-22","","4681 E Center St","Lehi","ut ","84311","US",""
"2274","2024-12-23","","441 N Elm Dr","Fresno","ca ","94420","US",""
"2275","2025-01-31","","8071 N Elm Dr","Irvine","CA","90117","US",""
"2276","2023-04-01","","1654 W Oak Ave","Mesa","AZ","86137","US",""
"2277","2023-01-15","","6282 S State St","Salt Lake City","UT","84394","US",""
"2278","2022-07-26","","9235 W Oak Ave","Denver","CO","80974","USA",""
"2279","2024-09-09","","5572 N Elm Dr","Dallas","TX","79209","USA",""
"2280","2025-09-11","","4792 S Main St","El Paso","tx ","79223","US",""
"2281","2019-07-29","","8534 E Center St","Las Vegas","nv ","89264","US",""
"2282","2025-10-08","","3510 E Center St","Irvine","CA","91066","USA",""
"2283","2025-09-01","","7132 W Oak Ave","Fort Collins","co ","80478","USA",""
"2284","2022-02-19","","1902 S State St","Irvine","ca ","92308","US",""
"2285","2025-12-20","","4001 S Main St","Austin","Texas","75628","USA",""
"2286","2023-09-18","","8418 S State St","Albany","NY","12627","USA",""
"2287","2025-04-02","","9715 W Oak Ave","Oakland","CA","91746","US",""
"2288","2026-04-03","","9024 E Center St","Ogden","UT","84522","US",""
"2289","2023-01-10","","7923 W Oak Ave","St. George","UT.","84345","USA",""
"2290","2021-08-26","","9444 N Elm Dr","Provo","UT","84078","US",""
"2291","2023-11-26","","9178 N Elm Dr","Lehi","UT","84544","US",""
"2292","2025-07-16","","7372 S Main St","Pueblo","CO","80698","US",""
"2293","2025-03-15","","851 E Center St","Ogden","UT","84124","US",""
"2294","2023-10-26","","3520 N Elm Dr","Flagstaff","Arizona","85336","USA",""
"2295","2025-02-20","","916 W Oak Ave","Flagstaff","AZ","85755","US",""
"2296","2022-11-08","","3003 Av Reforma","Toronto","ON","M8J 2H9","Canada",""
"2297","2024-06-06","","4228 W Oak Ave","Provo","UT.","84531","US",""
"2298","2025-08-19","","7655 S State St","Ogden","UT","84327","US",""
"2299","2025-05-12","","9236 W Oak Ave","Pueblo","CO","80618","US",""
"2300","2022-03-29","","","","","","",""
"2301","2026-06-20","","3024 S Main St","Oakland","California","93727","US",""
"2302","2020-05-28","2022-09-29","5332 S Main St","Sacramento","CA","90330","US",""
"2303","2022-09-07","","6320 N Elm Dr","Fresno","CA","92272","USA",""
"2304","2019-02-16","","1296 S Main St","Carson City","NV","89240","USA",""
"2305","2021-12-02","","6027 N Elm Dr","Dover","DE","19898","US",""
"2306","2024-02-28","","8397 S Main St","Provo","Utah","84404","US",""
"2307","2019-07-25","","9162 S Main St","Oakland","CA","91675","US",""
"2308","2025-10-28","","3884 S Main St","San Jose","CA","94532","US",""
"2309","2026-06-15","","1864 Rue Principale","Montreal","QC","V2C 5E1","Canada",""
"2310","2025-06-15","","6416 N Elm Dr","Aurora","co ","80801","USA",""
"2311","2021-10-13","","7964 S Main St","Lehi","Utah","84469","US","2023-04-09"
"2312","2025-08-22","","5529 S State St","Houston","tx ","75403","US",""
"2313","2026-05-23","","7122 S Main St","Houston","TX","77497","US",""
"2314","2022-05-14","","4948 N Elm Dr","Phoenix","AZ","85332","US",""
"2315","2025-02-16","","4753 E Center St","Carson City","NV","89144","US",""
"2316","2023-05-03","","9059 W Oak Ave","Austin","TX","76869","USA",""
"2317","2025-04-02","","3642 N Elm Dr","Aurora","CO","80189","US",""
"2318","2025-04-15","","7862 N Elm Dr","Olympia","WA","99169","US",""
"2319","2025-05-02","","","","","","",""
"2320","2025-01-27","","5696 W Oak Ave","Boulder","CO","80076","US",""
"2321","2021-05-21","","9021 S State St","Ogden","UT","84330","US",""
"2322","2025-01-10","","9424 S Main St","Bellevue","WA","98936","USA",""
"2323","2024-08-24","","7249 W Oak Ave","Plano","Texas","76651","US",""
"2324","2025-07-02","","2072 S Main St","Irvine","CA","95521","USA",""
"2325","2025-11-23","","1929 N Elm Dr","Provo","UT","84179","USA",""
"2326","2026-03-25","","5024 N Elm Dr","Houston","TX","76180","US",""
"2327","2022-12-15","","2981 N Elm Dr","Ogden","UT.","84349","US",""
"2328","2025-11-10","","4157 E Center St","Ogden","ut ","84439","USA",""
"2329","2021-07-24","2025-05-28","703 S Main St","Henderson","NV","89261","US",""
"2330","2023-08-22","","","","","","",""
"2331","2020-12-31","","9720 S Main St","Mesa","az ","85143","USA",""
"2332","2022-03-20","","9082 S State St","Syracuse","NY","13521","USA",""
"2333","2026-04-11","","3233 N Elm Dr","Dallas","TX","79770","US",""
"2334","2020-03-05","","9522 W Oak Ave","San Jose","California","94134","US",""
"2335","2021-10-04","","2927 Rue Principale","Montreal","QC","V4A 2B6","Canada",""
"2336","2023-04-25","","3504 S State St","St. George","Utah","84305","US",""
"2337","2025-09-07","","","","","","",""
"2338","2024-03-12","","1237 Calle Norte","Toronto","ON","M8C 1B6","CA","2025-05-30"
"2339","2024-11-07","","3782 W Oak Ave","Aurora","CO","80498","USA",""
"2340","2024-09-25","","606 S Main St","Oakland","California","91965","US",""
"2341","2025-07-23","","4865 W Oak Ave","Ogden","UT","84348","US",""
"2342","2021-10-02","","8804 N Elm Dr","Ogden","UT","84344","US",""
"2343","2019-05-13","","3698 S State St","Lehi","UT","84412","US",""
"2344","2025-01-17","","402 S State St","San Jose","California","92099","US",""
"2345","2023-06-01","","5566 W Oak Ave","Salt Lake City","UT","84411","US",""
"2346","2023-09-02","","2584 N Elm Dr","Pueblo","CO","80818","USA",""
"2347","2022-01-10","","1306 E Center St","Salt Lake City","Utah","84033","US",""
"2348","2022-04-26","","5187 S Main St","Spokane","Washington","99224","US",""
"2349","2021-02-16","2025-04-30","3405 S State St","St. George","UT","84265","US",""
"2350","2025-08-11","","5811 E Center St","Denver","CO","81517","US",""
"2351","2025-02-06","","6153 N Elm Dr","Tempe","az ","86151","US",""
"2352","2025-08-17","","8555 W Oak Ave","Carson City","NV","89863","US",""
"2353","2023-11-04","","4761 S State St","El Paso","TX","76091","USA",""
"2354","2025-06-23","","7033 E Center St","Plano","TX","75571","USA",""
"2355","2022-07-25","","5364 S State St","St. George","UT","84489","US",""
"2356","2024-11-23","","8507 S State St","Seattle","WA","99018","USA",""
"2357","2023-01-16","","4593 S Main St","Carson City","NV","89088","USA",""
"2358","2020-10-03","","","","","","",""
"2359","2025-07-10","","3844 S State St","Irvine","CA.","92874","US",""
"2360","2021-11-10","2024-03-26","4167 N Elm Dr","Salt Lake City","UT.","84604","US",""
"2361","2024-09-06","","901 W Oak Ave","Pueblo","CO","81297","USA",""
"2362","2022-04-14","","2346 S State St","Fort Collins","CO","81040","US",""
"2363","2024-11-04","","836 W Oak Ave","Houston","TX","78311","US",""
"2364","2021-03-25","","7396 N Elm Dr","Wilmington","DE","19741","US",""
"2365","2026-01-19","","4103 E Center St","Fresno","CA","95106","USA",""
"2366","2024-04-26","","1543 S State St","Milford","DE","19730","US",""
"2367","2020-03-23","","370 N Elm Dr","Fort Collins","CO","81580","USA",""
"2368","2023-07-19","","778 N Elm Dr","Spokane","WA","98144","US",""
"2369","2026-02-06","","8413 N Elm Dr","St. George","UT","84013","US",""
"2370","2025-05-29","","1057 S State St","Lehi","UT","84088","US",""
"2371","2025-03-05","","2992 S State St","Syracuse","NY","10437","US",""
"2372","2022-05-27","","5921 S State St","Rochester","NY","11729","US",""
"2373","2025-07-29","","9015 S State St","Ogden","UT","84024","US",""
"2374","2024-10-06","","9232 W Oak Ave","Denver","CO","80895","US",""
"2375","2021-07-31","","216 W Oak Ave","Fresno","CA","93257","USA",""
"2376","2026-01-24","","1670 N Elm Dr","Henderson","NV","89300","USA",""
"2377","2024-05-19","","992 N Elm Dr","Houston","TX","76809","USA",""
"2378","2024-07-31","","1674 N Elm Dr","Sacramento","CA","95708","US",""
"2379","2025-08-24","","8597 W Oak Ave","San Jose","CA","95939","US",""
"2380","2022-04-04","","9196 S State St","Austin","TX","78585","US","2024-11-14"
"2381","2024-10-10","","9770 S State St","St. George","UT","84038","US",""
"2382","2025-11-06","","3945 W Oak Ave","Provo","UT","84450","US",""
"2383","2024-07-03","","8284 N Elm Dr","Pueblo","CO","81055","USA",""
"2384","2024-04-30","","144 W Oak Ave","Provo","UT","84522","US",""
"2385","2023-01-07","","4449 S Main St","Austin","TX","76613","USA",""
"2386","2024-01-06","","3475 W Oak Ave","Fresno","CA","93082","US",""
"2387","2020-01-20","","8641 S State St","Sacramento","CA","90929","USA","2025-05-19"
"2388","2020-11-25","","5958 S Main St","Irvine","CA","94621","US","2023-05-17"
"2389","2025-06-19","","7965 E Center St","Denver","CO","81127","USA",""
"2390","2023-08-19","","","","","","",""
"2391","2023-02-20","","3263 S Main St","Syracuse","ny ","10246","US",""
"2392","2024-07-23","","6318 S State St","Ogden","UT","84340","USA",""
"2393","2021-07-10","","2176 Av Reforma","Toronto","ON","H3B 1G7","Canada",""
"2394","2025-11-28","","5119 E Center St","Tempe","AZ","86178","US",""
"2395","2026-03-31","","7732 S Main St","Las Vegas","Nevada","89607","US",""
"2396","2024-01-21","","6881 W Oak Ave","Boulder","Colorado","81494","US",""
"2397","2020-04-09","","1276 N Elm Dr","Irvine","CA","95190","US","2023-05-31"
"2398","2024-02-28","2025-04-26","1754 E Center St","Lehi","UT","84119","US",""
"2399","2020-05-18","","5912 N Elm Dr","Boulder","CO","80633","US",""
"2400","2023-09-26","","9101 S Main St","Austin","TX","78831","US",""
"2401","2022-10-11","","8080 S State St","Tacoma","WA","99314","US",""
"2402","2023-02-21","","1443 E Center St","Henderson","NV","89611","US",""
"2403","2024-09-28","","9172 E Center St","Milford","DE.","19777","US",""
"2404","2022-10-08","","3312 S Main St","Ogden","UT","84758","US","2023-09-15"
"2405","2022-03-08","2022-07-24","5069 E Center St","Phoenix","AZ","85719","US",""
"2406","2019-05-24","","1746 N Elm Dr","Oakland","CA","91911","US",""
"2407","2019-05-11","","6901 W Oak Ave","Henderson","NV","89190","US","2025-12-22"
"2408","2024-12-09","","2078 E Center St","Albany","NY","10321","USA",""
"2409","2020-11-14","","545 N Elm Dr","Tacoma","WA","98168","US",""
"2410","2022-03-13","","4871 W Oak Ave","St. George","UT","84198","US",""
"2411","2026-03-17","","7390 E Center St","St. George","Utah","84224","US",""
"2412","2025-09-21","","8426 E Center St","Carson City","NV","89418","US",""
"2413","2024-09-25","","3732 S State St","Aurora","Colorado","80945","US",""
"2414","2023-03-28","","7497 W Oak Ave","Bellevue","WA","98147","US",""
"2415","2022-10-24","","4685 S Main St","Tucson","az ","86527","USA",""
"2416","2021-07-11","","163 N Elm Dr","Rochester","NY","12981","US",""
"2417","2023-01-21","","5791 S Main St","Provo","UT","84704","US",""
"2418","2024-01-08","","3832 E Center St","Salt Lake City","ut ","84242","USA",""
"2419","2025-07-08","","4842 W Oak Ave","Bellevue","WA","99379","US",""
"2420","2025-08-10","","7570 S State St","Pueblo","CO.","80935","US",""
"2421","2021-05-29","","3456 E Center St","Irvine","CA","91942","USA","2025-10-18"
"2422","2023-11-13","","5253 W Oak Ave","Houston","TX","75640","US",""
"2423","2020-04-14","","6405 S State St","Fresno","CA","92572","US",""
"2424","2021-09-19","","5939 E Center St","Fresno","CA","90260","US",""
"2425","2024-03-11","","4686 W Oak Ave","Buffalo","NY.","13787","US",""
"2426","2022-12-22","","6904 W Oak Ave","Plano","TX","77185","USA",""
"2427","2022-12-14","","8008 N Elm Dr","Flagstaff","AZ","85331","US",""
"2428","2022-05-20","","1870 N Elm Dr","Smyrna","DE","19754","US",""
"2429","2026-04-11","","2550 N Elm Dr","Lehi","ut ","84432","US",""
"2430","2025-08-10","","3060 S Main St","Fresno","CA","90975","US",""
"2431","2026-02-16","","1013 E Center St","Seattle","WA","98625","US",""
"2432","2023-06-06","","4011 S Main St","Fresno","CA","95098","US",""
"2433","2026-06-03","","9273 S Main St","Buffalo","NY","12762","US",""
"2434","2019-10-07","2020-05-30","8554 W Oak Ave","Tempe","AZ","86148","US",""
"2435","2022-04-01","","3181 E Center St","Olympia","WA","99327","US","2023-10-10"
"2436","2022-07-25","","1990 W Oak Ave","Aurora","CO","81231","US",""
"2437","2021-09-02","","3637 E Center St","Spokane","WA","99068","USA",""
"2438","2023-04-01","","7868 E Center St","Syracuse","New York","12253","US","2025-09-30"
"2439","2025-01-14","","952 Rue Principale","Montreal","QC","V6E 9H8","Canada",""
"2440","2025-07-01","","4647 E Center St","Ogden","UT","84118","US",""
"2441","2026-03-20","","8289 W Oak Ave","St. George","UT","84418","US",""
"2442","2023-07-03","","5978 E Center St","Olympia","WA","98028","US",""
"2443","2022-04-25","","3211 S Main St","Tempe","AZ","86522","US","2022-06-24"
"2444","2022-04-28","","5214 N Elm Dr","Houston","TX","79489","USA",""
"2445","2021-12-19","","8626 N Elm Dr","Provo","UT","84074","USA",""
"2446","2025-02-25","","6577 W Oak Ave","Austin","TX","75367","US",""
"2447","2020-01-31","","5263 S Main St","Lehi","UT","84774","USA",""
"2448","2023-08-20","","1838 S Main St","Olympia","WA","98398","US","2024-05-27"
"2449","2024-10-01","","7217 N Elm Dr","Fresno","CA","95344","US",""
"2450","2021-08-02","","4735 W Oak Ave","Sparks","NV","89313","US",""
"2451","2023-04-10","","6701 E Center St","St. George","UT","84725","USA",""
"2452","2023-05-12","","4084 S State St","Fresno","CA","95116","US",""
"2453","2025-03-06","","2241 S Main St","Austin","TX","78981","US",""
"2454","2022-05-01","","1702 King St","Guadalajara","JAL","98215","MX",""
"2455","2025-12-19","","2073 S State St","Spokane","WA","98649","US",""
"2456","2023-11-12","","3905 W Oak Ave","Austin","TX.","76858","USA",""
"2457","2024-03-19","","1368 W Oak Ave","Pueblo","CO","81138","US",""
"2458","2020-10-06","","2249 E Center St","Rochester","NY","13494","US",""
"2459","2025-07-06","","2583 S State St","Denver","CO","81064","US",""
"2460","2022-11-04","","4124 S State St","Sparks","NV","89491","US",""
"2461","2023-02-10","","3096 N Elm Dr","Sacramento","CA","90360","USA",""
"2462","2025-05-22","","5433 N Elm Dr","Salt Lake City","UT","84030","US",""
"2463","2025-06-09","","3636 S State St","Fresno","CA","92554","US",""
"2464","2023-03-23","","4452 W Oak Ave","Tucson","AZ","86235","US",""
"2465","2026-06-21","","8240 N Elm Dr","Sacramento","CA","92523","USA",""
"2466","2026-06-03","","1106 N Elm Dr","Plano","TX","77931","US",""
"2467","2024-09-06","","3958 W Oak Ave","Provo","ut ","84642","US",""
"2468","2025-10-28","","3183 S Main St","St. George","UT","84691","US",""
"2469","2025-12-29","","1022 E Center St","Sacramento","CA","90364","USA",""
"2470","2025-01-05","","7509 S Main St","Spokane","WA","98313","US",""
"2471","2024-05-30","","8667 E Center St","Irvine","ca ","92286","US",""
"2472","2023-10-21","","5331 S Main St","Oakland","CA","95393","US",""
"2473","2021-05-28","","2092 W Oak Ave","Wilmington","DE","19715","US",""
"2474","2022-01-12","","4789 S State St","Plano","tx ","76322","US",""
"2475","2024-06-24","","9355 S State St","Flagstaff","AZ","85369","US",""
"2476","2023-09-06","","6440 E Center St","Tempe","AZ","85158","US",""
"2477","2023-06-29","","5759 S Main St","Tempe","AZ","86109","US",""
"2478","2025-03-22","","5238 E Center St","Irvine","California","91842","US",""
"2479","2024-10-29","","8926 E Center St","Austin","TX","78605","US",""
"2480","2025-11-02","","4678 S Main St","El Paso","TX","75429","US",""
"2481","2024-08-31","","4362 E Center St","Henderson","nv ","89486","USA",""
"2482","2020-05-26","","7531 W Oak Ave","Lehi","ut ","84576","US",""
"2483","2019-04-28","","7505 W Oak Ave","Lehi","UT","84323","US",""
"2484","2023-06-19","","","","","","",""
"2485","2023-04-24","","6529 E Center St","Houston","TX","77970","US",""
"2486","2023-05-22","","8013 S Main St","San Jose","CA","92257","US",""
"2487","2023-01-08","","7570 W Oak Ave","Salt Lake City","UT","84224","US",""
"2488","2024-09-02","","7660 E Center St","Tempe","AZ","86361","US",""
"2489","2022-01-11","","1592 S State St","Ogden","ut ","84564","USA",""
"2490","2025-07-24","","9247 N Elm Dr","Pueblo","CO","81143","US",""
"2491","2022-03-07","","4017 S Main St","Oakland","California","90138","USA",""
"2492","2024-04-29","","9329 S State St","San Jose","CA","94043","US",""
"2493","2026-06-12","","658 S State St","Plano","TX","76842","US",""
"2494","2021-05-02","","3192 S Main St","Plano","TX","76705","US",""
"2495","2022-04-11","2025-06-23","5137 N Elm Dr","Mesa","AZ","86158","USA",""
"2496","2023-04-19","","2097 E Center St","Lehi","UT","84003","USA",""
"2497","2022-11-10","","975 S State St","Henderson","NV","89085","USA",""
"2498","2023-11-21","","3238 E Center St","Lehi","UT","84380","US",""
"2499","2024-01-16","","2582 S Main St","Tacoma","WA","98291","US",""
"2500","2026-02-23","","4656 N Elm Dr","Mesa","AZ","85716","US",""
"2501","2026-03-13","","8387 E Center St","Boulder","CO","81064","US",""
"2502","2024-10-06","","423 E Center St","Boulder","CO","81539","US",""
"2503","2024-03-14","","7938 S State St","Salt Lake City","UT","84557","US",""
"2504","2020-11-20","","2882 E Center St","Pueblo","CO","80003","US",""
"2505","2025-09-12","","4832 E Center St","Sacramento","CA","93626","US",""
"2506","2022-07-06","","5645 S State St","Salt Lake City","Utah","84714","US","2026-02-18"
"2507","2022-07-14","","","","","","",""
"2508","2026-01-19","","1888 S Main St","Smyrna","DE","19845","US",""
"2509","2022-12-29","","6270 S State St","Provo","Utah","84601","US",""
"2510","2025-06-12","","1381 S Main St","Sacramento","CA","93677","USA",""
"2511","2023-11-21","","8527 E Center St","Sacramento","CA","90643","USA","2024-09-12"
"2512","2024-08-31","","8030 S State St","Houston","TX","79795","US",""
"2513","2026-04-12","","","","","","",""
"2514","2025-09-20","","","","","","",""
"2515","2025-06-30","","9190 S Main St","Houston","tx ","76402","US",""
"2516","2026-03-25","","2825 E Center St","San Jose","CA","90986","US",""
"2517","2025-07-10","","3881 N Elm Dr","Sacramento","CA","91141","US",""
"2518","2022-03-19","","2989 S State St","St. George","ut ","84325","USA",""
"2519","2024-12-23","","9793 W Oak Ave","Brooklyn","NY","10304","US",""
"2520","2023-09-28","","4885 E Center St","Salt Lake City","UT","84199","USA","2024-03-18"
"2521","2026-06-26","","1741 S Main St","Provo","ut ","84551","US",""
"2522","2023-07-08","","6123 S Main St","Sacramento","CA","94414","US",""
"2523","2025-03-28","","8418 N Elm Dr","Mesa","AZ","85520","US",""
"2524","2022-12-16","","2444 N Elm Dr","Spokane","WA","98065","US","2024-02-19"
"2525","2025-06-13","","4378 N Elm Dr","Lehi","UT","84752","US",""
"2526","2024-12-13","","","","","","",""
"2527","2022-12-22","","7070 N Elm Dr","Ogden","UT","84721","USA",""
"2528","2021-09-15","","","","","","",""
"2529","2026-05-06","","1381 S Main St","Austin","TX","77518","USA",""
"2530","2023-08-19","","4108 E Center St","Oakland","CA","93658","USA",""
"2531","2022-06-05","","3898 S Main St","Fort Collins","CO","80878","US",""
"2532","2024-06-13","","6141 W Oak Ave","Oakland","CA","92054","US",""
"2533","2026-01-30","","1808 N Elm Dr","Dallas","TX","79671","US",""
"2534","2019-12-21","","4882 S State St","Tempe","AZ","85457","US",""
"2535","2025-04-09","","6339 S State St","Mesa","AZ","85475","USA","2025-11-05"
"2536","2022-10-15","","2392 N Elm Dr","Spokane","WA","98943","US",""
"2537","2021-09-09","","5782 S Main St","Provo","UT","84151","US",""
"2538","2022-11-11","","5657 S State St","Mesa","AZ","86260","US",""
"2539","2025-11-13","","107 S State St","Salt Lake City","UT","84269","US",""
"2540","2024-10-27","","3865 S State St","Boulder","CO","80217","US",""
"2541","2021-11-01","","6350 E Center St","Fort Collins","CO","80903","US",""
"2542","2025-02-25","","886 W Oak Ave","Rochester","NY","14919","US",""
"2543","2026-03-21","","7336 S State St","Fort Collins","CO","80258","US",""
"2544","2024-08-15","2025-08-22","5463 S State St","St. George","UT","84193","US",""
"2545","2020-05-01","2022-03-10","7929 S State St","Salt Lake City","UT.","84102","US",""
"2546","2023-04-26","","3051 W Oak Ave","Irvine","CA","93406","US",""
"2547","2022-03-05","","2305 King St","Ciudad de Mexico","CMX","49497","MX",""
"2548","2024-10-24","","8124 S State St","Salt Lake City","UT","84056","US",""
"2549","2026-03-07","","9510 E Center St","Austin","TX.","79162","US",""
"2550","2024-04-12","","9257 S Main St","Irvine","CA","92640","US",""
"2551","2026-06-03","","3877 S Main St","Oakland","CA","91995","USA",""
"2552","2024-04-30","","156 S State St","Reno","NV","89154","US",""
"2553","2026-04-20","","5541 N Elm Dr","Lehi","UT","84437","US",""
"2554","2026-06-17","","1633 N Elm Dr","Tacoma","WA","99324","US",""
"2555","2021-08-30","","1234 King St","Toronto","ON","H3H 9J9","Canada",""
"2556","2025-07-09","","8333 S State St","Flagstaff","AZ","85646","US",""
"2557","2020-01-25","","7873 S State St","Lehi","UT","84409","US",""
"2558","2023-06-13","","1282 W Oak Ave","Lehi","UT","84328","US",""
"2559","2023-09-03","","4180 W Oak Ave","Tucson","AZ","86139","USA",""
"2560","2023-01-04","","8549 E Center St","Spokane","wa ","98364","US",""
"2561","2021-05-08","","1688 Rue Principale","Monterrey","NLE","61332","MX",""
"2562","2021-07-26","","8378 E Center St","Bellevue","WA","98082","US","2025-09-08"
"2563","2026-01-09","","4725 E Center St","Plano","tx ","75623","USA",""
"2564","2021-11-22","","","","","","",""
"2565","2023-01-05","","6792 S Main St","Irvine","CA","92027","USA",""
"2566","2020-03-21","","6006 N Elm Dr","Ogden","Utah","84784","US",""
"2567","2025-01-10","","65 W Oak Ave","Plano","TX","77380","US",""
"2568","2023-06-17","","294 N Elm Dr","Fresno","CA","93244","US",""
"2569","2026-04-30","","7423 S State St","Carson City","Nevada","89034","USA",""
"2570","2021-09-27","","6675 S Main St","Irvine","California","94822","US",""
"2571","2023-02-14","","1628 E Center St","Austin","TX","79002","US",""
"2572","2024-02-17","","8359 E Center St","Oakland","CA","90851","USA",""
"2573","2023-07-08","","2147 E Center St","Houston","Texas","75766","US",""
"2574","2023-05-02","","2972 W Oak Ave","Pueblo","CO","81002","USA",""
"2575","2026-05-03","","2187 S Main St","Pueblo","CO","80461","US",""
"2576","2024-10-23","","3854 N Elm Dr","Fort Collins","CO","81525","US",""
"2577","2022-06-15","","9614 W Oak Ave","San Jose","CA.","93951","USA",""
"2578","2020-03-25","","3555 S Main St","Denver","CO","80211","US",""
"2579","2023-01-28","","1098 W Oak Ave","Henderson","NV","89862","US",""
"2580","2023-11-10","","1188 S State St","Las Vegas","NV","89562","US",""
"2581","2023-07-30","","8506 W Oak Ave","Ogden","UT","84552","US",""
"2582","2023-03-21","","4384 E Center St","Fort Collins","CO","80523","USA",""
"2583","2023-11-12","","2346 S State St","Irvine","CA","95493","US","2026-05-09"
"2584","2024-09-19","","6484 E Center St","Spokane","wa ","98841","US",""
"2585","2026-04-16","","5812 S Main St","Pueblo","Colorado","81195","US",""
"2586","2025-06-14","","3432 N Elm Dr","Fresno","ca ","92878","US",""
"2587","2025-10-11","","4186 S Main St","Ogden","Utah","84105","US",""
"2588","2022-12-29","","6911 S State St","Ogden","UT","84068","US",""
"2589","2024-04-10","","7153 N Elm Dr","Flagstaff","AZ","86337","USA",""
"2590","2022-11-29","","5745 S State St","Ogden","UT","84155","USA",""
"2591","2024-05-15","","1928 S Main St","Denver","CO","81153","US",""
"2592","2020-09-13","","536 W Oak Ave","Spokane","WA","98538","US",""
"2593","2025-02-20","","","","","","",""
"2594","2022-01-21","","3488 S State St","Salt Lake City","UT","84345","USA",""
"2595","2023-11-17","","4019 W Oak Ave","Las Vegas","NV","89111","USA",""
"2596","2024-05-04","","1853 S Main St","Salt Lake City","UT","84538","US",""
"2597","2025-08-22","","79 S State St","Wilmington","DE","19883","US",""
"2598","2026-02-11","","2610 S Main St","Dover","DE","19843","US",""
"2599","2025-04-18","","8301 S State St","Flagstaff","Arizona","85341","USA",""
"2600","2022-10-06","","4215 N Elm Dr","Salt Lake City","UT.","84758","USA",""
"2601","2024-02-04","","1317 E Center St","Newark","de ","19740","US",""
"2602","2025-11-17","","3408 N Elm Dr","Brooklyn","NY","11618","US",""
"2603","2024-02-15","","2467 S Main St","Newark","DE","19864","USA",""
"2604","2023-06-24","","1137 N Elm Dr","Tempe","AZ","86368","USA",""
"2605","2020-11-20","","3440 S Main St","Ogden","UT","84099","US",""
"2606","2022-06-19","","9367 E Center St","Irvine","CA.","94023","US",""
"2607","2021-09-01","","7695 N Elm Dr","Boulder","Colorado","81129","USA",""
"2608","2025-03-23","","6601 N Elm Dr","Lehi","UT","84414","US",""
"2609","2023-04-28","","9706 S State St","Syracuse","NY","14521","US",""
"2610","2023-04-13","","8146 S Main St","St. George","ut ","84405","US",""
"2611","2025-08-06","","4149 E Center St","Phoenix","AZ","86461","USA",""
"2612","2026-03-06","","1947 Av Reforma","Montreal","QC","H5A 9B3","CA",""
"2613","2023-06-24","","2893 S State St","Sacramento","CA","94340","USA",""
"2614","2020-06-30","","9043 E Center St","Fort Collins","CO","80063","USA",""
"2615","2023-05-06","","5663 S Main St","Buffalo","ny ","13909","USA",""
"2616","2022-02-06","","4796 W Oak Ave","Salt Lake City","UT","84433","USA",""
"2617","2026-01-07","","63 W Oak Ave","Lehi","UT","84770","US",""
"2618","2025-01-10","","6041 S State St","Ogden","UT","84777","USA",""
"2619","2025-05-04","","4521 S State St","Tempe","AZ","86360","US","2025-12-07"
"2620","2020-06-30","","5274 W Oak Ave","Syracuse","NY","11378","US","2023-08-08"
"2621","2025-11-05","","5020 E Center St","Dallas","Texas","77031","US",""
"2622","2024-09-14","","13 S State St","Mesa","AZ","85476","USA",""
"2623","2023-03-29","","506 E Center St","Tempe","AZ","85940","US",""
"2624","2022-03-09","","9547 E Center St","Sparks","NV","89296","USA",""
"2625","2025-01-08","","","","","","",""
"2626","2022-11-23","","6449 W Oak Ave","Albany","NY.","12955","US",""
"2627","2022-02-18","","2201 S Main St","Las Vegas","NV","89673","US",""
"2628","2021-09-21","","7921 S Main St","Brooklyn","NY","11271","US",""
"2629","2019-08-11","","5692 E Center St","Spokane","WA","98530","USA",""
"2630","2025-04-10","2025-11-17","6112 N Elm Dr","Albany","NY","11949","US",""
"2631","2021-12-16","","9686 W Oak Ave","St. George","UT","84351","US",""
"2632","2022-05-20","","1049 E Center St","Olympia","WA","98770","USA",""
"2633","2019-04-04","","8054 S Main St","Oakland","CA","93360","US",""
"2634","2025-08-26","","7469 S State St","Flagstaff","az ","85192","USA",""
"2635","2020-04-01","","3215 S Main St","Mesa","AZ","85077","USA",""
"2636","2025-11-09","","3193 E Center St","St. George","Utah","84096","US",""
"2637","2021-01-03","","5011 N Elm Dr","Oakland","CA","95197","US",""
"2638","2025-10-09","","1473 S State St","Provo","UT","84181","US",""
"2639","2022-04-06","","1586 S Main St","Phoenix","AZ.","86479","USA",""
"2640","2021-10-18","","3750 N Elm Dr","Sacramento","California","92070","USA",""
"2641","2022-06-21","","5598 S State St","El Paso","tx ","75551","USA",""
"2642","2023-10-18","","2226 W Oak Ave","Flagstaff","AZ","85243","US",""
"2643","2022-02-13","","1519 Rue Principale","Monterrey","NLE","85264","MX",""
"2644","2025-03-22","","3696 E Center St","Lehi","Utah","84187","US",""
"2645","2020-03-17","2022-03-14","7053 S State St","Lehi","UT","84281","USA",""
"2646","2025-06-16","","779 E Center St","El Paso","TX","77322","US","2026-03-21"
"2647","2024-11-09","","540 E Center St","Aurora","CO","80304","USA",""
"2648","2024-06-03","","8844 S Main St","Wilmington","DE","19760","US",""
"2649","2025-08-12","","7979 W Oak Ave","Salt Lake City","Utah","84503","US",""
"2650","2025-04-22","","481 S State St","Salt Lake City","UT","84107","US",""
"2651","2025-12-30","","1768 N Elm Dr","Salt Lake City","UT","84079","US",""
"2652","2024-07-17","","8444 N Elm Dr","Flagstaff","Arizona","85374","USA",""
"2653","2023-10-31","","4550 S State St","Irvine","CA","91143","US",""
"2654","2021-09-01","","7752 E Center St","Aurora","CO.","80580","USA",""
"2655","2025-09-22","","2329 E Center St","Fresno","CA","90098","US",""
"2656","2025-12-06","","223 King St","Monterrey","NLE","37590","MX",""
"2657","2025-04-03","","8546 W Oak Ave","Milford","DE","19809","US",""
"2658","2021-02-07","","498 S State St","Sacramento","CA","91466","US",""
"2659","2025-05-20","","277 E Center St","Dallas","TX","77954","USA",""
"2660","2023-05-05","","6754 E Center St","St. George","UT","84273","USA",""
"2661","2021-01-19","","3953 S Main St","Pueblo","CO","81195","US",""
"2662","2023-05-24","","75 N Elm Dr","Fresno","CA.","91437","US",""
"2663","2025-11-29","","","","","","",""
"2664","2026-03-19","","549 Rue Principale","Guadalajara","JAL","12682","MX",""
"2665","2025-09-19","","4742 S State St","Lehi","ut ","84328","US",""
"2666","2023-01-26","","3015 W Oak Ave","Austin","TX","78566","US",""
"2667","2023-02-11","","9574 S State St","St. George","UT","84522","US",""
"2668","2021-09-05","","","","","","",""
"2669","2024-05-09","","6318 N Elm Dr","Plano","TX","75111","USA",""
"2670","2026-03-03","","970 E Center St","El Paso","TX","75963","US",""
"2671","2024-09-08","","1352 E Center St","Plano","TX","78013","US",""
"2672","2024-05-03","","331 King St","Calgary","AB","V7A 1A9","Canada",""
"2673","2022-05-17","","5926 E Center St","Irvine","CA","93014","USA",""
"2674","2021-01-04","","7111 N Elm Dr","Buffalo","NY","14440","US",""
"2675","2025-08-28","","","","","","",""
"2676","2025-03-24","","3087 S Main St","Flagstaff","AZ","85519","US",""
"2677","2021-01-08","2023-04-23","1366 E Center St","Dover","DE","19740","US",""
"2678","2025-02-16","","2208 S Main St","Houston","tx ","75604","USA",""
"2679","2019-05-28","","4321 S Main St","Wilmington","DE","19795","US",""
"2680","2024-02-18","","6546 E Center St","Wilmington","DE.","19920","US","2025-12-10"
"2681","2026-04-04","","6597 N Elm Dr","Reno","NV","89807","US",""
"2682","2025-06-19","","2926 Rue Principale","Montreal","QC","V8C 3C2","CA",""
"2683","2023-09-10","","5523 S Main St","Austin","TX","79604","US",""
"2684","2020-04-22","","9088 N Elm Dr","Flagstaff","AZ.","85433","US","2023-08-30"
"2685","2025-08-03","","2283 N Elm Dr","Irvine","CA","93328","US",""
"2686","2022-08-06","","8349 W Oak Ave","St. George","Utah","84203","US",""
"2687","2024-08-07","","3332 N Elm Dr","Plano","TX","78864","US",""
"2688","2024-12-09","","1653 E Center St","Fort Collins","CO","80262","USA","2024-12-21"
"2689","2024-08-03","","2422 S State St","Dover","DE","19967","USA",""
"2690","2024-08-18","","5515 W Oak Ave","Tucson","AZ","85036","US",""
"2691","2025-03-02","","63 N Elm Dr","Austin","Texas","75532","US",""
"2692","2022-09-03","","3735 S State St","Ogden","ut ","84072","USA",""
"2693","2024-08-20","","8759 E Center St","Carson City","Nevada","89558","US",""
"2694","2019-07-01","","4029 King St","Montreal","QC","T4G 6H1","CA",""
"2695","2021-12-02","","8172 N Elm Dr","Ogden","UT","84228","US",""
"2696","2026-02-04","","","","","","",""
"2697","2024-02-07","","3545 E Center St","Fresno","CA","94297","US",""
"2698","2023-11-05","","7403 W Oak Ave","San Jose","CA","90947","US",""
"2699","2024-08-11","","7347 S Main St","Sparks","NV","89288","USA",""
"2700","2022-12-01","","3993 S State St","Provo","UT","84748","US",""
"2701","2021-04-06","","3242 E Center St","Rochester","ny ","10235","USA",""
"2702","2024-02-08","","1204 E Center St","San Jose","ca ","91457","US",""
"2703","2025-04-17","","6184 E Center St","Ogden","UT","84245","USA",""
"2704","2025-08-10","","8292 W Oak Ave","El Paso","TX","79652","US",""
"2705","2022-09-11","","9067 E Center St","Tucson","az ","85569","US",""
"2706","2024-01-05","","3829 S State St","San Jose","CA","95654","USA",""
"2707","2022-05-16","","2432 S Main St","San Jose","CA.","93910","US",""
"2708","2023-05-21","","4188 E Center St","St. George","Utah","84111","US",""
"2709","2022-11-19","","8900 E Center St","Dallas","TX","78361","US",""
"2710","2023-02-22","","9097 E Center St","Lehi","UT","84480","US",""
"2711","2025-06-16","","4884 E Center St","Mesa","AZ","85025","USA",""
"2712","2024-04-12","","3931 W Oak Ave","Plano","TX","79941","USA",""
"2713","2026-05-22","","6867 S State St","San Jose","CA","94386","US",""
"2714","2026-05-20","","2095 E Center St","El Paso","TX","75581","US",""
"2715","2022-05-04","","3722 S State St","Henderson","nv ","89431","US",""
"2716","2023-06-05","","4480 S Main St","Plano","Texas","77781","US",""
"2717","2025-03-03","","744 N Elm Dr","Bellevue","WA","98754","US",""
"2718","2022-06-07","2025-09-28","3986 S State St","Fresno","CA","90403","US",""
"2719","2020-07-16","","5114 N Elm Dr","Sparks","NV","89271","US",""
"2720","2023-08-08","","747 S State St","Wilmington","Delaware","19818","USA",""
"2721","2026-04-06","","8013 E Center St","San Jose","CA","95640","US",""
"2722","2022-11-17","","6938 N Elm Dr","Reno","nv ","89620","USA",""
"2723","2019-12-18","","2618 N Elm Dr","Denver","CO","81525","US",""
"2724","2025-06-08","","753 E Center St","Spokane","WA","98353","US",""
"2725","2020-01-20","","6740 S State St","Fresno","CA","93462","USA",""
"2726","2023-06-24","","6814 W Oak Ave","Salt Lake City","UT","84595","US",""
"2727","2021-01-25","","3187 S State St","Milford","de ","19921","US",""
"2728","2022-08-15","","210 N Elm Dr","Dallas","TX","78486","US",""
"2729","2022-08-18","","5114 E Center St","Albany","NY","10605","US",""
"2730","2024-06-05","","6013 S Main St","Fresno","CA","91762","US",""
"2731","2025-10-13","","1324 S State St","Smyrna","DE","19734","US",""
"2732","2020-08-27","","7684 N Elm Dr","Lehi","UT","84603","US",""
"2733","2023-09-06","","8672 W Oak Ave","Lehi","UT","84350","US",""
"2734","2026-06-01","","7575 E Center St","Lehi","UT","84724","US",""
"2735","2020-04-11","","2279 E Center St","Sacramento","CA","92979","USA",""
"2736","2024-07-11","","638 W Oak Ave","Bellevue","WA","98327","US",""
"2737","2025-03-24","","1292 S State St","Oakland","CA","95532","US",""
"2738","2025-09-06","","9454 N Elm Dr","Tucson","AZ.","85946","US",""
"2739","2022-10-06","","4858 S Main St","Provo","ut ","84790","USA",""
"2740","2023-12-29","","8279 S State St","Pueblo","CO","80732","USA",""
"2741","2025-05-31","","3432 E Center St","Flagstaff","AZ","86281","US",""
"2742","2020-11-04","","9530 S Main St","Aurora","Colorado","80189","USA",""
"2743","2023-10-03","","5482 E Center St","Fort Collins","CO","80568","US",""
"2744","2021-12-05","","4805 S Main St","Dover","DE","19724","US",""
"2745","2021-12-11","","9640 S State St","Provo","UT","84203","US",""
"2746","2024-01-23","","5424 N Elm Dr","Ogden","UT","84100","US",""
"2747","2025-08-02","","7230 S Main St","Provo","UT","84487","US",""
"2748","2026-02-12","","4421 S Main St","Austin","Texas","78879","USA",""
"2749","2022-09-23","","2980 S Main St","Tempe","AZ","85260","US",""
"2750","2026-06-16","","8121 E Center St","Ogden","UT.","84374","US",""
"2751","2021-07-08","","4955 E Center St","Irvine","ca ","93038","US",""
"2752","2024-05-30","","4164 S State St","San Jose","CA","94916","US",""
"2753","2026-06-20","","4636 N Elm Dr","St. George","UT","84761","US",""
"2754","2021-06-06","","2104 E Center St","Lehi","UT","84267","US",""
"2755","2025-03-20","","6600 S State St","St. George","ut ","84069","US",""
"2756","2019-06-02","","6173 S Main St","Sacramento","ca ","94913","USA",""
"2757","2026-06-03","","2543 S State St","Provo","ut ","84782","US",""
"2758","2026-04-08","","360 S State St","St. George","UT.","84451","USA",""
"2759","2024-08-26","","1109 W Oak Ave","Sparks","NV","89005","US",""
"2760","2025-12-17","","615 S State St","San Jose","CA","90512","US",""
"2761","2022-05-28","","6427 S Main St","Phoenix","AZ","85037","USA",""
"2762","2026-06-23","","2005 N Elm Dr","Ogden","ut ","84380","US",""
"2763","2025-03-08","","3260 S Main St","Lehi","UT","84544","USA",""
"2764","2022-07-31","","5189 E Center St","El Paso","TX","78963","USA","2022-08-08"
"2765","2025-06-24","","2864 S Main St","Albany","NY","14286","US",""
"2766","2020-04-25","","1751 E Center St","St. George","UT","84413","USA",""
"2767","2021-11-14","","8185 S Main St","Lehi","Utah","84044","US",""
"2768","2026-04-22","","","","","","",""
"2769","2026-01-08","","9141 S State St","Sparks","NV","89620","US",""
"2770","2022-07-12","","7917 S Main St","Spokane","WA","99098","US",""
"2771","2024-08-25","","4388 S State St","Dallas","TX","78357","US",""
"2772","2024-11-24","","9710 W Oak Ave","Irvine","CA","95814","US",""
"2773","2021-12-27","","9766 S State St","San Jose","CA","91845","US",""
"2774","2024-12-07","","9697 N Elm Dr","Irvine","CA","94079","USA",""
"2775","2026-04-12","","5317 N Elm Dr","Denver","CO","80117","US",""
"2776","2022-08-09","","4533 King St","Monterrey","NLE","94750","MX",""
"2777","2022-07-23","","9263 N Elm Dr","Salt Lake City","UT","84534","US",""
"2778","2022-12-07","","5880 S Main St","Oakland","California","95339","US",""
"2779","2019-11-13","","617 W Oak Ave","St. George","UT","84215","US",""
"2780","2022-09-17","","280 N Elm Dr","Syracuse","ny ","11443","US",""
"2781","2021-12-01","","6851 S Main St","Reno","NV","89136","USA",""
"2782","2020-09-09","","3112 S State St","Spokane","WA","98636","US",""
"2783","2023-02-04","","5295 S State St","Wilmington","DE","19839","US",""
"2784","2026-01-11","","4092 E Center St","Dallas","TX.","75743","US",""
"2785","2023-12-12","","","","","","",""
"2786","2023-12-17","","8053 E Center St","Sparks","nv ","89879","USA",""
"2787","2023-07-17","","1371 S State St","Aurora","CO","81471","US",""
"2788","2024-12-26","","6835 S Main St","Newark","DE","19972","US",""
"2789","2024-10-23","","9726 W Oak Ave","St. George","ut ","84530","US",""
"2790","2025-11-27","","26 W Oak Ave","Seattle","WA","99211","US",""
"2791","2023-10-05","","1681 N Elm Dr","Syracuse","New York","10141","USA",""
"2792","2021-08-30","","9543 N Elm Dr","Seattle","WA","98773","US",""
"2793","2020-05-24","","2251 S Main St","Aurora","CO","80399","US",""
"2794","2025-12-02","","1244 King St","Monterrey","NLE","71277","MX",""
"2795","2025-04-12","","2595 N Elm Dr","Sacramento","ca ","92710","US",""
"2796","2022-04-07","2024-12-26","6365 N Elm Dr","Sacramento","CA","94115","USA",""
"2797","2023-08-20","","7842 N Elm Dr","Fort Collins","Colorado","80431","US",""
"2798","2024-11-26","","5746 N Elm Dr","Aurora","CO","80944","US",""
"2799","2025-08-28","","9671 S Main St","Wilmington","DE","19951","US",""
"2800","2024-03-30","","","","","","",""
"2801","2024-04-24","","6341 W Oak Ave","Provo","UT","84034","US",""
"2802","2019-09-10","","2442 S Main St","Provo","UT","84696","US",""
"2803","2024-09-08","","1534 E Center St","Plano","TX","77236","US",""
"2804","2019-08-25","","9072 W Oak Ave","Fresno","CA","93492","US",""
"2805","2024-06-12","","4155 E Center St","Dallas","TX","77487","US",""
"2806","2023-07-06","","6472 W Oak Ave","Salt Lake City","UT","84070","USA",""
"2807","2024-08-30","","9694 N Elm Dr","Irvine","ca ","93472","US",""
"2808","2025-09-11","","4963 S Main St","Provo","Utah","84615","US",""
"2809","2025-12-09","","2919 N Elm Dr","Dallas","tx ","79578","US",""
"2810","2025-09-16","","5434 E Center St","Albany","NY","12288","US",""
"2811","2026-01-20","","6785 S Main St","Aurora","Colorado","80541","USA",""
"2812","2024-03-04","","5314 S State St","Aurora","Colorado","81049","USA","2026-04-05"
"2813","2023-03-25","","2577 S Main St","Ogden","UT","84490","US",""
"2814","2024-12-25","","6904 W Oak Ave","Oakland","ca ","93933","USA",""
"2815","2023-03-01","","3712 S State St","Carson City","NV","89408","US",""
"2816","2024-12-29","","2788 S State St","Sacramento","ca ","92923","US",""
"2817","2025-05-26","","1903 N Elm Dr","Seattle","WA","98672","USA",""
"2818","2025-04-28","","574 W Oak Ave","Oakland","CA","93293","US",""
"2819","2023-03-01","","5682 E Center St","Salt Lake City","UT","84403","US","2024-12-22"
"2820","2023-08-23","","2713 E Center St","Ogden","ut ","84239","US",""
"2821","2021-11-30","","4989 E Center St","Pueblo","CO","81283","US",""
"2822","2024-01-02","","4936 W Oak Ave","Houston","tx ","77722","US",""
"2823","2024-02-09","","4758 S State St","Spokane","WA","98152","US",""
"2824","2023-01-15","","8193 N Elm Dr","St. George","UT","84042","US",""
"2825","2025-06-09","","3405 W Oak Ave","Dallas","TX","75846","USA",""
"2826","2025-06-12","","4857 W Oak Ave","Sparks","NV","89366","US",""
"2827","2025-08-02","","","","","","",""
"2828","2025-08-25","","","","","","",""
"2829","2021-11-30","","6195 N Elm Dr","Henderson","Nevada","89718","US",""
"2830","2021-03-25","","584 S State St","St. George","Utah","84137","US",""
"2831","2020-05-24","","","","","","",""
"2832","2024-11-25","","9723 N Elm Dr","Dallas","TX","78860","US",""
"2833","2026-03-27","","969 S State St","Rochester","NY","11560","USA",""
"2834","2023-05-19","","9500 E Center St","Provo","UT","84238","USA",""
"2835","2023-05-28","","4822 E Center St","Olympia","Washington","98998","US",""
"2836","2020-04-27","2021-05-21","9241 S Main St","Aurora","CO","80581","USA",""
"2837","2024-12-13","","2817 S State St","Lehi","UT","84398","US",""
"2838","2023-12-05","","430 S State St","El Paso","TX","79951","US",""
"2839","2020-01-05","","2825 N Elm Dr","Salt Lake City","UT","84529","US",""
"2840","2025-05-04","","1716 E Center St","Tempe","AZ","85397","US",""
"2841","2024-09-07","","13 S State St","Irvine","CA","94255","US",""
"2842","2026-02-22","","7930 S State St","Dallas","TX","79060","US",""
"2843","2021-01-27","","2782 N Elm Dr","Irvine","CA","92709","US",""
"2844","2022-08-06","","5335 W Oak Ave","Phoenix","AZ","85577","USA",""
"2845","2021-08-08","","1085 N Elm Dr","Austin","TX","78067","US",""
"2846","2022-07-20","","4066 S Main St","St. George","UT","84310","US",""
"2847","2022-01-27","","","","","","",""
"2848","2025-05-23","","4268 N Elm Dr","Boulder","co ","80648","US",""
"2849","2022-08-06","","9333 S State St","Dallas","TX","76768","USA",""
"2850","2026-06-25","","6330 W Oak Ave","Sacramento","CA","90925","USA",""
"2851","2024-07-25","","2638 E Center St","Flagstaff","AZ","86185","US",""
"2852","2022-12-20","","1707 N Elm Dr","Provo","ut ","84605","USA",""
"2853","2022-10-26","","9776 N Elm Dr","St. George","UT","84635","USA","2023-03-01"
"2854","2025-01-23","","6901 S State St","Dallas","TX","77870","US",""
"2855","2025-01-04","","1375 N Elm Dr","Lehi","Utah","84606","US",""
"2856","2023-06-29","","4277 E Center St","El Paso","TX","76503","US",""
"2857","2025-08-11","","7729 S Main St","Fresno","CA.","94366","US",""
"2858","2024-08-29","","5016 E Center St","Reno","NV","89499","US",""
"2859","2024-12-03","","2974 W Oak Ave","Plano","tx ","75146","US",""
"2860","2023-09-06","","4137 E Center St","Lehi","UT","84630","US",""
"2861","2022-03-10","","6745 N Elm Dr","Flagstaff","AZ","85404","US",""
"2862","2020-06-20","","3328 King St","Vancouver","BC","H2B 7B3","CA",""
"2863","2021-02-25","","8515 S Main St","Seattle","WA","98750","US",""
"2864","2025-05-19","","2945 S Main St","Denver","co ","81040","USA",""
"2865","2021-01-28","","4098 S State St","El Paso","Texas","79820","US",""
"2866","2025-06-14","","5998 S State St","Lehi","UT","84638","US",""
"2867","2022-08-19","","6519 E Center St","Aurora","Colorado","80805","US",""
"2868","2024-04-13","","6081 E Center St","Sacramento","California","93911","US",""
"2869","2024-09-17","","7866 W Oak Ave","Flagstaff","AZ","85950","US",""
"2870","2023-09-08","","5859 N Elm Dr","Boulder","CO","81640","US",""
"2871","2024-08-29","","4574 E Center St","Austin","tx ","78301","US",""
"2872","2026-03-11","","3614 S Main St","Denver","CO","80447","US",""
"2873","2024-07-02","","4850 E Center St","Plano","TX","78591","US",""
"2874","2023-03-04","","3392 W Oak Ave","Lehi","UT","84421","US",""
"2875","2023-07-11","","4715 S State St","Salt Lake City","UT","84045","US",""
"2876","2020-07-16","","7697 W Oak Ave","Oakland","ca ","91622","USA",""
"2877","2021-05-09","","6802 N Elm Dr","Bellevue","wa ","99314","US",""
"2878","2026-01-01","","670 E Center St","Irvine","CA","90476","US",""
"2879","2026-06-25","","9467 W Oak Ave","Ogden","UT","84358","US",""
"2880","2023-06-06","","1524 W Oak Ave","Ogden","UT","84208","USA",""
"2881","2024-04-30","","8452 S Main St","Sparks","NV","89409","US",""
"2882","2021-12-01","","7823 E Center St","Lehi","Utah","84671","US",""
"2883","2021-12-30","","343 E Center St","Ogden","UT","84660","US",""
"2884","2023-01-26","","3537 E Center St","Boulder","CO","81385","US",""
"2885","2026-04-04","","2995 E Center St","St. George","Utah","84718","US",""
"2886","2025-08-31","","2039 N Elm Dr","Mesa","AZ","85061","USA",""
"2887","2025-06-10","","7766 N Elm Dr","Albany","New York","10705","US",""
"2888","2024-03-19","","8234 S Main St","Provo","UT","84035","US",""
"2889","2025-03-06","","9192 E Center St","Henderson","nv ","89375","US",""
"2890","2024-05-29","","9563 S State St","Albany","ny ","10781","US",""
"2891","2024-10-17","","7211 E Center St","Sacramento","CA","92424","US","2025-07-08"
"2892","2021-03-19","","646 N Elm Dr","San Jose","CA","93160","US",""
"2893","2023-06-19","","3830 S Main St","Fort Collins","CO","81343","US",""
"2894","2021-07-09","","3405 S State St","Lehi","UT","84771","US",""
"2895","2024-07-23","","8977 S State St","Reno","NV","89655","US",""
"2896","2023-11-30","","5606 W Oak Ave","Houston","TX","78323","USA",""
"2897","2020-07-31","","1333 N Elm Dr","Austin","TX","79207","US",""
"2898","2025-10-05","","6725 W Oak Ave","Tucson","AZ","85640","US",""
"2899","2022-01-27","","9413 S State St","Salt Lake City","UT","84789","US",""
"2900","2019-10-17","","8750 S Main St","Fort Collins","Colorado","80923","US",""
"2901","2025-11-05","","8929 E Center St","Fresno","CA","91776","US",""
"2902","2023-09-08","","4671 E Center St","Provo","UT","84275","USA",""
"2903","2024-02-28","","8539 S State St","Oakland","CA","93711","US",""
"2904","2026-04-29","","4465 S Main St","Boulder","CO","81161","USA",""
"2905","2022-05-18","","2564 W Oak Ave","Ogden","UT","84110","US","2023-11-01"
"2906","2022-10-28","","4407 N Elm Dr","Phoenix","az ","85881","US",""
"2907","2023-11-30","","7873 N Elm Dr","Henderson","Nevada","89027","USA",""
"2908","2021-06-24","","8137 S Main St","Olympia","WA","99306","USA",""
"2909","2019-09-27","","8593 S Main St","Olympia","WA","99143","US",""
"2910","2024-02-03","","3394 Rue Principale","Vancouver","BC","T6H 7H3","CA",""
"2911","2024-11-08","","9595 N Elm Dr","Denver","CO","80385","USA",""
"2912","2020-07-10","","725 W Oak Ave","Tucson","AZ","85360","USA",""
"2913","2025-04-29","","7499 N Elm Dr","Las Vegas","NV","89179","USA",""
"2914","2022-01-30","","5861 S Main St","Carson City","Nevada","89640","US",""
"2915","2019-05-29","","2235 N Elm Dr","St. George","Utah","84188","US",""
"2916","2024-05-26","","9236 E Center St","Provo","UT","84368","USA",""
"2917","2025-10-29","","8238 S State St","Dallas","TX","75766","US",""
"2918","2025-01-06","","4516 S State St","Provo","UT","84352","US",""
"2919","2023-03-15","","25 W Oak Ave","El Paso","TX","78892","US",""
"2920","2025-01-23","","7746 N Elm Dr","St. George","UT","84272","US",""
"2921","2021-12-22","","2645 E Center St","Fresno","CA","95164","US",""
"2922","2023-02-05","","5883 S Main St","Provo","UT","84508","USA",""
"2923","2022-02-06","","6457 W Oak Ave","Olympia","WA","98867","USA",""
"2924","2023-11-13","","3152 S Main St","Oakland","CA","95357","US","2026-05-03"
"2925","2026-06-08","","5386 W Oak Ave","Seattle","WA","98858","US",""
"2926","2023-05-19","","6009 E Center St","Buffalo","NY","12157","US",""
"2927","2020-08-16","","8410 E Center St","Las Vegas","NV","89242","US",""
"2928","2019-02-19","","3135 S State St","Pueblo","CO","80218","US",""
"2929","2020-11-28","","1677 E Center St","Fresno","CA","93595","US",""
"2930","2025-02-12","","6073 E Center St","Irvine","CA","95036","US",""
"2931","2026-03-23","","3391 E Center St","Brooklyn","NY","14652","US",""
"2932","2025-07-04","","3456 S Main St","Rochester","NY","14467","US",""
"2933","2021-04-20","","9656 S State St","Boulder","co ","81429","USA","2023-06-26"
"2934","2023-02-27","","6194 N Elm Dr","San Jose","CA","94209","USA",""
"2935","2024-03-31","","1404 E Center St","Mesa","az ","85672","USA",""
"2936","2026-01-22","","233 E Center St","Oakland","CA","90899","US",""
"2937","2022-10-02","2025-12-01","8682 S Main St","Irvine","CA","94579","USA",""
"2938","2022-05-06","","2848 E Center St","Buffalo","ny ","11930","US",""
"2939","2019-10-04","","9469 N Elm Dr","Newark","DE","19758","USA","2025-06-03"
"2940","2025-12-10","","8176 W Oak Ave","Boulder","CO","80698","USA",""
"2941","2026-03-25","","2613 N Elm Dr","Salt Lake City","UT","84378","US",""
"2942","2024-07-04","","8940 S State St","Flagstaff","az ","86357","US",""
"2943","2019-06-16","","9191 N Elm Dr","Provo","Utah","84744","US",""
"2944","2024-09-28","","824 S Main St","Salt Lake City","UT","84086","US",""
"2945","2023-01-15","","6525 S Main St","Rochester","NY","14603","US",""
"2946","2026-01-02","","3226 W Oak Ave","Houston","TX","76675","US",""
"2947","2024-11-14","","3208 Rue Principale","Toronto","ON","V7E 8G5","Canada",""
"2948","2024-10-30","","293 S State St","Brooklyn","NY","11190","USA",""
"2949","2024-01-09","","3137 S Main St","Las Vegas","NV","89711","USA",""
"2950","2025-12-02","","2921 S Main St","Fresno","California","91093","US",""
"2951","2022-02-17","","2765 N Elm Dr","Smyrna","DE","19952","US",""
"2952","2024-08-07","","982 S State St","Ogden","UT","84762","USA",""
"2953","2026-01-23","","6630 W Oak Ave","Boulder","co ","81369","US",""
"2954","2022-05-14","","5304 S Main St","Mesa","AZ","85419","US",""
"2955","2026-04-18","","2911 Av Reforma","Calgary","AB","H3G 8B3","CA",""
"2956","2025-04-06","","254 S State St","Sacramento","CA","93809","USA",""
"2957","2023-08-10","","9244 N Elm Dr","Austin","TX","75810","US",""
"2958","2024-07-26","","2534 N Elm Dr","Provo","Utah","84259","USA",""
"2959","2023-03-05","","9701 S Main St","Tucson","AZ.","85962","US",""
"2960","2022-12-26","","2522 N Elm Dr","Oakland","CA","94068","US",""
"2961","2024-05-06","","5168 E Center St","Boulder","Colorado","80727","USA",""
"2962","2024-12-18","","","","","","",""
"2963","2024-02-06","","3911 S Main St","Spokane","WA","98170","US",""
"2964","2023-01-25","","7615 E Center St","Oakland","CA","93469","US",""
"2965","2023-05-20","","8755 S State St","Houston","TX","76293","US",""
"2966","2026-04-13","","7954 S State St","Sacramento","CA","90857","US",""
"2967","2023-11-26","","7400 W Oak Ave","Rochester","NY","10919","US",""
"2968","2023-09-29","","162 N Elm Dr","Salt Lake City","Utah","84186","US",""
"2969","2022-10-13","","3467 S Main St","St. George","UT","84236","US",""
"2970","2020-08-27","","5320 W Oak Ave","Las Vegas","NV","89007","US",""
"2971","2023-01-14","","6102 N Elm Dr","Mesa","AZ","85584","US",""
"2972","2025-06-01","","3124 Calle Norte","Montreal","QC","M1E 8J9","Canada",""
"2973","2021-10-03","","2984 W Oak Ave","Reno","nv ","89722","USA",""
"2974","2023-09-15","","7385 S Main St","Aurora","CO","80352","US",""
"2975","2024-12-16","","3644 S State St","Irvine","CA","94793","USA",""
"2976","2025-04-09","","1896 S State St","Houston","TX","78078","USA",""
"2977","2024-11-05","","7266 S State St","Rochester","NY","13201","US",""
"2978","2023-08-30","","7087 E Center St","Dover","DE","19945","USA",""
"2979","2023-12-12","","8890 E Center St","Dover","DE","19962","US",""
"2980","2020-03-25","","2413 S State St","El Paso","TX","79950","US",""
"2981","2022-05-17","","3264 N Elm Dr","Oakland","ca ","95680","US",""
"2982","2024-02-23","","","","","","",""
"2983","2025-12-22","","9219 W Oak Ave","St. George","UT","84078","US",""
"2984","2025-08-14","","3296 S State St","Bellevue","Washington","99381","US",""
"2985","2023-09-05","","7860 N Elm Dr","Phoenix","AZ","86083","US",""
"2986","2024-04-11","","5580 S State St","Boulder","CO","80872","USA",""
"2987","2024-04-21","","2727 Rue Principale","Monterrey","NLE","24924","MX",""
"2988","2022-02-01","","2686 E Center St","Provo","ut ","84349","US",""
"2989","2025-07-13","","2150 N Elm Dr","Provo","Utah","84221","US",""
"2990","2022-03-15","","5386 E Center St","Provo","UT","84667","USA",""
"2991","2020-06-16","","9638 E Center St","Henderson","NV","89254","US",""
"2992","2021-11-02","","3922 W Oak Ave","Salt Lake City","UT","84619","US",""
"2993","2026-03-30","","476 S State St","Dallas","TX","79797","US",""
"2994","2024-09-16","","7912 S State St","Mesa","Arizona","86306","US",""
"2995","2023-03-29","2024-07-06","2630 W Oak Ave","Plano","tx ","78405","USA",""
"2996","2022-04-12","","3232 E Center St","Carson City","NV","89610","US",""
"2997","2026-04-01","","1042 S Main St","Tacoma","WA","98043","US",""
"2998","2023-02-17","","2736 S State St","Irvine","CA","92577","USA",""
"2999","2023-06-21","","7606 E Center St","Oakland","CA","94227","USA",""
"3000","2024-03-19","","6836 E Center St","Fresno","CA","95046","US",""
"3001","2023-07-13","","9565 W Oak Ave","Oakland","CA","92867","US",""
"3002","2021-06-06","2022-05-26","4090 S State St","Phoenix","AZ","85657","US",""
"3003","2023-11-09","","","","","","",""
"3004","2025-06-08","","5016 S Main St","Mesa","AZ","85075","USA",""
"3005","2022-10-02","","842 S Main St","El Paso","TX","79465","US",""
"3006","2025-10-22","","3653 E Center St","Oakland","CA","96042","US",""
"3007","2021-08-09","","8247 S State St","Houston","TX","78228","US",""
"3008","2021-05-01","2024-05-27","3291 S Main St","Lehi","Utah","84744","USA",""
"3009","2020-02-14","","950 S State St","Seattle","WA","99264","US",""
"3010","2022-07-14","","2203 S Main St","Syracuse","ny ","12379","US",""
"3011","2026-02-07","","2388 E Center St","Salt Lake City","UT","84658","USA",""
"3012","2024-11-11","","3867 W Oak Ave","Henderson","NV.","89028","US",""
"3013","2020-02-26","","6367 N Elm Dr","Newark","DE","19763","US",""
"3014","2020-07-28","","","","","","",""
"3015","2021-05-11","","8395 S State St","Sparks","NV.","89403","US",""
"3016","2021-10-01","","5133 E Center St","Irvine","CA","90907","US",""
"3017","2025-10-07","","6114 S Main St","Provo","UT","84566","US","2026-01-11"
"3018","2025-02-09","","9622 N Elm Dr","Salt Lake City","UT","84662","USA",""
"3019","2024-10-09","","1274 E Center St","Plano","TX","77201","US",""
"3020","2025-11-06","","4633 N Elm Dr","Denver","CO","81274","US",""
"3021","2022-06-30","","1114 E Center St","Lehi","UT","84739","USA",""
"3022","2024-09-14","","2521 N Elm Dr","Fort Collins","CO","80122","US",""
"3023","2023-08-15","","8359 N Elm Dr","Dallas","TX","76715","USA",""
"3024","2024-02-09","","4221 S Main St","Fresno","CA","92239","USA",""
"3025","2025-08-22","","343 W Oak Ave","Sacramento","CA","94289","USA",""
"3026","2026-01-11","","5015 E Center St","Ogden","UT","84584","US",""
"3027","2022-10-14","","5237 W Oak Ave","San Jose","CA","93675","US",""
"3028","2020-08-26","","5933 S State St","Pueblo","CO","80503","US",""
"3029","2025-06-09","","2685 S Main St","San Jose","California","96104","US",""
"3030","2024-08-09","","1860 S Main St","Provo","UT.","84574","US",""
"3031","2023-01-10","","5756 N Elm Dr","Smyrna","DE.","19739","US",""
"3032","2024-11-20","","6693 S State St","Olympia","WA","98700","US",""
"3033","2024-10-04","","6075 S Main St","Reno","NV","89264","USA",""
"3034","2024-12-22","","298 W Oak Ave","Albany","New York","13518","US",""
"3035","2023-09-29","","1783 Av Reforma","Montreal","QC","M5H 6E5","CA",""
"3036","2025-01-07","","582 S State St","Fresno","CA","91109","US",""
"3037","2025-01-10","","2817 N Elm Dr","Austin","TX","78712","US",""
"3038","2024-02-04","","6920 E Center St","Plano","TX","78257","US",""
"3039","2025-09-20","","1394 S State St","Henderson","NV","89791","US",""
"3040","2021-03-19","","5122 W Oak Ave","Tempe","az ","85319","USA",""
"3041","2023-06-23","2025-07-28","2149 W Oak Ave","St. George","UT","84216","US","2023-11-22"
"3042","2023-05-09","","7327 N Elm Dr","Provo","UT","84129","US",""
"3043","2025-02-13","","1077 Rue Principale","Ciudad de Mexico","CMX","94680","MX",""
"3044","2023-04-24","","398 E Center St","Boulder","CO","81459","US",""
"3045","2019-04-29","","8635 W Oak Ave","Seattle","WA","98019","US",""
"3046","2022-01-01","","6282 S Main St","Spokane","WA","99097","US",""
"3047","2023-02-14","","2744 S State St","Brooklyn","ny ","14274","US",""
"3048","2020-04-08","","6593 S State St","San Jose","California","91871","US",""
"3049","2024-09-21","","3707 E Center St","Irvine","CA","90798","US",""
"3050","2022-06-24","","528 E Center St","Houston","TX.","77491","US","2023-01-26"
"3051","2023-03-24","2024-02-24","693 N Elm Dr","Fresno","CA","95269","US",""
"3052","2024-02-22","","341 S Main St","Las Vegas","NV","89663","US",""
"3053","2023-07-06","","7533 S Main St","Tempe","AZ","85281","US",""
"3054","2023-12-20","","1125 W Oak Ave","Aurora","CO.","80780","US",""
"3055","2024-01-02","","8009 S Main St","Brooklyn","NY","13814","US","2025-09-25"
"3056","2025-03-25","","8142 N Elm Dr","Pueblo","co ","81583","US",""
"3057","2020-11-12","","6424 S State St","Aurora","Colorado","80079","USA","2023-01-11"
"3058","2023-08-03","","5056 W Oak Ave","Ogden","UT","84370","US","2025-02-03"
"3059","2020-02-24","","2827 E Center St","Salt Lake City","UT","84663","USA",""
"3060","2024-10-31","","3009 S Main St","Salt Lake City","UT","84129","US",""
"3061","2025-07-20","","30 S State St","El Paso","TX","77047","US",""
"3062","2024-01-24","","865 E Center St","San Jose","CA","92886","US",""
"3063","2024-12-30","","8963 E Center St","Salt Lake City","UT","84073","US",""
"3064","2023-12-20","","","","","","",""
"3065","2021-05-13","","1567 N Elm Dr","Denver","CO","81332","USA",""
"3066","2025-09-24","","6406 S Main St","Oakland","CA","91473","US",""
"3067","2025-06-28","","5374 W Oak Ave","Brooklyn","NY","12941","USA",""
"3068","2022-08-16","","6275 S Main St","Ogden","UT","84654","US",""
"3069","2019-11-27","","9757 E Center St","Flagstaff","AZ","85874","US",""
"3070","2023-10-18","","555 S Main St","Oakland","CA","94875","US",""
"3071","2023-02-10","","8984 N Elm Dr","Fresno","ca ","92505","US",""
"3072","2024-07-30","","8825 N Elm Dr","Boulder","Colorado","80332","US",""
"3073","2025-03-21","","3125 N Elm Dr","Sacramento","ca ","90397","US",""
"3074","2026-02-17","","9508 E Center St","Bellevue","WA.","99258","US",""
"3075","2026-06-19","","3126 S State St","Lehi","UT","84017","US",""
"3076","2020-03-30","","7101 W Oak Ave","Provo","UT","84449","US",""
"3077","2019-03-29","","3325 S Main St","Aurora","CO.","80041","US",""
"3078","2025-03-15","","6663 S Main St","San Jose","CA","95165","USA",""
"3079","2023-01-05","","6060 E Center St","San Jose","CA","96144","US",""
"3080","2024-10-04","","5457 S Main St","St. George","UT","84240","US",""
"3081","2025-01-11","","470 S Main St","Olympia","WA","99125","US",""
"3082","2023-09-06","","8946 W Oak Ave","Sparks","nv ","89352","US",""
"3083","2019-11-03","","1664 S Main St","Ogden","ut ","84516","US",""
"3084","2024-12-28","","4203 S State St","Olympia","WA","98211","US",""
"3085","2022-07-15","","2163 N Elm Dr","Carson City","NV","89293","US",""
"3086","2025-02-27","","5184 W Oak Ave","Provo","UT","84227","US",""
"3087","2022-10-12","","5276 W Oak Ave","San Jose","CA.","92019","US",""
"3088","2022-07-31","","5640 E Center St","Salt Lake City","UT","84725","US",""
"3089","2022-02-22","","6798 S State St","Sacramento","CA","92612","USA",""
"3090","2025-02-18","","7877 N Elm Dr","Albany","NY","11639","US",""
"3091","2026-05-01","","3496 S State St","Lehi","UT","84035","USA",""
"3092","2021-01-06","","5467 S State St","Fresno","CA","94415","US",""
"3093","2024-11-13","","4600 W Oak Ave","Syracuse","NY","14765","US",""
"3094","2023-10-11","","2329 W Oak Ave","Tacoma","WA.","98502","US",""
"3095","2025-11-15","","4933 S State St","Austin","TX","76267","US",""
"3096","2021-07-22","","3800 E Center St","Tacoma","WA","98826","US",""
"3097","2024-05-05","","9632 N Elm Dr","San Jose","CA","93837","US",""
"3098","2025-06-21","","7187 S State St","Ogden","UT","84744","US",""
"3099","2023-09-12","","5508 S Main St","Provo","UT","84354","US",""
"3100","2023-10-28","2024-03-07","2133 S Main St","Boulder","CO","80519","US",""
"3101","2022-11-04","","8666 W Oak Ave","St. George","UT","84532","US",""
"3102","2024-11-14","","2675 N Elm Dr","Pueblo","Colorado","80538","US",""
"3103","2026-01-14","","","","","","",""
"3104","2023-06-09","","675 S State St","Irvine","CA","90711","USA",""
"3105","2021-01-04","","7234 W Oak Ave","Dover","DE","19788","US","2025-11-27"
"3106","2024-08-28","","9296 S Main St","Lehi","ut ","84454","USA",""
"3107","2020-05-26","","1088 E Center St","Oakland","CA","91195","US","2022-10-03"
"3108","2026-04-26","","4122 W Oak Ave","Phoenix","AZ","86408","US",""
"3109","2023-10-19","","9611 N Elm Dr","Lehi","UT","84733","US",""
"3110","2022-08-19","","151 S Main St","Provo","UT","84190","US",""
"3111","2023-06-22","","6285 S State St","Flagstaff","AZ","85571","US",""
"3112","2022-11-24","","1047 W Oak Ave","Denver","Colorado","80271","USA",""
"3113","2025-10-14","","6952 S State St","Fresno","ca ","91188","US",""
"3114","2021-08-03","","6513 S State St","Fort Collins","CO","80054","US",""
"3115","2025-09-14","","7753 S State St","Rochester","ny ","13890","US",""
"3116","2019-03-30","","9002 E Center St","Ogden","UT","84566","US",""
"3117","2024-08-23","","7964 W Oak Ave","Lehi","ut ","84749","USA",""
"3118","2023-07-31","","8293 S State St","Sacramento","California","94492","USA","2024-01-16"
"3119","2024-04-02","","2897 Av Reforma","Vancouver","BC","V3A 6E4","Canada",""
"3120","2023-01-04","","3510 S Main St","Tempe","AZ","85070","USA",""
"3121","2021-09-04","","7629 W Oak Ave","Provo","UT","84150","US",""
"3122","2019-10-20","","2448 S State St","Newark","DE.","19959","US",""
"3123","2024-04-22","","7428 W Oak Ave","Denver","Colorado","81052","US","2026-02-15"
"3124","2024-10-24","","4409 W Oak Ave","Provo","Utah","84669","USA",""
"3125","2022-07-22","2023-11-16","9465 W Oak Ave","Plano","TX","79782","US",""
"3126","2021-12-21","","8821 S Main St","Fort Collins","Colorado","80672","US",""
"3127","2021-06-09","","5251 S Main St","Fresno","CA","95118","US",""
"3128","2021-09-21","","2163 W Oak Ave","El Paso","TX","78860","US",""
"3129","2024-03-12","","2589 E Center St","Flagstaff","AZ","86443","US",""
"3130","2024-11-07","","1566 S Main St","Dallas","TX","79327","US",""
"3131","2021-09-21","","","","","","",""
"3132","2024-06-19","","2497 W Oak Ave","Pueblo","CO","81526","USA",""
"3133","2023-11-05","","7624 W Oak Ave","Phoenix","az ","85681","US",""
"3134","2022-11-23","","7711 N Elm Dr","Austin","tx ","76803","US",""
"3135","2024-08-05","","7817 S Main St","Salt Lake City","UT","84540","US",""
"3136","2024-03-15","","1752 E Center St","Tempe","AZ","85713","USA",""
"3137","2024-04-06","","1112 S State St","Irvine","CA","92641","US",""
"3138","2022-09-13","","2607 N Elm Dr","Carson City","NV","89334","US",""
"3139","2021-01-14","","2039 S Main St","Plano","TX","79124","US",""
"3140","2025-08-18","","4468 S Main St","Tempe","AZ","86276","US",""
"3141","2020-03-25","","7418 W Oak Ave","Provo","UT","84558","US",""
"3142","2024-03-23","","4145 E Center St","Fort Collins","CO","81328","USA",""
"3143","2023-09-11","","4663 S State St","El Paso","TX","78105","US",""
"3144","2026-02-22","","7115 W Oak Ave","Salt Lake City","UT","84418","US",""
"3145","2019-12-27","","8623 W Oak Ave","Ogden","Utah","84047","US",""
"3146","2026-01-04","","9124 E Center St","Houston","tx ","78803","US",""
"3147","2025-10-17","","4324 S State St","Provo","UT","84573","US",""
"3148","2024-01-19","","8897 W Oak Ave","Dallas","TX","77956","USA",""
"3149","2020-06-14","","1249 N Elm Dr","Syracuse","NY","14135","US",""
"3150","2020-12-30","","7944 W Oak Ave","Lehi","UT","84708","US",""
"3151","2023-10-27","","6988 E Center St","Denver","CO","80264","US",""
"3152","2024-04-08","","206 Av Reforma","Monterrey","NLE","98908","MX",""
"3153","2026-03-30","","9528 N Elm Dr","Brooklyn","NY","11214","US",""
"3154","2024-05-23","","6981 N Elm Dr","Salt Lake City","UT","84499","US",""
"3155","2021-12-06","","7424 S State St","St. George","UT","84153","US",""
"3156","2026-05-19","","3133 N Elm Dr","Provo","UT","84143","USA",""
"3157","2021-09-30","","2848 S State St","Rochester","NY","12058","US",""
"3158","2021-10-22","","3334 E Center St","Brooklyn","NY","12363","US",""
"3159","2021-05-17","","8475 S State St","Provo","UT","84556","US",""
"3160","2025-06-19","","5259 S State St","Oakland","CA","94092","US",""
"3161","2024-02-15","","1213 S State St","St. George","UT","84474","US",""
"3162","2023-01-19","","2525 S State St","St. George","UT","84551","USA",""
"3163","2020-10-10","","7152 S State St","Albany","ny ","11735","US",""
"3164","2024-12-05","","8862 S State St","Lehi","UT","84777","US",""
"3165","2024-07-20","","4821 S Main St","Lehi","UT","84373","US",""
"3166","2024-09-02","","6762 W Oak Ave","Sparks","NV","89687","USA","2025-09-04"
"3167","2026-05-05","","994 W Oak Ave","Lehi","UT","84656","US",""
"3168","2020-05-04","","505 S Main St","Sparks","NV.","89765","US",""
"3169","2025-01-20","","7051 W Oak Ave","Dallas","TX","75351","USA",""
"3170","2025-07-18","","","","","","",""
"3171","2023-03-07","","2329 W Oak Ave","St. George","ut ","84283","USA",""
"3172","2025-08-09","","6717 W Oak Ave","Tempe","AZ","85811","US",""
"3173","2025-12-25","","2000 E Center St","Irvine","CA","93393","US",""
"3174","2021-04-03","2022-12-10","3773 S Main St","Salt Lake City","UT","84581","US",""
"3175","2025-10-09","","8205 N Elm Dr","Seattle","WA","98109","USA",""
"3176","2020-01-23","","9078 S State St","Ogden","UT","84608","US",""
"3177","2019-10-13","","4018 S Main St","El Paso","tx ","75963","US","2025-05-17"
"3178","2021-07-01","","1669 S State St","Dallas","TX.","76569","US",""
"3179","2020-08-25","","1381 N Elm Dr","Lehi","UT","84743","US",""
"3180","2022-02-25","","6830 S Main St","Spokane","wa ","99324","US",""
"3181","2020-03-26","","1048 S Main St","Salt Lake City","UT","84406","US",""
"3182","2021-03-01","","5172 E Center St","Ogden","UT","84544","US",""
"3183","2025-01-12","","9347 W Oak Ave","St. George","UT","84129","US",""
"3184","2025-07-17","","","","","","",""
"3185","2025-06-29","","7442 N Elm Dr","Salt Lake City","UT","84539","US",""
"3186","2023-03-06","","1867 N Elm Dr","Seattle","WA","98162","USA",""
"3187","2024-09-13","","3074 E Center St","San Jose","CA","92545","US",""
"3188","2025-06-26","","","","","","",""
"3189","2025-08-04","","691 S Main St","Fresno","CA","95622","USA",""
"3190","2024-09-16","","5600 N Elm Dr","Spokane","WA","98669","US",""
"3191","2024-03-18","","7850 W Oak Ave","Henderson","NV.","89488","US",""
"3192","2025-05-13","","3568 W Oak Ave","Tacoma","WA","98986","USA","2026-06-19"
"3193","2025-11-10","","2518 W Oak Ave","Tacoma","WA","98496","US",""
"3194","2022-01-13","","4428 Rue Principale","Montreal","QC","V5E 7E3","CA",""
"3195","2024-10-19","","1458 W Oak Ave","Tucson","AZ","85506","US",""
"3196","2023-05-05","","2008 E Center St","Pueblo","Colorado","80819","US",""
"3197","2024-12-18","","1588 E Center St","San Jose","California","95814","US",""
"3198","2025-09-06","","7221 S Main St","Ogden","Utah","84180","US","2026-02-19"
"3199","2020-02-29","","7536 E Center St","Oakland","CA","94174","US",""
"3200","2023-02-21","","9024 N Elm Dr","Syracuse","NY","11682","US",""
"3201","2022-12-07","","6661 S Main St","Irvine","CA","95421","US",""
"3202","2023-06-09","","1211 E Center St","Syracuse","NY","11967","US",""
"3203","2019-11-09","","3598 W Oak Ave","Ogden","UT","84715","US",""
"3204","2025-03-23","","2453 E Center St","Dallas","TX","79281","US",""
"3205","2023-10-27","","5978 S Main St","Denver","co ","81508","US",""
"3206","2021-03-30","","3386 W Oak Ave","Austin","Texas","78268","US",""
"3207","2021-03-13","2025-09-06","4653 W Oak Ave","Salt Lake City","UT","84436","US",""
"3208","2020-07-01","","5337 N Elm Dr","St. George","UT","84596","US",""
"3209","2024-03-07","","1064 E Center St","Seattle","wa ","98807","US",""
"3210","2025-12-02","","3247 S State St","Oakland","California","94571","US",""
"3211","2020-07-06","","4386 N Elm Dr","Tucson","AZ","86044","US",""
"3212","2025-09-14","","287 W Oak Ave","Salt Lake City","UT","84030","US",""
"3213","2023-12-21","","1209 N Elm Dr","Mesa","Arizona","85427","US",""
"3214","2024-08-10","","7261 N Elm Dr","Lehi","UT","84612","USA","2026-05-12"
"3215","2020-09-11","","3547 S State St","Spokane","WA","98667","US",""
"3216","2024-03-27","","2075 S State St","Houston","Texas","78521","USA",""
"3217","2023-11-02","","2871 S State St","Tacoma","WA","98209","USA",""
"3218","2020-01-21","","5111 N Elm Dr","Tacoma","wa ","98177","USA",""
"3219","2022-09-03","","9652 E Center St","Oakland","CA","91399","USA",""
"3220","2021-11-21","","3318 E Center St","Albany","ny ","13056","US",""
"3221","2020-03-26","","8204 S State St","Provo","UT.","84322","USA",""
"3222","2024-02-17","","4714 E Center St","Salt Lake City","UT","84731","US",""
"3223","2024-10-12","","220 S Main St","El Paso","TX","76231","US","2025-08-25"
"3224","2024-02-08","","","","","","",""
"3225","2021-05-27","","4023 E Center St","Ogden","UT","84325","USA",""
"3226","2023-08-16","","3895 N Elm Dr","Sparks","NV","89006","USA",""
"3227","2019-06-13","","8753 E Center St","Flagstaff","AZ","86231","US",""
"3228","2024-01-19","","2772 S Main St","Dallas","TX","78795","US",""
"3229","2025-11-03","","7565 S State St","Tempe","Arizona","86146","USA",""
"3230","2024-02-09","","485 S Main St","Ogden","UT","84534","US",""
"3231","2025-05-22","","2292 S State St","Houston","tx ","75349","US",""
"3232","2025-07-13","","6381 S Main St","Oakland","CA","94203","US",""
"3233","2019-08-16","","","","","","",""
"3234","2023-11-15","","9336 W Oak Ave","El Paso","TX","78112","USA",""
"3235","2026-02-01","","4940 W Oak Ave","Seattle","wa ","99128","US",""
"3236","2025-03-05","2026-02-17","6910 S State St","Provo","UT","84636","US",""
"3237","2025-04-03","","368 N Elm Dr","Mesa","AZ","85838","US",""
"3238","2021-04-26","","361 E Center St","St. George","UT","84139","US",""
"3239","2024-08-19","","6777 W Oak Ave","San Jose","CA","93150","US",""
"3240","2022-03-28","","8841 S Main St","Plano","tx ","75160","USA",""
"3241","2019-05-03","","9136 W Oak Ave","Buffalo","NY","14092","US",""
"3242","2025-11-13","","3530 N Elm Dr","Aurora","CO","80597","USA",""
"3243","2023-02-02","","3724 S State St","Irvine","CA.","94468","US",""
"3244","2021-11-17","","5712 S State St","Aurora","CO","81189","US",""
"3245","2025-05-18","","1529 W Oak Ave","Aurora","co ","80969","US",""
"3246","2019-03-01","","2402 S State St","Carson City","NV","89465","US",""
"3247","2025-05-09","","3925 N Elm Dr","Syracuse","NY","10977","US",""
"3248","2022-03-04","","1495 W Oak Ave","Salt Lake City","UT","84558","US",""
"3249","2024-12-07","","2523 S State St","Mesa","az ","85085","US",""
"3250","2023-10-21","","6350 E Center St","Ogden","ut ","84198","USA","2025-04-28"
"3251","2024-05-18","2025-07-11","6302 N Elm Dr","Tempe","az ","85987","US",""
"3252","2023-05-30","","4186 King St","Ciudad de Mexico","CMX","33867","MX",""
"3253","2025-08-31","","3649 N Elm Dr","St. George","UT","84276","US",""
"3254","2024-11-15","","2496 S State St","Lehi","UT","84494","US",""
"3255","2022-09-13","","8492 N Elm Dr","Lehi","UT","84357","US",""
"3256","2024-09-13","","3587 S Main St","St. George","UT.","84614","US",""
"3257","2025-11-27","","","","","","",""
"3258","2020-07-16","","2100 S Main St","Oakland","CA","90157","US","2025-04-22"
"3259","2022-09-28","","5808 W Oak Ave","Salt Lake City","UT","84114","US",""
"3260","2025-04-19","","1369 Rue Principale","Vancouver","BC","T2H 8B9","CA",""
"3261","2023-04-15","","32 S Main St","Salt Lake City","UT","84045","US",""
"3262","2021-05-20","","3540 S State St","Plano","TX","76814","US",""
"3263","2023-10-19","","1228 S State St","Seattle","wa ","98132","US",""
"3264","2026-03-08","","2319 King St","Ciudad de Mexico","CMX","23851","MX",""
"3265","2024-11-27","","8281 W Oak Ave","Aurora","CO","81515","US",""
"3266","2021-09-16","","6883 W Oak Ave","Buffalo","NY","11215","US",""
"3267","2022-08-12","","2345 W Oak Ave","Lehi","UT","84066","US","2025-04-24"
"3268","2025-05-14","","1592 S Main St","Milford","DE","19812","US",""
"3269","2024-07-27","","1867 N Elm Dr","Phoenix","AZ","85766","USA",""
"3270","2023-02-09","","874 W Oak Ave","St. George","ut ","84629","US",""
"3271","2021-09-17","","8644 W Oak Ave","Syracuse","NY","11239","USA",""
"3272","2025-11-16","","7237 E Center St","Seattle","Washington","99046","US",""
"3273","2025-10-30","","2232 N Elm Dr","Ogden","UT","84680","US",""
"3274","2021-12-22","","","","","","",""
"3275","2020-02-18","","9636 E Center St","St. George","UT","84179","US",""
"3276","2023-04-27","","9471 N Elm Dr","Oakland","CA","94166","USA",""
"3277","2024-01-10","","1595 E Center St","Provo","UT","84011","US","2025-05-30"
"3278","2025-06-16","","5008 S State St","San Jose","CA","95052","US",""
"3279","2021-11-11","","3133 S Main St","Carson City","NV","89687","US",""
"3280","2022-09-04","","5602 S Main St","Denver","CO","81299","US",""
"3281","2022-05-01","","5068 S State St","Provo","UT","84059","US",""
"3282","2024-03-16","","7618 S Main St","Salt Lake City","UT","84429","US",""
"3283","2025-09-11","","4224 W Oak Ave","Dallas","Texas","78122","US",""
"3284","2025-10-22","","3377 E Center St","Ogden","UT","84539","US",""
"3285","2024-04-03","","5595 E Center St","Sparks","NV.","89810","US",""
"3286","2023-02-10","","6286 N Elm Dr","Seattle","wa ","98438","US",""
"3287","2023-08-20","","9171 W Oak Ave","Fort Collins","CO","80511","US",""
"3288","2026-03-18","","2722 W Oak Ave","Salt Lake City","UT","84185","US",""
"3289","2021-11-13","","9001 S Main St","Oakland","CA","93753","USA",""
"3290","2026-01-18","","8246 E Center St","Brooklyn","NY","12668","US",""
"3291","2023-08-03","","6565 W Oak Ave","Carson City","NV","89770","US",""
"3292","2023-03-24","","961 S Main St","Boulder","CO","81343","USA",""
"3293","2024-05-01","","7768 S Main St","Sacramento","CA","90066","USA",""
"3294","2024-07-24","","5790 N Elm Dr","Albany","NY","11964","US",""
"3295","2024-08-17","","8356 S Main St","Tempe","AZ","85013","US",""
"3296","2023-05-09","","4309 S Main St","Plano","TX","76740","USA",""
"3297","2024-03-11","","7889 N Elm Dr","Dover","DE","19824","USA",""
"3298","2023-04-15","2024-09-16","5574 E Center St","Brooklyn","NY","12510","US","2024-06-28"
"3299","2023-02-14","","241 S Main St","Salt Lake City","UT","84243","US",""
"3300","2024-12-03","","1609 N Elm Dr","Buffalo","NY","13473","USA",""
"3301","2022-01-24","","2286 S Main St","El Paso","TX","78288","USA",""
"3302","2021-05-25","","7271 S State St","Provo","UT","84648","USA","2024-04-02"
"3303","2024-05-12","","2059 E Center St","Houston","TX","75179","US",""
"3304","2025-02-08","","7442 E Center St","Ogden","ut ","84417","USA",""
"3305","2025-03-19","","1359 S Main St","Ogden","UT","84257","US",""
"3306","2024-09-29","","","","","","",""
"3307","2026-01-28","","7090 E Center St","Ogden","UT","84493","USA",""
"3308","2024-09-19","2024-11-29","6909 N Elm Dr","Pueblo","Colorado","80450","USA",""
"3309","2024-12-30","","6774 W Oak Ave","Reno","NV","89688","USA",""
"3310","2020-08-11","","2461 N Elm Dr","Reno","NV","89791","US",""
"3311","2026-05-17","","71 S Main St","Olympia","WA","98224","US",""
"3312","2023-02-21","","3553 S State St","Fresno","CA","93874","US",""
"3313","2022-11-01","","1091 N Elm Dr","El Paso","TX","76344","US",""
"3314","2026-04-03","","677 E Center St","Reno","NV","89742","US",""
"3315","2025-04-02","","2542 E Center St","Denver","CO","81022","US",""
"3316","2024-02-06","","2016 W Oak Ave","Syracuse","NY","10817","US",""
"3317","2025-01-21","","7185 S Main St","St. George","ut ","84093","US",""
"3318","2023-10-20","","7971 W Oak Ave","Tucson","AZ","85946","US",""
"3319","2022-11-05","","6976 W Oak Ave","Milford","DE","19932","US",""
"3320","2025-07-13","","6426 W Oak Ave","Syracuse","NY","14463","US",""
"3321","2022-10-02","","3670 S Main St","Lehi","UT","84031","US",""
"3322","2025-08-14","","","","","","",""
"3323","2024-09-05","","7950 E Center St","St. George","UT","84169","US",""
"3324","2020-01-19","","2071 E Center St","Olympia","Washington","99335","US",""
"3325","2026-03-14","","8707 S Main St","Aurora","co ","81161","US",""
"3326","2024-01-29","","3210 S State St","Oakland","ca ","93699","US",""
"3327","2023-05-27","","795 S Main St","Salt Lake City","UT","84613","US",""
"3328","2026-01-08","","763 W Oak Ave","Seattle","WA","98274","US",""
"3329","2026-04-16","","9216 W Oak Ave","Denver","CO","80102","US",""
"3330","2025-04-02","","9629 E Center St","Denver","CO","80466","USA",""
"3331","2020-01-21","","631 W Oak Ave","Sacramento","CA","92859","US",""
"3332","2024-08-20","","7653 E Center St","Flagstaff","AZ","86192","US",""
"3333","2023-07-31","","9591 S Main St","Sacramento","CA","93454","US",""
"3334","2021-10-13","","6735 S State St","Milford","DE","19851","US",""
"3335","2020-11-02","","1346 King St","Ciudad de Mexico","CMX","24033","MX",""
"3336","2026-01-23","","4794 S State St","Oakland","CA","91193","US",""
"3337","2021-07-26","","8181 N Elm Dr","Albany","NY","11364","USA",""
"3338","2022-07-10","","1667 S State St","Boulder","CO.","81177","US",""
"3339","2025-05-29","","1222 E Center St","St. George","UT","84240","US",""
"3340","2025-04-17","","2810 N Elm Dr","Fort Collins","CO","80004","US",""
"3341","2023-04-17","","1176 N Elm Dr","Salt Lake City","UT","84755","US",""
"3342","2024-03-12","","2467 S State St","Ogden","UT","84137","US",""
"3343","2022-12-23","","8863 N Elm Dr","Dallas","TX","78339","US",""
"3344","2022-03-13","","5230 N Elm Dr","Dover","de ","19971","US",""
"3345","2022-12-21","","8730 S Main St","St. George","UT","84118","US",""
"3346","2022-05-13","","4625 N Elm Dr","Provo","UT","84562","US",""
"3347","2023-05-19","","7990 E Center St","Phoenix","AZ","86304","US",""
"3348","2026-04-28","","7997 E Center St","Fresno","CA","92809","US",""
"3349","2023-06-16","","2836 E Center St","Houston","TX","79028","US",""
"3350","2020-05-02","","829 W Oak Ave","Lehi","UT","84167","US",""
"3351","2026-01-02","","9499 W Oak Ave","Ogden","UT","84523","US",""
"3352","2026-03-19","","6595 S State St","St. George","UT","84157","US",""
"3353","2025-05-11","","6881 W Oak Ave","Albany","NY","11264","US",""
"3354","2020-06-15","2020-11-15","6031 S State St","Sacramento","ca ","90111","USA",""
"3355","2025-09-10","","2305 E Center St","Ogden","UT","84422","US",""
"3356","2023-06-11","","4602 S Main St","San Jose","CA","96038","US",""
"3357","2023-03-29","","8873 W Oak Ave","San Jose","CA.","92139","US",""
"3358","2023-10-12","","5349 E Center St","Boulder","CO","80794","US",""
"3359","2024-04-04","","1112 N Elm Dr","Spokane","WA","98506","US",""
"3360","2023-02-14","","4709 Calle Norte","Calgary","AB","H1H 3A4","Canada","2025-06-19"
"3361","2024-02-19","","","","","","",""
"3362","2025-02-17","","1041 W Oak Ave","Provo","ut ","84417","US",""
"3363","2023-09-29","","","","","","",""
"3364","2023-04-20","","2442 N Elm Dr","Dover","DE","19807","US",""
"3365","2023-03-16","","3464 W Oak Ave","Smyrna","DE","19798","US","2025-11-30"
"3366","2020-06-07","","7366 S State St","Ogden","Utah","84251","USA",""
"3367","2023-11-08","","","","","","",""
"3368","2021-11-09","","109 N Elm Dr","Tucson","AZ","85270","USA",""
"3369","2019-11-19","","2137 E Center St","Lehi","UT","84017","US",""
"3370","2025-02-07","","8063 S Main St","Lehi","UT","84251","US",""
"3371","2023-03-25","","5824 S Main St","El Paso","TX","77784","USA",""
"3372","2020-06-23","","2543 N Elm Dr","Flagstaff","az ","86216","US",""
"3373","2021-06-14","","1547 N Elm Dr","Provo","UT","84517","USA",""
"3374","2024-11-16","","900 W Oak Ave","Irvine","CA","90851","US",""
"3375","2022-08-01","","6497 S Main St","Henderson","nv ","89067","US",""
"3376","2024-08-01","","773 S State St","Tacoma","WA","99200","US",""
"3377","2024-03-08","","2337 S State St","Albany","NY","12300","US",""
"3378","2021-02-09","","8926 E Center St","Ogden","UT","84224","US",""
"3379","2024-06-26","","1240 W Oak Ave","Salt Lake City","UT","84104","US",""
"3380","2020-09-22","","9532 N Elm Dr","Irvine","California","91478","USA",""
"3381","2023-09-22","","8205 N Elm Dr","Boulder","CO","80755","USA",""
"3382","2022-12-26","","5976 W Oak Ave","Rochester","NY","14064","US",""
"3383","2026-04-02","","2703 N Elm Dr","Lehi","UT","84695","US",""
"3384","2023-11-04","","5265 S Main St","El Paso","TX","75792","US",""
"3385","2025-04-01","","5891 N Elm Dr","Provo","UT.","84079","US",""
"3386","2024-07-24","","9579 N Elm Dr","Tempe","az ","85488","US",""
"3387","2022-10-22","","4845 E Center St","Provo","ut ","84421","US",""
"3388","2020-06-05","","","","","","",""
"3389","2023-10-01","","6673 N Elm Dr","Salt Lake City","ut ","84592","US",""
"3390","2023-12-09","","","","","","",""
"3391","2026-05-31","","5380 S Main St","Provo","UT","84450","US",""
"3392","2021-10-30","","1437 W Oak Ave","Ogden","UT","84550","US",""
"3393","2020-05-26","","1041 W Oak Ave","Milford","de ","19778","USA",""
"3394","2026-06-22","","6102 W Oak Ave","Lehi","UT","84099","US",""
"3395","2022-08-19","","4667 S State St","Provo","Utah","84351","US",""
"3396","2020-10-18","","5189 S State St","Fresno","CA","91369","US",""
"3397","2021-06-26","","5303 E Center St","Ogden","UT","84598","USA",""
"3398","2020-06-23","","1897 Av Reforma","Montreal","QC","H6G 5B8","Canada",""
"3399","2021-12-17","","8630 W Oak Ave","Lehi","UT","84519","USA",""
"3400","2026-03-02","","7043 S State St","St. George","UT","84330","USA",""
"3401","2024-12-11","","8169 N Elm Dr","Austin","TX","75263","US",""
"3402","2020-09-06","","1819 S Main St","Irvine","CA","94664","US",""
"3403","2022-06-24","","2545 Calle Norte","Montreal","QC","M4C 3A5","Canada",""
"3404","2025-11-28","","1551 S Main St","St. George","UT","84155","US",""
"3405","2024-01-21","","9554 S State St","Dallas","TX","77268","US",""
"3406","2024-01-09","","3141 W Oak Ave","Tucson","az ","85604","US",""
"3407","2024-02-21","","9365 E Center St","Provo","UT","84301","US","2025-10-14"
"3408","2019-11-17","","8911 S State St","El Paso","TX","75118","US",""
"3409","2022-11-21","","5405 W Oak Ave","Oakland","ca ","92539","US",""
"3410","2020-07-07","","2258 S State St","San Jose","CA","94971","US",""
"3411","2025-09-20","","3567 S State St","Oakland","CA","92139","USA",""
"3412","2023-11-09","","2716 S State St","Irvine","ca ","95004","US",""
"3413","2021-07-01","2023-12-30","6293 N Elm Dr","Fresno","CA","94363","US",""
"3414","2022-07-20","","9340 S Main St","Austin","TX","77377","US",""
"3415","2024-06-18","","7573 E Center St","Sparks","NV","89366","US",""
"3416","2023-03-16","","4845 S State St","Henderson","NV","89822","US",""
"3417","2020-02-29","","1250 S Main St","Provo","ut ","84191","US",""
"3418","2025-08-19","","6254 S State St","Denver","CO","80046","US",""
"3419","2023-11-17","","4051 Calle Norte","Toronto","ON","M8J 2A7","Canada",""
"3420","2025-04-20","","5671 W Oak Ave","St. George","UT","84204","US",""
"3421","2026-04-08","","1620 W Oak Ave","Provo","ut ","84177","US",""
"3422","2020-12-26","","8450 W Oak Ave","Plano","TX","78991","USA",""
"3423","2025-08-25","","8276 S Main St","St. George","UT.","84634","US",""
"3424","2026-04-07","","9704 N Elm Dr","Lehi","UT","84785","US",""
"3425","2026-02-01","","201 E Center St","Lehi","UT","84114","US",""
"3426","2025-08-15","","7238 E Center St","Fresno","ca ","92356","US",""
"3427","2025-12-24","","4582 Av Reforma","Monterrey","NLE","59656","MX",""
"3428","2024-02-11","","673 Av Reforma","Monterrey","NLE","66214","MX",""
"3429","2025-05-05","","5588 S Main St","Sparks","NV","89782","US",""
"3430","2020-05-15","","2170 N Elm Dr","Tucson","AZ","86534","US","2026-05-23"
"3431","2020-11-17","","7341 W Oak Ave","Albany","ny ","11475","US",""
"3432","2025-01-09","","7981 W Oak Ave","Sacramento","CA","95548","US",""
"3433","2023-09-26","","5571 W Oak Ave","Seattle","WA","98030","US",""
"3434","2024-03-15","","5176 S State St","St. George","UT","84769","US",""
"3435","2024-11-24","2026-04-10","1392 W Oak Ave","Buffalo","ny ","11856","US",""
"3436","2024-10-06","","5602 N Elm Dr","Seattle","WA","99322","US",""
"3437","2024-09-28","","1664 N Elm Dr","Syracuse","NY","10605","US",""
"3438","2021-02-27","","692 S State St","Mesa","AZ","86138","US",""
"3439","2024-10-30","","7840 E Center St","Spokane","WA","98396","US","2025-12-17"
"3440","2021-06-23","","8500 S Main St","Austin","TX","79774","US",""
"3441","2020-11-25","","5105 S Main St","Pueblo","CO","80825","US",""
"3442","2020-03-10","","1585 E Center St","Flagstaff","AZ","86087","USA",""
"3443","2024-06-15","","3837 E Center St","Denver","CO","80906","US",""
"3444","2022-12-04","","1496 W Oak Ave","Syracuse","NY","11330","US","2024-10-05"
"3445","2025-11-14","","6081 S State St","Provo","UT","84385","US",""
"3446","2026-02-16","","1317 S State St","Oakland","ca ","93088","US",""
"3447","2024-05-26","","3266 S State St","Spokane","Washington","98823","US",""
"3448","2025-12-16","","6312 S State St","Phoenix","AZ","85459","US",""
"3449","2024-03-20","","5523 W Oak Ave","Fresno","CA","92715","US",""
"3450","2025-05-07","","7717 W Oak Ave","Boulder","CO","80616","USA",""
"3451","2021-10-10","","8664 S Main St","Salt Lake City","UT.","84791","US",""
"3452","2022-08-08","2024-05-14","4360 N Elm Dr","Carson City","NV","89254","USA",""
"3453","2026-05-30","","3487 S Main St","Ogden","UT","84562","USA",""
"3454","2022-08-06","","513 W Oak Ave","Flagstaff","AZ","85531","USA",""
"3455","2025-05-24","","3446 Rue Principale","Vancouver","BC","T7J 8C3","Canada",""
"3456","2024-11-26","","999 E Center St","Salt Lake City","UT","84111","US","2024-12-26"
"3457","2025-03-06","","735 S Main St","Buffalo","NY","13037","US",""
"3458","2025-11-11","","6332 S State St","Provo","UT","84407","US",""
"3459","2026-03-28","","7968 N Elm Dr","El Paso","TX.","76181","US",""
"3460","2023-04-12","","","","","","",""
"3461","2024-04-19","","9013 N Elm Dr","Houston","TX","79660","US",""
"3462","2021-03-20","","8685 N Elm Dr","Provo","UT","84333","US",""
"3463","2025-11-29","","4636 S State St","St. George","UT","84692","US",""
"3464","2025-01-24","","5717 N Elm Dr","St. George","UT","84434","US",""
"3465","2025-12-27","","5371 N Elm Dr","Syracuse","NY","12899","USA",""
"3466","2022-12-24","","4920 S State St","Smyrna","DE","19953","US",""
"3467","2020-05-30","","8062 N Elm Dr","Sacramento","CA.","91148","US",""
"3468","2022-05-28","","2921 N Elm Dr","St. George","UT.","84037","US",""
"3469","2020-05-22","","2329 S Main St","Boulder","CO","81264","US",""
"3470","2023-01-27","","4451 S State St","Salt Lake City","UT","84288","US",""
"3471","2023-06-23","","2593 S State St","San Jose","CA","90283","USA",""
"3472","2024-01-02","","7870 S State St","Austin","tx ","76548","US",""
"3473","2025-02-20","","2696 N Elm Dr","Provo","UT","84487","US",""
"3474","2024-06-23","","560 E Center St","Phoenix","AZ","86227","USA",""
"3475","2024-09-08","","","","","","",""
"3476","2021-05-08","","5412 N Elm Dr","Salt Lake City","UT","84482","US",""
"3477","2023-12-06","","1688 S Main St","Phoenix","AZ","86525","US",""
"3478","2025-03-13","","6678 E Center St","Mesa","AZ","86382","US",""
"3479","2023-10-08","2025-02-26","1937 W Oak Ave","Austin","TX","77739","US",""
"3480","2026-05-28","","6298 N Elm Dr","Las Vegas","Nevada","89791","US",""
"3481","2021-12-09","","3421 S State St","St. George","UT","84131","US",""
"3482","2024-10-14","","6142 S State St","St. George","UT","84421","US",""
"3483","2025-10-20","","6352 W Oak Ave","Aurora","CO","80354","US",""
"3484","2025-05-31","","6755 S Main St","Sacramento","CA","91376","US",""
"3485","2021-12-18","","7621 N Elm Dr","Lehi","UT","84123","US",""
"3486","2025-12-12","","5581 W Oak Ave","Bellevue","WA","99253","US",""
"3487","2025-10-05","","2135 E Center St","Boulder","CO","80723","US",""
"3488","2023-04-19","","1067 N Elm Dr","Austin","TX","79024","USA",""
"3489","2024-09-30","","3517 S Main St","San Jose","CA","96017","USA",""
"3490","2024-08-03","","1825 Calle Norte","Vancouver","BC","H2E 6J9","CA",""
"3491","2022-02-27","","9069 N Elm Dr","Ogden","UT","84662","US",""
"3492","2025-09-24","","8847 E Center St","Salt Lake City","UT","84141","USA",""
"3493","2025-07-07","","3137 E Center St","Austin","TX","77477","US",""
"3494","2023-10-08","","7567 N Elm Dr","Newark","DE","19867","US",""
"3495","2023-12-03","","1377 S State St","Ogden","UT","84680","US",""
"3496","2025-05-21","","9492 S Main St","Salt Lake City","Utah","84151","US",""
"3497","2025-06-16","","7718 N Elm Dr","Houston","TX","79769","US",""
"3498","2021-08-22","","1111 E Center St","Reno","NV","89605","USA",""
"3499","2024-03-17","2024-08-29","5325 N Elm Dr","Tacoma","WA","99273","USA",""
"3500","2024-04-28","","532 S Main St","Dover","DE","19837","US",""
"3501","2023-11-25","","6776 W Oak Ave","Sacramento","CA","95619","US",""
"3502","2025-08-07","","9264 E Center St","Tucson","AZ","86060","US",""
"3503","2024-08-22","","7718 S State St","Rochester","NY","13772","US",""
"3504","2024-07-17","","9123 S State St","Provo","Utah","84242","US",""
"3505","2025-01-21","","7661 N Elm Dr","Lehi","UT","84082","US",""
"3506","2023-04-06","2025-01-10","2727 S State St","Albany","NY.","14768","USA",""
"3507","2020-12-19","","79 N Elm Dr","Plano","TX","78776","US",""
"3508","2026-02-19","","2923 N Elm Dr","Plano","TX","75817","US",""
"3509","2024-01-04","","3208 W Oak Ave","Plano","TX","76982","US","2026-05-26"
"3510","2025-04-30","","9216 N Elm Dr","Aurora","CO","80360","USA",""
"3511","2025-08-13","","62 E Center St","Syracuse","NY","14688","US",""
"3512","2024-03-26","","4697 E Center St","Sacramento","CA","96095","USA",""
"3513","2019-09-22","","8054 N Elm Dr","Sparks","NV","89514","US",""
"3514","2025-09-24","","3889 N Elm Dr","Lehi","UT.","84186","US",""
"3515","2023-01-17","","9350 N Elm Dr","Pueblo","CO","81587","USA","2024-05-12"
"3516","2024-08-10","","4529 S Main St","Tacoma","WA","98179","US",""
"3517","2021-05-10","","9256 E Center St","Aurora","CO","80206","US",""
"3518","2021-06-25","","5068 W Oak Ave","San Jose","CA","92098","US",""
"3519","2024-01-21","","6546 E Center St","El Paso","TX","75733","USA",""
"3520","2025-04-07","","8791 N Elm Dr","Provo","UT","84083","USA",""
"3521","2023-02-20","","9633 S Main St","Provo","UT","84042","US",""
"3522","2020-12-02","","3248 S State St","Spokane","WA","98436","US",""
"3523","2025-01-29","","4429 S State St","St. George","UT","84324","USA",""
"3524","2022-01-24","","2617 W Oak Ave","Lehi","Utah","84567","US",""
"3525","2021-01-16","","","","","","",""
"3526","2023-03-18","","960 S State St","Salt Lake City","UT","84143","US",""
"3527","2020-12-23","","7249 S State St","Ogden","UT","84297","US",""
"3528","2024-05-28","","2739 W Oak Ave","Plano","TX","78203","US",""
"3529","2022-03-12","","3664 E Center St","Boulder","CO","80284","US",""
"3530","2022-09-04","","4847 W Oak Ave","Tacoma","WA","99335","US",""
"3531","2025-08-17","","8852 W Oak Ave","Reno","NV","89252","USA",""
"3532","2022-09-19","","2439 W Oak Ave","Milford","DE","19852","USA",""
"3533","2024-01-31","","9458 S State St","Sacramento","CA","91054","US",""
"3534","2023-09-07","","4902 S State St","Lehi","ut ","84148","USA",""
"3535","2022-12-02","","92 S Main St","Buffalo","NY","13256","USA",""
"3536","2022-01-22","","611 E Center St","Salt Lake City","UT","84772","US",""
"3537","2026-04-20","","8958 W Oak Ave","Dallas","TX","77909","US",""
"3538","2025-06-26","","883 E Center St","Sacramento","CA","95902","US",""
"3539","2021-03-29","","4021 S Main St","Ogden","UT","84458","US",""
"3540","2024-02-19","","8482 N Elm Dr","El Paso","TX","79890","US",""
"3541","2023-12-23","","2004 S Main St","Spokane","wa ","98333","US","2025-01-05"
"3542","2024-04-06","","1456 N Elm Dr","Olympia","WA","99161","US",""
"3543","2024-07-26","","4614 W Oak Ave","Ogden","UT","84489","US",""
"3544","2024-08-30","","7737 S State St","Ogden","UT","84233","US",""
"3545","2026-03-24","","4044 S Main St","Ogden","UT","84296","US",""
"3546","2021-05-09","","5286 N Elm Dr","Fresno","CA","90459","USA",""
"3547","2021-02-10","2023-06-01","7309 S State St","Rochester","NY","12270","US",""
"3548","2023-12-07","","4610 S State St","Phoenix","AZ","85830","USA",""
"3549","2022-01-14","","4751 S State St","Albany","New York","12234","USA",""
"3550","2022-06-29","","5474 S Main St","Buffalo","NY","10581","US",""
"3551","2024-04-25","","9551 E Center St","Dallas","TX","78270","USA",""
"3552","2025-03-18","","767 N Elm Dr","Dallas","Texas","75724","US",""
"3553","2025-12-18","","7130 E Center St","Sacramento","ca ","95397","USA",""
"3554","2025-09-17","","4031 E Center St","Fresno","CA","90230","US",""
"3555","2023-04-16","","3608 E Center St","Rochester","NY","10270","USA","2026-02-21"
"3556","2021-09-12","","411 E Center St","Plano","TX","79714","US","2022-09-28"
"3557","2026-06-23","","49 E Center St","Fresno","CA","90064","USA",""
"3558","2024-11-05","","9433 W Oak Ave","Mesa","AZ","85519","US",""
"3559","2024-06-01","","3675 E Center St","Albany","ny ","13595","US",""
"3560","2023-08-19","","2881 N Elm Dr","St. George","UT","84057","USA",""
"3561","2026-02-20","","7185 W Oak Ave","Pueblo","CO","80466","US",""
"3562","2025-03-02","","511 W Oak Ave","San Jose","CA","91128","USA",""
"3563","2023-04-18","","5849 S State St","Salt Lake City","ut ","84637","US",""
"3564","2025-03-07","","8926 W Oak Ave","Sacramento","CA","92844","US",""
"3565","2025-10-04","","1221 S Main St","Dallas","TX","78719","US",""
"3566","2024-06-02","","1850 W Oak Ave","Houston","TX","79755","US",""
"3567","2022-03-13","","2425 S Main St","Pueblo","CO","80226","USA",""
"3568","2023-10-11","","","","","","",""
"3569","2022-05-01","","1260 S Main St","Spokane","wa ","99316","US",""
"3570","2026-06-12","","9569 S Main St","San Jose","CA","94614","US",""
"3571","2026-03-11","","8035 E Center St","Smyrna","DE","19731","US",""
"3572","2022-07-03","","3834 S Main St","St. George","Utah","84410","USA",""
"3573","2021-01-27","","841 W Oak Ave","San Jose","CA","90151","US",""
"3574","2022-10-11","","6402 N Elm Dr","Provo","Utah","84162","US",""
"3575","2025-11-01","","3986 E Center St","Bellevue","WA","99325","USA",""
"3576","2025-10-16","","5178 S State St","San Jose","CA","92356","USA",""
"3577","2024-04-23","","1787 W Oak Ave","Lehi","ut ","84776","US",""
"3578","2021-08-06","","50 W Oak Ave","San Jose","CA","93265","US",""
"3579","2025-11-18","","6682 W Oak Ave","Ogden","UT","84415","US",""
"3580","2026-03-19","","5411 W Oak Ave","Provo","UT","84064","US",""
"3581","2025-05-23","","9556 W Oak Ave","Houston","TX","75408","USA",""
"3582","2025-10-28","","4062 S Main St","Ogden","UT","84753","US",""
"3583","2023-06-11","","4918 E Center St","Lehi","UT","84217","US",""
"3584","2025-06-20","","3695 N Elm Dr","Fresno","CA","91338","US",""
"3585","2026-02-19","","4646 N Elm Dr","San Jose","CA","90589","USA",""
"3586","2019-05-10","","3117 S State St","Sacramento","California","92058","US",""
"3587","2023-09-15","","1794 W Oak Ave","San Jose","CA","92520","US",""
"3588","2023-08-11","","2356 S Main St","Lehi","UT","84092","US",""
"3589","2025-07-24","","608 S Main St","Olympia","WA","99328","US",""
"3590","2022-07-15","","1872 E Center St","Provo","UT","84138","US",""
"3591","2022-06-19","","4000 S Main St","Irvine","CA","92072","US",""
"3592","2024-12-06","","4961 N Elm Dr","Austin","TX","75767","US",""
"3593","2023-02-27","","9274 E Center St","Flagstaff","AZ","85653","US",""
"3594","2025-07-22","","3667 N Elm Dr","Rochester","New York","13893","US",""
"3595","2023-04-02","","5565 S Main St","Dallas","Texas","75093","US",""
"3596","2020-08-20","","428 Av Reforma","Vancouver","BC","T5G 8E1","Canada",""
"3597","2023-10-13","","","","","","",""
"3598","2021-09-08","","742 S Main St","Salt Lake City","UT","84690","US",""
"3599","2025-08-02","","1469 N Elm Dr","Fort Collins","CO","80848","US",""
"3600","2024-06-04","","3208 S Main St","St. George","UT","84162","USA",""
"3601","2021-04-10","","9459 S Main St","Boulder","CO","80760","US",""
"3602","2026-05-27","","2060 W Oak Ave","St. George","UT","84134","US",""
"3603","2023-04-27","","2371 S State St","Provo","ut ","84178","USA",""
"3604","2023-03-28","","1030 N Elm Dr","Fort Collins","CO","81332","USA",""
"3605","2024-09-08","","1591 S State St","Tempe","AZ","85228","US",""
"3606","2023-04-24","","4018 E Center St","Provo","UT","84564","US",""
"3607","2024-07-30","","121 W Oak Ave","Smyrna","DE","19751","USA",""
"3608","2021-10-06","","2828 N Elm Dr","Sacramento","CA","95652","US",""
"3609","2024-10-18","","4733 W Oak Ave","Plano","TX","77765","US",""
"3610","2023-09-13","","2137 E Center St","Lehi","UT","84708","US",""
"3611","2023-07-01","","7278 S Main St","St. George","UT","84592","US",""
"3612","2022-10-17","","7942 W Oak Ave","Lehi","UT","84637","USA",""
"3613","2025-07-17","","9283 N Elm Dr","Austin","TX","76114","US",""
"3614","2026-02-21","","9795 S Main St","Tucson","AZ","86192","US",""
"3615","2023-07-27","","4072 S State St","Provo","UT.","84670","US",""
"3616","2020-08-19","","9068 E Center St","Las Vegas","NV","89269","US",""
"3617","2025-11-29","","9797 N Elm Dr","Rochester","New York","13669","US",""
"3618","2025-05-10","","1129 S State St","Provo","ut ","84780","US",""
"3619","2025-06-28","","7172 N Elm Dr","Austin","TX","78078","US",""
"3620","2023-01-27","","1689 W Oak Ave","Wilmington","de ","19752","USA",""
"3621","2024-02-17","","1254 King St","Toronto","ON","V7B 2B9","CA",""
"3622","2025-01-22","","9155 W Oak Ave","Phoenix","AZ","86039","USA",""
"3623","2021-04-30","","7453 N Elm Dr","Salt Lake City","UT","84482","US",""
"3624","2023-03-18","","9507 S State St","Sacramento","CA","92520","USA",""
"3625","2023-10-10","","","","","","",""
"3626","2023-09-10","","3984 S State St","Dallas","TX","79271","USA",""
"3627","2026-06-25","","910 S State St","Fresno","CA","91235","US",""
"3628","2024-12-20","","5396 S State St","Houston","TX","79178","US",""
"3629","2020-11-23","","5367 S Main St","Houston","TX","76865","US",""
"3630","2025-12-07","","2690 E Center St","Oakland","ca ","95463","US",""
"3631","2023-05-28","","2814 S Main St","Houston","TX","77158","USA",""
"3632","2025-03-03","","1089 S Main St","Mesa","AZ","85884","US",""
"3633","2022-06-21","","244 N Elm Dr","Irvine","CA","93596","USA",""
"3634","2023-07-18","","9324 S State St","Ogden","UT","84526","US",""
"3635","2025-08-21","","1907 S Main St","Aurora","CO","81384","US",""
"3636","2024-01-19","","2356 S State St","El Paso","TX","79020","US",""
"3637","2023-08-03","","269 S Main St","Aurora","CO","80093","US",""
"3638","2023-03-12","","4014 W Oak Ave","Provo","UT","84574","US",""
"3639","2023-09-19","","2314 King St","Guadalajara","JAL","52850","MX",""
"3640","2025-01-12","","4458 E Center St","Denver","co ","81303","USA",""
"3641","2024-08-09","","9630 S State St","Austin","TX","77614","US",""
"3642","2021-07-01","","1737 E Center St","Houston","tx ","79719","US",""
"3643","2023-02-06","","1279 W Oak Ave","El Paso","TX","75011","US",""
"3644","2024-08-02","","2399 N Elm Dr","Austin","TX","75419","US",""
"3645","2024-02-14","","6832 S Main St","Lehi","UT","84502","US",""
"3646","2022-10-04","","1921 S State St","Irvine","CA","91538","US",""
"3647","2022-08-28","","7458 S State St","Oakland","CA","93121","US",""
"3648","2020-07-01","","3907 N Elm Dr","Salt Lake City","UT","84234","US",""
"3649","2022-06-07","","2127 S Main St","Spokane","WA","98091","US",""
"3650","2020-12-21","","1219 N Elm Dr","Fresno","CA","91641","USA",""
"3651","2019-09-28","","2595 E Center St","Denver","CO","80583","US",""
"3652","2025-12-28","","1412 W Oak Ave","Syracuse","ny ","14152","US",""
"3653","2025-09-04","","9310 E Center St","Fort Collins","co ","80401","US",""
"3654","2024-11-25","","1073 W Oak Ave","Spokane","WA","98253","USA",""
"3655","2025-09-11","","3631 W Oak Ave","Flagstaff","AZ","85405","USA",""
"3656","2022-12-20","","8564 S Main St","Denver","CO","80509","US","2024-05-15"
"3657","2024-07-12","","5441 S State St","Salt Lake City","ut ","84361","US",""
"3658","2021-01-31","","6570 S Main St","Houston","TX","78931","US",""
"3659","2023-03-31","","3395 S State St","Provo","UT","84255","USA",""
"3660","2020-08-17","","","","","","",""
"3661","2023-04-17","","4795 E Center St","Henderson","NV","89333","USA",""
"3662","2023-12-27","","9111 N Elm Dr","Sacramento","ca ","92385","US",""
"3663","2026-02-26","","7971 W Oak Ave","Lehi","UT","84127","US",""
"3664","2023-11-16","","492 N Elm Dr","Lehi","ut ","84020","US",""
"3665","2025-08-28","","287 S State St","Seattle","WA","99245","USA",""
"3666","2022-05-22","","6289 N Elm Dr","Aurora","CO","81254","US",""
"3667","2025-04-19","","2770 S Main St","St. George","UT","84028","USA",""
"3668","2024-01-08","","9295 S Main St","Salt Lake City","UT","84783","US",""
"3669","2024-06-14","","9693 N Elm Dr","Houston","Texas","78914","USA",""
"3670","2024-01-01","","7662 S State St","Ogden","UT","84646","US",""
"3671","2023-11-15","","520 S State St","Seattle","WA","98127","USA","2025-11-21"
"3672","2024-02-15","","6371 S Main St","Dallas","TX","77839","USA","2025-03-18"
"3673","2024-09-05","","3802 E Center St","San Jose","California","91588","US",""
"3674","2026-05-20","","5510 N Elm Dr","Flagstaff","AZ","85891","US",""
"3675","2023-03-26","","263 S Main St","Tucson","AZ","85233","USA",""
"3676","2022-05-27","2023-04-27","5194 W Oak Ave","San Jose","ca ","96016","USA",""
"3677","2025-11-27","","","","","","",""
"3678","2022-12-02","","8131 W Oak Ave","Phoenix","AZ","85133","US",""
"3679","2024-09-15","","3730 E Center St","Sacramento","CA.","90530","USA",""
"3680","2025-05-29","","7055 E Center St","Austin","TX","79828","USA",""
"3681","2023-05-30","","6937 E Center St","Oakland","ca ","92170","US",""
"3682","2025-11-12","","2148 E Center St","Provo","UT","84254","USA",""
"3683","2022-07-27","","8855 W Oak Ave","Lehi","UT","84181","US","2023-11-20"
"3684","2024-12-14","","5975 E Center St","Mesa","AZ","85292","US",""
"3685","2025-07-09","","6142 N Elm Dr","Provo","UT","84041","US",""
"3686","2020-04-19","","7292 E Center St","St. George","UT","84120","US",""
"3687","2025-12-04","","8061 S State St","Tacoma","WA","98003","USA",""
"3688","2025-04-06","","8529 S State St","San Jose","ca ","93208","US",""
"3689","2026-02-12","","162 E Center St","Salt Lake City","UT","84710","US",""
"3690","2024-04-23","","7069 N Elm Dr","Syracuse","NY","13304","US",""
"3691","2026-03-13","","6296 S Main St","El Paso","TX","78391","USA",""
"3692","2026-04-11","","9334 W Oak Ave","Fresno","CA","92130","USA",""
"3693","2023-11-25","","1880 S Main St","Carson City","Nevada","89818","US",""
"3694","2019-11-13","","5544 W Oak Ave","Boulder","CO","81104","US",""
"3695","2021-03-31","","2048 N Elm Dr","Fort Collins","CO","80149","US",""
"3696","2022-09-03","","1663 E Center St","Provo","Utah","84334","US",""
"3697","2023-08-22","","1204 N Elm Dr","St. George","UT","84169","US",""
"3698","2021-11-08","","8410 N Elm Dr","Fresno","CA","96136","US","2024-01-11"
"3699","2026-03-15","","765 E Center St","Austin","TX","78526","US",""
"3700","2023-08-07","","5822 W Oak Ave","Dallas","TX","78142","USA",""
"3701","2024-10-31","","5794 S State St","Bellevue","WA","99292","US",""
"3702","2022-06-06","","6634 N Elm Dr","Oakland","CA","90957","USA",""
"3703","2024-11-03","","8131 N Elm Dr","Oakland","CA.","94437","USA","2025-02-05"
"3704","2020-08-25","","2844 E Center St","El Paso","TX","78579","USA",""
"3705","2021-11-22","","2754 S State St","St. George","Utah","84013","US",""
"3706","2024-08-18","","9217 W Oak Ave","St. George","UT","84599","US",""
"3707","2024-01-16","","2876 E Center St","Salt Lake City","UT","84703","US",""
"3708","2025-05-18","","363 S State St","Fresno","CA","95842","US",""
"3709","2024-08-06","","9001 N Elm Dr","Carson City","nv ","89392","US",""
"3710","2024-06-25","","4905 W Oak Ave","Lehi","ut ","84334","US",""
"3711","2020-06-14","","3242 S State St","Flagstaff","AZ","85915","US","2025-09-04"
"3712","2020-06-23","","6639 S State St","Seattle","WA","99322","US",""
"3713","2024-10-01","","2196 S Main St","Tucson","az ","86125","US",""
"3714","2021-01-21","","5999 S State St","Irvine","CA","95682","US",""
"3715","2023-11-09","","1585 E Center St","Salt Lake City","UT","84638","US",""
"3716","2023-01-13","","6112 N Elm Dr","Sacramento","CA","92004","US",""
"3717","2023-12-19","","3520 S Main St","Salt Lake City","UT","84533","US",""
"3718","2024-12-22","","2895 S Main St","Tacoma","WA","98109","US",""
"3719","2021-09-08","","3637 W Oak Ave","St. George","ut ","84589","US",""
"3720","2024-06-30","","2889 N Elm Dr","Phoenix","Arizona","85861","US",""
"3721","2021-02-14","","1325 S State St","Syracuse","NY","14791","US",""
"3722","2022-01-10","","8282 E Center St","Irvine","CA","90690","USA",""
"3723","2022-02-17","","1599 S State St","Denver","Colorado","81551","US",""
"3724","2024-06-04","","1459 E Center St","Aurora","CO","80275","US",""
"3725","2026-04-30","","5417 S State St","San Jose","CA","95691","US",""
"3726","2019-03-07","","157 E Center St","Flagstaff","AZ","85928","US",""
"3727","2022-06-07","","2646 W Oak Ave","Provo","UT","84195","USA",""
"3728","2021-06-11","","285 S Main St","Milford","DE","19783","US",""
"3729","2025-09-29","","3884 W Oak Ave","Sacramento","CA","92807","US",""
"3730","2020-10-12","","4570 E Center St","Fresno","California","92303","US",""
"3731","2023-10-02","","126 N Elm Dr","San Jose","CA","90648","US",""
"3732","2024-11-09","","4706 Av Reforma","Ciudad de Mexico","CMX","80353","MX",""
"3733","2023-06-19","","1002 S State St","Flagstaff","AZ","85002","US",""
"3734","2025-02-01","","2879 W Oak Ave","Seattle","WA.","98681","USA",""
"3735","2025-03-01","","4536 S Main St","Boulder","CO.","80440","US",""
"3736","2025-09-20","","1359 E Center St","Pueblo","CO","80348","US",""
"3737","2024-12-26","","5772 N Elm Dr","Fort Collins","CO","81594","US",""
"3738","2024-08-26","","683 S Main St","Albany","NY","12974","US",""
"3739","2020-10-20","2021-12-23","5531 S Main St","Plano","TX","77370","US",""
"3740","2022-06-11","","6729 N Elm Dr","Pueblo","co ","80351","US",""
"3741","2022-02-17","","7699 S Main St","Lehi","UT","84628","US",""
"3742","2022-03-13","","6909 N Elm Dr","Sparks","NV","89218","US",""
"3743","2025-06-03","","1815 S State St","Phoenix","AZ","85674","US",""
"3744","2024-09-26","","200 E Center St","Flagstaff","AZ","86099","US",""
"3745","2024-06-16","","7391 N Elm Dr","Henderson","NV","89249","USA",""
"3746","2024-02-07","","8939 N Elm Dr","Smyrna","DE","19749","US",""
"3747","2025-10-23","","5833 S State St","Houston","TX","76605","US",""
"3748","2026-05-14","","739 W Oak Ave","Plano","TX","79137","US",""
"3749","2025-01-10","","","","","","",""
"3750","2021-12-07","","2973 E Center St","Salt Lake City","Utah","84526","US",""
"3751","2026-02-23","","870 S Main St","Tempe","AZ","85359","USA",""
"3752","2024-08-18","","6795 S Main St","Salt Lake City","UT","84297","US",""
"3753","2020-07-11","","2537 S Main St","Dallas","tx ","78494","USA",""
"3754","2023-05-17","","6445 S State St","St. George","UT","84056","US",""
"3755","2022-10-07","","2379 E Center St","Houston","TX","77678","US",""
"3756","2022-06-30","","5789 W Oak Ave","Tempe","AZ","86215","US",""
"3757","2025-09-07","","9773 N Elm Dr","El Paso","Texas","76230","US",""
"3758","2024-07-09","","4437 N Elm Dr","Ogden","UT","84477","US",""
"3759","2023-07-15","","3341 S Main St","Tacoma","wa ","98056","US",""
"3760","2025-08-03","","1695 S Main St","Boulder","CO","80340","US",""
"3761","2025-07-01","","1960 E Center St","Seattle","wa ","98931","US",""
"3762","2019-12-17","","2831 S State St","Salt Lake City","UT","84026","US",""
"3763","2025-10-08","","5636 S State St","Spokane","WA","98939","US",""
"3764","2020-03-08","","6169 W Oak Ave","Fort Collins","CO","80197","US",""
"3765","2025-09-09","","9358 E Center St","Fort Collins","CO","80252","US",""
"3766","2024-02-04","","","","","","",""
"3767","2023-01-15","","1281 E Center St","El Paso","TX","77143","US","2024-07-22"
"3768","2023-04-21","","8285 W Oak Ave","Provo","ut ","84327","US",""
"3769","2022-01-24","","2790 S State St","Salt Lake City","UT","84406","USA",""
"3770","2025-05-15","","4035 N Elm Dr","Denver","CO","80420","US",""
"3771","2025-07-24","","583 S Main St","Boulder","Colorado","80291","US",""
"3772","2023-06-14","","2983 N Elm Dr","Mesa","az ","85479","US",""
"3773","2025-03-05","","1825 W Oak Ave","Albany","New York","12545","US",""
"3774","2022-06-26","","838 N Elm Dr","Henderson","NV","89670","USA",""
"3775","2022-07-25","2023-07-17","","","","","",""
"3776","2023-06-14","","6763 S State St","Olympia","WA","99051","US",""
"3777","2024-01-24","","6526 S State St","Phoenix","AZ","85854","US",""
"3778","2022-07-23","","1074 S Main St","Tempe","AZ","85800","USA",""
"3779","2022-03-28","","","","","","",""
"3780","2026-05-09","","7710 S Main St","Lehi","Utah","84614","US",""
"3781","2023-07-05","","8877 N Elm Dr","Salt Lake City","UT","84756","US",""
"3782","2023-03-25","","9188 S State St","Irvine","CA","90256","US",""
"3783","2026-03-01","","7122 E Center St","Sacramento","CA","92556","US",""
"3784","2022-04-24","","641 W Oak Ave","Denver","Colorado","80931","US",""
"3785","2022-01-09","","2229 W Oak Ave","Lehi","UT","84610","US",""
"3786","2023-05-23","","3939 E Center St","Sparks","nv ","89780","USA",""
"3787","2024-03-11","","5725 W Oak Ave","Ogden","UT","84252","USA",""
"3788","2025-08-15","","2086 S Main St","St. George","UT","84073","US",""
"3789","2023-10-19","","305 S Main St","Austin","Texas","76421","US",""
"3790","2026-04-24","","5023 S State St","Henderson","NV","89090","US",""
"3791","2022-11-06","","8534 E Center St","Pueblo","CO","80471","US",""
"3792","2021-01-19","","6185 W Oak Ave","Fresno","CA","96143","US",""
"3793","2021-03-01","","9079 W Oak Ave","El Paso","TX","78139","USA",""
"3794","2024-07-24","","53 Av Reforma","Vancouver","BC","V3H 9E4","Canada",""
"3795","2020-08-08","","5656 S Main St","Bellevue","WA","98279","US",""
"3796","2025-09-27","","","","","","",""
"3797","2025-06-11","","5657 N Elm Dr","El Paso","TX","78224","US",""
"3798","2024-02-27","","8067 S Main St","Oakland","CA.","93801","US","2025-05-24"
"3799","2020-01-05","","3568 W Oak Ave","Bellevue","WA","99210","USA",""
"3800","2021-11-17","","7672 S State St","Spokane","WA","98271","USA",""
"3801","2019-12-22","","606 S Main St","Ogden","UT","84280","US",""
"3802","2023-07-06","","9742 S State St","Wilmington","DE.","19754","US",""
"3803","2022-04-29","","5625 S Main St","Rochester","NY","12854","USA",""
"3804","2022-10-01","","109 W Oak Ave","Fort Collins","CO","80619","US",""
"3805","2022-08-30","","1591 W Oak Ave","Tacoma","WA","99168","US",""
"3806","2020-11-24","","1562 W Oak Ave","Provo","ut ","84317","US",""
"3807","2024-12-13","","8456 N Elm Dr","Austin","tx ","75151","US",""
"3808","2025-04-09","","49 S State St","Henderson","nv ","89215","US",""
"3809","2023-08-10","","","","","","",""
"3810","2022-04-23","","7278 W Oak Ave","Flagstaff","AZ","85428","US","2022-08-25"
"3811","2024-05-24","","7300 N Elm Dr","Ogden","UT","84084","US",""
"3812","2022-05-16","","3809 N Elm Dr","El Paso","TX","76490","USA",""
"3813","2024-11-14","","7488 S Main St","Denver","CO","81304","USA",""
"3814","2021-10-10","","517 E Center St","Irvine","CA","90192","USA","2025-08-02"
"3815","2026-06-23","","8216 W Oak Ave","Irvine","CA","92197","US",""
"3816","2025-06-17","","8504 S Main St","Boulder","CO","80046","US",""
"3817","2024-06-13","","9218 W Oak Ave","St. George","UT","84342","US",""
"3818","2024-12-19","","687 W Oak Ave","Aurora","CO.","81024","USA",""
"3819","2022-04-24","","3459 S Main St","Fort Collins","Colorado","80670","US",""
"3820","2023-03-17","","2088 N Elm Dr","Provo","ut ","84014","US",""
"3821","2023-09-20","","8457 N Elm Dr","El Paso","TX","75994","US",""
"3822","2024-09-12","","7192 S Main St","Ogden","UT","84133","US",""
"3823","2022-07-26","","9042 N Elm Dr","Oakland","CA","93504","US",""
"3824","2021-09-24","","1148 Av Reforma","Calgary","AB","V7C 7C2","CA","2025-03-07"
"3825","2021-05-30","","6027 S State St","Irvine","CA","96057","US",""
"3826","2022-02-16","","3593 S Main St","Salt Lake City","ut ","84439","US",""
"3827","2025-05-15","","6271 N Elm Dr","Dallas","Texas","78628","US",""
"3828","2022-10-14","","","","","","",""
"3829","2021-09-23","","2765 W Oak Ave","Las Vegas","NV","89382","US",""
"3830","2026-03-19","","1628 N Elm Dr","Tacoma","wa ","98022","US",""
"3831","2023-06-24","","5327 S State St","Fresno","CA","94990","US",""
"3832","2020-07-18","","9025 N Elm Dr","Austin","tx ","76176","US",""
"3833","2026-02-15","","6910 S Main St","Salt Lake City","UT","84196","US",""
"3834","2019-08-08","","9676 E Center St","El Paso","TX","79291","US",""
"3835","2023-07-23","","6553 N Elm Dr","Albany","NY","12854","US",""
"3836","2025-07-07","","7551 S State St","St. George","ut ","84299","US",""
"3837","2020-02-06","","601 W Oak Ave","Dallas","TX","77558","USA",""
"3838","2026-01-29","","7098 N Elm Dr","Mesa","AZ","85012","US",""
"3839","2021-01-29","","1261 W Oak Ave","Ogden","UT","84463","US",""
"3840","2025-09-27","","6919 E Center St","Salt Lake City","UT","84462","USA",""
"3841","2023-04-24","","5104 N Elm Dr","Reno","nv ","89679","US",""
"3842","2025-01-09","","5250 N Elm Dr","Provo","ut ","84467","US","2025-06-14"
"3843","2023-08-27","","9097 W Oak Ave","Salt Lake City","UT","84012","US",""
"3844","2023-09-11","","5561 S State St","Tacoma","WA","98696","US",""
"3845","2020-06-02","","9439 S State St","Albany","New York","12758","US",""
"3846","2021-03-22","","1676 S State St","Austin","TX.","78519","USA",""
"3847","2022-10-10","","3314 N Elm Dr","Irvine","California","91613","USA","2023-08-21"
"3848","2021-05-29","","9560 E Center St","Flagstaff","az ","86084","US","2025-05-22"
"3849","2024-10-09","","23 S Main St","Provo","UT","84362","US",""
"3850","2026-05-31","","4781 S State St","St. George","UT","84335","US",""
"3851","2026-06-07","","5227 S State St","Irvine","CA","95177","USA",""
"3852","2026-02-24","","8125 S Main St","Plano","Texas","78781","US",""
"3853","2025-07-10","","4562 E Center St","St. George","Utah","84655","US",""
"3854","2025-10-20","","9637 N Elm Dr","Syracuse","New York","12990","US",""
"3855","2025-04-17","","5971 S Main St","Austin","TX","76768","US",""
"3856","2023-07-25","","4466 W Oak Ave","Provo","UT","84186","US",""
"3857","2020-03-21","","5121 S Main St","Oakland","CA","94655","US",""
"3858","2024-12-29","","4891 N Elm Dr","Boulder","CO","81351","USA",""
"3859","2023-12-26","","1546 Rue Principale","Calgary","AB","M9B 3C3","Canada",""
"3860","2022-05-22","","5222 S State St","Ogden","UT","84396","US",""
"3861","2026-05-30","","2424 W Oak Ave","Provo","UT","84583","US",""
"3862","2020-09-10","","8761 W Oak Ave","Irvine","ca ","96072","USA",""
"3863","2024-11-17","","5766 S State St","Lehi","UT","84391","US",""
"3864","2020-10-31","","7877 W Oak Ave","Irvine","CA","90250","USA",""
"3865","2022-02-26","","8840 W Oak Ave","Spokane","WA","99011","US",""
"3866","2024-05-16","","2998 W Oak Ave","Wilmington","DE","19916","US",""
"3867","2023-07-23","","7127 E Center St","Carson City","Nevada","89767","US",""
"3868","2022-11-10","","1219 N Elm Dr","Austin","TX","77941","USA",""
"3869","2026-03-10","","3397 S Main St","Fresno","CA","93017","US",""
"3870","2019-06-16","","5800 E Center St","Provo","UT","84740","US",""
"3871","2024-03-29","","8044 E Center St","Pueblo","CO.","80009","USA",""
"3872","2026-03-16","","3277 S State St","Phoenix","az ","85794","US",""
"3873","2023-02-28","","2417 S State St","Tacoma","WA","98706","US",""
"3874","2022-12-17","","9480 N Elm Dr","Lehi","UT.","84755","US",""
"3875","2023-12-30","2025-01-02","1366 Rue Principale","Montreal","QC","V6J 9G8","CA",""
"3876","2025-05-27","","2253 S State St","Phoenix","AZ","85040","US",""
"3877","2025-07-24","","6871 E Center St","Houston","tx ","75146","USA",""
"3878","2025-12-30","","923 S State St","Dover","DE","19848","US",""
"3879","2022-01-06","","5147 N Elm Dr","Fresno","CA","90269","US",""
"3880","2024-08-19","","9401 S Main St","San Jose","California","90499","US",""
"3881","2026-06-11","","","","","","",""
"3882","2023-09-17","","5281 S State St","Salt Lake City","UT","84169","US",""
"3883","2021-07-01","","5889 E Center St","Fresno","CA","94501","US",""
"3884","2025-03-12","","2210 W Oak Ave","Salt Lake City","UT","84582","US",""
"3885","2022-09-16","","6658 S State St","Oakland","CA","95193","USA","2023-11-19"
"3886","2020-09-22","","1929 E Center St","Salt Lake City","UT","84261","US",""
"3887","2026-04-17","","","","","","",""
"3888","2024-03-17","","5435 W Oak Ave","Sacramento","CA","91528","US",""
"3889","2023-08-01","","8639 W Oak Ave","Fresno","ca ","90868","USA",""
"3890","2021-07-10","","8943 S Main St","Salt Lake City","UT","84261","US",""
"3891","2024-05-07","","7292 N Elm Dr","Sparks","NV","89621","USA",""
"3892","2019-06-15","","9389 E Center St","Salt Lake City","UT","84713","US","2023-06-10"
"3893","2024-09-18","","2955 S State St","Dallas","TX.","76952","US",""
"3894","2022-10-28","","4636 E Center St","San Jose","CA","93402","US",""
"3895","2021-04-24","","2193 W Oak Ave","Lehi","UT","84624","US",""
"3896","2021-04-07","","3472 S Main St","Ogden","UT","84458","US",""
"3897","2023-12-11","","1835 E Center St","Pueblo","CO","81006","US",""
"3898","2025-03-13","","5686 E Center St","Salt Lake City","UT","84161","US",""
"3899","2026-01-29","","2379 E Center St","Flagstaff","AZ","86044","US",""
"3900","2021-03-29","","6157 N Elm Dr","Boulder","CO","80786","US","2025-02-01"
"3901","2020-04-24","","4739 E Center St","Lehi","UT","84756","US",""
"3902","2023-08-17","","2357 S Main St","St. George","UT","84074","USA",""
"3903","2024-03-09","2024-05-19","101 W Oak Ave","Boulder","CO","81209","US",""
"3904","2024-07-29","","9188 N Elm Dr","Boulder","CO","81384","USA",""
"3905","2025-09-05","","3468 S Main St","Lehi","UT","84502","US",""
"3906","2025-01-26","","6988 N Elm Dr","Spokane","WA","98457","US",""
"3907","2020-04-11","","9271 W Oak Ave","Irvine","CA","93140","US",""
"3908","2025-03-02","","8761 N Elm Dr","Fresno","CA","95643","US",""
"3909","2022-09-19","","6490 S Main St","Oakland","CA","93082","US",""
"3910","2023-10-29","","7749 S State St","Lehi","UT","84526","US",""
"3911","2025-09-20","","472 N Elm Dr","Mesa","Arizona","85988","USA",""
"3912","2026-01-25","","1911 E Center St","Oakland","CA","93346","US",""
"3913","2022-01-09","","8984 W Oak Ave","St. George","UT","84209","US",""
"3914","2024-04-27","","3389 N Elm Dr","Salt Lake City","UT","84712","USA",""
"3915","2020-08-18","","5898 S State St","Ogden","UT","84078","US","2023-01-15"
"3916","2022-09-14","","7640 N Elm Dr","St. George","ut ","84504","US",""
"3917","2021-09-09","","6312 W Oak Ave","Oakland","CA","94747","US","2023-07-22"
"3918","2024-10-09","","8652 E Center St","Sacramento","CA","92614","US",""
"3919","2019-07-05","","7380 S Main St","Sacramento","CA","90092","US",""
"3920","2026-03-19","","6463 N Elm Dr","Olympia","WA","98860","US",""
"3921","2021-03-27","","5957 S State St","Seattle","WA","98661","USA",""
"3922","2024-08-07","","4262 E Center St","Salt Lake City","UT","84566","US",""
"3923","2025-10-23","","2954 S State St","Oakland","CA","92340","USA",""
"3924","2024-11-17","","9760 S State St","Lehi","UT","84759","US",""
"3925","2025-04-16","","6750 E Center St","Aurora","CO","80249","US",""
"3926","2024-11-08","","5493 E Center St","Ogden","UT","84597","US",""
"3927","2022-01-30","","8079 S Main St","Provo","UT","84263","US","2024-02-21"
"3928","2026-04-24","","3522 N Elm Dr","St. George","ut ","84622","US",""
"3929","2022-11-03","","4257 N Elm Dr","Houston","tx ","79012","USA",""
"3930","2025-03-07","","8614 S Main St","Seattle","Washington","98829","US",""
"3931","2021-05-18","","5765 S Main St","Lehi","UT","84028","US",""
"3932","2022-02-17","2024-08-12","","","","","",""
"3933","2025-03-01","","","","","","",""
"3934","2024-08-20","","513 E Center St","Plano","TX","77017","US",""
"3935","2020-10-12","","2431 E Center St","Irvine","CA","90602","USA","2023-12-11"
"3936","2022-10-29","","6118 W Oak Ave","El Paso","TX","76808","US",""
"3937","2024-05-28","","3993 S Main St","Albany","NY","11540","US",""
"3938","2024-09-02","","8444 N Elm Dr","Wilmington","DE","19779","US",""
"3939","2019-10-16","","8887 W Oak Ave","Smyrna","DE","19791","USA",""
"3940","2021-10-08","","8228 S State St","Pueblo","CO","81461","USA","2025-08-01"
"3941","2024-02-16","","1795 S Main St","St. George","UT","84233","US",""
"3942","2023-05-04","","3423 S Main St","Buffalo","NY","14147","US",""
"3943","2023-07-19","","7432 S Main St","Mesa","AZ","86466","US",""
"3944","2024-11-02","","6372 E Center St","Fort Collins","CO","80993","US",""
"3945","2022-07-10","","890 S Main St","El Paso","TX","77886","US",""
"3946","2025-07-19","","3004 S Main St","San Jose","CA","95621","US",""
"3947","2020-11-12","","1488 S State St","Fort Collins","Colorado","80676","US",""
"3948","2026-03-01","","9128 S State St","Denver","CO","81213","US",""
"3949","2024-04-15","","8197 N Elm Dr","Ogden","Utah","84538","USA",""
"3950","2020-08-03","","9436 S State St","Rochester","NY","13456","US",""
"3951","2023-02-26","","2514 W Oak Ave","Pueblo","CO","80337","USA",""
"3952","2024-03-27","","5545 N Elm Dr","Ogden","UT","84570","US",""
"3953","2020-11-24","","7506 E Center St","Flagstaff","AZ","85062","US",""
"3954","2025-11-06","2026-02-28","664 E Center St","Houston","TX","75213","US",""
"3955","2024-04-24","","6368 N Elm Dr","Dallas","TX","76540","US",""
"3956","2024-10-24","","5259 N Elm Dr","Austin","TX","79003","US",""
"3957","2025-11-24","","7735 S State St","Plano","TX","78665","US",""
"3958","2023-11-27","","6890 N Elm Dr","San Jose","CA","94742","US",""
"3959","2022-11-28","","7572 W Oak Ave","Salt Lake City","UT","84471","US",""
"3960","2020-03-18","","","","","","",""
"3961","2023-04-09","","8749 N Elm Dr","Brooklyn","NY","12814","USA",""
"3962","2021-05-19","","","","","","",""
"3963","2023-05-09","","2450 N Elm Dr","Sacramento","CA.","95376","USA",""
"3964","2024-02-29","","501 N Elm Dr","Fresno","CA","91856","US","2025-03-27"
"3965","2020-11-30","","5535 S State St","Sacramento","CA","95105","US",""
"3966","2026-02-22","","3512 Av Reforma","Toronto","ON","H4J 6C3","Canada",""
"3967","2021-05-13","","5838 W Oak Ave","Irvine","CA","92307","US",""
"3968","2024-07-24","","5529 S Main St","Tacoma","WA","98967","USA",""
"3969","2023-11-27","","6168 S State St","Milford","DE","19854","US",""
"3970","2022-03-14","","6296 N Elm Dr","Spokane","WA","99056","US",""
"3971","2025-06-24","","9306 S State St","Fort Collins","CO","80348","US",""
"3972","2024-03-13","","5052 S Main St","Dallas","TX","78803","US",""
"3973","2020-11-21","","7560 S State St","Irvine","CA","91720","US",""
"3974","2023-11-12","","5127 S State St","Ogden","ut ","84460","US",""
"3975","2022-06-21","","3059 N Elm Dr","Irvine","CA","93858","USA",""
"3976","2021-04-05","","3563 E Center St","Phoenix","AZ","85778","USA",""
"3977","2023-06-25","","6643 S State St","Pueblo","co ","80196","US",""
"3978","2021-07-05","","2581 Av Reforma","Guadalajara","JAL","28869","MX",""
"3979","2025-03-19","","5923 S State St","Provo","Utah","84727","US",""
"3980","2022-08-24","","3665 W Oak Ave","Provo","UT","84155","US",""
"3981","2024-08-04","","5254 E Center St","Fresno","CA","90901","USA",""
"3982","2021-08-01","","9254 N Elm Dr","Rochester","ny ","12559","US","2026-01-03"
"3983","2023-01-03","","7053 N Elm Dr","Aurora","CO","80850","US",""
"3984","2025-09-29","","","","","","",""
"3985","2025-02-19","","9069 W Oak Ave","San Jose","CA.","91759","US",""
"3986","2022-08-28","","3829 S State St","Oakland","CA","95955","US",""
"3987","2024-12-04","","1484 W Oak Ave","Provo","UT","84394","US",""
"3988","2023-06-07","2026-01-19","9001 S State St","Tucson","AZ","86243","US",""
"3989","2025-01-21","","2265 S State St","Ogden","UT","84291","USA","2025-10-02"
"3990","2026-04-01","","1461 W Oak Ave","San Jose","CA","94823","USA",""
"3991","2021-10-04","","4839 N Elm Dr","Lehi","UT","84285","US",""
"3992","2026-04-18","","6976 W Oak Ave","Austin","TX","79314","US",""
"3993","2023-07-21","","863 S Main St","Bellevue","WA","99293","US",""
"3994","2023-12-17","","402 S State St","Sacramento","CA","90695","USA",""
"3995","2025-07-02","","1125 E Center St","Provo","UT","84651","US",""
"3996","2021-03-18","","2346 E Center St","Salt Lake City","UT","84294","USA",""
"3997","2022-05-13","","7897 N Elm Dr","Austin","tx ","79290","US",""
"3998","2020-06-08","","4611 S Main St","Sparks","NV","89125","USA","2023-03-26"
"3999","2026-06-01","","5782 E Center St","Boulder","Colorado","81032","US",""
"4000","2022-02-18","","7477 N Elm Dr","Salt Lake City","UT","84754","US",""
"4001","2023-04-12","","983 S Main St","Boulder","CO","81347","US",""
"4002","2022-02-20","","","","","","",""
"4003","2022-04-26","","5062 S Main St","Austin","TX.","77643","US","2026-02-14"
"4004","2022-03-20","","5607 S Main St","Bellevue","WA","98430","US",""
"4005","2026-02-22","","49 E Center St","Sacramento","CA","91318","US",""
"4006","2020-07-04","","9024 E Center St","Provo","UT.","84572","USA",""
"4007","2024-02-02","","4407 W Oak Ave","Fresno","CA","93341","US",""
"4008","2025-05-12","","","","","","",""
"4009","2022-02-21","","2900 E Center St","Dover","DE","19809","US",""
"4010","2025-02-20","","2752 N Elm Dr","Henderson","NV","89633","US",""
"4011","2022-05-04","","836 W Oak Ave","Carson City","NV","89532","USA",""
"4012","2022-04-21","","498 S Main St","St. George","UT","84655","US",""
"4013","2023-04-05","","5353 E Center St","Flagstaff","AZ.","86060","US",""
"4014","2025-01-05","","81 S Main St","Salt Lake City","UT","84142","US",""
"4015","2025-05-08","","468 S State St","Irvine","CA","93531","US",""
"4016","2024-09-25","","4981 N Elm Dr","Lehi","Utah","84006","USA",""
"4017","2025-02-26","","3647 E Center St","Salt Lake City","UT","84149","US",""
"4018","2021-05-01","","7639 S State St","Sacramento","CA","90490","US",""
"4019","2024-04-13","","7254 S Main St","Provo","UT","84250","US","2024-05-16"
"4020","2021-12-20","","658 E Center St","Lehi","ut ","84744","US",""
"4021","2024-05-21","","3676 S Main St","Oakland","CA","91699","US",""
"4022","2025-03-27","","824 W Oak Ave","Fresno","CA","90597","US",""
"4023","2025-05-05","","1951 E Center St","Bellevue","Washington","98995","USA",""
"4024","2021-03-29","","3878 S State St","Tucson","az ","85428","US",""
"4025","2019-10-31","","4298 W Oak Ave","Boulder","CO","80906","US",""
"4026","2019-02-26","","3719 E Center St","Boulder","co ","80278","US","2026-02-03"
"4027","2022-10-09","","6668 W Oak Ave","St. George","UT","84670","US",""
"4028","2024-05-01","","3421 N Elm Dr","Carson City","NV","89261","US",""
"4029","2023-02-22","","6544 S Main St","Sacramento","CA","95751","US",""
"4030","2024-07-07","","1483 S State St","Provo","UT","84618","USA",""
"4031","2025-04-12","","6514 S State St","Seattle","WA","99118","USA",""
"4032","2023-09-24","","1553 N Elm Dr","Mesa","AZ.","85825","US","2025-06-05"
"4033","2025-02-10","","293 S State St","Houston","TX","76362","USA",""
"4034","2024-05-06","","9764 E Center St","Smyrna","DE","19754","USA",""
"4035","2025-12-08","","5099 S State St","Las Vegas","NV","89474","US",""
"4036","2025-12-30","","1784 W Oak Ave","Rochester","NY","13527","US",""
"4037","2023-05-04","","3427 E Center St","Provo","UT","84339","US",""
"4038","2024-04-25","","3724 W Oak Ave","Plano","Texas","76062","US",""
"4039","2022-07-03","","","","","","",""
"4040","2021-08-05","","5670 E Center St","Fort Collins","CO","80039","US",""
"4041","2022-08-12","","7386 S State St","St. George","UT","84765","US",""
"4042","2025-05-21","","7222 E Center St","El Paso","TX.","76234","US",""
"4043","2025-08-30","","4608 S Main St","Plano","tx ","79474","US",""
"4044","2024-11-29","","9511 S Main St","Salt Lake City","UT.","84058","US",""
"4045","2026-03-15","","8244 E Center St","Dallas","TX","78344","USA",""
"4046","2021-04-23","","853 E Center St","Austin","TX","75702","US",""
"4047","2025-01-19","","8877 W Oak Ave","San Jose","CA","94564","US",""
"4048","2019-09-16","","3245 S State St","Oakland","CA","93210","US",""
"4049","2023-02-21","","7422 S Main St","Carson City","NV","89006","USA",""
"4050","2022-04-26","","7188 E Center St","Carson City","NV","89426","US",""
"4051","2021-10-27","","9391 N Elm Dr","Salt Lake City","ut ","84197","US","2024-01-30"
"4052","2023-07-31","","9635 E Center St","Buffalo","NY","10233","US",""
"4053","2020-03-05","2022-07-29","","","","","",""
"4054","2019-12-27","","9063 S State St","Fresno","CA","92471","US",""
"4055","2020-12-22","2021-09-30","9248 S State St","Smyrna","Delaware","19901","US",""
"4056","2026-03-01","","1605 S State St","St. George","UT","84313","US",""
"4057","2025-02-27","2026-02-12","6982 E Center St","Lehi","UT","84581","US",""
"4058","2024-02-08","","5616 N Elm Dr","Ogden","UT","84635","USA",""
"4059","2026-06-23","","6113 S State St","Houston","TX","79355","USA",""
"4060","2020-09-28","","6299 E Center St","Houston","TX","76133","USA",""
"4061","2025-05-16","","6165 N Elm Dr","St. George","UT","84449","US",""
"4062","2023-11-21","","","","","","",""
"4063","2026-03-14","","","","","","",""
"4064","2023-07-27","","8013 N Elm Dr","Irvine","California","96085","US",""
"4065","2019-10-30","","2156 E Center St","Irvine","CA","92113","US",""
"4066","2025-02-07","","867 E Center St","Lehi","UT","84047","US",""
"4067","2026-02-26","","9756 E Center St","Irvine","CA","93722","USA",""
"4068","2021-06-22","2021-08-25","763 S State St","Reno","NV","89208","US",""
"4069","2020-09-09","","6806 W Oak Ave","Tempe","az ","85526","US",""
"4070","2024-12-13","","2915 W Oak Ave","Lehi","UT","84538","US",""
"4071","2024-06-06","","6659 N Elm Dr","Lehi","ut ","84785","US",""
"4072","2024-05-27","","647 S Main St","Sparks","NV","89087","US",""
"4073","2023-07-24","","240 S Main St","Newark","DE","19771","US",""
"4074","2023-02-11","","861 E Center St","Mesa","AZ","85095","USA",""
"4075","2026-05-18","","6986 S State St","Irvine","CA","95266","US",""
"4076","2022-02-03","","3707 S Main St","Salt Lake City","UT","84249","USA",""
"4077","2020-09-10","","6240 E Center St","Ogden","UT","84272","USA",""
"4078","2020-12-03","","9754 W Oak Ave","Brooklyn","ny ","13097","US",""
"4079","2020-07-13","","8110 E Center St","Pueblo","CO","80266","US",""
"4080","2024-02-09","","1458 S Main St","Sacramento","CA","93443","USA",""
"4081","2023-02-25","","7736 W Oak Ave","Tacoma","WA.","99126","US","2025-01-31"
"4082","2022-09-29","","8872 W Oak Ave","El Paso","TX.","78291","US",""
"4083","2021-04-07","","5166 N Elm Dr","Tacoma","WA","98737","US",""
"4084","2024-08-27","","9298 N Elm Dr","Mesa","AZ.","86144","US",""
"4085","2022-06-03","","7960 S State St","Tucson","AZ","86397","US",""
"4086","2021-04-16","","2070 W Oak Ave","Pueblo","co ","81282","US",""
"4087","2019-06-04","","7294 S Main St","Sacramento","California","92909","US",""
"4088","2025-02-17","","3534 E Center St","Salt Lake City","Utah","84193","US",""
"4089","2025-12-27","","5972 S Main St","Ogden","UT","84284","US",""
"4090","2022-09-22","","6486 S Main St","Syracuse","NY.","10318","USA",""
"4091","2023-04-19","2024-06-06","8594 N Elm Dr","Tempe","AZ","85421","US",""
"4092","2026-01-18","","8339 N Elm Dr","Austin","TX","76377","USA",""
"4093","2025-08-14","","8778 W Oak Ave","Fresno","CA","90775","USA",""
"4094","2025-03-07","","7606 S Main St","Flagstaff","AZ.","85234","USA",""
"4095","2020-11-27","","5354 S Main St","Salt Lake City","Utah","84333","US",""
"4096","2023-10-26","","4897 W Oak Ave","Houston","TX","79509","US",""
"4097","2023-08-21","2023-12-06","5033 N Elm Dr","Wilmington","DE","19722","US",""
"4098","2024-08-07","","20 S Main St","Pueblo","CO","80131","US",""
"4099","2020-08-10","","6172 E Center St","Fresno","CA","95380","US",""
"4100","2024-03-06","","6742 E Center St","Las Vegas","NV","89785","US",""
"4101","2022-11-18","","4994 S Main St","Salt Lake City","UT","84195","USA",""
"4102","2019-08-16","","1929 S Main St","El Paso","TX","76088","US",""
"4103","2024-01-27","","4053 W Oak Ave","Aurora","CO","80971","USA",""
"4104","2023-08-06","","6940 W Oak Ave","Olympia","WA","98767","US",""
"4105","2024-11-01","","6965 N Elm Dr","Fresno","CA","92839","US",""
"4106","2024-10-21","","6649 S State St","Dallas","TX","75707","US",""
"4107","2025-08-22","","5116 W Oak Ave","Austin","TX","79938","US",""
"4108","2024-07-16","","9369 S Main St","Reno","NV","89582","USA",""
"4109","2025-10-25","","6611 N Elm Dr","San Jose","CA","91131","US",""
"4110","2024-10-05","","9538 N Elm Dr","Ogden","UT.","84129","US",""
"4111","2022-06-11","","9138 S Main St","Boulder","CO","80691","US",""
"4112","2025-11-12","","4521 E Center St","Salt Lake City","UT","84229","US",""
"4113","2025-03-27","","1073 Rue Principale","Montreal","QC","M7H 5C6","Canada",""
"4114","2022-04-05","","6330 W Oak Ave","San Jose","CA","92652","US",""
"4115","2020-03-25","","9289 S State St","Reno","nv ","89442","US",""
"4116","2022-09-01","","5256 S Main St","Sacramento","CA","95807","US",""
"4117","2024-12-21","","7578 S State St","Rochester","New York","13861","US",""
"4118","2022-12-07","","","","","","",""
"4119","2024-04-08","","6366 N Elm Dr","St. George","UT","84213","USA",""
"4120","2024-02-15","","6007 E Center St","Provo","UT","84324","US",""
"4121","2026-05-15","","4640 N Elm Dr","Carson City","NV","89883","US",""
"4122","2024-02-03","","3905 W Oak Ave","Oakland","CA","94221","US",""
"4123","2025-03-20","","5476 N Elm Dr","Oakland","CA","93086","US",""
"4124","2019-10-29","","7891 S Main St","Denver","CO","80973","US",""
"4125","2019-07-13","","1408 N Elm Dr","Irvine","CA","95079","US",""
"4126","2025-06-18","","6675 N Elm Dr","Dallas","TX","79396","US",""
"4127","2022-05-04","","1475 E Center St","Fort Collins","CO","81302","US",""
"4128","2022-05-30","","3850 W Oak Ave","Provo","Utah","84522","US",""
"4129","2022-03-14","","1872 N Elm Dr","Mesa","az ","85902","US",""
"4130","2020-07-07","","7254 W Oak Ave","St. George","UT","84433","USA",""
"4131","2025-04-07","","1996 W Oak Ave","Fresno","CA","91534","USA",""
"4132","2026-01-12","","7529 E Center St","Salt Lake City","UT","84144","US",""
"4133","2023-05-27","","2556 N Elm Dr","Aurora","CO","81525","US",""
"4134","2026-03-14","","5524 W Oak Ave","Ogden","Utah","84705","USA",""
"4135","2024-09-06","","6792 S Main St","Houston","TX","79266","US",""
"4136","2022-03-21","","32 S Main St","Boulder","co ","81033","US",""
"4137","2026-02-05","","2758 W Oak Ave","Sacramento","ca ","92394","USA",""
"4138","2026-06-03","","6847 N Elm Dr","Tacoma","WA","98040","US",""
"4139","2020-09-28","2023-08-09","1623 S Main St","Boulder","CO","81358","US",""
"4140","2026-05-19","","795 N Elm Dr","Austin","TX","78965","USA",""
"4141","2024-08-10","","8516 S Main St","Austin","TX","76809","US",""
"4142","2026-01-25","","3666 S Main St","Sacramento","CA","95431","USA",""
"4143","2022-09-29","","417 W Oak Ave","Olympia","WA","99017","US",""
"4144","2024-06-30","","3062 N Elm Dr","Tucson","az ","85613","US",""
"4145","2024-11-24","","2027 E Center St","St. George","UT","84339","US",""
"4146","2024-06-14","","2293 N Elm Dr","San Jose","CA","95878","US",""
"4147","2024-03-21","","8838 S State St","Sparks","Nevada","89846","US",""
"4148","2026-03-01","","2209 S Main St","Lehi","UT","84178","US",""
"4149","2021-03-30","","457 N Elm Dr","Fort Collins","CO","81506","USA",""
"4150","2025-01-17","","3212 S Main St","Seattle","Washington","98797","US",""
"4151","2025-11-30","","6491 N Elm Dr","Albany","NY","11254","US",""
"4152","2019-09-14","","9327 N Elm Dr","Sacramento","CA","92535","US",""
"4153","2026-04-13","","8277 W Oak Ave","Sacramento","CA","94537","US",""
"4154","2022-06-26","","849 N Elm Dr","Aurora","Colorado","80898","USA",""
"4155","2025-11-04","","8153 S State St","Flagstaff","AZ","86344","USA",""
"4156","2020-05-18","","8360 E Center St","Phoenix","AZ","85657","US",""
"4157","2025-08-02","","994 E Center St","Bellevue","WA","99026","US",""
"4158","2024-10-10","","3533 S Main St","Bellevue","wa ","98591","US","2025-05-07"
"4159","2024-06-29","","8549 S State St","Sacramento","CA","95547","USA",""
"4160","2023-11-30","","1352 Calle Norte","Guadalajara","JAL","96751","MX",""
"4161","2020-08-20","","1264 King St","Vancouver","BC","V1C 3A3","CA",""
"4162","2025-10-13","","7803 E Center St","Phoenix","Arizona","85989","US",""
"4163","2024-07-15","","900 N Elm Dr","St. George","ut ","84350","USA",""
"4164","2022-05-10","","3588 W Oak Ave","San Jose","CA","92979","US",""
"4165","2024-11-28","","","","","","",""
"4166","2022-02-23","","6315 E Center St","Las Vegas","NV","89024","US",""
"4167","2019-11-11","","1935 N Elm Dr","St. George","UT","84128","US",""
"4168","2022-12-15","","5145 N Elm Dr","San Jose","ca ","95638","US",""
"4169","2025-01-26","","1849 S State St","El Paso","TX","75081","US",""
"4170","2024-12-07","","398 S State St","Bellevue","WA","98725","USA",""
"4171","2026-04-27","","7325 E Center St","Syracuse","New York","10031","USA",""
"4172","2021-10-20","","3585 S Main St","Phoenix","AZ","85916","US",""
"4173","2026-01-04","","5218 S Main St","Sacramento","ca ","95709","US",""
"4174","2025-07-06","","3570 N Elm Dr","Mesa","AZ","85826","USA",""
"4175","2024-07-24","","1031 E Center St","San Jose","CA","91241","US",""
"4176","2026-02-10","","1974 W Oak Ave","Dallas","TX","76209","US",""
"4177","2022-10-10","","6698 N Elm Dr","Tucson","AZ","86244","USA",""
"4178","2026-04-29","","4977 N Elm Dr","Brooklyn","New York","11673","US",""
"4179","2023-10-20","","6291 S Main St","Olympia","WA","98404","US",""
"4180","2021-01-31","","7353 W Oak Ave","Tacoma","wa ","99261","US",""
"4181","2022-06-07","","88 Av Reforma","Monterrey","NLE","46580","MX",""
"4182","2020-03-08","","7727 N Elm Dr","Fort Collins","CO","80394","US",""
"4183","2019-10-09","","8894 S Main St","Houston","TX","76168","US",""
"4184","2026-06-15","","7787 W Oak Ave","Bellevue","wa ","98788","US",""
"4185","2025-11-19","","8896 S State St","St. George","UT","84086","US",""
"4186","2024-06-26","2025-02-16","43 N Elm Dr","San Jose","CA","93468","USA",""
"4187","2022-04-04","","6819 E Center St","Lehi","ut ","84390","US",""
"4188","2023-07-23","","2120 S State St","Tempe","az ","85874","US",""
"4189","2025-02-03","","8005 W Oak Ave","Provo","UT","84688","USA",""
"4190","2026-02-22","","7030 N Elm Dr","Lehi","UT","84074","US",""
"4191","2025-02-05","","1151 N Elm Dr","Ogden","UT","84135","USA",""
"4192","2023-11-22","","1866 W Oak Ave","Irvine","CA","95806","US",""
"4193","2025-05-04","","8752 S Main St","Sacramento","CA","91382","US",""
"4194","2023-02-18","","4648 W Oak Ave","Dover","DE","19769","US",""
"4195","2023-08-22","","5621 S State St","Sacramento","CA","95449","US",""
"4196","2021-10-26","","1672 Calle Norte","Montreal","QC","V5C 8A3","CA",""
"4197","2022-08-05","","6831 W Oak Ave","Sparks","NV","89335","US",""
"4198","2025-05-21","","2696 S State St","Irvine","CA","91488","US",""
"4199","2024-10-03","","4090 W Oak Ave","Mesa","AZ","86517","US",""
"4200","2024-08-28","","919 S State St","Fresno","CA","92755","US",""
"4201","2022-11-24","","9661 E Center St","Henderson","NV","89670","USA",""
"4202","2021-02-19","","1413 King St","Calgary","AB","H4C 7A3","CA",""
"4203","2025-11-10","","2760 E Center St","Reno","NV","89344","US",""
"4204","2025-04-29","","7894 N Elm Dr","Smyrna","DE","19719","US","2025-10-07"
"4205","2023-12-07","","1360 W Oak Ave","Sacramento","CA","93754","US",""
"4206","2024-09-17","","2949 E Center St","Houston","TX","76865","US","2025-02-15"
"4207","2024-05-10","","8990 S Main St","Las Vegas","NV","89769","USA",""
"4208","2019-11-03","","6525 N Elm Dr","Bellevue","WA","98740","USA",""
"4209","2023-05-13","","831 S State St","Rochester","NY","12352","US",""
"4210","2022-10-25","","7980 S State St","Tacoma","WA","98983","US",""
"4211","2024-06-18","","6897 S Main St","Sacramento","CA.","90374","US",""
"4212","2025-03-27","","6792 E Center St","Mesa","az ","86422","US",""
"4213","2025-05-29","","8557 S State St","Lehi","Utah","84675","USA",""
"4214","2022-11-22","","6753 E Center St","Newark","DE","19809","US",""
"4215","2023-05-08","","5381 W Oak Ave","Lehi","UT","84697","US",""
"4216","2023-10-27","","1058 S State St","Denver","CO","80545","US",""
"4217","2024-03-15","","4018 W Oak Ave","Spokane","WA","98865","USA",""
"4218","2023-06-22","","3401 S Main St","Boulder","CO","81621","US",""
"4219","2025-02-14","","5933 W Oak Ave","Bellevue","WA","98308","US",""
"4220","2023-03-28","","4994 E Center St","Irvine","ca ","93154","US",""
"4221","2022-11-02","","6064 E Center St","Provo","UT","84121","US",""
"4222","2022-07-04","","4419 E Center St","Denver","CO","80346","US",""
"4223","2022-01-16","","304 S State St","Dallas","Texas","76173","US",""
"4224","2022-02-10","","4493 N Elm Dr","Provo","UT","84094","US",""
"4225","2020-02-28","","2914 S State St","Albany","New York","14783","US",""
"4226","2023-08-26","","9113 W Oak Ave","Lehi","UT","84681","US",""
"4227","2024-10-26","","2885 S State St","Aurora","CO","80767","US",""
"4228","2024-01-16","","3325 N Elm Dr","Austin","TX","75855","USA",""
"4229","2025-04-01","","7331 E Center St","Lehi","UT","84470","US",""
"4230","2022-03-01","","5044 N Elm Dr","Salt Lake City","ut ","84710","US",""
"4231","2024-09-28","","1692 S State St","St. George","UT","84090","USA",""
"4232","2021-04-03","","4744 S Main St","St. George","UT","84263","US",""
"4233","2023-04-27","","767 Av Reforma","Toronto","ON","H4J 4A2","Canada",""
"4234","2025-07-11","","35 S Main St","Reno","NV","89375","US",""
"4235","2026-03-26","","7235 S State St","Reno","NV","89761","US",""
"4236","2024-04-20","","9332 S State St","El Paso","TX","75796","US",""
"4237","2023-06-16","","1931 S State St","Seattle","WA","98123","US",""
"4238","2021-12-05","","8317 S State St","Oakland","CA","91974","US",""
"4239","2019-07-29","2019-09-15","2271 E Center St","Dallas","tx ","78754","US",""
"4240","2025-03-29","","2391 W Oak Ave","El Paso","TX","78627","USA",""
"4241","2025-12-30","","5588 E Center St","Fresno","CA","90822","USA",""
"4242","2023-09-08","","7087 E Center St","Fresno","CA","94733","USA",""
"4243","2024-10-28","","2483 S Main St","Olympia","wa ","99108","US",""
"4244","2025-03-18","","3532 S State St","Oakland","California","95915","US",""
"4245","2025-06-14","","3604 S State St","Lehi","UT","84423","US",""
"4246","2021-08-17","","4041 N Elm Dr","Ogden","UT","84135","US",""
"4247","2024-02-23","","5040 S State St","Flagstaff","AZ","86441","US",""
"4248","2022-09-04","","1512 E Center St","Dallas","TX","77591","USA",""
"4249","2024-11-16","","4256 W Oak Ave","El Paso","TX","75768","US",""
"4250","2022-09-21","","7282 E Center St","Houston","Texas","79191","US",""
"4251","2023-05-07","","6105 N Elm Dr","Aurora","CO","80796","USA",""
"4252","2025-01-08","","4757 E Center St","Tempe","AZ","85592","US",""
"4253","2025-12-02","","9484 W Oak Ave","Pueblo","CO","81530","USA",""
"4254","2021-01-28","","4390 S State St","Austin","TX","78096","USA",""
"4255","2026-04-18","","38 S State St","St. George","UT","84333","US",""
"4256","2022-04-20","","8970 N Elm Dr","Lehi","UT","84605","US",""
"4257","2026-05-30","","5672 S Main St","Austin","tx ","79914","US",""
"4258","2023-11-22","","6278 S Main St","Tempe","AZ","85433","US",""
"4259","2023-10-21","","1700 S Main St","Boulder","CO","80374","US",""
"4260","2023-12-09","","1905 N Elm Dr","Olympia","WA","98818","US",""
"4261","2026-05-03","","8955 E Center St","Mesa","AZ","86531","US",""
"4262","2024-07-28","","8046 W Oak Ave","Fort Collins","co ","80756","US",""
"4263","2022-10-14","","2248 E Center St","Boulder","CO","81524","US",""
"4264","2021-09-23","","2244 W Oak Ave","Fresno","CA","94896","US",""
"4265","2022-02-01","","7388 S Main St","St. George","UT","84046","US",""
"4266","2023-01-19","","5629 W Oak Ave","Oakland","CA","95175","US",""
"4267","2022-10-10","","","","","","",""
"4268","2024-09-09","","5962 S State St","Albany","NY","13170","US",""
"4269","2025-12-03","","1287 N Elm Dr","Austin","TX","75678","US",""
"4270","2023-04-08","","1257 W Oak Ave","Irvine","California","90585","US",""
"4271","2023-07-28","","5873 S Main St","Austin","TX","76727","US",""
"4272","2021-12-12","","2106 N Elm Dr","Spokane","WA","98735","US",""
"4273","2021-02-01","","336 E Center St","Salt Lake City","UT","84424","USA",""
"4274","2023-11-19","","5882 S Main St","Oakland","CA","90520","US",""
"4275","2026-03-14","","8036 W Oak Ave","Henderson","NV.","89697","US",""
"4276","2024-07-03","","1563 Rue Principale","Calgary","AB","T7C 2E2","CA",""
"4277","2026-01-22","","2832 S State St","Aurora","CO","81309","US",""
"4278","2025-12-14","","9116 N Elm Dr","Lehi","UT","84219","US",""
"4279","2020-09-03","","1907 E Center St","Aurora","CO","80823","US","2024-07-18"
"4280","2024-11-09","","64 N Elm Dr","Lehi","Utah","84036","USA",""
"4281","2023-08-14","","","","","","",""
"4282","2021-05-03","","7719 S State St","Irvine","CA","95820","US",""
"4283","2020-08-28","2020-12-08","5712 E Center St","Oakland","CA","91209","USA",""
"4284","2025-09-21","","1317 W Oak Ave","Tacoma","WA","98892","US",""
"4285","2025-07-06","","6111 W Oak Ave","Spokane","WA","98013","US",""
"4286","2022-02-07","","2973 N Elm Dr","Tempe","az ","85904","US",""
"4287","2025-08-30","","2712 N Elm Dr","Denver","Colorado","80881","USA",""
"4288","2022-05-18","","3948 N Elm Dr","Fresno","CA","95529","US","2022-07-08"
"4289","2019-10-08","","","","","","",""
"4290","2021-09-23","","4696 N Elm Dr","Plano","TX","78721","US",""
"4291","2023-06-22","","833 S Main St","Milford","DE","19741","US",""
"4292","2026-02-06","","3150 N Elm Dr","El Paso","TX.","79718","US",""
"4293","2025-10-22","","5612 W Oak Ave","Tucson","AZ","86398","US",""
"4294","2026-03-20","","6858 W Oak Ave","Lehi","UT","84408","US",""
"4295","2026-01-17","","2627 E Center St","Tucson","Arizona","85723","US",""
"4296","2024-08-28","","6727 S Main St","Plano","TX","77516","US",""
"4297","2020-02-18","","2742 W Oak Ave","Dallas","tx ","76093","US",""
"4298","2023-03-19","","1740 N Elm Dr","Oakland","CA","95782","US",""
"4299","2024-03-25","","6827 S State St","Plano","TX","77313","US",""
"4300","2025-04-02","","2156 W Oak Ave","Provo","UT","84240","US",""
"4301","2024-11-27","","9696 S Main St","Oakland","CA","90275","US",""
"4302","2025-10-30","","8851 N Elm Dr","Tacoma","wa ","98418","US",""
"4303","2024-01-12","","9508 S State St","El Paso","TX","76446","USA",""
"4304","2024-04-17","","4060 N Elm Dr","Oakland","CA","95449","USA",""
"4305","2022-05-16","","9556 S Main St","Denver","CO","80088","US",""
"4306","2022-05-22","","6544 N Elm Dr","Provo","UT.","84548","US",""
"4307","2025-05-28","","2967 E Center St","Brooklyn","NY","13368","USA",""
"4308","2024-07-30","","2440 N Elm Dr","Flagstaff","AZ","86306","US",""
"4309","2025-07-04","","8065 S State St","Houston","Texas","77211","US",""
"4310","2026-05-06","","5975 S State St","Tempe","AZ.","86182","USA",""
"4311","2020-02-16","","5381 N Elm Dr","San Jose","CA","95914","US",""
"4312","2025-07-25","","8216 S State St","Plano","TX","78372","USA",""
"4313","2019-09-12","","4736 W Oak Ave","Tempe","AZ","86066","US","2026-03-15"
"4314","2020-09-06","","8797 S Main St","Ogden","UT","84664","US",""
"4315","2025-03-27","","1610 S Main St","Aurora","CO","80393","US",""
"4316","2019-12-09","","4787 King St","Montreal","QC","T8J 5C8","Canada",""
"4317","2022-06-26","","9436 S Main St","Plano","tx ","78359","US",""
"4318","2023-05-08","","2457 S State St","Houston","TX","75529","US",""
"4319","2025-09-13","","3398 S State St","Fresno","ca ","91706","US",""
"4320","2024-02-13","","3263 S State St","Reno","Nevada","89023","US",""
"4321","2023-04-12","","5206 S State St","Provo","UT.","84407","US",""
"4322","2024-01-15","","1513 S State St","San Jose","California","94930","US",""
"4323","2020-09-30","","4411 W Oak Ave","Spokane","WA","98003","US",""
"4324","2022-12-03","","5775 E Center St","Sacramento","CA","91526","US",""
"4325","2023-07-04","","5365 N Elm Dr","Newark","DE","19709","US",""
"4326","2023-04-07","","8530 W Oak Ave","El Paso","tx ","75630","USA",""
"4327","2020-07-29","","6469 S State St","Dallas","TX","77359","USA",""
"4328","2024-03-21","","2660 N Elm Dr","Oakland","CA","94377","US",""
"4329","2025-07-18","","4784 S State St","Salt Lake City","ut ","84207","US",""
"4330","2023-10-22","","4349 N Elm Dr","Rochester","NY","14056","US",""
"4331","2023-05-01","","7518 S Main St","Reno","NV","89805","USA",""
"4332","2021-07-27","","3809 E Center St","Provo","ut ","84262","US",""
"4333","2026-04-08","","4888 S Main St","Phoenix","AZ","86354","US",""
"4334","2026-05-28","","1042 E Center St","Aurora","CO","81643","US",""
"4335","2022-10-29","","4262 E Center St","Syracuse","NY","14366","US",""
"4336","2026-02-09","","1631 E Center St","Lehi","UT","84384","US",""
"4337","2023-05-20","","5407 W Oak Ave","Spokane","WA","98997","USA",""
"4338","2020-12-31","","191 E Center St","Newark","DE","19734","US",""
"4339","2021-09-06","","3756 S State St","Sacramento","CA","92912","US",""
"4340","2021-06-15","","7035 S State St","Austin","TX","77330","US",""
"4341","2023-11-11","","7311 S State St","El Paso","TX","79998","US",""
"4342","2022-07-20","","4211 S State St","Lehi","UT","84546","US",""
"4343","2021-04-05","","1032 Av Reforma","Monterrey","NLE","66733","MX",""
"4344","2026-04-04","","336 S State St","Syracuse","NY","14532","US",""
"4345","2026-03-07","","999 Calle Norte","Vancouver","BC","H4A 2G6","CA",""
"4346","2023-01-25","","1584 W Oak Ave","Fresno","CA","91376","US",""
"4347","2022-07-27","","5721 S State St","Oakland","CA","95132","US",""
"4348","2023-09-01","","2027 E Center St","St. George","UT","84497","US",""
"4349","2025-04-22","","","","","","",""
"4350","2026-05-06","","4419 Calle Norte","Montreal","QC","H7G 6B1","Canada",""
"4351","2025-07-02","","5661 S Main St","Fort Collins","CO.","81027","US",""
"4352","2026-06-07","","5256 W Oak Ave","St. George","UT","84783","US",""
"4353","2022-01-18","","7307 E Center St","Dallas","Texas","78272","US",""
"4354","2023-03-21","","4962 E Center St","Reno","NV","89509","USA",""
"4355","2024-09-19","","5276 S State St","Lehi","ut ","84276","US",""
"4356","2025-01-08","","1726 S State St","Smyrna","DE","19821","US",""
"4357","2025-05-28","","669 E Center St","Ogden","UT","84435","US",""
"4358","2025-01-27","","","","","","",""
"4359","2024-03-14","","1617 N Elm Dr","Milford","DE","19913","US",""
"4360","2020-10-18","","2493 S Main St","Oakland","California","92881","USA",""
"4361","2025-10-22","","9309 E Center St","Mesa","AZ","85850","US",""
"4362","2025-09-22","","4586 N Elm Dr","Dallas","TX","77733","US",""
"4363","2026-05-29","","2440 E Center St","Lehi","UT","84654","US",""
"4364","2022-04-02","","4275 W Oak Ave","Phoenix","AZ","85986","USA",""
"4365","2020-03-18","","1392 E Center St","Olympia","WA","99375","US",""
"4366","2022-05-10","","4665 W Oak Ave","Rochester","ny ","10542","US","2024-07-09"
"4367","2026-05-16","","6897 N Elm Dr","Irvine","CA","91759","US",""
"4368","2024-12-10","","6812 E Center St","Smyrna","DE","19854","USA",""
"4369","2020-10-26","","1387 S State St","Salt Lake City","UT","84772","US",""
"4370","2025-03-26","","4666 S State St","Houston","TX","78903","US",""
"4371","2023-11-22","","7206 N Elm Dr","Sacramento","ca ","90885","US",""
"4372","2019-02-10","","7826 E Center St","Bellevue","WA","98163","USA",""
"4373","2021-05-06","2022-05-06","8789 W Oak Ave","Oakland","CA","90232","US",""
"4374","2025-08-14","","6542 N Elm Dr","Carson City","nv ","89717","US",""
"4375","2023-02-07","","6006 E Center St","Salt Lake City","UT","84645","USA",""
"4376","2026-05-03","","4215 N Elm Dr","Dallas","TX","76352","USA",""
"4377","2026-04-22","","4291 S State St","Oakland","CA","92642","US",""
"4378","2024-11-01","","6193 N Elm Dr","Sparks","NV","89294","USA",""
"4379","2022-02-19","","4007 S State St","Bellevue","WA","98787","US",""
"4380","2026-03-01","","8870 E Center St","Olympia","WA","98364","US",""
"4381","2023-01-13","","7694 N Elm Dr","Pueblo","CO","80855","USA",""
"4382","2024-11-02","","5531 S Main St","Fresno","California","91117","US","2026-03-16"
"4383","2024-01-27","","4095 S Main St","Fresno","California","94495","US",""
"4384","2023-07-24","","3099 E Center St","Dover","DE","19769","US",""
"4385","2019-04-22","","3900 E Center St","Rochester","NY.","13253","US","2025-01-05"
"4386","2026-05-31","","5398 W Oak Ave","St. George","UT","84432","US",""
"4387","2023-07-02","","3854 W Oak Ave","Ogden","UT","84214","US",""
"4388","2025-05-25","","5173 W Oak Ave","Lehi","UT","84418","US",""
"4389","2025-10-23","","3656 S State St","Denver","co ","81228","US",""
"4390","2022-11-12","","1998 N Elm Dr","Tucson","Arizona","86067","US",""
"4391","2023-06-18","","4313 N Elm Dr","Tucson","AZ","85842","US",""
"4392","2024-02-07","","8454 W Oak Ave","Salt Lake City","UT","84070","US",""
"4393","2025-07-15","","7117 S State St","San Jose","CA","95334","US",""
"4394","2020-01-05","","","","","","",""
"4395","2023-06-20","","3052 S Main St","Fort Collins","CO","81653","US",""
"4396","2022-06-18","","6255 W Oak Ave","Henderson","NV","89786","US",""
"4397","2025-04-10","","8814 N Elm Dr","San Jose","ca ","94354","US",""
"4398","2025-09-15","","2774 S Main St","Oakland","CA","95839","USA",""
"4399","2026-01-28","","9062 E Center St","Salt Lake City","UT","84093","USA",""
"4400","2023-04-02","","7754 N Elm Dr","Rochester","NY","13258","US",""
"4401","2025-10-07","","6498 S Main St","St. George","UT","84452","USA",""
"4402","2023-05-13","","9031 E Center St","Flagstaff","AZ","85349","USA",""
"4403","2021-01-11","","9193 S State St","St. George","UT","84146","USA",""
"4404","2020-08-13","","128 W Oak Ave","Irvine","CA","91227","US",""
"4405","2023-02-06","","8376 E Center St","Denver","CO","81618","USA",""
"4406","2026-04-30","","8758 S State St","Salt Lake City","UT","84119","USA",""
"4407","2024-09-12","","1756 Rue Principale","Montreal","QC","V7H 6C5","CA",""
"4408","2025-05-05","","9292 W Oak Ave","Oakland","ca ","92451","US","2026-05-18"
"4409","2019-11-18","","9607 S Main St","Fresno","CA","90790","US",""
"4410","2023-01-22","","3786 S State St","Olympia","wa ","98581","US",""
"4411","2023-05-05","","8879 W Oak Ave","Seattle","WA","98436","US",""
"4412","2022-04-05","","7317 E Center St","Dallas","TX","76580","US",""
"4413","2019-05-29","","3223 S State St","Provo","UT","84669","US",""
"4414","2020-12-14","","2094 W Oak Ave","San Jose","CA","92646","US",""
"4415","2022-07-01","","6640 W Oak Ave","Boulder","CO","81334","US",""
"4416","2025-07-20","","7429 W Oak Ave","Denver","CO","81500","US",""
"4417","2026-01-17","","8198 W Oak Ave","Tucson","az ","85542","US",""
"4418","2023-05-02","","2736 S State St","Aurora","co ","81440","US",""
"4419","2023-05-01","","3788 S State St","Aurora","Colorado","80846","US",""
"4420","2024-06-09","","8046 S Main St","Salt Lake City","UT","84427","USA",""
"4421","2021-02-28","","1478 S Main St","Dallas","TX","76110","US",""
"4422","2026-02-01","","9234 S State St","Tucson","AZ","85023","US",""
"4423","2022-06-10","","9729 E Center St","Lehi","UT","84260","US",""
"4424","2026-06-20","","5048 S State St","Fresno","California","95531","USA",""
"4425","2020-01-20","","9797 S Main St","St. George","UT","84402","US",""
"4426","2020-09-22","","5073 S State St","Austin","TX","78650","USA",""
"4427","2024-03-09","","1722 King St","Monterrey","NLE","79577","MX","2024-06-01"
"4428","2021-07-07","","654 S State St","Oakland","CA","92693","US",""
"4429","2023-03-29","","7472 W Oak Ave","Tucson","AZ","86168","US",""
"4430","2022-11-29","","9365 W Oak Ave","Fort Collins","CO","81652","US",""
"4431","2024-10-27","","1839 S Main St","Fort Collins","CO","80731","US",""
"4432","2024-12-08","","","","","","",""
"4433","2026-01-01","","2156 S State St","Dallas","TX","76889","USA","2026-04-01"
"4434","2021-01-13","","5128 N Elm Dr","Henderson","NV","89596","USA",""
"4435","2022-11-25","","7540 S State St","Ogden","UT","84401","USA",""
"4436","2025-06-17","","7692 S Main St","Sparks","nv ","89830","US",""
"4437","2025-08-08","","7184 S Main St","Ogden","UT","84756","US",""
"4438","2023-07-11","","5753 W Oak Ave","Rochester","NY","13823","US",""
"4439","2022-04-13","","5320 S State St","Ogden","UT","84760","USA",""
"4440","2023-12-30","","2340 N Elm Dr","Oakland","ca ","92767","US","2026-02-21"
"4441","2019-12-15","","5282 W Oak Ave","Pueblo","CO","81573","US",""
"4442","2021-01-30","","1269 Rue Principale","Montreal","QC","M5E 7B1","Canada",""
"4443","2025-04-05","","6930 W Oak Ave","St. George","UT","84064","US",""
"4444","2024-08-13","","7983 E Center St","San Jose","ca ","91462","US",""
"4445","2026-02-18","","6623 S State St","Mesa","AZ","85072","US",""
"4446","2022-05-19","","6748 S State St","Sparks","Nevada","89189","USA",""
"4447","2020-12-02","","3516 N Elm Dr","Sacramento","CA","91384","US",""
"4448","2021-10-27","","1165 S State St","Provo","UT.","84406","US",""
"4449","2019-10-03","","3860 W Oak Ave","Salt Lake City","UT","84042","US",""
"4450","2026-06-20","","9534 E Center St","St. George","UT","84266","US",""
"4451","2024-07-11","","825 S State St","Sacramento","CA","91474","US",""
"4452","2025-04-02","","9701 E Center St","Oakland","CA","95801","US",""
"4453","2024-10-28","","7073 E Center St","Austin","Texas","79155","US",""
"4454","2019-06-10","","8721 S Main St","Mesa","AZ","85553","US",""
"4455","2019-09-25","","4493 S State St","Sparks","NV","89453","US",""
"4456","2022-12-19","","8558 E Center St","Salt Lake City","UT","84396","US",""
"4457","2022-04-19","","9457 N Elm Dr","Wilmington","DE","19913","US",""
"4458","2022-08-11","","7399 E Center St","Provo","UT","84664","US",""
"4459","2024-01-07","","7003 S State St","Sacramento","CA","90478","USA",""
"4460","2022-08-05","","9222 S State St","Rochester","ny ","13222","US",""
"4461","2022-04-22","","6045 S Main St","Albany","NY","12609","US",""
"4462","2020-04-27","","2264 S State St","Oakland","CA","90087","US",""
"4463","2023-02-04","","7658 N Elm Dr","Dallas","TX","76679","USA","2024-08-07"
"4464","2024-07-07","","7995 E Center St","Houston","TX","78233","US",""
"4465","2024-04-05","","2211 N Elm Dr","Tacoma","WA","99248","US",""
"4466","2021-04-29","","7409 S Main St","Tucson","AZ","85369","US",""
"4467","2021-11-20","","497 S Main St","Phoenix","AZ","85754","US",""
"4468","2021-07-09","","3973 S Main St","Ogden","UT","84469","US",""
"4469","2020-08-10","","9191 S State St","Reno","NV.","89588","USA",""
"4470","2024-01-04","","4624 N Elm Dr","Fresno","California","91532","US",""
"4471","2023-06-09","","193 N Elm Dr","Phoenix","AZ","85333","US",""
"4472","2021-05-13","","9586 S State St","Salt Lake City","UT","84443","US",""
"4473","2021-12-17","","5631 N Elm Dr","Las Vegas","NV","89027","US",""
"4474","2024-08-05","","1000 W Oak Ave","Provo","UT","84272","US",""
"4475","2023-07-17","","5352 N Elm Dr","Salt Lake City","UT","84699","USA",""
"4476","2025-09-01","","4838 S Main St","Henderson","NV","89643","US",""
"4477","2022-06-04","","2644 S State St","Newark","DE","19879","US",""
"4478","2021-02-06","","4356 N Elm Dr","Pueblo","Colorado","80520","USA",""
"4479","2022-04-06","","1880 W Oak Ave","Sparks","nv ","89479","US",""
"4480","2025-06-10","","2102 W Oak Ave","Sacramento","CA","94803","US",""
"4481","2026-06-13","","5108 E Center St","Ogden","ut ","84532","US",""
"4482","2024-04-16","","4149 Av Reforma","Guadalajara","JAL","29431","MX","2024-12-22"
"4483","2020-03-09","","8667 S Main St","Aurora","CO","80580","US",""
"4484","2023-03-09","","2332 S Main St","Plano","tx ","78353","US",""
"4485","2020-03-06","","","","","","",""
"4486","2024-07-16","","2543 S State St","Fresno","CA","95003","USA",""
"4487","2026-01-02","","2254 S State St","Seattle","WA","98932","US",""
"4488","2022-01-19","","","","","","",""
"4489","2024-10-03","","9716 W Oak Ave","Brooklyn","NY","14019","US",""
"4490","2025-09-14","","7912 S Main St","Salt Lake City","UT.","84081","US",""
"4491","2025-11-20","","3691 W Oak Ave","Plano","TX","79280","US",""
"4492","2025-01-30","","5187 E Center St","Dover","DE","19957","US",""
"4493","2021-06-20","","684 N Elm Dr","Boulder","co ","80228","US",""
"4494","2019-08-12","","9687 W Oak Ave","Provo","UT","84305","USA",""
"4495","2023-06-17","","4560 W Oak Ave","Olympia","WA","99308","US","2024-04-14"
"4496","2021-01-08","","9318 S State St","Sacramento","CA","94442","US",""
"4497","2026-04-19","","7378 N Elm Dr","Carson City","NV","89291","US",""
"4498","2024-08-07","","4972 N Elm Dr","Sparks","NV","89584","USA",""
"4499","2025-06-16","","3342 W Oak Ave","Provo","Utah","84042","USA",""
"4500","2021-06-27","","4985 E Center St","Spokane","Washington","98434","US",""
"4501","2026-06-01","","3229 N Elm Dr","Bellevue","WA","98451","USA",""
"4502","2020-10-23","","3793 S State St","Fort Collins","CO","80009","US","2023-06-02"
"4503","2019-04-23","","4363 S State St","Dallas","TX","75944","USA",""
"4504","2026-02-11","","2348 W Oak Ave","Tucson","AZ","86131","US",""
"4505","2024-11-04","2024-12-14","4789 S Main St","Provo","UT","84046","US","2026-04-05"
"4506","2023-09-24","","1380 S State St","San Jose","CA","92394","US",""
"4507","2025-11-12","","5646 W Oak Ave","Sacramento","CA","91918","US",""
"4508","2024-10-27","","4797 Av Reforma","Calgary","AB","H3J 9C2","Canada",""
"4509","2022-04-13","","5516 N Elm Dr","Lehi","UT","84786","USA",""
"4510","2020-04-25","2023-12-24","4485 S State St","Henderson","nv ","89298","USA",""
"4511","2023-12-12","","50 S State St","Boulder","co ","81009","US",""
"4512","2019-11-18","2020-05-04","3251 N Elm Dr","Ogden","UT","84540","US",""
"4513","2024-05-21","","2929 S Main St","Tacoma","WA","98816","US",""
"4514","2023-10-24","","5664 S State St","Buffalo","New York","14382","USA",""
"4515","2024-10-17","2026-06-11","8434 S State St","Dallas","Texas","75328","US","2025-04-01"
"4516","2022-05-15","","4163 W Oak Ave","Lehi","ut ","84081","US",""
"4517","2021-08-27","","6130 S Main St","Ogden","ut ","84588","US",""
"4518","2020-01-13","2024-05-13","4746 King St","Guadalajara","JAL","98184","MX",""
"4519","2025-02-11","","1864 S State St","Provo","UT","84587","US",""
"4520","2026-06-06","","433 N Elm Dr","Ogden","UT","84612","US",""
"4521","2022-01-27","","6272 S Main St","Boulder","CO","81415","US",""
"4522","2024-08-17","","7493 S State St","Sacramento","CA.","93369","USA",""
"4523","2020-05-23","","3803 E Center St","Salt Lake City","UT.","84726","US",""
"4524","2025-04-27","","6910 E Center St","Bellevue","WA.","99277","USA",""
"4525","2019-03-04","","800 S State St","Ogden","UT","84637","US",""
"4526","2021-05-01","","7730 S State St","St. George","UT","84456","US",""
"4527","2026-01-10","","1807 N Elm Dr","Bellevue","WA","99247","USA",""
"4528","2024-11-14","","6204 E Center St","Lehi","UT","84731","US",""
"4529","2025-10-15","","4182 N Elm Dr","Plano","TX","76752","US",""
"4530","2025-06-05","","7289 E Center St","Sacramento","CA","94364","USA",""
"4531","2024-06-08","","8851 S State St","Ogden","UT","84458","US",""
"4532","2023-07-13","","1541 E Center St","Ogden","UT","84260","US",""
"4533","2022-11-11","","2896 N Elm Dr","Sparks","nv ","89319","US",""
"4534","2020-06-05","","5752 S Main St","San Jose","CA.","94079","US",""
"4535","2020-10-02","","2901 E Center St","Brooklyn","NY.","13851","US",""
"4536","2022-09-29","","8874 E Center St","Phoenix","az ","85816","US",""
"4537","2020-02-06","","841 N Elm Dr","Provo","UT","84477","US",""
"4538","2019-10-23","","3711 S Main St","Rochester","NY","12412","US",""
"4539","2024-01-13","","3069 Rue Principale","Monterrey","NLE","55327","MX",""
"4540","2024-04-08","","3532 S State St","Dallas","TX","77222","US","2025-08-31"
"4541","2025-06-24","","2034 E Center St","Wilmington","de ","19913","USA",""
"4542","2025-09-22","","1028 W Oak Ave","Boulder","co ","80281","USA",""
"4543","2023-03-09","","2059 N Elm Dr","St. George","UT","84667","US",""
"4544","2025-08-29","","7844 S State St","Aurora","co ","80530","US",""
"4545","2025-07-02","","7367 S State St","Newark","DE","19807","US",""
"4546","2024-10-16","","1621 S State St","Bellevue","WA","98509","USA",""
"4547","2019-11-03","","3861 S Main St","Irvine","CA","93896","US",""
"4548","2020-07-14","","7175 S Main St","Buffalo","NY","11889","USA",""
"4549","2024-05-25","","3038 N Elm Dr","Ogden","UT","84716","US",""
"4550","2026-02-17","","4949 N Elm Dr","Tucson","AZ","85854","US",""
"4551","2019-01-02","","5251 N Elm Dr","Mesa","AZ.","85977","US","2023-02-04"
"4552","2024-08-05","","4972 W Oak Ave","El Paso","TX","79322","US",""
"4553","2024-03-07","","2858 E Center St","Mesa","AZ","86433","USA",""
"4554","2025-04-08","","4140 King St","Monterrey","NLE","71770","MX","2026-03-17"
"4555","2024-11-01","","2129 E Center St","Lehi","UT","84687","US",""
"4556","2025-10-16","","6534 W Oak Ave","St. George","UT","84063","US",""
"4557","2021-01-07","","8319 N Elm Dr","Austin","Texas","75466","USA",""
"4558","2023-05-11","","5269 E Center St","Newark","DE","19753","US",""
"4559","2026-05-04","","5944 S State St","Salt Lake City","UT","84053","US",""
"4560","2023-11-28","","5105 N Elm Dr","Bellevue","WA","98549","US",""
"4561","2026-06-20","","4593 N Elm Dr","Austin","tx ","79738","US",""
"4562","2023-07-09","","","","","","",""
"4563","2023-02-22","","218 W Oak Ave","Plano","TX","78298","US",""
"4564","2022-10-30","","8611 S Main St","Bellevue","wa ","98198","US",""
"4565","2022-12-28","","9672 E Center St","Salt Lake City","UT","84278","US",""
"4566","2025-06-16","","7230 S State St","Tempe","az ","85162","US",""
"4567","2021-05-26","","7271 W Oak Ave","Lehi","UT","84284","USA",""
"4568","2021-05-09","","85 E Center St","Ogden","UT","84602","US",""
"4569","2023-06-14","","5972 E Center St","Tacoma","WA","98338","USA",""
"4570","2022-09-27","","3394 W Oak Ave","Dover","DE","19767","US",""
"4571","2021-07-06","","1731 S State St","Dallas","TX","79649","US",""
"4572","2023-09-12","","1213 S Main St","Rochester","NY","14286","US","2023-10-05"
"4573","2022-11-29","","","","","","",""
"4574","2021-05-28","","3862 S State St","Brooklyn","ny ","12279","USA",""
"4575","2024-01-03","","7557 E Center St","Lehi","UT","84770","US",""
"4576","2025-07-24","","6109 E Center St","Plano","TX","79784","US",""
"4577","2021-10-25","","8194 S Main St","Tacoma","WA","98238","US",""
"4578","2022-06-01","","5954 W Oak Ave","Austin","TX.","78560","USA",""
"4579","2024-05-22","","7639 N Elm Dr","Oakland","CA","93051","US",""
"4580","2025-10-25","","6886 W Oak Ave","Tucson","AZ","86070","USA",""
"4581","2024-12-01","","9106 S State St","Oakland","CA","93961","US",""
"4582","2024-03-29","","8009 S Main St","Las Vegas","NV","89832","USA",""
"4583","2020-02-09","","4419 S Main St","Fresno","ca ","92603","US",""
"4584","2024-08-06","","6240 W Oak Ave","Oakland","ca ","95987","US","2025-08-16"
"4585","2025-02-17","","2923 S Main St","Aurora","CO","81377","US",""
"4586","2025-02-12","","7907 E Center St","Aurora","co ","81470","US",""
"4587","2026-05-10","","2429 E Center St","Ogden","UT","84431","USA",""
"4588","2024-05-22","","4044 E Center St","Dallas","TX","78237","US",""
"4589","2025-05-06","","4930 N Elm Dr","Salt Lake City","UT","84416","US",""
"4590","2023-12-25","","5288 S Main St","Bellevue","wa ","98453","US",""
"4591","2026-02-19","","5248 W Oak Ave","Brooklyn","NY","13077","US",""
"4592","2022-10-29","","1350 S Main St","Dallas","tx ","75796","US","2024-04-28"
"4593","2026-04-22","","7054 N Elm Dr","St. George","ut ","84196","US",""
"4594","2021-02-04","","","","","","",""
"4595","2025-07-18","","4365 E Center St","Salt Lake City","UT","84774","US",""
"4596","2025-08-09","","3704 S State St","San Jose","CA","92703","USA","2026-06-15"
"4597","2025-11-25","","7061 W Oak Ave","Lehi","UT","84739","USA",""
"4598","2021-04-25","","3207 E Center St","Phoenix","AZ","85228","US",""
"4599","2024-09-20","","3732 N Elm Dr","Spokane","WA","98867","US","2026-03-17"
"4600","2022-04-14","","7709 E Center St","Milford","DE","19725","US",""
"4601","2021-06-15","","","","","","",""
"4602","2021-09-01","","968 S Main St","Provo","Utah","84415","US",""
"4603","2021-02-14","","7483 E Center St","Fort Collins","CO","81301","USA",""
"4604","2025-09-30","","2239 W Oak Ave","St. George","UT","84304","US",""
"4605","2024-02-14","","6222 S Main St","Fort Collins","CO","80422","USA",""
"4606","2024-04-25","","5282 E Center St","Sparks","NV","89673","US",""
"4607","2024-09-18","","4096 W Oak Ave","Phoenix","AZ","86229","USA",""
"4608","2024-07-26","","6712 S Main St","Denver","CO","81421","US",""
"4609","2021-09-29","","5920 E Center St","Houston","TX","79685","US",""
"4610","2026-04-09","","4425 S State St","Sacramento","CA","93754","US",""
"4611","2024-12-06","","5772 S State St","Lehi","ut ","84040","US",""
"4612","2026-06-06","","5916 N Elm Dr","Syracuse","NY","11039","US",""
"4613","2026-04-04","","1411 E Center St","Reno","nv ","89795","US",""
"4614","2023-04-16","","2091 E Center St","Albany","ny ","12292","US",""
"4615","2024-03-22","","5688 E Center St","Salt Lake City","UT.","84152","US",""
"4616","2023-03-15","","6402 S Main St","Oakland","CA","95473","US",""
"4617","2025-11-26","2026-05-27","693 S State St","Pueblo","CO","80995","US",""
"4618","2024-01-18","","7144 S State St","Plano","TX","75646","US",""
"4619","2022-03-03","","6209 S State St","St. George","UT","84730","USA",""
"4620","2024-04-08","","9064 W Oak Ave","Tucson","AZ.","86054","US",""
"4621","2023-05-07","","7975 N Elm Dr","Flagstaff","AZ","85182","US",""
"4622","2022-12-01","","6616 E Center St","Provo","UT","84277","US",""
"4623","2022-10-09","","8552 N Elm Dr","St. George","UT","84078","US",""
"4624","2021-05-24","","7455 S Main St","Boulder","CO","80162","US",""
"4625","2024-08-13","","1004 S Main St","El Paso","TX","75518","USA",""
"4626","2025-03-03","","5665 S State St","Salt Lake City","UT","84746","USA",""
"4627","2020-02-06","","3646 W Oak Ave","Pueblo","CO","80051","US",""
"4628","2026-06-12","","4384 S Main St","Carson City","NV","89492","USA",""
"4629","2021-07-08","","2979 S Main St","Albany","New York","14910","US",""
"4630","2025-06-28","","6447 S State St","Henderson","nv ","89657","US",""
"4631","2024-01-08","","2060 S Main St","Flagstaff","AZ","85868","US",""
"4632","2024-06-05","","860 S State St","Dallas","TX","77930","US",""
"4633","2021-01-16","","7302 N Elm Dr","Lehi","UT","84565","USA","2024-01-25"
"4634","2021-01-27","","4105 S State St","Sacramento","CA","91215","US","2025-10-30"
"4635","2020-10-09","","9000 N Elm Dr","Bellevue","Washington","99042","US",""
"4636","2025-06-08","","4685 N Elm Dr","Denver","co ","81087","USA",""
"4637","2026-01-20","","8875 N Elm Dr","Austin","Texas","76864","US",""
"4638","2023-08-15","","6413 S Main St","Albany","NY","14708","US",""
"4639","2020-04-22","","4916 W Oak Ave","Plano","TX","75659","US",""
"4640","2025-07-31","","5362 E Center St","Bellevue","wa ","98250","US",""
"4641","2021-06-02","","3236 W Oak Ave","Provo","UT","84766","USA",""
"4642","2023-11-16","","6118 W Oak Ave","El Paso","TX","76672","USA",""
"4643","2023-05-06","","1283 N Elm Dr","Syracuse","NY.","14056","US","2025-03-25"
"4644","2022-10-24","","5996 S State St","Oakland","CA","91675","US",""
"4645","2025-07-28","","3542 S State St","Reno","Nevada","89218","US",""
"4646","2023-09-23","","2380 N Elm Dr","Phoenix","Arizona","85041","US",""
"4647","2024-04-21","","5004 S Main St","Provo","UT.","84311","US",""
"4648","2025-09-06","","3193 E Center St","Fresno","CA","92294","US",""
"4649","2023-11-21","","7033 S State St","St. George","UT.","84008","US",""
"4650","2022-08-28","","4712 S State St","Salt Lake City","ut ","84368","US",""
"4651","2022-04-25","","843 E Center St","Sparks","Nevada","89850","US",""
"4652","2021-06-14","","8550 W Oak Ave","Buffalo","NY","13065","US",""
"4653","2022-02-05","","94 S State St","San Jose","CA","92748","US",""
"4654","2022-02-17","","6704 W Oak Ave","Brooklyn","NY","11214","US","2025-04-13"
"4655","2025-11-13","","2781 W Oak Ave","Ogden","ut ","84745","US",""
"4656","2023-02-19","","4178 W Oak Ave","Ogden","Utah","84101","US",""
"4657","2020-09-24","","9369 S State St","Smyrna","DE","19781","USA",""
"4658","2021-07-25","","8431 W Oak Ave","Irvine","CA","91006","USA",""
"4659","2026-01-09","","3143 S Main St","Irvine","California","90728","US",""
"4660","2021-03-20","","5317 E Center St","Fort Collins","CO.","80125","US",""
"4661","2021-03-20","2024-02-22","3822 N Elm Dr","Brooklyn","New York","12792","US",""
"4662","2026-02-15","","5489 E Center St","Lehi","Utah","84028","USA",""
"4663","2023-11-19","","3618 W Oak Ave","Fresno","CA","90193","USA",""
"4664","2024-04-21","","9727 W Oak Ave","Tempe","Arizona","85773","US",""
"4665","2019-10-10","","2112 E Center St","San Jose","ca ","95323","US",""
"4666","2026-05-28","","6929 S State St","Phoenix","AZ","85313","US",""
"4667","2026-05-17","","1278 W Oak Ave","Seattle","Washington","98160","US",""
"4668","2020-12-03","","8241 S State St","Tacoma","WA","99062","US",""
"4669","2022-08-01","","","","","","",""
"4670","2022-10-11","","4702 N Elm Dr","Provo","UT","84192","US",""
"4671","2026-01-10","","8924 E Center St","Tacoma","WA","98834","US",""
"4672","2024-06-10","","4009 N Elm Dr","Fresno","CA","94309","US",""
"4673","2019-06-09","","6845 S Main St","Mesa","AZ","86173","USA",""
"4674","2020-09-05","","5791 S Main St","Salt Lake City","UT.","84627","US",""
"4675","2025-08-02","","1377 Calle Norte","Monterrey","NLE","66467","MX",""
"4676","2021-12-27","","6361 S Main St","Spokane","WA","99124","US",""
"4677","2024-04-14","","3670 E Center St","Provo","UT","84569","US",""
"4678","2024-11-16","","6979 S State St","Phoenix","AZ","85322","US",""
"4679","2022-07-25","","5181 N Elm Dr","Lehi","UT","84015","USA",""
"4680","2022-06-28","","8315 W Oak Ave","Ogden","UT","84012","US",""
"4681","2020-07-11","","","","","","",""
"4682","2023-12-06","","8759 N Elm Dr","Aurora","CO","81026","US",""
"4683","2026-06-08","","4814 S State St","Provo","UT","84665","US",""
"4684","2025-11-16","","6661 N Elm Dr","Ogden","UT","84288","US",""
"4685","2020-05-17","","1407 King St","Toronto","ON","H8B 2C4","CA","2025-04-10"
"4686","2024-08-12","","3626 S State St","Olympia","WA","98825","US",""
"4687","2024-09-12","","1973 E Center St","Olympia","WA","98718","US",""
"4688","2021-12-18","","3309 N Elm Dr","Salt Lake City","UT","84459","US",""
"4689","2025-07-03","","1974 W Oak Ave","Oakland","CA","95600","US",""
"4690","2020-06-08","","9019 S State St","Sparks","NV.","89050","US",""
"4691","2020-01-25","","1051 Av Reforma","Montreal","QC","T1B 9G8","Canada",""
"4692","2026-02-19","","","","","","",""
"4693","2024-12-01","","1683 S Main St","Irvine","CA","94250","US",""
"4694","2023-10-16","","5930 S Main St","Lehi","UT","84412","US",""
"4695","2021-03-23","","","","","","",""
"4696","2024-07-15","","","","","","",""
"4697","2024-08-12","","3526 S Main St","Ogden","UT","84643","US",""
"4698","2024-08-22","","8336 N Elm Dr","Provo","UT.","84096","US",""
"4699","2021-04-10","","834 King St","Vancouver","BC","V9B 4H1","Canada",""
"4700","2024-08-21","","5032 S State St","Tempe","AZ","85622","US",""
"4701","2025-08-09","","7554 N Elm Dr","Ogden","UT","84333","USA",""
"4702","2022-08-06","","2531 W Oak Ave","Mesa","AZ","85478","USA",""
"4703","2026-05-10","","7926 N Elm Dr","Mesa","AZ","85852","US",""
"4704","2019-09-26","","6447 E Center St","Houston","tx ","78220","US",""
"4705","2025-09-15","","2655 W Oak Ave","Fort Collins","CO","80378","US",""
"4706","2022-09-19","","7981 S State St","Salt Lake City","ut ","84473","US",""
"4707","2026-05-05","","6077 S Main St","Seattle","WA","98170","US",""
"4708","2024-02-03","","8343 N Elm Dr","San Jose","CA","90135","US",""
"4709","2019-06-17","","5065 W Oak Ave","San Jose","CA","92326","US",""
"4710","2025-11-19","","7557 E Center St","San Jose","California","92294","US",""
"4711","2022-10-05","","9685 W Oak Ave","Austin","TX.","75368","US",""
"4712","2020-05-11","","414 S State St","Tempe","AZ","86363","US",""
"4713","2020-06-08","","4975 N Elm Dr","Syracuse","NY","13857","US",""
"4714","2023-04-03","","2967 W Oak Ave","Dallas","tx ","79169","US",""
"4715","2023-07-05","","9786 S State St","Buffalo","NY","10121","US",""
"4716","2021-10-26","","2426 W Oak Ave","Henderson","NV","89742","US",""
"4717","2022-04-14","","9168 W Oak Ave","Houston","TX","75432","US",""
"4718","2022-05-20","","4113 S Main St","Sacramento","CA","94513","USA",""
"4719","2021-09-19","","497 W Oak Ave","Spokane","WA","98540","US",""
"4720","2021-07-26","2022-01-07","4836 N Elm Dr","Fort Collins","co ","80837","US",""
"4721","2022-01-02","","6536 W Oak Ave","Boulder","CO","80127","USA",""
"4722","2024-09-06","","2645 S Main St","Dover","DE","19847","US",""
"4723","2025-11-12","","2861 S Main St","Provo","UT","84051","US",""
"4724","2022-12-20","","7645 E Center St","Aurora","CO","80507","US","2025-11-07"
"4725","2019-03-25","","6853 S Main St","Lehi","UT","84394","US",""
"4726","2025-02-04","","5139 S State St","Tacoma","wa ","98586","US",""
"4727","2019-08-26","","8815 S Main St","Aurora","CO","81277","US",""
"4728","2025-06-05","","2251 S Main St","Olympia","wa ","98137","US",""
"4729","2025-07-24","","8446 N Elm Dr","Flagstaff","AZ.","85679","US",""
"4730","2026-03-22","","9466 S Main St","Las Vegas","NV","89656","US",""
"4731","2022-01-19","","3402 E Center St","Phoenix","AZ","85514","US",""
"4732","2021-09-19","","6168 S State St","San Jose","CA","93234","US",""
"4733","2023-11-15","","9696 S State St","Sacramento","CA","91409","USA",""
"4734","2019-07-19","","6733 S Main St","Fort Collins","CO","81025","USA",""
"4735","2023-08-02","","188 W Oak Ave","El Paso","tx ","79479","US",""
"4736","2026-02-10","","1621 N Elm Dr","Sacramento","California","93621","US",""
"4737","2021-12-26","","1718 N Elm Dr","Dallas","TX","75418","US",""
"4738","2024-02-05","","6144 S Main St","Tacoma","wa ","98083","US",""
"4739","2025-10-28","","3464 Rue Principale","Guadalajara","JAL","39531","MX",""
"4740","2021-07-21","","6371 E Center St","Provo","UT","84532","US",""
"4741","2021-08-20","","5642 S Main St","Ogden","ut ","84399","US",""
"4742","2024-04-29","","760 N Elm Dr","San Jose","CA","94085","US",""
"4743","2023-10-12","","3310 W Oak Ave","San Jose","CA","93835","US",""
"4744","2025-06-22","","6772 N Elm Dr","Ogden","ut ","84174","USA",""
"4745","2021-05-30","","601 S State St","Buffalo","New York","13815","US",""
"4746","2022-09-30","","1091 E Center St","Milford","DE","19844","US",""
"4747","2025-01-23","","5551 N Elm Dr","Henderson","nv ","89669","US",""
"4748","2025-11-23","","6910 N Elm Dr","El Paso","TX.","77557","USA",""
"4749","2021-01-26","","6906 N Elm Dr","Mesa","AZ.","85626","US",""
"4750","2023-09-18","","5164 N Elm Dr","Houston","TX","77486","US",""
"4751","2020-04-12","","418 W Oak Ave","Ogden","UT","84748","US",""
"4752","2024-02-18","","6999 W Oak Ave","Plano","TX","79430","US",""
"4753","2026-04-03","","4384 N Elm Dr","Austin","TX","76425","USA",""
"4754","2024-09-29","","1286 S State St","St. George","ut ","84248","US",""
"4755","2024-10-16","","6297 N Elm Dr","St. George","UT","84427","US",""
"4756","2021-05-16","","7922 W Oak Ave","Provo","UT","84617","US",""
"4757","2022-08-12","","4051 S Main St","St. George","ut ","84340","USA",""
"4758","2021-02-09","","9680 N Elm Dr","Salt Lake City","ut ","84631","USA",""
"4759","2023-01-28","","3336 W Oak Ave","Newark","DE","19888","US",""
"4760","2021-12-19","","6183 S Main St","Syracuse","NY","12424","US",""
"4761","2024-09-15","","9556 N Elm Dr","Provo","UT","84160","US",""
"4762","2024-04-28","","8807 N Elm Dr","Salt Lake City","UT","84492","US",""
"4763","2025-07-01","","2208 N Elm Dr","Fort Collins","CO","80706","US",""
"4764","2025-05-29","","6527 E Center St","Dallas","TX","76207","US",""
"4765","2021-12-26","","6497 S State St","Salt Lake City","UT","84490","US",""
"4766","2023-09-12","","","","","","",""
"4767","2022-05-12","","2926 S Main St","Wilmington","Delaware","19963","US",""
"4768","2025-03-20","","7899 S State St","Provo","UT","84746","US",""
"4769","2025-09-23","","7760 S Main St","Provo","UT","84250","US",""
"4770","2021-10-14","","8280 S Main St","Aurora","CO","81297","US",""
"4771","2025-12-01","","924 W Oak Ave","Tucson","Arizona","85735","US",""
"4772","2024-01-28","","3910 S State St","Sacramento","CA","93462","US",""
"4773","2019-04-16","","7373 S Main St","Lehi","ut ","84483","US",""
"4774","2023-11-10","","9669 W Oak Ave","Irvine","CA","90234","US",""
"4775","2025-02-26","","3195 S State St","Austin","TX","76285","US",""
"4776","2021-01-03","","3646 E Center St","Oakland","CA","94695","USA",""
"4777","2026-05-01","","771 N Elm Dr","Tempe","AZ","85406","US",""
"4778","2021-03-27","","6548 S Main St","Lehi","UT","84396","US",""
"4779","2023-11-05","","1353 S Main St","Houston","TX","79146","US",""
"4780","2025-08-23","","8167 S Main St","Flagstaff","AZ","85687","US",""
"4781","2020-12-04","","1719 S State St","El Paso","TX","79601","US",""
"4782","2021-03-22","","3394 E Center St","Ogden","UT","84070","US",""
"4783","2025-10-19","","4064 E Center St","Denver","CO","80544","US",""
"4784","2024-09-04","","6072 S State St","Mesa","AZ","86332","US",""
"4785","2023-07-17","","1990 King St","Calgary","AB","V3C 4G1","Canada","2024-02-09"
"4786","2023-07-15","","","","","","",""
"4787","2022-06-22","","6680 S State St","Aurora","CO","81041","US",""
"4788","2019-07-07","","8020 E Center St","Aurora","CO","80893","US",""
"4789","2024-10-15","","3998 S Main St","St. George","UT","84339","US",""
"4790","2020-09-19","","2991 E Center St","Lehi","ut ","84640","US",""
"4791","2024-08-03","","1717 S Main St","Ogden","UT","84119","US",""
"4792","2024-11-13","","5992 S Main St","Dallas","TX","78187","USA",""
"4793","2020-05-06","","4751 W Oak Ave","Lehi","Utah","84536","US",""
"4794","2019-07-25","","5251 S State St","Mesa","AZ","86350","US",""
"4795","2025-10-18","","5700 S Main St","Henderson","NV","89643","US",""
"4796","2022-04-08","","6212 S Main St","Pueblo","CO","81254","US",""
"4797","2026-06-16","","358 N Elm Dr","Fort Collins","CO","80225","USA",""
"4798","2025-02-26","","4317 S Main St","Olympia","Washington","98594","USA",""
"4799","2019-02-26","","1479 King St","Calgary","AB","H4J 9E9","CA","2024-03-05"
"4800","2025-10-31","","9654 S State St","Aurora","co ","80554","USA",""
"4801","2025-11-04","","1214 Calle Norte","Calgary","AB","H2A 4J3","CA",""
"4802","2025-04-07","","4496 S State St","Houston","TX","75557","USA",""
"4803","2026-02-19","","5899 N Elm Dr","Austin","TX","76962","US",""
"4804","2022-05-05","","6076 W Oak Ave","Rochester","New York","11293","US",""
"4805","2024-07-16","","5276 W Oak Ave","Dallas","TX","78461","US",""
"4806","2025-06-29","","8024 E Center St","Reno","NV","89648","US",""
"4807","2023-11-20","","4368 N Elm Dr","Bellevue","wa ","98830","USA",""
"4808","2020-01-25","","6698 E Center St","El Paso","Texas","79281","US",""
"4809","2020-03-22","","391 W Oak Ave","Reno","NV","89736","USA",""
"4810","2023-01-17","","4728 S State St","Sacramento","CA","93145","US",""
"4811","2024-04-09","","5315 S Main St","Reno","Nevada","89330","USA",""
"4812","2025-02-28","","3945 E Center St","Aurora","CO","81454","US",""
"4813","2024-10-05","","7785 S Main St","Sparks","NV","89219","US",""
"4814","2025-10-02","","","","","","",""
"4815","2024-08-21","","1533 S Main St","Fresno","CA","95759","US",""
"4816","2021-09-02","","2678 S Main St","Provo","UT","84330","USA",""
"4817","2024-01-08","","2982 N Elm Dr","Sacramento","CA","93556","US",""
"4818","2019-10-27","","4072 W Oak Ave","El Paso","TX","77241","US",""
"4819","2024-07-24","","3556 W Oak Ave","Tacoma","WA","98108","US",""
"4820","2022-12-16","","3608 S Main St","Provo","UT","84291","US",""
"4821","2021-10-16","","7260 S State St","St. George","UT","84010","US",""
"4822","2021-06-15","","9268 S State St","Flagstaff","AZ","85136","US",""
"4823","2023-06-19","","3272 S Main St","Houston","TX","76923","US",""
"4824","2022-05-07","","7570 N Elm Dr","Oakland","CA","91528","US",""
"4825","2022-09-27","","8135 W Oak Ave","Sacramento","CA","92941","US",""
"4826","2024-01-22","","4043 S State St","Seattle","WA","98533","US",""
"4827","2025-09-10","","3043 N Elm Dr","Lehi","UT","84468","USA",""
"4828","2026-04-15","","7207 S Main St","Brooklyn","NY","14440","USA",""
"4829","2023-10-26","","8261 E Center St","Fort Collins","CO","80747","US",""
"4830","2022-10-21","","1505 S Main St","Provo","ut ","84414","US",""
"4831","2025-12-15","","4782 W Oak Ave","Seattle","Washington","98614","USA",""
"4832","2025-09-07","","7443 N Elm Dr","Seattle","WA","98668","US",""
"4833","2024-03-28","","9088 S Main St","Ogden","UT","84762","US",""
"4834","2024-10-28","","4327 W Oak Ave","Austin","TX","78288","US",""
"4835","2023-10-13","","8599 S State St","Spokane","wa ","98543","US",""
"4836","2025-09-16","","7944 S State St","Dallas","TX","77892","US",""
"4837","2025-07-14","","593 N Elm Dr","Ogden","UT","84393","USA",""
"4838","2021-12-18","","903 S State St","Austin","TX","78179","US",""
"4839","2026-01-30","","2526 S State St","Albany","ny ","10142","US",""
"4840","2021-05-24","","9138 E Center St","Oakland","CA.","94242","US",""
"4841","2023-03-26","","596 S Main St","Dover","DE","19726","US",""
"4842","2024-07-03","","2047 S State St","Salt Lake City","UT","84199","US",""
"4843","2020-01-28","","9348 E Center St","Flagstaff","AZ","85905","US",""
"4844","2020-12-17","","785 W Oak Ave","Aurora","CO","80410","US",""
"4845","2025-05-12","","7137 N Elm Dr","El Paso","TX","78471","US",""
"4846","2025-05-11","","1395 S State St","Provo","UT","84003","US",""
"4847","2021-09-09","","3382 E Center St","Phoenix","AZ","85789","US",""
"4848","2021-04-12","","8502 W Oak Ave","Boulder","Colorado","80765","USA",""
"4849","2020-01-19","","6305 S Main St","El Paso","Texas","79297","USA",""
"4850","2023-05-12","","2496 W Oak Ave","El Paso","TX","76456","US",""
"4851","2022-02-07","","7506 E Center St","San Jose","CA","95046","US",""
"4852","2022-06-19","","8575 E Center St","Henderson","NV","89718","US",""
"4853","2025-09-20","","2178 S State St","Phoenix","AZ","86419","US",""
"4854","2022-11-29","","523 S State St","Ogden","UT","84633","US",""
"4855","2024-07-23","2025-04-21","2504 S State St","Irvine","CA","94844","US",""
"4856","2020-10-14","","4638 S State St","Ogden","UT","84121","US",""
"4857","2022-05-13","","4899 S State St","Sacramento","CA","94220","US",""
"4858","2024-09-15","","8706 S State St","Dallas","TX","78866","US",""
"4859","2024-11-27","","9409 S Main St","Fresno","CA","92456","USA",""
"4860","2024-01-14","","4075 S Main St","Houston","tx ","76194","US",""
"4861","2021-08-26","","2349 W Oak Ave","Phoenix","AZ","86246","US",""
"4862","2020-07-16","","5382 S Main St","Reno","NV","89393","US",""
"4863","2025-10-01","","9646 S Main St","El Paso","TX.","75184","US",""
"4864","2024-04-20","2025-12-01","4425 S State St","Rochester","NY","13897","US",""
"4865","2026-04-11","","2634 S Main St","Seattle","wa ","98388","US",""
"4866","2024-11-08","","2110 W Oak Ave","Austin","Texas","79546","US",""
"4867","2026-05-23","","653 E Center St","St. George","UT","84028","US",""
"4868","2020-09-27","","7223 W Oak Ave","Ogden","ut ","84639","US",""
"4869","2025-02-04","","2399 N Elm Dr","Tucson","AZ.","85193","US",""
"4870","2023-02-02","","8185 N Elm Dr","Houston","TX","79685","US",""
"4871","2023-04-05","","1685 W Oak Ave","Aurora","CO","80077","US",""
"4872","2024-11-17","","6864 S State St","Ogden","ut ","84592","US",""
"4873","2025-02-22","","7580 W Oak Ave","Salt Lake City","UT","84426","US",""
"4874","2025-09-24","","7884 W Oak Ave","Salt Lake City","ut ","84179","US",""
"4875","2025-02-12","","8723 S Main St","Ogden","UT.","84271","US",""
"4876","2021-03-22","","5428 E Center St","Houston","TX","77868","USA","2022-09-26"
"4877","2021-06-07","","6913 S Main St","Lehi","UT","84683","USA",""
"4878","2022-03-14","","986 S Main St","Austin","TX","78160","US",""
"4879","2021-08-06","","4715 Rue Principale","Vancouver","BC","M9A 2A3","Canada",""
"4880","2026-03-21","","4516 N Elm Dr","Lehi","UT","84101","USA",""
"4881","2025-12-19","","8795 E Center St","Lehi","UT","84159","US",""
"4882","2025-04-14","","620 S State St","Oakland","CA","93439","USA",""
"4883","2025-10-14","","7687 N Elm Dr","Lehi","Utah","84590","US",""
"4884","2025-02-26","","6924 S Main St","Oakland","CA","95818","USA",""
"4885","2025-03-18","","8707 S Main St","Seattle","WA","98532","US",""
"4886","2022-12-21","","","","","","",""
"4887","2019-05-25","","7027 N Elm Dr","Olympia","WA","98640","US",""
"4888","2026-03-04","","4352 S Main St","Austin","TX","76507","USA",""
"4889","2022-10-20","","5973 N Elm Dr","Boulder","CO.","81608","US",""
"4890","2019-09-25","","270 Calle Norte","Montreal","QC","M8C 1G5","Canada",""
"4891","2024-11-23","","6484 E Center St","Sacramento","CA.","91627","US",""
"4892","2025-05-15","","2981 S Main St","San Jose","CA","92029","USA",""
"4893","2023-10-26","","1751 W Oak Ave","Provo","Utah","84597","USA","2026-03-21"
"4894","2025-12-28","","6949 N Elm Dr","Fresno","CA","90184","US",""
"4895","2026-01-10","","2316 E Center St","Sacramento","CA","91837","US",""
"4896","2021-08-10","","4482 N Elm Dr","Dallas","TX","78064","USA",""
"4897","2023-12-05","","1352 S Main St","Fresno","CA","92039","US",""
"4898","2022-07-04","","721 S Main St","Austin","TX","79399","US",""
"4899","2024-05-10","","2737 S State St","Fresno","CA","92518","USA","2025-05-04"
"4900","2025-09-10","","2960 King St","Vancouver","BC","M1E 6A5","Canada",""
"4901","2025-06-20","","605 W Oak Ave","Tucson","AZ","85708","USA",""
"4902","2026-05-15","","315 N Elm Dr","El Paso","TX","78735","US",""
"4903","2021-08-02","","2504 N Elm Dr","Dallas","tx ","76458","US",""
"4904","2026-05-10","","7885 N Elm Dr","Provo","UT","84373","USA",""
"4905","2024-12-25","","590 N Elm Dr","Boulder","CO","80592","US",""
"4906","2020-07-16","","5520 S Main St","Oakland","CA","92759","US",""
"4907","2023-10-03","","6598 S State St","Irvine","ca ","91035","US",""
"4908","2024-10-06","","1890 S State St","Irvine","CA","90165","USA",""
"4909","2020-07-01","","3864 W Oak Ave","Irvine","CA","93597","US",""
"4910","2024-10-04","","1780 W Oak Ave","Sparks","Nevada","89600","USA",""
"4911","2022-05-24","","4966 S Main St","Houston","TX","79632","US",""
"4912","2025-08-16","","140 W Oak Ave","Sacramento","ca ","95412","US",""
"4913","2020-06-16","","7695 W Oak Ave","Salt Lake City","UT","84097","USA","2024-01-02"
"4914","2021-04-01","","8436 S State St","Mesa","AZ","86043","US",""
"4915","2020-06-28","","586 S Main St","Tacoma","WA","98694","USA",""
"4916","2020-08-05","","5959 E Center St","Plano","TX","78321","US",""
"4917","2026-05-07","","228 W Oak Ave","Plano","TX","76000","USA",""
"4918","2024-03-19","","5443 S State St","Irvine","CA","92537","USA",""
"4919","2025-12-02","","4247 W Oak Ave","Tempe","Arizona","86365","US",""
"4920","2024-03-13","","1862 King St","Montreal","QC","H3B 2H7","CA",""
"4921","2024-03-09","","6308 E Center St","Rochester","New York","10108","US",""
"4922","2023-05-27","","7503 W Oak Ave","Salt Lake City","UT","84049","USA",""
"4923","2023-03-27","","2546 S State St","St. George","UT","84150","USA",""
"4924","2025-09-08","","34 S State St","Ogden","UT","84275","US",""
"4925","2020-05-15","","","","","","",""
"4926","2024-12-09","","1303 S State St","Tucson","az ","86246","USA",""
"4927","2026-02-24","","2256 S State St","Oakland","CA","95427","USA",""
"4928","2020-08-17","","406 S Main St","Irvine","CA","91220","US",""
"4929","2023-01-15","","","","","","",""
"4930","2020-08-25","","9740 W Oak Ave","Salt Lake City","UT","84291","US",""
"4931","2025-04-06","","4198 N Elm Dr","Brooklyn","New York","11087","US",""
"4932","2026-04-11","","6925 S State St","Dallas","TX","75939","US",""
"4933","2023-12-23","","1895 S Main St","Sacramento","CA.","92025","US",""
"4934","2026-03-11","","5589 S Main St","Fresno","CA","93795","US",""
"4935","2024-01-30","","2939 Calle Norte","Vancouver","BC","V1J 8G8","CA",""
"4936","2023-02-26","","4234 W Oak Ave","Bellevue","WA","98912","USA",""
"4937","2024-05-09","","5852 W Oak Ave","Tacoma","wa ","98158","US",""
"4938","2023-09-15","","9185 E Center St","Houston","TX","79906","USA",""
"4939","2021-03-07","","2675 S State St","Houston","TX","77180","US",""
"4940","2025-10-31","","5557 N Elm Dr","Lehi","UT","84781","US",""
"4941","2025-01-20","","2409 S State St","Lehi","UT","84081","US",""
"4942","2022-12-09","","9241 E Center St","Fresno","CA","95602","US",""
"4943","2023-07-19","","1550 S Main St","San Jose","CA","94169","USA",""
"4944","2023-05-10","","9293 E Center St","Plano","Texas","78229","USA",""
"4945","2025-06-02","","8553 N Elm Dr","Albany","NY","10305","US",""
"4946","2026-02-20","","4277 S State St","Sparks","nv ","89870","US",""
"4947","2020-01-27","","6270 W Oak Ave","Oakland","CA","95512","USA",""
"4948","2022-09-26","","5718 W Oak Ave","Irvine","ca ","94908","US",""
"4949","2022-01-11","","5669 S State St","El Paso","TX","76969","US",""
"4950","2021-08-12","","9506 S State St","Dallas","TX","75663","USA",""
"4951","2026-04-22","","4866 S State St","Provo","UT","84359","US",""
"4952","2024-05-18","","4745 S Main St","Carson City","NV","89526","US",""
"4953","2022-11-21","","3325 S Main St","Oakland","CA","93227","USA",""
"4954","2021-07-01","","7430 W Oak Ave","Provo","UT","84740","US","2023-06-03"
"4955","2023-04-20","","6839 E Center St","Plano","TX","78127","US",""
"4956","2025-11-23","","1174 W Oak Ave","Oakland","CA","95109","US",""
"4957","2020-10-04","","8529 S Main St","San Jose","CA","91037","USA",""
"4958","2023-07-29","","1101 W Oak Ave","El Paso","tx ","79628","USA",""
"4959","2022-03-28","","7640 N Elm Dr","Lehi","UT","84786","US",""
"4960","2020-09-21","","3316 S State St","El Paso","TX","79168","US",""
"4961","2025-08-05","","5401 S Main St","Lehi","UT","84420","US",""
"4962","2021-11-29","","576 S State St","Albany","NY","10810","US",""
"4963","2021-06-17","","4288 S State St","Newark","Delaware","19813","US",""
"4964","2026-03-05","","4064 S State St","Smyrna","DE","19759","US",""
"4965","2021-09-18","","4327 N Elm Dr","Salt Lake City","UT","84616","US",""
"4966","2024-04-28","","8262 S State St","Bellevue","WA","98946","USA",""
"4967","2025-07-12","","338 S Main St","Ogden","UT.","84656","US",""
"4968","2025-02-09","","3064 E Center St","San Jose","California","92444","US",""
"4969","2025-08-21","","1224 S State St","Spokane","Washington","99109","US",""
"4970","2024-11-27","","2830 W Oak Ave","Henderson","NV","89610","US",""
"4971","2025-11-11","","8844 S State St","Oakland","CA","93111","US",""
"4972","2024-07-13","","9387 S Main St","Fort Collins","CO","81099","USA",""
"4973","2022-07-28","","3219 E Center St","Aurora","Colorado","80191","US","2023-08-01"
"4974","2025-02-03","","","","","","",""
"4975","2022-11-17","","","","","","",""
"4976","2026-03-17","","","","","","",""
"4977","2024-10-16","","4818 E Center St","El Paso","TX","75649","US",""
"4978","2022-01-10","","2725 N Elm Dr","Plano","Texas","77625","US",""
"4979","2019-06-14","","9330 N Elm Dr","Bellevue","WA","99118","US",""
"4980","2021-07-28","","4787 S Main St","Flagstaff","AZ","85918","US",""
"4981","2025-10-28","","6130 S State St","Provo","UT","84142","US",""
"4982","2024-08-19","","7608 S State St","Wilmington","DE","19883","US",""
"4983","2023-12-10","","6757 W Oak Ave","San Jose","CA.","92157","USA",""
"4984","2024-08-03","","4461 N Elm Dr","Sacramento","CA.","92606","US",""
"4985","2026-02-16","","8090 W Oak Ave","Bellevue","WA","98062","US",""
"4986","2019-06-25","2020-11-04","7043 E Center St","Sacramento","CA","91098","US",""
"4987","2024-11-07","","9081 E Center St","Salt Lake City","UT","84487","USA",""
"4988","2024-12-16","","2754 W Oak Ave","Ogden","UT","84595","US",""
"4989","2024-05-04","","7866 S Main St","Salt Lake City","Utah","84769","US",""
"4990","2025-07-31","","5655 S Main St","Tempe","AZ","86093","US",""
"4991","2023-06-10","","8319 S State St","Lehi","UT","84125","USA",""
"4992","2021-12-22","","9276 N Elm Dr","Tucson","AZ","86340","US",""
"4993","2023-11-27","","478 N Elm Dr","Provo","UT","84634","USA",""
"4994","2023-10-07","","2178 W Oak Ave","Seattle","wa ","99043","US",""
"4995","2019-10-29","","1444 W Oak Ave","San Jose","CA","90941","USA",""
"4996","2022-05-09","","3404 S State St","Mesa","AZ","85183","USA",""
"4997","2023-03-21","","9498 E Center St","St. George","UT","84010","US",""
"4998","2023-02-07","","9197 N Elm Dr","Henderson","NV","89529","US",""
"4999","2024-09-20","","5352 N Elm Dr","Henderson","NV","89245","US",""
"5000","2023-09-15","","4069 S Main St","Rochester","New York","13217","US",""
"5001","2026-01-30","","3924 S Main St","El Paso","TX","79628","US",""
"5002","2026-03-22","","1830 Calle Norte","Montreal","QC","M8A 5H7","CA",""
"5003","2023-01-01","","553 N Elm Dr","Provo","ut ","84777","US",""
"5004","2023-06-22","","4962 S Main St","Sacramento","CA","92150","US",""
"5005","2025-04-27","","1848 S Main St","Seattle","WA","99295","US",""
"5006","2024-02-25","","2322 S State St","Oakland","CA","93824","US",""
"5007","2021-09-16","","4187 E Center St","Salt Lake City","Utah","84014","US",""
"5008","2022-05-25","","4653 W Oak Ave","Boulder","Colorado","80913","US",""
"5009","2025-08-05","2026-01-21","6590 E Center St","Ogden","UT","84271","USA",""
"5010","2022-07-29","","4861 N Elm Dr","Seattle","wa ","98170","US",""
"5011","2025-04-18","","852 N Elm Dr","Denver","CO","80404","US",""
"5012","2021-10-09","","9404 N Elm Dr","Aurora","CO","81078","USA",""
"5013","2024-08-01","","1561 King St","Ciudad de Mexico","CMX","72711","MX","2025-07-23"
"5014","2025-06-26","","3445 S State St","Provo","UT","84255","USA",""
"5015","2025-08-23","","3164 N Elm Dr","Bellevue","Washington","98885","US",""
"5016","2023-08-21","","3599 N Elm Dr","Denver","co ","81180","US",""
"5017","2026-04-16","","2765 S Main St","Pueblo","CO","80715","US",""
"5018","2022-11-04","","","","","","",""
"5019","2025-03-23","","322 E Center St","Lehi","UT","84552","US",""
"5020","2025-08-05","","5109 W Oak Ave","St. George","ut ","84181","USA",""
"5021","2020-03-11","","9086 N Elm Dr","Sparks","Nevada","89536","US",""
"5022","2021-03-21","","9109 S State St","Smyrna","DE","19720","US",""
"5023","2025-02-26","","","","","","",""
"5024","2025-11-21","","3193 S State St","Austin","TX","78196","US",""
"5025","2024-04-12","","503 S State St","San Jose","ca ","96140","US",""
"5026","2021-07-22","","1429 S State St","Salt Lake City","UT","84253","US",""
"5027","2023-07-06","","7368 E Center St","Provo","ut ","84208","USA",""
"5028","2025-05-14","","8664 S Main St","Sacramento","CA","91018","USA",""
"5029","2021-04-21","","5363 S Main St","Sacramento","CA","95139","USA",""
"5030","2023-05-30","","4783 S State St","St. George","UT","84344","US",""
"5031","2023-04-20","","7512 N Elm Dr","Tacoma","Washington","99110","US",""
"5032","2024-11-23","","8578 S State St","Dover","DE","19929","USA",""
"5033","2020-06-14","","8774 S Main St","Wilmington","DE","19721","US",""
"5034","2019-04-23","","5411 S Main St","Sparks","NV","89757","USA",""
"5035","2020-05-18","","1276 S Main St","Provo","UT","84278","USA",""
"5036","2026-01-08","","5040 E Center St","El Paso","TX","79793","USA",""
"5037","2025-02-06","","3653 Rue Principale","Calgary","AB","V6B 4A7","CA",""
"5038","2024-08-29","","7059 S Main St","Irvine","CA","95610","US",""
"5039","2024-09-15","","2552 E Center St","Sacramento","California","92184","US",""
"5040","2022-12-06","","5604 S Main St","Austin","TX","78713","US",""
"5041","2025-10-26","","6339 N Elm Dr","Mesa","Arizona","85135","US",""
"5042","2023-03-27","","4180 E Center St","Ogden","UT","84628","US",""
"5043","2023-11-22","","4573 N Elm Dr","Salt Lake City","Utah","84385","US",""
"5044","2023-10-10","","5867 E Center St","Houston","TX","78051","USA",""
"5045","2026-06-01","","9154 S Main St","Ogden","UT.","84184","US",""
"5046","2021-07-24","","1350 W Oak Ave","Dover","Delaware","19742","USA",""
"5047","2026-01-12","","7006 E Center St","Seattle","Washington","98841","USA",""
"5048","2025-01-07","","606 W Oak Ave","Carson City","nv ","89349","US",""
"5049","2024-03-09","","7752 E Center St","Carson City","nv ","89656","US",""
"5050","2024-03-19","","3023 S State St","San Jose","CA","90764","US",""
"5051","2019-11-22","","6204 E Center St","Dallas","TX","77137","US",""
"5052","2026-05-16","","486 S State St","San Jose","ca ","96017","US",""
"5053","2025-11-05","","5046 S Main St","El Paso","TX","75531","US",""
"5054","2022-12-01","","8674 N Elm Dr","Plano","tx ","78548","US",""
"5055","2023-07-08","","3874 E Center St","Salt Lake City","UT","84378","US",""
"5056","2024-11-25","","2288 N Elm Dr","Dallas","TX","78719","US",""
"5057","2025-02-19","","4854 W Oak Ave","Lehi","UT","84244","US",""
"5058","2021-07-21","","441 N Elm Dr","Provo","UT","84616","US",""
"5059","2024-11-26","","4415 S State St","Tempe","AZ","86397","US",""
"5060","2025-10-25","","6176 E Center St","Sacramento","CA","92661","US",""
"5061","2024-03-30","","9344 S Main St","Austin","TX","78628","USA",""
"5062","2025-10-29","","5225 W Oak Ave","Salt Lake City","UT","84401","US",""
"5063","2025-01-26","","5381 N Elm Dr","Albany","NY","13411","US",""
"5064","2026-01-23","","7981 S State St","Lehi","UT","84590","US",""
"5065","2020-09-19","","240 S Main St","Provo","UT","84425","US",""
"5066","2021-12-18","","4900 E Center St","Sacramento","CA","90998","US",""
"5067","2022-09-04","","3826 W Oak Ave","Smyrna","DE","19714","US",""
"5068","2021-10-08","","1567 S Main St","Carson City","nv ","89021","USA",""
"5069","2023-07-10","","1622 N Elm Dr","Syracuse","ny ","12146","US",""
"5070","2021-05-31","","6484 W Oak Ave","Salt Lake City","UT","84176","US",""
"5071","2019-10-14","","2170 S State St","Wilmington","DE","19912","USA",""
"5072","2025-05-11","","1526 S State St","Reno","NV","89200","US",""
"5073","2019-12-12","","8327 E Center St","Milford","DE","19726","USA",""
"5074","2026-05-17","","1335 W Oak Ave","Tucson","AZ","85890","US",""
"5075","2022-06-27","","9373 W Oak Ave","Seattle","WA","98743","US",""
"5076","2019-10-07","","1897 S State St","Tempe","AZ","86097","US",""
"5077","2023-02-24","","","","","","",""
"5078","2023-10-06","","8738 W Oak Ave","Houston","TX","76696","USA",""
"5079","2024-01-21","","8865 N Elm Dr","Aurora","CO","80011","US",""
"5080","2020-01-27","","1364 S State St","Salt Lake City","UT","84647","US",""
"5081","2021-10-20","","4354 S State St","Lehi","UT","84646","US",""
"5082","2026-06-10","","7247 E Center St","St. George","UT","84288","US",""
"5083","2025-04-25","","5853 W Oak Ave","Irvine","CA","91257","US",""
"5084","2020-01-10","","6805 E Center St","Olympia","WA","99121","US",""
"5085","2020-12-08","","640 W Oak Ave","Bellevue","wa ","99206","USA",""
"5086","2025-10-01","","1059 E Center St","Flagstaff","AZ","85075","US",""
"5087","2023-02-03","","1947 S Main St","Brooklyn","NY.","10868","USA",""
"5088","2026-06-06","","5813 S State St","Irvine","CA","90494","US",""
"5089","2021-09-26","","9426 E Center St","Las Vegas","NV","89182","US",""
"5090","2019-09-08","","5215 S State St","El Paso","TX","75189","US",""
"5091","2023-09-09","","9063 S State St","Ogden","Utah","84196","US",""
"5092","2024-09-25","","6934 S State St","Fresno","CA","94921","US",""
"5093","2021-12-30","","8481 S State St","Ogden","UT","84529","US",""
"5094","2026-06-13","","2586 W Oak Ave","Smyrna","DE.","19966","US",""
"5095","2023-08-28","","19 W Oak Ave","Fresno","CA","91770","US",""
"5096","2026-06-26","","9364 N Elm Dr","Fresno","ca ","95514","US",""
"5097","2023-01-28","","9070 W Oak Ave","Salt Lake City","UT","84362","US",""
"5098","2024-07-06","","8797 S State St","Dover","Delaware","19927","US",""
"5099","2025-07-28","","1901 S Main St","Provo","UT","84422","US",""
"5100","2024-12-02","","1395 W Oak Ave","Ogden","UT","84734","US",""
"5101","2024-11-04","","5402 E Center St","Ogden","ut ","84091","US",""
"5102","2022-06-07","","1078 S State St","St. George","ut ","84221","USA",""
"5103","2025-03-21","2025-09-10","5402 E Center St","Boulder","CO","81453","US",""
"5104","2022-02-04","","5211 N Elm Dr","Ogden","UT","84595","US",""
"5105","2021-03-26","","7200 E Center St","Fort Collins","CO","80226","US",""
"5106","2024-09-10","","9473 E Center St","Austin","TX","76022","US",""
"5107","2020-10-21","","9168 S State St","Spokane","WA","98673","US",""
"5108","2023-10-23","","9721 E Center St","Smyrna","DE","19784","US",""
"5109","2025-08-30","","779 W Oak Ave","Tempe","AZ","85303","US",""
"5110","2026-02-11","","4371 N Elm Dr","Denver","CO","81335","USA",""
"5111","2022-10-05","","1625 S Main St","St. George","UT","84497","US",""
"5112","2022-11-11","","4664 E Center St","Albany","NY","12032","US",""
"5113","2025-09-17","","7931 N Elm Dr","San Jose","CA.","91205","USA",""
"5114","2025-12-01","","4088 W Oak Ave","San Jose","CA","93934","US",""
"5115","2023-06-15","","3810 S Main St","Flagstaff","AZ","85881","US",""
"5116","2025-09-17","","5717 W Oak Ave","Salt Lake City","UT","84575","US","2025-11-06"
"5117","2021-07-05","","7336 E Center St","Olympia","WA","98183","US",""
"5118","2023-04-09","","6836 S Main St","Salt Lake City","UT","84646","US",""
"5119","2025-03-19","","7752 S State St","Provo","UT","84127","USA",""
"5120","2022-05-29","","2537 N Elm Dr","Lehi","UT","84291","USA",""
"5121","2022-05-23","","8116 W Oak Ave","Fresno","CA","90671","US",""
"5122","2024-04-01","","3745 S State St","Aurora","CO","81428","US",""
"5123","2022-01-20","","6862 W Oak Ave","Bellevue","WA","98407","US",""
"5124","2020-11-28","","9490 W Oak Ave","Plano","Texas","79365","US",""
"5125","2023-09-11","","2965 S State St","Austin","TX","76167","US",""
"5126","2020-10-19","","2637 S State St","Plano","TX","79681","US",""
"5127","2021-08-01","","5914 N Elm Dr","Provo","Utah","84719","US",""
"5128","2023-06-17","","7721 S State St","Buffalo","New York","11865","US",""
"5129","2024-07-02","","4898 S Main St","Tempe","AZ","85162","US","2025-08-08"
"5130","2022-09-29","","","","","","",""
"5131","2025-08-24","","1690 S Main St","Lehi","UT.","84763","US",""
"5132","2024-11-26","","3262 Av Reforma","Calgary","AB","V3E 9E1","Canada",""
"5133","2025-01-01","","8985 S State St","Salt Lake City","ut ","84512","US",""
"5134","2024-09-27","","2441 S State St","Lehi","UT","84333","USA",""
"5135","2025-12-17","","3481 N Elm Dr","Aurora","CO","80377","US",""
"5136","2024-10-13","","3066 W Oak Ave","Seattle","WA","98051","US",""
"5137","2026-02-10","","5363 E Center St","Phoenix","AZ","85999","US",""
"5138","2024-12-12","","2065 W Oak Ave","Tucson","AZ","85028","USA",""
"5139","2023-06-08","","5164 W Oak Ave","Sacramento","ca ","91962","USA",""
"5140","2024-08-07","","4644 S Main St","Newark","Delaware","19867","US",""
"5141","2026-05-07","","9683 W Oak Ave","Flagstaff","az ","86099","US",""
"5142","2021-02-17","","8740 W Oak Ave","Ogden","ut ","84230","US",""
"5143","2025-10-01","","2536 W Oak Ave","Syracuse","ny ","14800","US",""
"5144","2025-07-22","","2251 N Elm Dr","Brooklyn","NY","11799","US",""
"5145","2025-07-16","","4116 W Oak Ave","Provo","ut ","84430","US",""
"5146","2023-10-28","","","","","","",""
"5147","2019-09-26","","9029 N Elm Dr","El Paso","TX","75849","USA",""
"5148","2025-11-30","","7740 S State St","Lehi","UT.","84744","US",""
"5149","2021-03-06","","3394 S State St","Lehi","ut ","84465","USA",""
"5150","2022-12-23","","3618 W Oak Ave","Dallas","TX","75820","US",""
"5151","2021-08-09","","9288 S State St","Fort Collins","CO","80815","USA","2025-08-18"
"5152","2023-03-28","","","","","","",""
"5153","2023-06-19","","7097 W Oak Ave","Newark","DE","19720","USA",""
"5154","2026-03-17","","3650 E Center St","Provo","Utah","84735","USA",""
"5155","2023-02-21","","7611 E Center St","Oakland","ca ","90824","US","2025-12-13"
"5156","2025-04-12","","4213 N Elm Dr","Phoenix","AZ","86400","US",""
"5157","2026-05-30","","5482 S State St","Dallas","TX","76175","US",""
"5158","2026-04-16","","2691 S State St","Rochester","NY","11713","US",""
"5159","2026-05-09","","8075 E Center St","Pueblo","Colorado","81167","USA",""
"5160","2023-03-21","","6531 S State St","Dover","DE","19826","US",""
"5161","2020-09-24","","9210 E Center St","Salt Lake City","UT","84753","US",""
"5162","2021-10-14","2025-01-27","7568 S State St","Aurora","CO","80519","US","2025-11-02"
"5163","2021-07-08","","2097 S State St","Sacramento","ca ","91147","US",""
"5164","2021-07-28","","3578 S State St","Ogden","UT","84542","US",""
"5165","2026-03-26","","1631 E Center St","Rochester","ny ","13440","US",""
"5166","2025-01-12","","4412 N Elm Dr","San Jose","CA","91033","US",""
"5167","2026-04-10","","4661 Rue Principale","Montreal","QC","H1C 3B5","CA",""
"5168","2020-10-31","","8275 N Elm Dr","Smyrna","DE","19745","US",""
"5169","2026-01-07","","8837 S State St","Henderson","NV","89163","USA",""
"5170","2021-07-28","","5827 W Oak Ave","Sparks","NV","89275","US",""
"5171","2022-11-01","","8193 E Center St","Seattle","WA","98870","US",""
"5172","2019-04-18","","2497 S Main St","Mesa","AZ","85588","US",""
"5173","2021-11-19","","3358 N Elm Dr","Ogden","UT","84182","USA",""
"5174","2026-04-10","","6037 S State St","Oakland","CA","92301","USA",""
"5175","2021-11-12","","7900 E Center St","Denver","CO","81310","US",""
"5176","2020-07-05","","1259 E Center St","Henderson","NV","89601","USA",""
"5177","2021-05-16","","3428 S Main St","Tacoma","WA","98787","US",""
"5178","2021-10-26","","9609 S State St","Pueblo","CO","80241","US",""
"5179","2019-11-01","","4990 S State St","Reno","nv ","89028","USA",""
"5180","2020-05-17","","9721 N Elm Dr","Aurora","co ","81281","USA",""
"5181","2024-10-28","","236 S Main St","Seattle","Washington","98654","US",""
"5182","2025-12-18","","873 W Oak Ave","Seattle","WA","98291","USA",""
"5183","2024-05-22","","1285 N Elm Dr","Aurora","CO","80538","US",""
"5184","2022-10-02","2025-11-28","5949 E Center St","Oakland","CA","93742","USA",""
"5185","2024-03-31","","484 N Elm Dr","Boulder","CO","80538","US",""
"5186","2026-05-23","","5726 S State St","St. George","UT","84190","US",""
"5187","2025-12-03","","3669 S Main St","Bellevue","WA","98068","USA",""
"5188","2025-10-05","","4234 S State St","Buffalo","NY","12789","US",""
"5189","2021-03-14","","9200 S State St","Sacramento","California","92323","US",""
"5190","2022-01-26","","8198 E Center St","Oakland","CA","94786","US",""
"5191","2026-06-21","","1838 E Center St","Phoenix","AZ","86013","US",""
"5192","2025-03-26","","434 S Main St","Newark","DE","19749","USA",""
"5193","2021-06-17","2022-01-18","2067 S Main St","San Jose","CA","95339","USA",""
"5194","2020-04-22","","5176 E Center St","Ogden","UT","84049","USA",""
"5195","2020-08-05","","8099 S State St","San Jose","CA","93455","US",""
"5196","2023-10-16","","5241 S State St","San Jose","CA","93033","US","2025-05-23"
"5197","2025-10-24","","2549 W Oak Ave","Plano","tx ","77326","US",""
"5198","2026-01-21","","9135 S State St","Brooklyn","NY","10366","US",""
"5199","2024-04-18","","5078 W Oak Ave","Provo","UT","84747","USA",""
"5200","2020-11-07","","1659 S State St","Salt Lake City","UT","84784","US",""
"5201","2025-01-15","","2634 S Main St","Dallas","TX","78864","US",""
"5202","2020-05-18","2021-08-16","","","","","",""
"5203","2020-10-31","","468 Rue Principale","Vancouver","BC","V4C 4A4","CA",""
"5204","2025-12-09","","9655 S State St","Dover","de ","19734","US",""
"5205","2025-07-10","","7900 S State St","El Paso","tx ","78033","US",""
"5206","2022-11-26","","8069 N Elm Dr","Tucson","AZ","85115","USA",""
"5207","2024-05-02","","1791 W Oak Ave","Oakland","California","95493","USA",""
"5208","2024-06-30","","2755 S Main St","Smyrna","DE","19885","US",""
"5209","2020-02-11","","7630 S Main St","Spokane","wa ","98661","US",""
"5210","2025-11-02","","","","","","",""
"5211","2024-05-12","","2458 W Oak Ave","Lehi","UT","84069","USA",""
"5212","2021-07-15","","3188 S State St","Provo","UT","84195","USA",""
"5213","2025-05-13","","7895 S State St","Phoenix","az ","85360","US",""
"5214","2020-04-09","","1757 E Center St","Oakland","ca ","94596","US",""
"5215","2020-01-20","","4443 S Main St","Mesa","AZ","86427","USA",""
"5216","2024-08-16","","7838 N Elm Dr","Seattle","WA","98242","US",""
"5217","2025-06-19","","6524 S Main St","Flagstaff","AZ.","85649","US",""
"5218","2022-10-05","","6670 N Elm Dr","Oakland","CA","93818","US",""
"5219","2021-03-12","","9542 E Center St","Salt Lake City","UT","84126","US",""
"5220","2024-07-28","","9477 E Center St","Smyrna","DE","19802","US",""
"5221","2019-09-19","","683 W Oak Ave","Newark","DE","19815","USA","2025-12-29"
"5222","2023-01-23","","1980 Rue Principale","Calgary","AB","V7C 5E9","Canada",""
"5223","2024-05-28","","9714 S State St","Lehi","ut ","84500","USA",""
"5224","2023-03-11","","1071 E Center St","Oakland","CA","92001","US",""
"5225","2021-12-01","","6989 S State St","Phoenix","AZ","85103","US",""
"5226","2025-10-26","","4423 W Oak Ave","Salt Lake City","UT","84279","USA",""
"5227","2025-12-04","","7715 E Center St","Ogden","UT","84016","USA",""
"5228","2022-06-01","","3648 S State St","Irvine","California","91244","US",""
"5229","2024-08-24","","5397 N Elm Dr","Bellevue","WA","98362","US",""
"5230","2025-01-23","","9349 S State St","Salt Lake City","ut ","84630","US",""
"5231","2025-12-20","","778 W Oak Ave","Irvine","California","95830","US",""
"5232","2024-03-22","","1654 N Elm Dr","El Paso","Texas","79990","US",""
"5233","2024-03-31","","7485 W Oak Ave","Spokane","Washington","99310","US",""
"5234","2025-08-20","","6607 S State St","Provo","ut ","84308","US",""
"5235","2022-10-13","","6249 E Center St","Henderson","NV","89713","US",""
"5236","2024-09-01","","","","","","",""
"5237","2023-01-28","","9417 S State St","Sacramento","CA","90233","US",""
"5238","2024-02-03","","6321 E Center St","Henderson","NV","89199","USA",""
"5239","2022-12-25","","5988 S Main St","Smyrna","Delaware","19861","USA",""
"5240","2023-03-29","","4182 E Center St","Fresno","CA","95760","US",""
"5241","2026-03-08","","7630 E Center St","Tucson","AZ","85678","US",""
"5242","2020-12-20","","4608 S State St","Mesa","AZ","85120","US",""
"5243","2023-01-01","","7336 S Main St","Carson City","NV","89284","US",""
"5244","2025-12-03","","581 N Elm Dr","Austin","TX","78711","USA",""
"5245","2024-11-30","","4328 King St","Toronto","ON","H8A 6B9","Canada",""
"5246","2022-07-05","","6456 S Main St","Tacoma","WA","98174","US",""
"5247","2019-11-19","","3369 S Main St","Irvine","CA","92098","US",""
"5248","2024-12-16","","8500 E Center St","Ogden","UT","84447","US",""
"5249","2023-05-26","","5579 S State St","San Jose","CA.","93167","US",""
"5250","2025-09-19","","9156 S Main St","Reno","NV","89547","USA",""
"5251","2026-04-05","","4359 S State St","St. George","UT","84021","USA",""
"5252","2023-04-01","","8558 E Center St","Oakland","CA","93449","USA",""
"5253","2022-06-16","","599 E Center St","San Jose","CA","95672","US",""
"5254","2025-08-26","","2114 W Oak Ave","Syracuse","NY","12599","USA",""
"5255","2025-11-02","","7871 S Main St","Phoenix","AZ","85657","US",""
"5256","2024-01-03","","8951 S Main St","Lehi","UT","84497","US",""
"5257","2025-07-29","","7878 S Main St","St. George","UT","84365","USA",""
"5258","2020-11-01","","5754 E Center St","Dover","DE","19767","US",""
"5259","2022-01-04","","1149 W Oak Ave","Tempe","AZ","85313","USA",""
"5260","2024-09-25","","6428 W Oak Ave","Salt Lake City","UT","84112","USA",""
"5261","2019-08-21","","4272 S Main St","Aurora","CO","80444","US",""
"5262","2021-05-10","","","","","","",""
"5263","2025-10-08","","187 E Center St","Fresno","ca ","90332","US",""
"5264","2020-10-07","","3149 E Center St","St. George","UT","84101","US",""
"5265","2026-04-06","","9316 S Main St","Aurora","CO.","81115","US",""
"5266","2025-10-16","","1318 N Elm Dr","Carson City","NV","89480","US",""
"5267","2024-08-11","","7537 S Main St","Fort Collins","CO","80452","US",""
"5268","2021-12-03","","3655 S State St","Albany","NY","13184","USA",""
"5269","2024-10-30","","7224 S State St","Dallas","TX","78600","USA",""
"5270","2026-02-16","","5115 S Main St","St. George","ut ","84673","USA",""
"5271","2024-11-07","","","","","","",""
"5272","2024-10-28","","6428 W Oak Ave","San Jose","CA","92213","US",""
"5273","2024-09-23","","","","","","",""
"5274","2025-10-22","","7818 S Main St","Irvine","CA","90887","US",""
"5275","2021-01-07","","7002 S State St","Carson City","NV","89860","US","2025-09-04"
"5276","2023-07-29","","7373 S Main St","Irvine","CA","95521","US",""
"5277","2023-09-23","","471 S State St","Oakland","ca ","92951","US",""
"5278","2021-05-10","","3246 N Elm Dr","San Jose","California","91504","US",""
"5279","2022-01-11","","4194 S State St","Plano","tx ","76716","USA",""
"5280","2020-04-15","","","","","","",""
"5281","2022-06-15","","2168 S Main St","Tucson","az ","86400","USA","2023-10-13"
"5282","2021-11-18","","6588 N Elm Dr","Mesa","AZ","85059","US",""
"5283","2023-04-30","","8610 N Elm Dr","Houston","TX","75921","US",""
"5284","2024-06-20","","8779 W Oak Ave","Boulder","CO","80369","US",""
"5285","2021-07-23","","","","","","",""
"5286","2025-04-04","","6376 W Oak Ave","Provo","UT","84495","US",""
"5287","2021-05-04","","2184 W Oak Ave","Milford","de ","19809","US",""
"5288","2025-06-21","","1271 E Center St","Denver","CO","81569","US",""
"5289","2021-09-03","","6867 S State St","Oakland","CA.","92303","US",""
"5290","2023-02-28","","4637 W Oak Ave","Houston","TX","78057","US","2025-04-11"
"5291","2021-03-07","","8434 N Elm Dr","Las Vegas","nv ","89410","US",""
"5292","2025-01-30","","1901 S State St","El Paso","TX","77108","US",""
"5293","2024-06-28","","3040 E Center St","Sacramento","CA","95659","US",""
"5294","2022-09-09","","4723 W Oak Ave","Lehi","ut ","84185","US",""
"5295","2022-06-11","","8381 S Main St","Sacramento","CA","91798","US",""
"5296","2022-04-23","","5483 E Center St","Salt Lake City","UT","84519","USA",""
"5297","2022-04-04","","9131 S Main St","Oakland","CA","96055","US",""
"5298","2025-01-21","","4974 S State St","Las Vegas","NV.","89421","USA",""
"5299","2025-11-12","","9310 W Oak Ave","Albany","NY","13051","US",""
"5300","2022-12-06","","2196 N Elm Dr","Ogden","UT","84047","USA",""
"5301","2023-02-14","","1887 N Elm Dr","Austin","Texas","79764","US",""
"5302","2024-06-15","","2165 E Center St","Provo","UT","84598","US",""
"5303","2023-04-16","","2712 N Elm Dr","Provo","UT","84395","US",""
"5304","2021-07-26","","9268 S Main St","Olympia","WA","98586","US",""
"5305","2024-07-01","","2673 S State St","Sparks","nv ","89133","US",""
"5306","2020-07-23","","5620 N Elm Dr","Reno","NV","89539","USA",""
"5307","2022-06-28","","","","","","",""
"5308","2024-09-10","2026-01-20","197 E Center St","Pueblo","CO","81246","US",""
"5309","2021-01-23","","8400 S State St","Aurora","CO","81459","US",""
"5310","2023-05-30","","8423 W Oak Ave","Houston","TX","76846","USA",""
"5311","2024-08-12","","9588 W Oak Ave","Denver","CO","80938","US",""
"5312","2022-03-20","","8225 N Elm Dr","Oakland","CA","90706","US",""
"5313","2026-05-16","","5501 E Center St","Fresno","CA.","93642","US",""
"5314","2022-11-04","","7080 W Oak Ave","Albany","NY","14377","USA",""
"5315","2023-09-04","","6821 N Elm Dr","Houston","tx ","79033","USA",""
"5316","2024-06-06","","3459 N Elm Dr","Boulder","CO","81292","USA",""
"5317","2020-01-08","","3087 S State St","Sparks","NV","89468","USA",""
"5318","2026-03-10","","3842 N Elm Dr","Oakland","CA.","94129","US",""
"5319","2023-04-21","","6160 S Main St","Tempe","AZ.","85924","US",""
"5320","2023-07-24","","2497 S Main St","Lehi","UT","84747","US",""
"5321","2025-01-12","","5989 E Center St","Fresno","CA.","92080","US",""
"5322","2019-11-11","","3591 E Center St","Austin","TX","75119","US","2023-02-14"
"5323","2026-03-16","","5436 N Elm Dr","Brooklyn","NY","14783","USA",""
"5324","2026-06-17","","5298 N Elm Dr","Sacramento","ca ","92014","USA",""
"5325","2024-03-20","","7029 N Elm Dr","Phoenix","az ","85647","US",""
"5326","2023-04-11","","7500 S Main St","Sacramento","CA","90399","US",""
"5327","2024-10-12","","3817 S Main St","Provo","UT","84440","US",""
"5328","2019-05-12","","6455 S State St","Ogden","UT","84614","USA",""
"5329","2025-05-27","","270 E Center St","Henderson","Nevada","89758","USA",""
"5330","2024-12-21","","4270 Calle Norte","Toronto","ON","H6C 5J9","Canada",""
"5331","2022-03-12","","4600 E Center St","Seattle","WA","98230","US",""
"5332","2025-03-13","","5329 S Main St","Austin","TX","78602","US",""
"5333","2023-02-23","","2682 S Main St","Ogden","UT","84096","US",""
"5334","2020-07-02","","6020 E Center St","Lehi","UT","84076","USA",""
"5335","2023-03-12","","8602 S Main St","Fresno","CA","90458","US",""
"5336","2021-11-02","","2741 N Elm Dr","San Jose","CA","91828","US",""
"5337","2022-11-20","","627 S State St","Salt Lake City","UT","84229","US",""
"5338","2024-10-24","","6777 E Center St","San Jose","CA","95062","US",""
"5339","2022-01-03","","125 E Center St","Plano","TX","78365","US","2025-06-14"
"5340","2024-12-23","","2797 E Center St","Austin","TX","76428","US",""
"5341","2021-01-12","","","","","","",""
"5342","2023-03-08","","5892 S State St","Olympia","WA","99396","US",""
"5343","2020-06-12","","7229 N Elm Dr","Wilmington","DE","19852","US",""
"5344","2025-06-22","","4844 N Elm Dr","Denver","CO.","80820","US",""
"5345","2022-11-12","","5203 E Center St","Plano","TX","78863","USA",""
"5346","2022-10-02","","7901 N Elm Dr","Fort Collins","CO","81370","US",""
"5347","2024-05-15","","9393 S Main St","Ogden","Utah","84681","US",""
"5348","2025-06-29","","692 S Main St","Dallas","TX","75249","US",""
"5349","2025-08-30","","3069 S Main St","St. George","UT","84504","US",""
"5350","2021-10-01","","2153 W Oak Ave","Sacramento","ca ","95915","US",""
"5351","2025-10-16","","7632 W Oak Ave","Syracuse","NY","13124","US",""
"5352","2025-01-11","","9130 E Center St","Seattle","WA","98251","US",""
"5353","2023-11-26","","3652 N Elm Dr","St. George","Utah","84184","USA",""
"5354","2025-10-14","","1575 N Elm Dr","Lehi","UT","84348","US",""
"5355","2022-06-02","","2722 S Main St","Brooklyn","NY","13888","USA",""
"5356","2025-06-25","","3692 N Elm Dr","Sacramento","CA","91737","US",""
"5357","2025-09-13","","5488 S State St","Provo","UT","84019","USA",""
"5358","2020-04-23","","2712 S State St","Brooklyn","NY","14769","USA",""
"5359","2024-07-15","","2845 Calle Norte","Montreal","QC","V1B 4C5","Canada",""
"5360","2025-10-16","","694 N Elm Dr","San Jose","CA.","94135","US",""
"5361","2025-04-06","","9556 W Oak Ave","Provo","UT","84043","USA",""
"5362","2021-02-19","","3431 W Oak Ave","Denver","CO","81490","US",""
"5363","2026-04-15","","59 N Elm Dr","Salt Lake City","UT.","84378","USA",""
"5364","2022-04-01","","7404 W Oak Ave","Syracuse","NY","10877","US",""
"5365","2024-07-04","","6829 W Oak Ave","Irvine","CA","95494","US",""
"5366","2024-09-26","","6693 E Center St","Irvine","CA","95421","US",""
"5367","2021-08-17","","8612 S Main St","Brooklyn","NY.","12999","US",""
"5368","2020-08-06","","60 S State St","Henderson","nv ","89201","US",""
"5369","2025-04-05","","8190 E Center St","St. George","UT","84746","USA",""
"5370","2024-08-10","","1958 N Elm Dr","Tacoma","WA.","98072","US",""
"5371","2025-02-12","","480 N Elm Dr","Dallas","Texas","78753","US",""
"5372","2026-03-04","","2435 S State St","Dallas","TX","76585","US",""
"5373","2022-05-01","","4830 E Center St","Flagstaff","AZ","85281","US",""
"5374","2021-02-03","","2368 S Main St","Boulder","CO","80579","USA",""
"5375","2022-05-23","","4283 S State St","Plano","TX","79727","US",""
"5376","2023-11-11","","3953 Calle Norte","Ciudad de Mexico","CMX","97598","MX",""
"5377","2024-04-08","","1108 W Oak Ave","San Jose","CA","94815","US",""
"5378","2024-04-20","","8305 N Elm Dr","Ogden","UT","84767","US",""
"5379","2024-08-25","","2154 W Oak Ave","Sacramento","California","92931","US",""
"5380","2024-04-19","","7637 W Oak Ave","Henderson","NV","89215","US",""
"5381","2024-07-06","","5203 S Main St","Ogden","UT","84121","USA","2025-01-07"
"5382","2025-04-23","","6262 S Main St","Salt Lake City","UT.","84205","US",""
"5383","2025-02-24","","7183 W Oak Ave","Irvine","CA","90130","US",""
"5384","2020-09-22","","2174 W Oak Ave","Bellevue","WA","98194","US",""
"5385","2022-05-28","","2884 W Oak Ave","Salt Lake City","UT","84257","US",""
"5386","2023-04-04","","2394 W Oak Ave","Salt Lake City","UT","84156","USA",""
"5387","2024-12-17","","155 E Center St","Aurora","co ","81347","USA",""
"5388","2024-08-12","","9137 S Main St","Oakland","CA","93238","US",""
"5389","2021-04-06","","8001 N Elm Dr","Carson City","NV","89816","US",""
"5390","2022-07-02","","9454 S Main St","Oakland","ca ","91268","US",""
"5391","2023-11-27","","9554 S State St","Ogden","UT","84156","US",""
"5392","2024-05-21","2026-03-10","1445 S State St","Tucson","AZ","85279","US",""
"5393","2025-11-20","","","","","","",""
"5394","2023-05-05","","5354 S State St","Provo","UT","84191","US",""
"5395","2025-04-18","","5203 N Elm Dr","San Jose","CA.","94357","US",""
"5396","2024-06-06","","2842 N Elm Dr","Bellevue","WA","98070","US",""
"5397","2025-08-10","","3988 N Elm Dr","Sacramento","California","93833","US",""
"5398","2024-12-19","","3188 S Main St","Salt Lake City","UT.","84711","US",""
"5399","2024-12-10","","431 S State St","Tucson","AZ","85071","US",""
"5400","2023-02-09","","6021 S State St","San Jose","CA","96049","USA",""
"5401","2021-05-20","","428 E Center St","Aurora","CO","80849","USA",""
"5402","2023-05-23","","7291 S State St","Carson City","NV","89145","US",""
"5403","2026-03-14","","5045 S State St","Sacramento","CA","93841","US","2026-05-17"
"5404","2023-05-26","","4638 N Elm Dr","Fort Collins","CO.","80032","USA",""
"5405","2020-05-05","","1559 N Elm Dr","Fresno","CA","92217","USA",""
"5406","2020-09-04","","2835 E Center St","Smyrna","DE","19950","US",""
"5407","2022-03-20","","7426 E Center St","Spokane","wa ","99073","US",""
"5408","2020-12-23","","8030 N Elm Dr","Carson City","nv ","89657","US",""
"5409","2020-05-09","","8657 W Oak Ave","Tacoma","Washington","98631","US",""
"5410","2022-05-10","","3734 S State St","Flagstaff","AZ","85538","US",""
"5411","2025-08-04","","8521 W Oak Ave","Seattle","WA","98846","USA",""
"5412","2025-03-13","","7919 W Oak Ave","Rochester","New York","13891","USA",""
"5413","2019-02-26","","2025 N Elm Dr","Austin","tx ","77811","US",""
"5414","2024-11-16","","8494 S Main St","Denver","CO","80897","US",""
"5415","2023-04-07","","182 E Center St","Oakland","CA","94336","US",""
"5416","2021-10-23","","5913 S Main St","Rochester","NY","11157","US",""
"5417","2023-01-16","","508 S Main St","Salt Lake City","UT.","84756","US",""
"5418","2022-11-24","","2413 S Main St","Irvine","CA.","90277","US",""
"5419","2020-02-14","","7901 S Main St","Plano","TX","76870","US",""
"5420","2022-12-11","","88 N Elm Dr","Oakland","California","91143","US",""
"5421","2022-11-08","","","","","","",""
"5422","2022-07-14","","5029 W Oak Ave","Oakland","CA","90366","US","2024-03-28"
"5423","2022-12-23","","3313 W Oak Ave","Milford","DE","19925","US",""
"5424","2020-03-12","","3383 S Main St","Salt Lake City","UT","84392","US",""
"5425","2026-01-17","","8667 S State St","Austin","TX","76200","US",""
"5426","2024-01-10","","9648 W Oak Ave","Provo","UT","84597","US",""
"5427","2024-10-14","","2818 N Elm Dr","Reno","NV","89162","US",""
"5428","2024-10-03","","9571 E Center St","Provo","UT","84595","US",""
"5429","2023-02-08","","4430 W Oak Ave","Fort Collins","CO","80671","US",""
"5430","2023-11-07","","8680 W Oak Ave","Fort Collins","CO","80686","US","2024-02-02"
"5431","2021-10-06","","5310 S Main St","Provo","ut ","84457","US",""
"5432","2025-03-15","","","","","","",""
"5433","2022-12-29","","3783 E Center St","Buffalo","NY","13961","US",""
"5434","2024-02-01","","3505 S Main St","Reno","NV","89719","USA",""
"5435","2023-01-11","","1011 S State St","Fort Collins","CO","81332","USA",""
"5436","2025-02-20","","9268 S Main St","Aurora","CO","80137","US",""
"5437","2026-06-10","","6397 W Oak Ave","Spokane","WA","98318","US",""
"5438","2024-08-13","","5783 S Main St","Mesa","AZ","86253","US",""
"5439","2025-12-28","","5080 N Elm Dr","El Paso","Texas","76405","US",""
"5440","2026-01-21","","6773 S Main St","Salt Lake City","UT","84441","US",""
"5441","2020-08-08","","3465 S State St","San Jose","CA","95088","US",""
"5442","2024-05-27","","8760 E Center St","Boulder","Colorado","80649","US",""
"5443","2026-04-07","","2821 S Main St","Salt Lake City","Utah","84448","US",""
"5444","2024-04-16","","9232 E Center St","Smyrna","DE","19966","US",""
"5445","2022-01-01","","4682 E Center St","Brooklyn","NY","11866","US",""
"5446","2026-03-18","","5010 W Oak Ave","Flagstaff","az ","85937","US",""
"5447","2022-04-10","","8287 N Elm Dr","Reno","NV","89146","US",""
"5448","2019-05-24","","","","","","",""
"5449","2026-05-20","","4177 S State St","Mesa","Arizona","85710","US",""
"5450","2023-03-18","","4877 S Main St","Austin","Texas","77934","US",""
"5451","2021-12-17","","2949 S State St","Houston","TX","75966","USA","2022-06-05"
"5452","2022-02-18","","1499 W Oak Ave","Salt Lake City","UT","84590","US",""
"5453","2024-02-17","","8263 W Oak Ave","Plano","TX.","77137","USA",""
"5454","2024-01-26","","","","","","",""
"5455","2025-10-25","","3448 S Main St","St. George","UT","84469","US",""
"5456","2024-07-04","","2182 S Main St","Fresno","California","90601","US","2025-01-01"
"5457","2024-10-23","","4482 W Oak Ave","Irvine","CA","90681","US",""
"5458","2024-11-29","","5227 S Main St","Carson City","NV","89488","US","2025-04-25"
"5459","2026-04-26","","4708 W Oak Ave","Houston","tx ","76979","US",""
"5460","2024-08-30","","7587 S Main St","Fort Collins","co ","80280","US",""
"5461","2022-07-04","","","","","","",""
"5462","2026-01-18","","6851 N Elm Dr","Irvine","CA","93677","USA",""
"5463","2024-11-23","","4239 W Oak Ave","Tacoma","Washington","98061","US",""
"5464","2024-12-20","","1390 N Elm Dr","Fresno","CA","90854","USA",""
"5465","2020-02-12","","9376 S State St","Pueblo","CO","80343","USA",""
"5466","2024-06-23","","3656 N Elm Dr","Olympia","Washington","98089","USA",""
"5467","2024-09-22","","1561 E Center St","Boulder","CO","80889","USA","2025-01-14"
"5468","2021-05-10","","3766 Av Reforma","Toronto","ON","V4E 2G7","Canada","2026-02-07"
"5469","2024-05-28","","2756 S State St","Houston","tx ","79443","US",""
"5470","2024-01-28","","4076 S State St","Brooklyn","ny ","14446","USA",""
"5471","2024-09-15","","9060 N Elm Dr","Tucson","AZ","85536","USA",""
"5472","2020-09-13","","8929 S State St","Rochester","NY.","12982","USA",""
"5473","2020-10-13","","9646 S State St","El Paso","TX","78879","US",""
"5474","2026-05-19","","5261 E Center St","Irvine","ca ","92356","US",""
"5475","2022-01-17","","8804 S Main St","Fresno","CA","95307","USA",""
"5476","2024-04-13","","8805 S Main St","Lehi","UT","84242","US",""
"5477","2024-01-14","","8841 W Oak Ave","Lehi","Utah","84002","US",""
"5478","2025-10-02","","","","","","",""
"5479","2022-03-02","","9694 N Elm Dr","St. George","UT","84619","US",""
"5480","2026-03-30","","1169 N Elm Dr","Ogden","UT","84417","USA",""
"5481","2026-01-03","","2701 E Center St","Spokane","WA","98333","USA",""
"5482","2024-10-19","","3979 S Main St","Aurora","CO","80525","US",""
"5483","2023-10-22","","7572 W Oak Ave","Mesa","AZ","85037","USA",""
"5484","2026-04-03","","","","","","",""
"5485","2022-04-20","","2928 S State St","Fresno","CA","91355","US",""
"5486","2024-07-18","","8795 N Elm Dr","Fort Collins","co ","81174","US",""
"5487","2025-06-03","","518 S Main St","Provo","UT.","84790","US",""
"5488","2025-02-19","","7342 W Oak Ave","Tempe","AZ","85960","US",""
"5489","2022-04-21","","3018 N Elm Dr","St. George","UT","84431","US",""
"5490","2021-03-04","","7085 W Oak Ave","Provo","UT","84142","US",""
"5491","2022-12-10","","85 Rue Principale","Toronto","ON","T3H 4B5","CA",""
"5492","2026-05-19","","806 E Center St","Oakland","CA","92877","USA",""
"5493","2019-06-15","","2097 W Oak Ave","Pueblo","CO","81038","US",""
"5494","2023-03-31","","6822 S State St","Lehi","UT","84497","USA",""
"5495","2026-06-20","","4519 S Main St","Houston","TX","75832","US",""
"5496","2022-06-10","","9651 E Center St","Oakland","ca ","91203","US",""
"5497","2021-02-03","","2299 N Elm Dr","Spokane","WA","98880","US",""
"5498","2025-05-07","","7490 E Center St","St. George","UT","84443","US",""
"5499","2024-01-23","","2656 S Main St","Oakland","CA","94354","US",""
"5500","2023-10-28","","2696 Av Reforma","Vancouver","BC","H2A 7C4","Canada",""
"5501","2026-02-26","","9478 W Oak Ave","Salt Lake City","UT.","84460","USA",""
"5502","2024-09-13","","2216 E Center St","Sacramento","CA","91284","US",""
"5503","2024-01-11","","6737 N Elm Dr","Tempe","az ","85239","USA",""
"5504","2022-09-03","2026-04-06","5951 E Center St","Tempe","AZ","86534","US",""
"5505","2023-10-12","","1464 N Elm Dr","Oakland","CA","94859","US",""
"5506","2023-01-04","","726 W Oak Ave","Fresno","CA","94425","USA",""
"5507","2025-08-21","2025-12-19","1904 S State St","Buffalo","New York","10069","US",""
"5508","2026-04-23","","","","","","",""
"5509","2024-09-20","","5826 S State St","San Jose","CA","94714","US",""
"5510","2020-09-20","2024-06-16","5386 S Main St","Mesa","AZ","86027","US",""
"5511","2025-05-18","","5255 S State St","St. George","UT","84466","US",""
"5512","2024-03-04","","8247 N Elm Dr","Oakland","CA","93924","USA",""
"5513","2024-06-28","2025-01-23","3459 E Center St","Salt Lake City","UT","84692","US",""
"5514","2024-09-12","","116 N Elm Dr","Syracuse","NY","11774","US",""
"5515","2025-08-23","","1098 N Elm Dr","Denver","Colorado","80955","US",""
"5516","2026-05-11","","7783 N Elm Dr","Fresno","CA","93236","USA",""
"5517","2021-02-07","","9038 S State St","Oakland","CA","91759","US","2022-09-28"
"5518","2019-07-07","","7530 S State St","Sacramento","CA","94611","US",""
"5519","2019-09-24","","7946 S State St","Provo","Utah","84266","US",""
"5520","2023-02-27","","1422 N Elm Dr","Salt Lake City","UT","84580","US",""
"5521","2022-08-29","","2495 N Elm Dr","Fresno","CA","92956","US","2024-01-22"
"5522","2026-05-30","","997 W Oak Ave","El Paso","TX","77508","USA",""
"5523","2023-01-04","","7769 S State St","Tempe","AZ","86119","US",""
"5524","2025-07-31","","7530 N Elm Dr","Pueblo","co ","80285","US",""
"5525","2024-08-06","","9660 N Elm Dr","Carson City","Nevada","89039","USA",""
"5526","2025-05-01","","3678 W Oak Ave","Houston","TX","77981","US",""
"5527","2023-04-15","","4568 S State St","Salt Lake City","UT","84631","US",""
"5528","2019-06-29","","3809 E Center St","St. George","UT","84504","US",""
"5529","2021-04-07","","2039 N Elm Dr","Ogden","ut ","84434","US",""
"5530","2021-12-20","","7559 S Main St","Provo","UT.","84163","US",""
"5531","2022-04-10","","5002 E Center St","Salt Lake City","UT","84679","US",""
"5532","2021-12-12","","3764 S Main St","Smyrna","DE","19877","US",""
"5533","2020-11-10","","5204 S State St","St. George","UT","84307","US",""
"5534","2022-02-04","","7457 S State St","Lehi","UT","84156","US",""
"5535","2023-04-22","","1605 S Main St","Wilmington","Delaware","19779","US",""
"5536","2019-11-12","2024-03-06","3448 N Elm Dr","Spokane","WA","99151","US",""
"5537","2023-12-23","","8639 N Elm Dr","Reno","NV","89640","US",""
"5538","2024-07-15","","4891 S State St","Spokane","WA","98238","US",""
"5539","2020-12-04","","391 E Center St","Provo","UT","84264","US",""
"5540","2026-05-23","","1178 E Center St","Provo","UT","84414","US",""
"5541","2025-11-01","2026-06-07","4876 S State St","Provo","UT","84428","US",""
"5542","2026-05-27","","5911 S Main St","Bellevue","WA","98866","US",""
"5543","2025-12-29","","3853 Rue Principale","Guadalajara","JAL","13668","MX",""
"5544","2025-07-10","","925 S State St","Olympia","WA.","99372","US",""
"5545","2026-05-17","","1157 N Elm Dr","Mesa","az ","85783","US",""
"5546","2024-11-07","","2182 W Oak Ave","Dallas","TX","76678","USA",""
"5547","2020-06-19","","8720 S Main St","Lehi","Utah","84513","US",""
"5548","2020-10-09","","2758 S State St","Tempe","AZ","85029","US",""
"5549","2023-09-30","","6551 W Oak Ave","Austin","TX","75521","US",""
"5550","2022-06-21","","9536 W Oak Ave","Salt Lake City","UT","84252","US",""
"5551","2021-12-22","","5701 S State St","Tacoma","WA","98965","USA",""
"5552","2023-10-04","","1069 S Main St","Ogden","UT","84484","US",""
"5553","2019-11-02","","8411 E Center St","Oakland","California","91741","US",""
"5554","2022-09-24","","6375 S State St","Plano","TX","78121","USA",""
"5555","2023-03-08","","6182 S State St","Fort Collins","CO","80505","US",""
"5556","2022-02-17","","3687 W Oak Ave","Fresno","CA","90479","US",""
"5557","2024-04-23","","1276 W Oak Ave","Salt Lake City","UT","84336","US",""
"5558","2022-10-14","","","","","","",""
"5559","2025-09-05","","2285 S Main St","Tucson","AZ","86409","USA",""
"5560","2025-06-27","","2112 N Elm Dr","Sacramento","California","93469","US",""
"5561","2019-10-01","","9380 N Elm Dr","Houston","tx ","75237","US",""
"5562","2019-12-06","","3050 S State St","Henderson","NV","89030","US",""
"5563","2023-04-05","","","","","","",""
"5564","2025-08-23","","4932 S Main St","Fresno","CA","94110","US",""
"5565","2025-01-25","","1450 S State St","St. George","UT","84131","US",""
"5566","2021-11-09","","5839 N Elm Dr","Lehi","UT","84177","USA","2026-01-03"
"5567","2024-10-16","","6201 S Main St","Dallas","TX","78426","USA",""
"5568","2020-06-10","","9134 W Oak Ave","Oakland","ca ","93104","US",""
"5569","2024-09-27","","2951 S Main St","St. George","UT","84217","US",""
"5570","2021-06-10","","2832 E Center St","Pueblo","Colorado","80284","US",""
"5571","2026-01-01","","1462 W Oak Ave","Tucson","AZ","86219","US",""
"5572","2026-06-21","","","","","","",""
"5573","2019-05-23","","6288 S State St","Sacramento","CA","93955","US",""
"5574","2021-08-16","","746 S Main St","Wilmington","DE","19783","USA",""
"5575","2025-03-26","","7467 S State St","Fort Collins","CO","81315","USA",""
"5576","2025-10-05","","6649 N Elm Dr","Rochester","NY","13368","US",""
"5577","2025-05-11","","4656 W Oak Ave","Spokane","WA","99358","US",""
"5578","2024-08-16","","1640 S State St","Ogden","ut ","84257","USA","2025-09-01"
"5579","2025-11-26","","5545 E Center St","Albany","NY","12022","USA",""
"5580","2024-10-15","","5438 E Center St","San Jose","CA","90857","US",""
"5581","2022-04-24","","2973 E Center St","Dallas","TX","76694","USA",""
"5582","2019-10-04","","9049 N Elm Dr","Sacramento","ca ","95822","US",""
"5583","2024-12-09","","5335 E Center St","Salt Lake City","UT","84213","US",""
"5584","2021-07-17","","3421 S State St","Oakland","CA","90494","US",""
"5585","2021-01-26","","7298 S Main St","Houston","TX.","78227","US","2024-09-01"
"5586","2025-06-04","","1640 S State St","Oakland","CA","90295","USA",""
"5587","2021-06-01","","6000 N Elm Dr","Ogden","UT","84259","US",""
"5588","2021-09-30","","8221 N Elm Dr","San Jose","ca ","95073","US",""
"5589","2022-05-14","","3124 E Center St","St. George","ut ","84099","USA",""
"5590","2026-03-06","","556 S State St","Plano","TX","77871","US",""
"5591","2022-10-11","","683 N Elm Dr","Provo","UT","84192","USA",""
"5592","2024-04-16","","4803 W Oak Ave","Tacoma","WA.","98846","USA","2025-09-20"
"5593","2025-09-09","","9616 E Center St","Smyrna","DE","19789","USA",""
"5594","2023-07-09","","","","","","",""
"5595","2020-12-12","","8970 S Main St","El Paso","Texas","77827","US",""
"5596","2020-10-27","","1556 S Main St","Ogden","Utah","84060","USA",""
"5597","2021-02-25","2022-01-25","2277 E Center St","Tempe","AZ","85679","US","2023-10-14"
"5598","2020-07-25","","8354 N Elm Dr","Carson City","NV","89278","US",""
"5599","2024-10-25","","5219 E Center St","Dallas","TX","78863","US",""
"5600","2025-03-24","","8290 W Oak Ave","Houston","tx ","79577","US",""
"5601","2025-05-02","","1030 S State St","Denver","CO.","81484","USA",""
"5602","2022-12-12","","4150 S State St","Aurora","CO","81222","US",""
"5603","2023-10-30","","8056 W Oak Ave","Irvine","CA","92700","US",""
"5604","2024-05-16","","2468 S State St","St. George","UT","84678","US",""
"5605","2025-03-31","","4598 S State St","Boulder","CO","80095","USA",""
"5606","2022-11-03","","3665 N Elm Dr","Phoenix","Arizona","85944","US",""
"5607","2024-10-07","","2793 S Main St","Dallas","TX","75525","USA",""
"5608","2025-01-18","","9066 N Elm Dr","El Paso","tx ","77792","US",""
"5609","2025-08-03","","8460 W Oak Ave","Lehi","UT","84383","US",""
"5610","2023-08-31","","","","","","",""
"5611","2026-06-21","","9101 W Oak Ave","Carson City","nv ","89474","US",""
"5612","2022-10-30","","8923 E Center St","Rochester","ny ","11647","US",""
"5613","2025-08-14","","6216 W Oak Ave","Salt Lake City","Utah","84783","USA",""
"5614","2021-01-08","","5061 N Elm Dr","Ogden","UT","84291","US",""
"5615","2022-09-06","","4436 W Oak Ave","Tempe","AZ","85538","USA",""
"5616","2020-09-10","","9741 S Main St","Oakland","CA","93879","US",""
"5617","2025-11-26","","4256 S State St","Provo","UT","84732","US",""
"5618","2022-08-02","","5749 S Main St","El Paso","TX","76966","US",""
"5619","2019-11-22","","643 E Center St","Smyrna","DE","19777","USA",""
"5620","2021-05-05","","","","","","",""
"5621","2026-05-18","","5256 S State St","Austin","TX","77744","USA",""
"5622","2026-06-18","","3457 Av Reforma","Toronto","ON","M4B 8A2","Canada",""
"5623","2023-01-16","","1320 S State St","Fort Collins","Colorado","81250","US",""
"5624","2022-12-14","","3014 W Oak Ave","Reno","NV","89285","US",""
"5625","2025-07-17","","619 E Center St","Plano","TX","76220","US",""
"5626","2021-02-22","","7419 S State St","Denver","co ","80260","US",""
"5627","2025-12-05","","9534 W Oak Ave","Sacramento","CA","92585","US",""
"5628","2022-11-07","","1580 N Elm Dr","Pueblo","CO","80277","US",""
"5629","2022-07-26","","7263 S Main St","Bellevue","WA","98113","US",""
"5630","2023-12-09","","9787 W Oak Ave","San Jose","California","90584","US",""
"5631","2023-06-19","","8777 S Main St","Provo","Utah","84531","US",""
"5632","2025-03-30","","4828 S Main St","Boulder","CO","80846","USA",""
"5633","2024-06-25","","6782 S Main St","Lehi","UT","84401","US",""
"5634","2026-02-28","","1890 W Oak Ave","Tucson","AZ","86420","USA",""
"5635","2024-07-07","2025-12-26","7386 N Elm Dr","Ogden","ut ","84088","USA",""
"5636","2023-10-23","","5642 E Center St","Sacramento","California","92331","USA",""
"5637","2022-11-27","","7602 S State St","Mesa","AZ.","86310","US",""
"5638","2021-03-30","","7177 E Center St","Tempe","AZ","85017","USA",""
"5639","2022-09-24","","5823 S State St","Irvine","ca ","95491","US",""
"5640","2022-09-20","","368 E Center St","St. George","UT","84294","USA",""
"5641","2025-04-08","","2797 S State St","Fort Collins","CO","80199","US",""
"5642","2025-11-17","","8622 S State St","Lehi","UT","84358","US",""
"5643","2025-07-24","","2089 S Main St","San Jose","CA","95470","US",""
"5644","2025-01-20","","3129 S State St","Flagstaff","az ","85642","US",""
"5645","2022-12-10","","2735 S State St","Provo","UT","84624","USA",""
"5646","2022-09-27","","1254 S State St","Fort Collins","CO","80712","US",""
"5647","2026-05-06","","4868 N Elm Dr","Aurora","CO","80997","US",""
"5648","2020-11-21","","6050 E Center St","Oakland","CA.","92325","USA",""
"5649","2025-02-25","","8122 S Main St","Provo","UT","84656","US",""
"5650","2024-12-10","","3021 S Main St","St. George","UT","84755","US",""
"5651","2024-12-27","","4372 N Elm Dr","Olympia","WA","99313","US",""
"5652","2021-02-03","","","","","","",""
"5653","2025-09-17","","8308 S Main St","Phoenix","az ","85500","US",""
"5654","2026-02-11","","626 S State St","Brooklyn","NY","13571","USA",""
"5655","2025-01-27","","3982 Av Reforma","Monterrey","NLE","77562","MX",""
"5656","2025-02-14","","5544 W Oak Ave","Albany","NY","13360","US",""
"5657","2026-06-02","","2043 W Oak Ave","Denver","CO","80907","US",""
"5658","2023-05-10","","7945 S Main St","Salt Lake City","Utah","84070","US",""
"5659","2021-08-21","","8029 N Elm Dr","San Jose","CA","96136","US",""
"5660","2021-11-18","","2872 W Oak Ave","San Jose","CA","94783","US","2025-05-28"
"5661","2025-03-10","","496 N Elm Dr","Bellevue","WA","99274","USA",""
"5662","2020-09-19","","4352 N Elm Dr","Austin","TX","77198","US","2025-11-28"
"5663","2019-05-22","","3054 W Oak Ave","Spokane","WA","98899","US",""
"5664","2024-11-20","","7757 E Center St","Lehi","UT","84027","US",""
"5665","2020-12-03","","375 E Center St","Sacramento","CA","95579","US",""
"5666","2025-11-22","","7004 S Main St","Austin","TX","79959","US",""
"5667","2021-03-24","","9400 N Elm Dr","Seattle","wa ","99292","USA",""
"5668","2020-01-20","","8538 E Center St","Irvine","CA","92715","USA",""
"5669","2024-11-04","","5810 S State St","Tucson","AZ.","85936","USA",""
"5670","2026-03-06","","5040 S Main St","Tucson","Arizona","85268","US",""
"5671","2025-06-06","","5842 S State St","Tucson","AZ","86504","US","2026-03-09"
"5672","2022-06-04","","8184 N Elm Dr","Fresno","CA","93767","US","2023-04-08"
"5673","2021-10-25","","5449 S State St","Ogden","UT","84229","USA",""
"5674","2023-10-15","","4445 S Main St","Irvine","CA","92385","US","2026-03-10"
"5675","2022-02-01","","8185 S Main St","Lehi","UT","84689","US","2024-02-20"
"5676","2024-02-18","","3793 S State St","Ogden","ut ","84378","US",""
"5677","2021-02-25","","998 S Main St","Provo","ut ","84343","USA",""
"5678","2024-08-05","","4067 S State St","Plano","Texas","76727","USA",""
"5679","2026-05-10","","3487 S Main St","Dover","DE","19813","US",""
"5680","2024-05-23","","4316 Av Reforma","Guadalajara","JAL","35257","MX",""
"5681","2023-03-31","","3947 Rue Principale","Guadalajara","JAL","28109","MX",""
"5682","2024-01-04","","1581 Rue Principale","Calgary","AB","M2H 4B2","CA",""
"5683","2025-01-26","","7799 S State St","Lehi","UT","84482","US",""
"5684","2026-06-16","","1387 S State St","Albany","NY","14068","US",""
"5685","2020-06-23","","5394 S State St","Irvine","CA","92091","USA",""
"5686","2022-01-08","","8076 S State St","Austin","TX","77179","US",""
"5687","2026-05-28","","","","","","",""
"5688","2021-12-01","","6925 N Elm Dr","Ogden","UT","84255","US",""
"5689","2025-09-03","","5363 S Main St","Mesa","AZ","86048","US",""
"5690","2026-02-15","","8688 W Oak Ave","Flagstaff","AZ","85813","US",""
"5691","2026-04-19","","3127 S State St","Lehi","UT","84038","US",""
"5692","2023-06-19","","12 S Main St","Houston","TX","77616","USA",""
"5693","2020-12-14","","2093 S Main St","Houston","Texas","75748","USA",""
"5694","2024-05-14","","2682 S Main St","Flagstaff","AZ","86439","US",""
"5695","2024-01-23","","2875 E Center St","Tucson","AZ","86398","US",""
"5696","2022-02-13","","310 E Center St","Denver","CO","80708","US",""
"5697","2021-03-06","","3661 King St","Toronto","ON","T4B 4B6","Canada",""
"5698","2022-04-20","","870 N Elm Dr","Newark","DE","19853","US",""
"5699","2020-09-18","","9205 S State St","Salt Lake City","UT","84707","USA",""
"5700","2024-10-02","","4327 S Main St","Irvine","CA","93103","US",""
"5701","2024-07-17","","940 E Center St","St. George","UT","84553","US",""
"5702","2023-02-12","","7146 S Main St","Houston","TX","76798","US",""
"5703","2023-04-23","","9526 N Elm Dr","Fresno","CA","94143","US",""
"5704","2023-04-29","","6456 E Center St","San Jose","CA","92076","US",""
"5705","2019-11-07","","6326 E Center St","Tucson","AZ","86115","US",""
"5706","2022-03-29","","8276 W Oak Ave","San Jose","CA","92859","USA",""
"5707","2023-01-31","","3499 S State St","Buffalo","NY.","13019","US",""
"5708","2024-11-22","","3588 S Main St","Fresno","CA.","92720","US",""
"5709","2025-11-09","","2759 N Elm Dr","Provo","UT","84064","US",""
"5710","2021-01-27","","1065 S State St","Provo","UT","84260","US",""
"5711","2022-09-07","2024-12-11","2701 N Elm Dr","Bellevue","wa ","98222","US",""
"5712","2023-08-20","","2882 W Oak Ave","Fresno","CA","94068","US",""
"5713","2022-05-26","2023-02-08","7294 E Center St","Oakland","CA","92660","USA",""
"5714","2024-10-20","","285 E Center St","Denver","Colorado","80341","US",""
"5715","2025-11-02","","689 S Main St","Provo","UT","84249","US",""
"5716","2024-04-08","","1393 S State St","Boulder","CO.","81491","US",""
"5717","2023-05-06","","3359 N Elm Dr","Denver","co ","80122","US","2025-08-13"
"5718","2023-12-06","","7191 S Main St","San Jose","CA","91874","US",""
"5719","2025-02-12","","8039 E Center St","Seattle","WA","98374","US",""
"5720","2024-09-05","","5410 E Center St","Aurora","CO","80950","USA",""
"5721","2021-05-03","","2239 S State St","Pueblo","CO","80192","US",""
"5722","2019-08-19","","8419 W Oak Ave","Lehi","UT","84598","US",""
"5723","2026-04-30","","7567 E Center St","San Jose","ca ","95885","US",""
"5724","2019-05-24","2020-04-10","5547 S Main St","Fresno","CA.","90844","US","2024-11-01"
"5725","2024-07-01","","3805 S Main St","Provo","UT","84740","US",""
"5726","2023-09-28","","958 N Elm Dr","Ogden","Utah","84516","US",""
"5727","2024-03-06","","","","","","",""
"5728","2024-10-25","","256 W Oak Ave","Plano","TX","75860","US",""
"5729","2025-11-20","","4951 E Center St","Lehi","UT","84395","US",""
"5730","2023-02-24","","7557 N Elm Dr","Buffalo","New York","11808","USA",""
"5731","2025-07-20","","9291 W Oak Ave","St. George","UT","84038","USA",""
"5732","2024-02-28","","6921 N Elm Dr","Lehi","ut ","84398","US",""
"5733","2026-04-18","","8976 E Center St","Tacoma","WA","98974","US",""
"5734","2024-07-21","","1817 W Oak Ave","Provo","ut ","84037","US",""
"5735","2026-04-27","","3697 W Oak Ave","San Jose","CA","91513","USA",""
"5736","2026-01-29","","2627 N Elm Dr","Lehi","Utah","84023","US",""
"5737","2024-09-08","","4000 S State St","Newark","DE","19919","US",""
"5738","2024-07-16","","5660 E Center St","Aurora","co ","80446","US",""
"5739","2025-11-06","","4407 W Oak Ave","Rochester","NY","14214","US",""
"5740","2024-06-22","","1915 S State St","Wilmington","DE","19805","USA",""
"5741","2024-09-09","","785 E Center St","San Jose","CA","95875","US",""
"5742","2025-03-08","","","","","","",""
"5743","2026-05-02","","4499 S State St","Denver","CO","80900","US",""
"5744","2021-12-22","","6477 S State St","Oakland","CA.","93132","US",""
"5745","2022-12-20","","4698 N Elm Dr","Houston","TX","77834","US",""
"5746","2020-07-25","","539 W Oak Ave","Dallas","TX","77529","USA",""
"5747","2026-06-15","","783 S Main St","Provo","UT","84701","US",""
"5748","2021-02-26","","7273 S Main St","El Paso","TX","78008","US",""
"5749","2023-04-26","2023-09-30","3409 E Center St","Houston","Texas","76513","US",""
"5750","2025-10-19","","9648 S State St","Seattle","WA.","98853","US",""
"5751","2022-10-20","","1939 S Main St","Austin","TX","78401","USA",""
"5752","2024-02-03","","9228 E Center St","Austin","TX","79543","US",""
"5753","2020-06-27","","6540 N Elm Dr","Ogden","UT","84053","US",""
"5754","2025-06-06","","8907 S State St","St. George","UT","84383","US","2025-08-08"
"5755","2023-12-28","","5016 N Elm Dr","Lehi","ut ","84464","US",""
"5756","2024-05-08","","8604 S Main St","Sacramento","CA","93301","US",""
"5757","2026-03-23","","3175 S Main St","San Jose","California","92999","US",""
"5758","2022-03-23","","6172 S Main St","Austin","TX","76384","USA",""
"5759","2025-01-24","","6480 S State St","Seattle","WA","99328","US",""
"5760","2025-08-18","","5082 E Center St","Olympia","WA","98276","US",""
"5761","2022-09-21","","2497 W Oak Ave","Sacramento","CA","94362","US",""
"5762","2024-12-01","","6501 S Main St","Denver","CO","80638","US",""
"5763","2020-01-12","2021-08-22","7655 S Main St","Bellevue","WA","99202","US",""
"5764","2024-09-24","","5422 S Main St","Denver","CO","81549","US",""
"5765","2025-08-25","","1702 W Oak Ave","Fresno","ca ","93606","US",""
"5766","2025-05-17","","9436 N Elm Dr","Salt Lake City","ut ","84014","US",""
"5767","2023-10-27","","2953 W Oak Ave","Oakland","California","95669","US",""
"5768","2025-05-07","","9668 S Main St","Salt Lake City","UT","84582","US",""
"5769","2022-04-24","","1723 S State St","Syracuse","NY","10934","USA",""
"5770","2026-03-21","","5231 N Elm Dr","Bellevue","WA","99154","USA",""
"5771","2023-12-02","","4837 E Center St","Provo","UT.","84190","US",""
"5772","2024-08-08","","5875 E Center St","Provo","UT","84731","USA",""
"5773","2026-06-22","","9394 W Oak Ave","Fort Collins","CO","81579","USA",""
"5774","2019-10-17","","2609 E Center St","Provo","UT","84136","US",""
"5775","2024-11-18","","1864 S State St","Fresno","CA","94391","US",""
"5776","2020-09-11","","6462 N Elm Dr","Rochester","New York","14358","US",""
"5777","2021-02-21","","1440 S State St","Oakland","ca ","91352","US",""
"5778","2022-03-27","","3585 E Center St","Sacramento","CA.","91854","US",""
"5779","2019-08-03","","2682 N Elm Dr","Ogden","UT","84220","USA",""
"5780","2020-12-06","","2615 S Main St","Seattle","wa ","98970","US",""
"5781","2022-05-06","","1809 E Center St","El Paso","TX","77071","US","2026-03-04"
"5782","2023-03-30","","8228 N Elm Dr","Mesa","az ","85608","US",""
"5783","2025-06-15","","8964 E Center St","Oakland","CA","90308","US",""
"5784","2025-09-02","","3859 E Center St","Tempe","AZ","85696","USA",""
"5785","2023-02-15","","7274 N Elm Dr","Houston","Texas","77304","US",""
"5786","2024-09-23","","3997 N Elm Dr","Ogden","UT","84567","US",""
"5787","2024-10-02","","1826 W Oak Ave","Carson City","NV","89172","USA",""
"5788","2023-06-12","","3616 E Center St","Provo","UT","84450","US",""
"5789","2026-01-15","","6694 N Elm Dr","Ogden","ut ","84461","US",""
"5790","2023-03-09","","4073 S State St","Dallas","TX.","78129","US",""
"5791","2021-06-30","","2958 E Center St","Oakland","CA","93224","US",""
"5792","2026-05-11","","1025 N Elm Dr","El Paso","tx ","75161","US",""
"5793","2025-09-30","","7520 S State St","Rochester","NY","12572","US",""
"5794","2025-07-01","","3894 S Main St","Tempe","AZ","85560","USA",""
"5795","2022-12-17","","5950 W Oak Ave","Fresno","ca ","93410","US",""
"5796","2022-09-23","","6585 S State St","Fresno","CA","91652","US",""
"5797","2026-03-07","","9354 N Elm Dr","Pueblo","co ","80286","US",""
"5798","2025-07-08","","5812 S Main St","St. George","UT","84373","US",""
"5799","2021-09-10","","7938 S Main St","Mesa","AZ","86230","USA",""
"5800","2022-06-09","","3848 Calle Norte","Ciudad de Mexico","CMX","36588","MX",""
"5801","2025-09-15","","2131 S State St","Lehi","ut ","84195","US",""
"5802","2025-12-23","","3480 N Elm Dr","Denver","CO","81550","US",""
"5803","2024-02-17","","536 W Oak Ave","San Jose","CA","92587","US",""
"5804","2020-08-12","","7412 S State St","Salt Lake City","UT","84187","US",""
"5805","2022-06-09","","6539 W Oak Ave","Henderson","Nevada","89709","USA",""
"5806","2024-03-27","","110 S Main St","Pueblo","co ","81317","US","2025-08-05"
"5807","2019-03-27","","","","","","",""
"5808","2023-09-05","","8153 E Center St","Sacramento","CA","93442","USA",""
"5809","2022-10-06","","6531 W Oak Ave","Denver","Colorado","80079","US",""
"5810","2025-01-23","","4345 W Oak Ave","Spokane","WA","99206","US",""
"5811","2021-04-19","","","","","","",""
"5812","2024-04-13","","4274 N Elm Dr","Dallas","Texas","79203","USA",""
"5813","2023-11-18","","3460 Calle Norte","Calgary","AB","H1J 6C1","Canada",""
"5814","2022-07-04","2025-03-02","288 E Center St","San Jose","CA","90125","US",""
"5815","2025-06-04","","530 E Center St","Provo","UT.","84754","US",""
"5816","2024-04-11","","9248 W Oak Ave","Austin","TX","75576","US",""
"5817","2023-01-13","","8453 W Oak Ave","Milford","DE","19800","USA",""
"5818","2025-06-22","","5281 S Main St","Salt Lake City","ut ","84350","US",""
"5819","2023-05-13","","6774 E Center St","Spokane","WA","99057","US",""
"5820","2024-02-19","","1384 W Oak Ave","El Paso","TX","77570","US",""
"5821","2024-04-16","","6735 W Oak Ave","Salt Lake City","ut ","84118","US",""
"5822","2025-08-09","","8396 S Main St","Phoenix","AZ","86344","US",""
"5823","2025-11-11","","123 King St","Vancouver","BC","H9A 8B6","CA",""
"5824","2020-10-14","","1757 E Center St","St. George","UT","84472","US",""
"5825","2024-08-29","","8086 W Oak Ave","Lehi","UT","84218","US",""
"5826","2022-08-08","","9664 E Center St","Sacramento","CA","93298","US",""
"5827","2025-02-22","","9036 S Main St","Oakland","CA","96131","US",""
"5828","2024-12-02","","2410 E Center St","Albany","NY","12631","USA",""
"5829","2026-03-15","","1099 S Main St","Boulder","CO","80699","USA",""
"5830","2025-11-07","","1357 S State St","Tempe","AZ","85416","US",""
"5831","2025-11-02","","","","","","",""
"5832","2023-04-19","","7979 W Oak Ave","Houston","TX","76775","US",""
"5833","2024-08-23","","4682 N Elm Dr","St. George","Utah","84033","US",""
"5834","2026-02-10","","","","","","",""
"5835","2021-08-16","","81 N Elm Dr","Irvine","CA","95507","US",""
"5836","2020-05-02","","1225 S Main St","Salt Lake City","UT","84669","US",""
"5837","2022-03-20","","4146 E Center St","St. George","UT","84305","USA",""
"5838","2022-06-15","","5920 S Main St","Syracuse","NY","11611","US",""
"5839","2025-12-23","","2300 W Oak Ave","Boulder","CO","81170","US",""
"5840","2023-03-21","","","","","","",""
"5841","2024-12-23","","3668 S Main St","Sacramento","CA","95952","US",""
"5842","2025-04-19","","8519 E Center St","St. George","UT.","84528","US",""
"5843","2023-04-15","","8885 E Center St","Provo","UT","84585","USA","2025-01-29"
"5844","2022-04-14","","3980 N Elm Dr","Irvine","California","93589","USA",""
"5845","2023-08-24","","706 N Elm Dr","Bellevue","WA","99006","US",""
"5846","2024-05-11","","5939 N Elm Dr","Denver","CO","80098","US",""
"5847","2024-05-28","","","","","","",""
"5848","2025-10-08","","1128 S Main St","Tacoma","WA","98481","US",""
"5849","2024-05-24","","8550 W Oak Ave","San Jose","CA","94525","US",""
"5850","2022-08-27","","827 S Main St","Spokane","Washington","99207","USA",""
"5851","2021-12-09","","3164 W Oak Ave","St. George","UT","84527","US",""
"5852","2023-11-24","","8751 N Elm Dr","Sparks","Nevada","89328","USA",""
"5853","2021-10-19","","8399 W Oak Ave","Oakland","CA","90823","US",""
"5854","2023-06-03","2025-03-10","1707 W Oak Ave","Plano","Texas","78455","US",""
"5855","2024-01-29","","2109 S Main St","Aurora","CO","81454","US",""
"5856","2022-11-04","","5136 S State St","Reno","nv ","89653","US",""
"5857","2024-10-07","","2455 S State St","Phoenix","az ","85052","US",""
"5858","2024-07-24","","4783 E Center St","Dallas","TX.","77936","US",""
"5859","2019-06-23","","","","","","",""
"5860","2022-10-28","","5405 N Elm Dr","Oakland","CA","92377","US",""
"5861","2023-04-21","","3476 E Center St","Lehi","UT","84128","USA",""
"5862","2025-03-17","","3906 S State St","Ogden","ut ","84537","US",""
"5863","2021-04-11","","80 S State St","Sparks","NV","89459","USA",""
"5864","2022-03-09","","3818 W Oak Ave","Dallas","TX","79097","US",""
"5865","2026-04-04","","8777 E Center St","Provo","UT","84564","US",""
"5866","2020-04-15","","6548 E Center St","Aurora","CO","80410","US",""
"5867","2022-09-07","","8348 S State St","El Paso","Texas","79988","US",""
"5868","2023-11-21","","7184 W Oak Ave","Dallas","TX","76079","US",""
"5869","2025-03-01","","1757 N Elm Dr","Ogden","UT","84069","USA",""
"5870","2025-01-02","","3041 W Oak Ave","Sacramento","CA","95247","US",""
"5871","2025-05-31","2025-11-04","2325 E Center St","Albany","NY","12163","US",""
"5872","2020-08-28","","4118 E Center St","Boulder","CO","80534","US",""
"5873","2020-08-01","","3409 S Main St","Provo","UT","84566","US",""
"5874","2022-09-29","","8544 S State St","Denver","CO","81403","USA",""
"5875","2022-06-16","","2285 S Main St","Salt Lake City","UT","84284","USA",""
"5876","2023-01-05","","7789 E Center St","Dallas","TX","79539","US",""
"5877","2026-05-01","","4368 W Oak Ave","Seattle","wa ","98274","US",""
"5878","2022-10-28","","895 W Oak Ave","Dallas","TX","76843","USA",""
"5879","2025-05-14","","2792 W Oak Ave","Henderson","NV","89036","US",""
"5880","2023-03-14","","8918 S State St","Tucson","AZ","85072","US",""
"5881","2026-02-10","","2121 N Elm Dr","Oakland","CA","94365","USA",""
"5882","2023-11-07","","6043 N Elm Dr","Rochester","NY","12178","US",""
"5883","2026-01-03","","6690 S State St","Fort Collins","CO","80880","US",""
"5884","2025-06-17","","4064 W Oak Ave","Olympia","WA","99031","US",""
"5885","2021-06-06","","4622 S Main St","Boulder","CO","80605","US",""
"5886","2024-02-04","","6709 S State St","San Jose","CA","90494","US",""
"5887","2020-07-27","","4522 E Center St","Newark","DE","19774","US",""
"5888","2019-11-29","2020-09-23","19 N Elm Dr","Fresno","CA","95650","US",""
"5889","2023-10-13","","7091 S State St","Provo","UT","84587","USA",""
"5890","2019-11-13","","2820 W Oak Ave","Fort Collins","Colorado","80835","US",""
"5891","2020-11-14","","4517 N Elm Dr","Las Vegas","NV","89042","USA",""
"5892","2024-05-19","","491 E Center St","Salt Lake City","UT","84170","US",""
"5893","2023-03-23","","1411 E Center St","Bellevue","WA","99372","US",""
"5894","2022-04-11","","372 S State St","Phoenix","az ","85123","US",""
"5895","2023-05-31","","9140 N Elm Dr","Newark","de ","19821","US",""
"5896","2021-03-12","","9250 S Main St","Denver","CO","80954","US",""
"5897","2024-12-20","","2686 W Oak Ave","Provo","UT","84250","USA",""
"5898","2024-11-16","","6699 S Main St","Lehi","UT","84747","USA",""
"5899","2024-10-19","","8858 S State St","Tempe","AZ","86125","US","2025-05-30"
"5900","2024-12-21","","9665 S State St","Ogden","UT","84382","US",""
"5901","2024-02-10","","7582 W Oak Ave","Buffalo","NY","10134","US",""
"5902","2025-07-22","","7376 S Main St","Aurora","CO","81016","US",""
"5903","2025-03-10","","8717 W Oak Ave","Rochester","New York","13096","US",""
"5904","2024-05-17","","3448 E Center St","Spokane","WA","99172","USA",""
"5905","2025-04-09","","4928 E Center St","Irvine","CA","94632","US",""
"5906","2023-03-02","","1698 W Oak Ave","Irvine","CA","90719","USA",""
"5907","2021-03-22","","9605 S Main St","Seattle","WA","98745","US",""
"5908","2025-06-13","","6525 S State St","El Paso","TX.","78576","USA",""
"5909","2020-10-18","","3285 E Center St","Tempe","AZ","85362","USA","2023-08-15"
"5910","2021-03-07","","65 S State St","Houston","TX","76227","US",""
"5911","2019-12-04","","9679 N Elm Dr","Ogden","UT","84630","US",""
"5912","2022-06-28","","5865 S Main St","Irvine","CA","93820","USA","2023-12-25"
"5913","2020-07-16","","2452 W Oak Ave","Sacramento","CA","91058","US",""
"5914","2025-09-25","","7916 S State St","St. George","UT","84773","US",""
"5915","2026-06-09","","6138 E Center St","Sacramento","ca ","94800","US",""
"5916","2022-09-25","","3673 N Elm Dr","Provo","UT","84457","US",""
"5917","2022-09-15","","491 N Elm Dr","St. George","Utah","84105","US","2023-08-31"
"5918","2023-09-05","","1169 S Main St","Lehi","Utah","84239","US",""
"5919","2023-07-31","","4775 S Main St","Fort Collins","CO","81524","USA",""
"5920","2024-11-11","","8095 N Elm Dr","St. George","Utah","84209","USA",""
"5921","2024-07-28","","4390 S Main St","St. George","UT","84621","US",""
"5922","2021-01-15","","2918 S State St","Albany","NY","10641","USA",""
"5923","2023-02-22","","6472 S State St","Oakland","California","94901","US",""
"5924","2025-12-23","","2025 S State St","Provo","UT","84387","US",""
"5925","2025-03-12","","8431 S Main St","Austin","TX","77039","US",""
"5926","2026-01-17","","7850 S State St","San Jose","CA","96064","USA",""
"5927","2020-09-10","","1736 S State St","El Paso","tx ","76111","US",""
"5928","2021-10-11","","5135 S Main St","Provo","UT","84258","USA",""
"5929","2021-11-27","","7594 W Oak Ave","San Jose","CA","94832","US","2023-10-26"
"5930","2022-08-28","","2712 S State St","Flagstaff","AZ","86141","US",""
"5931","2025-03-27","","665 E Center St","Plano","TX","75332","US",""
"5932","2023-11-13","","4799 S State St","Seattle","WA","98968","US",""
"5933","2023-04-03","","6390 W Oak Ave","Plano","Texas","78801","US",""
"5934","2019-06-19","","6589 E Center St","Oakland","CA","91599","US",""
"5935","2020-04-21","","2888 E Center St","Tempe","AZ","86353","US",""
"5936","2025-06-20","","8582 W Oak Ave","Rochester","NY","12201","US",""
"5937","2024-02-18","","8889 W Oak Ave","Denver","CO","81463","USA",""
"5938","2025-03-12","","4208 Calle Norte","Monterrey","NLE","39732","MX",""
"5939","2024-02-24","","7662 S Main St","Mesa","AZ","85885","USA",""
"5940","2020-04-15","","2157 W Oak Ave","Dallas","TX","78706","US",""
"5941","2022-08-04","","7886 S Main St","San Jose","CA.","94263","US",""
"5942","2024-02-01","","5822 W Oak Ave","Dallas","TX","75370","US",""
"5943","2024-01-05","","3295 E Center St","Rochester","NY","14699","US",""
"5944","2023-01-25","","7598 S Main St","Oakland","ca ","95771","US",""
"5945","2023-09-26","","6839 S Main St","Salt Lake City","UT","84165","USA",""
"5946","2024-09-10","","2703 E Center St","Tempe","AZ","85577","US",""
"5947","2026-04-19","","1085 W Oak Ave","Provo","ut ","84533","US",""
"5948","2019-10-29","","9260 S State St","Sacramento","CA","93897","USA",""
"5949","2019-11-20","","","","","","",""
"5950","2023-10-11","","9370 N Elm Dr","Aurora","CO","81128","USA",""
"5951","2022-03-21","","9025 N Elm Dr","Pueblo","CO","80005","US",""
"5952","2023-01-04","","4863 S State St","El Paso","TX","76418","US",""
"5953","2020-11-27","","2684 N Elm Dr","Aurora","CO","81301","US",""
"5954","2025-09-10","","5133 S Main St","Sacramento","CA","95125","US",""
"5955","2022-08-12","","3418 W Oak Ave","Irvine","ca ","91031","US",""
"5956","2025-02-09","","7296 E Center St","Ogden","UT","84791","USA",""
"5957","2025-11-26","","3105 W Oak Ave","Brooklyn","New York","13789","US",""
"5958","2021-10-12","","7864 S State St","Seattle","WA","98260","US",""
"5959","2023-01-25","","1474 S Main St","Ogden","UT","84547","US",""
"5960","2020-01-23","","6234 S State St","Tacoma","WA","98411","US",""
"5961","2026-05-10","","86 E Center St","Fresno","CA","91723","US",""
"5962","2025-12-07","","4045 S Main St","Fort Collins","CO","80660","US",""
"5963","2025-01-04","","9408 E Center St","Dallas","tx ","79534","USA",""
"5964","2022-12-08","","8561 S State St","Mesa","Arizona","86540","US",""
"5965","2024-10-15","2025-11-06","5799 S Main St","Spokane","Washington","99021","US",""
"5966","2023-06-23","","8210 N Elm Dr","Tacoma","WA.","98811","US",""
"5967","2024-07-17","","6988 S Main St","St. George","UT","84246","US",""
"5968","2020-02-23","","9139 E Center St","Oakland","CA","91731","US",""
"5969","2021-10-17","","6289 W Oak Ave","Fort Collins","CO","81003","US",""
"5970","2020-09-06","","247 S Main St","Albany","NY","11904","USA",""
"5971","2022-08-27","","965 E Center St","Oakland","CA","91408","US",""
"5972","2026-06-09","","8057 S State St","Salt Lake City","UT","84142","US",""
"5973","2024-03-24","","3321 S Main St","Houston","TX","77002","US",""
"5974","2024-06-15","","7767 S State St","Newark","DE","19743","US","2026-02-28"
"5975","2022-11-14","","","","","","",""
"5976","2023-02-05","","2483 E Center St","Rochester","NY","14212","US",""
"5977","2024-09-04","","968 S State St","Flagstaff","AZ","85949","USA",""
"5978","2025-06-04","","2582 E Center St","San Jose","CA","90189","US",""
"5979","2020-06-12","","4102 W Oak Ave","Fort Collins","CO","80999","USA",""
"5980","2022-12-16","","2807 S State St","Austin","TX.","76635","US",""
"5981","2022-09-21","","4686 S Main St","El Paso","TX","77535","US",""
"5982","2020-12-26","","2398 S State St","Denver","CO","80908","US",""
"5983","2025-03-24","","310 N Elm Dr","Fresno","CA","93360","US",""
"5984","2023-01-28","","2467 Rue Principale","Montreal","QC","T4G 8H7","Canada",""
"5985","2026-04-02","","5677 E Center St","Pueblo","CO","81000","US",""
"5986","2026-04-25","","778 S Main St","Salt Lake City","Utah","84167","US",""
"5987","2026-06-11","","6515 S State St","Aurora","CO","80683","US",""
"5988","2023-02-28","2026-02-23","3649 N Elm Dr","Austin","Texas","77539","US",""
"5989","2020-12-09","","5644 E Center St","Lehi","UT","84077","US",""
"5990","2026-05-17","","2494 S Main St","Provo","UT","84142","US",""
"5991","2025-08-18","","9439 E Center St","Salt Lake City","UT","84079","US",""
"5992","2020-10-28","","3140 W Oak Ave","Oakland","CA","95463","US",""
"5993","2023-06-12","","3008 E Center St","Tacoma","WA.","98526","USA","2025-03-25"
"5994","2026-02-10","","1055 S Main St","Boulder","co ","80344","USA",""
"5995","2026-01-29","","","","","","",""
"5996","2020-03-22","2022-07-16","1335 S Main St","El Paso","TX","77921","US",""
"5997","2026-03-03","","8635 S State St","Buffalo","New York","14234","US",""
"5998","2024-01-19","","7432 N Elm Dr","Ogden","UT","84485","US",""
"5999","2023-02-26","","870 S State St","Ogden","UT","84644","USA",""
"6000","2024-09-18","","7977 S Main St","Austin","TX","77222","US",""
"6001","2023-10-02","","3648 E Center St","Houston","Texas","78830","USA",""
"6002","2019-04-20","2019-11-21","2711 S State St","Brooklyn","NY","14341","US",""
"6003","2021-11-05","","2572 E Center St","Flagstaff","az ","85024","US",""
"6004","2023-02-03","","","","","","",""
"6005","2021-11-26","","4755 W Oak Ave","Austin","TX","77381","US",""
"6006","2021-11-27","","4576 S State St","Oakland","CA","93107","US",""
"6007","2024-09-17","","821 S State St","Fresno","CA","94810","USA",""
"6008","2024-07-10","","3265 S Main St","San Jose","CA","93662","US",""
"6009","2024-12-25","","2709 W Oak Ave","Milford","DE","19959","USA",""
"6010","2022-01-28","","8856 S State St","San Jose","CA.","93288","US",""
"6011","2023-02-27","","6184 E Center St","St. George","UT","84508","USA",""
"6012","2024-09-21","","2217 E Center St","Fresno","CA","94212","US",""
"6013","2023-03-21","","7625 N Elm Dr","Seattle","WA","99175","USA",""
"6014","2022-07-15","","2484 W Oak Ave","Plano","TX","78964","USA",""
"6015","2026-05-19","","4909 S State St","Salt Lake City","UT","84265","USA",""
"6016","2025-06-27","","8760 S State St","Tempe","Arizona","85740","US",""
"6017","2024-02-12","","2809 E Center St","St. George","UT","84389","US",""
"6018","2026-05-07","","941 S State St","Tacoma","WA","98938","US",""
"6019","2023-05-01","","9545 E Center St","Flagstaff","AZ","85588","US",""
"6020","2025-05-15","","6282 W Oak Ave","St. George","UT","84045","US",""
"6021","2024-09-22","","2842 E Center St","Sparks","NV","89574","USA",""
"6022","2024-10-31","","9357 W Oak Ave","San Jose","CA","93192","US",""
"6023","2025-06-01","","6461 W Oak Ave","Tempe","az ","85498","US","2026-06-25"
"6024","2019-12-07","","6574 S Main St","Rochester","NY","13963","US",""
"6025","2022-03-10","","6575 E Center St","Provo","UT","84533","US",""
"6026","2020-05-03","","177 S Main St","Provo","UT","84005","USA",""
"6027","2021-07-10","","7033 S Main St","Sacramento","CA.","94383","USA",""
"6028","2022-05-07","","3820 S Main St","Reno","nv ","89158","USA",""
"6029","2023-08-28","","2106 S Main St","Irvine","CA","90670","US",""
"6030","2021-12-18","","7065 E Center St","Denver","CO.","80951","USA",""
"6031","2026-06-04","","3671 E Center St","Carson City","nv ","89169","US",""
"6032","2026-04-24","","144 S Main St","Albany","New York","14808","US",""
"6033","2021-04-21","","7632 S State St","Irvine","ca ","91662","US",""
"6034","2020-07-02","2023-06-21","8572 W Oak Ave","Irvine","ca ","91577","US",""
"6035","2019-04-12","","2711 E Center St","Dover","DE","19752","US",""
"6036","2023-10-22","","8678 S State St","Spokane","WA","98572","USA",""
"6037","2022-02-27","","3431 N Elm Dr","Spokane","WA","99212","US",""
"6038","2022-11-09","","2377 E Center St","Provo","UT","84356","US",""
"6039","2020-06-24","","4581 S Main St","Lehi","ut ","84296","US",""
"6040","2025-03-31","","5584 S State St","San Jose","CA","95179","USA",""
"6041","2026-02-27","","4757 S State St","Aurora","CO","80248","US",""
"6042","2023-06-30","","1999 E Center St","Tacoma","WA","98068","US",""
"6043","2023-11-09","","6817 S State St","Flagstaff","AZ","85456","US",""
"6044","2023-02-10","","2485 S Main St","Ogden","UT","84548","US",""
"6045","2025-06-14","","6746 S State St","Rochester","NY","12891","US",""
"6046","2026-05-25","","1123 S State St","Salt Lake City","UT","84734","US",""
"6047","2023-05-02","","8441 W Oak Ave","Newark","DE","19765","USA",""
"6048","2025-11-04","","6431 W Oak Ave","Spokane","WA","98839","US",""
"6049","2021-10-19","","3146 E Center St","Boulder","CO","80454","US",""
"6050","2023-05-30","","1930 S State St","Spokane","WA","99064","US",""
"6051","2022-03-09","","4463 E Center St","Bellevue","WA","98226","US",""
"6052","2022-07-17","","9531 S Main St","Lehi","UT","84037","US",""
"6053","2025-07-18","","1353 E Center St","Tempe","Arizona","86341","US",""
"6054","2024-07-21","","5919 S State St","Austin","TX","76288","USA",""
"6055","2024-03-12","","4725 W Oak Ave","Brooklyn","NY","13284","US",""
"6056","2024-11-20","","2011 W Oak Ave","Oakland","CA","94293","USA",""
"6057","2023-11-26","","4258 W Oak Ave","Houston","TX","77224","US",""
"6058","2019-03-28","","6866 W Oak Ave","Plano","TX","78635","US",""
"6059","2025-06-08","","9522 W Oak Ave","Bellevue","WA","98226","US",""
"6060","2025-07-18","","4538 E Center St","Las Vegas","NV","89002","US",""
"6061","2021-03-19","","9284 S Main St","Spokane","WA","98658","US","2024-12-28"
"6062","2025-09-23","","7114 S State St","Spokane","WA","98727","US",""
"6063","2024-06-26","","1608 E Center St","Ogden","UT","84480","US",""
"6064","2023-06-13","2025-05-12","1074 E Center St","Denver","co ","80613","US",""
"6065","2020-04-28","","9366 S State St","El Paso","TX","79573","USA",""
"6066","2024-09-15","","2089 Calle Norte","Toronto","ON","T3H 4E2","CA",""
"6067","2022-12-09","","4483 E Center St","Brooklyn","NY","11960","US",""
"6068","2021-06-02","","171 N Elm Dr","Provo","ut ","84369","US",""
"6069","2023-11-14","","5974 E Center St","Plano","TX","75371","US",""
"6070","2023-09-30","","8940 W Oak Ave","Lehi","UT","84636","USA",""
"6071","2023-09-15","","91 S State St","Salt Lake City","UT","84082","USA",""
"6072","2020-12-12","","5265 S Main St","Houston","Texas","75172","US",""
"6073","2021-09-19","","3826 S Main St","Milford","DE","19767","US",""
"6074","2026-02-17","","1960 S Main St","Salt Lake City","Utah","84347","US",""
"6075","2023-09-11","","","","","","",""
"6076","2026-04-12","","2478 S State St","Phoenix","AZ","85205","US",""
"6077","2024-09-15","","7573 S Main St","Flagstaff","AZ","86057","US",""
"6078","2022-03-30","","2988 N Elm Dr","St. George","UT","84472","US",""
"6079","2024-11-21","","5040 S State St","St. George","UT","84777","US",""
"6080","2021-01-21","","3388 S Main St","Salt Lake City","UT","84652","US",""
"6081","2024-08-19","","","","","","",""
"6082","2026-05-07","","6618 E Center St","Ogden","UT","84479","US",""
"6083","2020-09-08","","8564 E Center St","Brooklyn","NY.","11091","US",""
"6084","2025-06-16","","4194 E Center St","Reno","NV","89089","US",""
"6085","2021-05-18","","8697 S State St","Newark","DE","19813","US",""
"6086","2023-10-01","","5333 S Main St","Dover","DE.","19892","US",""
"6087","2026-04-21","","5094 N Elm Dr","Albany","NY","11571","US",""
"6088","2020-08-25","","9575 S Main St","Plano","TX","77762","USA",""
"6089","2026-03-24","","1194 N Elm Dr","Houston","TX","78028","USA",""
"6090","2022-12-22","","2334 E Center St","Ogden","ut ","84160","US",""
"6091","2025-09-25","","3831 E Center St","Lehi","UT","84119","US",""
"6092","2022-07-16","","1127 S State St","Fort Collins","CO","80125","US",""
"6093","2023-01-11","","2527 Av Reforma","Toronto","ON","H9C 4B5","Canada","2024-04-03"
"6094","2025-09-11","","1141 S Main St","Lehi","Utah","84002","US",""
"6095","2022-11-03","","4493 Av Reforma","Guadalajara","JAL","79872","MX",""
"6096","2024-03-13","","2303 E Center St","Denver","CO","80057","USA",""
"6097","2025-03-24","","7734 S Main St","Denver","CO","80369","US",""
"6098","2020-12-04","","","","","","",""
"6099","2024-06-27","","6349 S Main St","Oakland","CA","93568","US",""
"6100","2025-06-22","","5334 W Oak Ave","El Paso","tx ","78040","US","2025-09-16"
"6101","2023-04-05","","2171 S Main St","Henderson","NV","89828","US",""
"6102","2024-12-24","","7007 W Oak Ave","Plano","TX","78222","US",""
"6103","2023-06-04","","2945 E Center St","Tacoma","WA","99062","USA",""
"6104","2024-12-04","","4368 N Elm Dr","Lehi","UT","84233","US",""
"6105","2022-08-30","","7434 W Oak Ave","Houston","TX","75838","USA",""
"6106","2022-11-30","","1416 E Center St","Sacramento","CA","93118","US",""
"6107","2022-03-27","","6929 N Elm Dr","St. George","Utah","84050","US",""
"6108","2025-05-11","","5730 S State St","Olympia","WA","99035","US",""
"6109","2022-10-27","","3559 S Main St","Dallas","Texas","78519","USA","2025-10-28"
"6110","2023-11-10","","9740 E Center St","El Paso","TX","76557","USA",""
"6111","2024-08-29","","8829 N Elm Dr","San Jose","CA","93617","USA",""
"6112","2021-09-07","","7642 N Elm Dr","Irvine","California","92805","USA",""
"6113","2026-03-30","","5994 S State St","Aurora","CO.","80413","USA",""
"6114","2022-01-22","","7377 N Elm Dr","Provo","UT","84598","US",""
"6115","2024-09-28","","4449 S State St","Mesa","AZ","85330","US",""
"6116","2026-04-01","","3212 N Elm Dr","Ogden","UT","84025","US",""
"6117","2023-02-23","","2585 S State St","Fresno","California","94702","US",""
"6118","2024-04-22","","8709 E Center St","Fresno","ca ","91902","US",""
"6119","2021-05-06","","9776 W Oak Ave","Syracuse","NY","11860","US",""
"6120","2023-03-08","","","","","","",""
"6121","2021-09-04","","7359 E Center St","Fresno","CA","91576","USA",""
"6122","2025-06-16","","8846 E Center St","Carson City","nv ","89605","US",""
"6123","2026-06-11","","2346 Rue Principale","Vancouver","BC","T1A 9C4","CA",""
"6124","2026-05-22","","9418 N Elm Dr","San Jose","CA","92378","US",""
"6125","2026-02-11","","8894 S State St","Houston","TX","78375","US",""
"6126","2024-04-11","","","","","","",""
"6127","2023-02-13","","9720 W Oak Ave","Ogden","UT","84219","US",""
"6128","2023-11-23","","2231 E Center St","Fresno","CA","93222","US",""
"6129","2023-10-23","","5735 N Elm Dr","Newark","DE","19725","US",""
"6130","2025-12-15","","4657 N Elm Dr","Irvine","CA","90187","US",""
"6131","2025-04-02","","3537 Av Reforma","Guadalajara","JAL","12497","MX",""
"6132","2022-09-25","","5400 E Center St","San Jose","CA","94567","US","2025-03-22"
"6133","2024-02-24","","8560 E Center St","Bellevue","WA","99296","US",""
"6134","2021-08-14","","4751 S State St","Sacramento","CA","93070","US",""
"6135","2020-03-08","","2495 E Center St","Flagstaff","Arizona","85635","US",""
"6136","2026-02-28","","9555 W Oak Ave","Lehi","UT","84390","US",""
"6137","2022-09-03","","4582 N Elm Dr","Flagstaff","AZ","85993","USA",""
"6138","2023-05-06","","3526 W Oak Ave","El Paso","Texas","78887","US",""
"6139","2023-01-27","","3170 N Elm Dr","Las Vegas","NV.","89208","US",""
"6140","2024-06-21","","8377 S Main St","Salt Lake City","UT","84449","US","2026-01-18"
"6141","2023-11-11","","7536 N Elm Dr","Lehi","UT","84060","US",""
"6142","2026-04-27","","9544 N Elm Dr","St. George","UT","84398","US",""
"6143","2025-12-12","","7393 S Main St","San Jose","CA","90226","US",""
"6144","2022-11-05","","1903 E Center St","Salt Lake City","UT","84002","USA",""
"6145","2022-03-31","","3540 S State St","Oakland","California","92777","US",""
"6146","2024-06-28","","6073 N Elm Dr","Pueblo","CO","81026","US",""
"6147","2026-04-02","","4188 W Oak Ave","Seattle","Washington","98158","USA",""
"6148","2024-03-06","","9516 S Main St","Dallas","tx ","77742","US","2026-02-08"
"6149","2023-01-30","","1419 S State St","San Jose","CA","92828","US",""
"6150","2024-06-16","","3207 W Oak Ave","Provo","Utah","84379","US",""
"6151","2021-11-08","","5245 N Elm Dr","Salt Lake City","UT","84211","US",""
"6152","2021-04-06","","5682 S State St","Irvine","ca ","90203","US",""
"6153","2026-02-22","","3712 S State St","Fresno","CA","95904","US",""
"6154","2022-05-21","","916 E Center St","Austin","TX","76708","US",""
"6155","2021-08-25","","2676 E Center St","Mesa","AZ","86540","US",""
"6156","2020-08-06","","4951 N Elm Dr","Tucson","AZ.","86160","USA",""
"6157","2023-12-06","","5827 W Oak Ave","Irvine","CA","92100","US",""
"6158","2025-03-21","","3506 E Center St","Carson City","NV","89805","US",""
"6159","2021-06-28","","7635 E Center St","Fort Collins","CO.","81597","US",""
"6160","2019-08-01","","1256 E Center St","Ogden","UT","84554","US",""
"6161","2023-11-23","","3084 N Elm Dr","San Jose","CA","95718","US","2023-11-27"
"6162","2026-02-22","","9311 S Main St","Sacramento","CA","92980","US",""
"6163","2023-04-21","","7452 N Elm Dr","Sparks","NV","89099","US",""
"6164","2024-06-25","2025-12-18","6529 W Oak Ave","Dallas","TX","75311","USA",""
"6165","2019-03-08","","4689 S Main St","Houston","TX","76939","USA",""
"6166","2026-04-13","","2454 S State St","Ogden","UT","84740","USA",""
"6167","2021-05-22","","6985 E Center St","Seattle","WA","99367","US",""
"6168","2026-03-03","","4138 E Center St","Dallas","TX","75358","US",""
"6169","2021-12-23","","5873 S State St","Flagstaff","az ","85592","US",""
"6170","2023-06-02","","5477 S Main St","San Jose","CA","94901","US",""
"6171","2021-04-05","","1466 E Center St","Irvine","CA","95786","US",""
"6172","2025-10-15","","6881 N Elm Dr","Salt Lake City","UT","84737","US",""
"6173","2021-06-18","","4272 S Main St","Austin","TX","79551","US",""
"6174","2023-07-25","","2829 S Main St","Dover","DE","19760","US",""
"6175","2022-12-22","","6318 S Main St","Milford","DE","19749","US",""
"6176","2023-03-04","","1439 E Center St","Sacramento","CA","90985","US",""
"6177","2025-12-20","","8653 N Elm Dr","Oakland","ca ","91746","US",""
"6178","2023-01-13","","7029 W Oak Ave","Tucson","AZ","85082","USA",""
"6179","2026-01-07","","6627 E Center St","Sparks","NV","89821","US",""
"6180","2026-05-27","","288 N Elm Dr","Houston","TX","79416","US",""
"6181","2026-05-05","","4874 S State St","Fort Collins","CO","80355","US",""
"6182","2020-08-09","","517 E Center St","Sparks","NV","89512","US",""
"6183","2025-04-20","","6516 S Main St","Boulder","CO","80125","US",""
"6184","2025-03-13","","2087 W Oak Ave","Tempe","AZ","86222","USA",""
"6185","2024-05-28","","2362 S Main St","Spokane","wa ","99036","USA",""
"6186","2020-05-11","","7041 S Main St","Phoenix","AZ","85306","US",""
"6187","2023-03-11","","2973 N Elm Dr","Sacramento","CA","96084","US",""
"6188","2025-11-18","2026-06-02","1786 Rue Principale","Monterrey","NLE","17505","MX",""
"6189","2024-05-29","","4664 S Main St","Phoenix","AZ","85663","US",""
"6190","2021-12-14","","433 E Center St","St. George","UT","84546","US","2024-09-27"
"6191","2021-03-11","","5203 W Oak Ave","Salt Lake City","UT","84581","US","2023-12-06"
"6192","2023-03-10","","1671 N Elm Dr","Tempe","AZ","85353","US",""
"6193","2025-10-03","","5859 S State St","Oakland","CA.","90620","US",""
"6194","2024-07-14","","6286 S Main St","El Paso","TX","78032","US",""
"6195","2024-08-01","","2141 S State St","Phoenix","AZ","86018","US",""
"6196","2023-07-08","","1299 S Main St","El Paso","TX","77573","US",""
"6197","2021-08-16","","3475 S State St","Seattle","WA","98217","USA",""
"6198","2023-07-09","","1705 S Main St","Dallas","TX","77076","US",""
"6199","2022-07-19","2023-04-23","1209 S State St","Ogden","UT","84220","USA",""
"6200","2024-07-15","","3319 S Main St","Lehi","UT","84512","US",""
"6201","2026-03-21","","883 S Main St","Denver","CO","80531","US",""
"6202","2025-07-09","","5538 S State St","Olympia","wa ","98640","US",""
"6203","2022-01-07","","7411 S State St","Fort Collins","CO","81637","US",""
"6204","2021-12-14","","2003 E Center St","Fresno","CA","93703","US",""
"6205","2020-02-27","","7835 S Main St","Tempe","AZ","86144","US","2024-08-30"
"6206","2024-06-01","","3105 E Center St","Austin","Texas","76819","US",""
"6207","2026-05-05","","5459 W Oak Ave","Tucson","AZ","85995","USA",""
"6208","2025-10-18","","8056 W Oak Ave","Lehi","UT","84025","US",""
"6209","2023-12-11","","6935 W Oak Ave","Spokane","Washington","98576","US",""
"6210","2024-04-11","","6065 S State St","Las Vegas","NV","89808","US",""
"6211","2021-03-08","","6103 S Main St","San Jose","CA","93588","US",""
"6212","2025-02-02","","5839 S Main St","Oakland","CA","92965","US",""
"6213","2021-02-15","","4370 N Elm Dr","Tucson","AZ","86497","US",""
"6214","2025-08-24","","3812 S Main St","Las Vegas","Nevada","89315","US",""
"6215","2023-12-15","","8753 S State St","San Jose","CA","94800","US",""
"6216","2022-06-29","","3813 Rue Principale","Ciudad de Mexico","CMX","43179","MX",""
"6217","2019-07-15","","1388 W Oak Ave","Syracuse","NY","11618","USA","2026-01-05"
"6218","2026-06-22","","2180 N Elm Dr","Plano","TX","79607","US",""
"6219","2020-11-05","","2848 S State St","Irvine","CA","95408","US",""
"6220","2024-10-12","","4755 W Oak Ave","Lehi","UT","84452","USA",""
"6221","2022-09-29","","3290 E Center St","Austin","TX","76059","USA",""
"6222","2026-01-27","","2456 N Elm Dr","St. George","UT","84385","US",""
"6223","2025-02-26","","4336 S State St","Houston","TX","77267","US",""
"6224","2025-05-15","2025-10-01","9618 S State St","Plano","TX","76664","US",""
"6225","2024-12-04","","4325 N Elm Dr","Fresno","CA","94500","US",""
"6226","2024-03-10","","7534 E Center St","Ogden","ut ","84356","US",""
"6227","2023-09-11","2024-02-20","8391 S Main St","Irvine","CA","92761","USA",""
"6228","2024-01-05","","4161 E Center St","St. George","UT","84584","US","2024-12-04"
"6229","2024-11-10","","985 N Elm Dr","Aurora","CO","81487","US",""
"6230","2020-11-18","","8509 S State St","Phoenix","AZ","85155","US",""
"6231","2024-06-27","","9756 S Main St","Lehi","UT","84171","US",""
"6232","2026-06-04","","5169 W Oak Ave","San Jose","CA","90661","USA",""
"6233","2024-03-26","","1971 E Center St","San Jose","CA","93936","US",""
"6234","2026-03-14","","2885 S State St","Oakland","ca ","94799","USA",""
"6235","2020-12-18","","2778 W Oak Ave","Olympia","WA","98456","US",""
"6236","2024-02-18","","6253 E Center St","Brooklyn","NY","11767","US",""
"6237","2025-03-04","","7359 E Center St","Fresno","CA","93481","US",""
"6238","2026-04-04","","4043 W Oak Ave","St. George","UT","84157","US",""
"6239","2022-07-28","","6790 S State St","Sparks","NV","89370","US",""
"6240","2021-05-31","","101 Rue Principale","Calgary","AB","H2J 2J2","Canada",""
"6241","2019-05-15","","9105 N Elm Dr","Spokane","WA","99248","US",""
"6242","2026-05-25","","894 S Main St","Lehi","UT","84625","US",""
"6243","2019-12-01","","838 S State St","Mesa","AZ","86251","USA",""
"6244","2026-06-25","","6131 E Center St","Plano","TX","78595","US",""
"6245","2021-10-20","","7029 N Elm Dr","Sacramento","CA","94331","US",""
"6246","2021-08-30","","2306 S Main St","Irvine","CA","94287","USA",""
"6247","2024-12-10","","","","","","",""
"6248","2025-09-04","","7915 S Main St","Austin","TX","75520","US",""
"6249","2024-02-21","","286 S Main St","St. George","UT","84497","US","2024-05-16"
"6250","2024-05-19","","810 W Oak Ave","Plano","tx ","79074","US",""
"6251","2026-02-17","","3044 S State St","Seattle","WA","98665","US",""
"6252","2022-01-08","","819 N Elm Dr","Oakland","CA","90931","USA",""
"6253","2024-12-17","","8529 W Oak Ave","Lehi","UT","84682","US",""
"6254","2025-05-26","","6023 S State St","Plano","Texas","77045","US",""
"6255","2022-10-21","","1511 W Oak Ave","San Jose","ca ","91516","USA",""
"6256","2025-11-17","","7600 S Main St","Tucson","AZ","85230","US",""
"6257","2024-06-05","","2867 S Main St","Henderson","nv ","89418","US",""
"6258","2025-11-13","","7621 E Center St","Salt Lake City","UT","84214","USA",""
"6259","2023-11-30","","2141 S Main St","Provo","UT","84288","US",""
"6260","2024-01-28","","4156 S State St","Pueblo","CO","81025","US",""
"6261","2021-01-28","","960 W Oak Ave","Las Vegas","Nevada","89002","US",""
"6262","2024-11-18","","1538 S State St","Sacramento","CA","94297","US",""
"6263","2023-08-31","","6790 S State St","Reno","NV","89675","US",""
"6264","2022-05-06","","8322 S Main St","Irvine","CA","90252","US",""
"6265","2025-11-26","","2871 E Center St","Irvine","CA","93477","US",""
"6266","2021-12-08","","7491 S Main St","St. George","UT","84747","US",""
"6267","2024-06-30","","7265 N Elm Dr","Wilmington","DE","19866","USA",""
"6268","2020-04-02","","9101 N Elm Dr","Lehi","UT","84276","USA",""
"6269","2026-05-29","","3832 E Center St","St. George","UT","84703","USA",""
"6270","2025-06-15","","4599 S State St","Fresno","CA","92610","US",""
"6271","2021-03-31","","43 N Elm Dr","Denver","CO","80769","USA",""
"6272","2022-03-15","","4130 N Elm Dr","Salt Lake City","UT","84691","USA",""
"6273","2021-06-13","","6064 W Oak Ave","Dallas","tx ","79264","US",""
"6274","2020-06-25","","627 E Center St","Phoenix","AZ","85024","US","2023-01-19"
"6275","2020-11-21","","1570 N Elm Dr","St. George","ut ","84732","US",""
"6276","2026-03-30","","5097 W Oak Ave","Boulder","CO","80144","US",""
"6277","2024-11-18","","2787 N Elm Dr","Lehi","Utah","84589","USA",""
"6278","2024-12-09","","7354 S State St","El Paso","TX","76386","USA",""
"6279","2023-05-11","","","","","","",""
"6280","2024-01-19","","7653 S Main St","Fresno","CA","91327","US",""
"6281","2024-12-15","","1208 King St","Calgary","AB","V5G 1C9","Canada",""
"6282","2024-09-03","","3708 S Main St","Smyrna","DE","19935","USA",""
"6283","2025-10-02","","9192 S State St","Pueblo","CO","80064","US",""
"6284","2025-02-23","","8781 W Oak Ave","Smyrna","DE","19789","US",""
"6285","2021-09-26","","9620 S State St","Las Vegas","NV","89708","US",""
"6286","2023-09-01","","4090 N Elm Dr","Fresno","CA","94385","US",""
"6287","2026-05-30","","7330 S Main St","St. George","UT","84344","US",""
"6288","2025-11-05","","4900 N Elm Dr","Sacramento","CA","94239","US",""
"6289","2023-03-30","","593 S State St","Carson City","NV","89305","US",""
"6290","2025-05-30","","2256 S Main St","St. George","UT","84294","US",""
"6291","2024-09-11","","4754 E Center St","Provo","Utah","84131","US",""
"6292","2026-03-12","","1581 E Center St","Lehi","UT","84778","US",""
"6293","2020-05-25","","6026 S Main St","Provo","ut ","84473","US",""
"6294","2020-10-28","","8444 N Elm Dr","Seattle","wa ","99131","USA",""
"6295","2023-10-04","","7984 S State St","Olympia","Washington","98250","US",""
"6296","2022-12-15","","1383 N Elm Dr","Fresno","CA","91154","US",""
"6297","2022-01-09","","5424 W Oak Ave","Oakland","California","91796","US",""
"6298","2023-12-30","","212 N Elm Dr","Provo","UT","84100","US",""
"6299","2026-03-18","","3540 W Oak Ave","Irvine","CA","94680","US",""
"6300","2023-07-29","2023-12-28","5475 N Elm Dr","Sacramento","CA","95967","USA",""
"6301","2021-08-15","","2849 S State St","Boulder","CO","80622","US",""
"6302","2022-01-26","","9686 N Elm Dr","Oakland","ca ","92065","US",""
"6303","2021-10-25","","9677 E Center St","Olympia","wa ","99206","US",""
"6304","2022-11-05","","911 S State St","Tacoma","WA","99150","US",""
"6305","2022-07-09","","4513 N Elm Dr","Flagstaff","AZ","86279","US",""
"6306","2021-07-18","","3634 E Center St","Spokane","wa ","98947","US",""
"6307","2020-04-15","","7956 E Center St","Carson City","NV","89702","US",""
"6308","2024-07-14","","7383 W Oak Ave","Irvine","CA","91483","USA",""
"6309","2024-05-19","","474 W Oak Ave","Phoenix","AZ","86539","US",""
"6310","2025-04-10","","2852 E Center St","Spokane","WA","98841","US",""
"6311","2024-06-14","","7727 W Oak Ave","Albany","NY","14585","US",""
"6312","2021-04-11","","5146 E Center St","Tucson","AZ","85607","USA",""
"6313","2024-05-27","","2786 W Oak Ave","Newark","DE","19865","USA",""
"6314","2024-01-14","","407 E Center St","Spokane","WA","98516","US",""
"6315","2024-12-26","","8828 N Elm Dr","Irvine","CA","91851","US",""
"6316","2019-12-31","","1924 N Elm Dr","San Jose","CA","92379","US",""
"6317","2020-06-21","","9750 W Oak Ave","Newark","DE","19763","US",""
"6318","2022-06-28","","9322 E Center St","Bellevue","WA","98983","USA",""
"6319","2024-03-08","","5893 N Elm Dr","St. George","UT","84165","USA",""
"6320","2026-05-18","","1809 E Center St","Austin","TX.","76973","US",""
"6321","2020-04-21","","3875 W Oak Ave","St. George","UT.","84206","US",""
"6322","2021-08-20","","","","","","",""
"6323","2022-12-29","","9210 E Center St","Milford","DE","19761","USA",""
"6324","2020-05-13","","9675 S State St","Pueblo","CO","80553","USA",""
"6325","2025-09-03","","4735 S Main St","Albany","NY","14191","US",""
"6326","2026-04-07","","5050 E Center St","Milford","Delaware","19805","US",""
"6327","2024-04-12","","401 W Oak Ave","Las Vegas","NV.","89092","US",""
"6328","2022-12-16","2023-06-20","4070 S State St","Ogden","UT","84484","US",""
"6329","2023-03-04","","3767 E Center St","Houston","TX","79435","USA",""
"6330","2025-07-30","","7534 W Oak Ave","Salt Lake City","UT","84496","US",""
"6331","2025-03-14","","770 Rue Principale","Vancouver","BC","M2B 6E4","Canada",""
"6332","2025-08-24","","6424 S State St","Milford","DE.","19767","US",""
"6333","2025-10-24","","8856 N Elm Dr","St. George","Utah","84442","US",""
"6334","2022-12-07","","7368 N Elm Dr","Provo","UT","84277","US",""
"6335","2019-09-11","","3239 S State St","Rochester","NY","12273","US",""
"6336","2024-09-19","","2462 S Main St","Houston","TX","75377","US","2024-11-27"
"6337","2025-09-04","","726 N Elm Dr","Houston","TX","78446","US",""
"6338","2026-06-13","","6741 E Center St","Tucson","AZ","85966","US",""
"6339","2023-05-18","","9151 E Center St","St. George","UT","84055","US","2023-10-13"
"6340","2022-03-27","","4036 S Main St","Dallas","TX","77964","USA",""
"6341","2026-03-07","","3459 N Elm Dr","Fresno","CA","95469","US",""
"6342","2026-04-27","","9322 E Center St","Albany","NY","14580","USA",""
"6343","2026-02-03","","2926 S State St","Salt Lake City","ut ","84250","US",""
"6344","2022-03-07","","1737 E Center St","Austin","TX","75599","US",""
"6345","2024-11-14","","843 S State St","Bellevue","WA","98273","US",""
"6346","2024-06-13","","2896 S Main St","Dallas","TX.","75376","US",""
"6347","2022-10-21","","9237 E Center St","Buffalo","New York","12604","US",""
"6348","2026-06-05","","155 S State St","Seattle","Washington","98328","USA",""
"6349","2026-02-12","","6605 S State St","Pueblo","co ","80983","USA",""
"6350","2020-09-07","","3715 E Center St","Aurora","CO","81198","US",""
"6351","2024-06-20","","7394 N Elm Dr","Ogden","UT","84652","US",""
"6352","2026-03-21","","4359 E Center St","Seattle","wa ","99059","USA",""
"6353","2025-08-13","","9499 S State St","Fresno","CA","92852","USA",""
"6354","2023-05-13","","326 N Elm Dr","Provo","Utah","84668","USA",""
"6355","2024-11-29","","6157 S Main St","Aurora","Colorado","80247","USA",""
"6356","2020-08-10","","948 E Center St","Fort Collins","co ","80581","US","2023-11-18"
"6357","2020-02-10","","6266 N Elm Dr","Newark","DE","19746","US",""
"6358","2020-12-22","","4015 N Elm Dr","Dallas","TX","78261","US",""
"6359","2022-12-26","","2812 S Main St","Lehi","ut ","84555","US",""
"6360","2024-05-18","","2817 N Elm Dr","Las Vegas","NV","89731","US",""
"6361","2023-10-07","","9589 S State St","St. George","UT.","84637","US",""
"6362","2025-09-27","","7142 S State St","Seattle","Washington","98525","US",""
"6363","2021-12-29","","6301 S Main St","El Paso","TX","78123","USA",""
"6364","2020-02-28","","4289 S State St","Brooklyn","NY","10622","US",""
"6365","2026-03-21","","3039 N Elm Dr","Reno","nv ","89221","US",""
"6366","2022-08-11","","4242 W Oak Ave","Fresno","CA","91631","US",""
"6367","2025-11-21","","1572 S State St","Spokane","Washington","98380","US",""
"6368","2023-03-05","","6902 N Elm Dr","Fresno","California","95502","USA",""
"6369","2024-05-16","","3668 S State St","Mesa","AZ","85400","US",""
"6370","2025-02-10","","","","","","",""
"6371","2020-05-18","","618 W Oak Ave","Dallas","TX","76882","US",""
"6372","2025-12-09","","5338 E Center St","Tucson","AZ","85585","US",""
"6373","2021-03-16","","7582 N Elm Dr","Mesa","AZ","85602","US","2023-08-28"
"6374","2025-04-14","","7984 W Oak Ave","Denver","co ","80392","US",""
"6375","2025-08-11","","9457 E Center St","Austin","tx ","76564","USA",""
"6376","2023-04-19","","1697 W Oak Ave","Ogden","UT","84461","USA",""
"6377","2023-07-27","","8500 N Elm Dr","Tempe","AZ","85834","US","2025-09-24"
"6378","2019-02-20","","5647 W Oak Ave","Salt Lake City","ut ","84007","US",""
"6379","2020-04-17","","8749 W Oak Ave","Albany","NY","11372","US",""
"6380","2023-09-04","","4425 W Oak Ave","Ogden","UT","84367","USA",""
"6381","2023-10-18","","4331 W Oak Ave","Plano","TX.","75551","USA",""
"6382","2025-10-03","","2840 W Oak Ave","Sacramento","CA.","94874","US",""
"6383","2024-08-01","","","","","","",""
"6384","2026-03-08","","5511 W Oak Ave","Ogden","UT","84768","US",""
"6385","2022-06-05","","8365 E Center St","Lehi","Utah","84236","US",""
"6386","2024-10-30","","7705 E Center St","Spokane","WA","98425","US",""
"6387","2022-08-04","","7208 S State St","Las Vegas","Nevada","89009","US",""
"6388","2026-05-22","","8912 E Center St","Olympia","WA","98642","US",""
"6389","2024-08-25","","5483 N Elm Dr","Provo","UT","84657","US",""
"6390","2020-09-10","","4584 S Main St","St. George","ut ","84614","US",""
"6391","2020-10-05","","8660 W Oak Ave","Buffalo","NY","11390","US",""
"6392","2023-03-31","","4211 N Elm Dr","St. George","Utah","84616","US",""
"6393","2025-01-12","","2740 S State St","Brooklyn","NY","11535","US",""
"6394","2023-08-14","","316 E Center St","Ogden","Utah","84342","US","2023-12-27"
"6395","2022-02-17","","6038 W Oak Ave","Brooklyn","NY","13606","US",""
"6396","2024-07-18","","7051 W Oak Ave","Mesa","AZ","86350","US",""
"6397","2024-08-23","","898 S Main St","Boulder","CO","80438","US",""
"6398","2025-03-26","","3794 E Center St","Provo","UT","84060","US",""
"6399","2024-10-04","","1511 E Center St","Aurora","CO","81312","US",""
"6400","2021-11-19","","4246 N Elm Dr","Provo","UT","84633","US",""
"6401","2026-02-23","","5445 N Elm Dr","Milford","de ","19854","US",""
"6402","2023-09-14","","948 W Oak Ave","Lehi","UT","84193","USA",""
"6403","2022-08-12","","5748 S State St","Houston","TX","76564","USA",""
"6404","2024-07-14","","5390 E Center St","Pueblo","CO","81261","US",""
"6405","2021-02-26","","2326 Av Reforma","Guadalajara","JAL","59024","MX",""
"6406","2023-10-02","","8467 W Oak Ave","Lehi","UT.","84120","US",""
"6407","2022-01-07","","3138 E Center St","Phoenix","AZ","86496","USA",""
"6408","2024-05-13","","7195 E Center St","Phoenix","AZ","85466","USA",""
"6409","2026-01-21","","974 King St","Ciudad de Mexico","CMX","24504","MX",""
"6410","2019-08-07","","9567 W Oak Ave","Aurora","CO","81173","US",""
"6411","2022-04-18","","2135 S Main St","Lehi","UT","84036","US",""
"6412","2025-11-02","","8595 S Main St","Oakland","ca ","90245","USA",""
"6413","2024-04-14","","8706 N Elm Dr","Boulder","CO","81180","US","2025-05-30"
"6414","2025-05-15","","1067 W Oak Ave","Oakland","CA","94510","USA",""
"6415","2022-12-05","","9655 S Main St","Reno","NV","89113","US",""
"6416","2019-05-21","","9443 W Oak Ave","Houston","Texas","77204","USA",""
"6417","2026-01-18","","5997 S Main St","Denver","CO","81123","US",""
"6418","2026-02-07","","4483 N Elm Dr","Provo","UT","84231","US",""
"6419","2023-05-13","","815 King St","Calgary","AB","H1E 2B3","CA",""
"6420","2021-09-26","","2805 S State St","Fort Collins","Colorado","80318","US",""
"6421","2021-01-24","","1201 N Elm Dr","St. George","UT.","84210","US",""
"6422","2025-10-27","","","","","","",""
"6423","2023-06-02","","3328 W Oak Ave","Tucson","az ","86492","USA",""
"6424","2021-04-14","","3398 N Elm Dr","Tempe","AZ","86482","US",""
"6425","2025-03-15","","2489 N Elm Dr","Fort Collins","CO","80264","USA",""
"6426","2024-08-05","","8979 S Main St","St. George","UT","84391","US",""
"6427","2025-06-20","","4274 S Main St","San Jose","CA","91553","US",""
"6428","2024-09-09","","8568 N Elm Dr","Lehi","UT","84155","USA",""
"6429","2024-06-19","","","","","","",""
"6430","2023-08-06","","7848 S Main St","Flagstaff","AZ","85026","US",""
"6431","2025-06-15","","2988 N Elm Dr","Austin","TX","79191","US","2025-08-10"
"6432","2025-12-23","","5374 S Main St","Oakland","CA","95173","US",""
"6433","2020-09-27","","3725 N Elm Dr","Pueblo","co ","80945","US",""
"6434","2019-10-05","","","","","","",""
"6435","2022-07-01","","6809 N Elm Dr","Salt Lake City","UT","84110","USA",""
"6436","2022-02-17","","983 N Elm Dr","Pueblo","CO","80720","US",""
"6437","2025-02-18","","8497 E Center St","Lehi","UT","84163","US",""
"6438","2021-01-24","","266 E Center St","St. George","ut ","84140","US",""
"6439","2024-08-30","","5212 W Oak Ave","Bellevue","WA","98368","USA",""
"6440","2019-12-06","","4980 S State St","Aurora","CO","80203","US",""
"6441","2021-12-10","","6657 N Elm Dr","St. George","UT","84137","USA",""
"6442","2025-10-02","","","","","","",""
"6443","2025-03-28","","1763 S Main St","Buffalo","NY","14380","US",""
"6444","2024-07-16","","1695 S Main St","Albany","NY","11439","US",""
"6445","2026-03-12","","4071 S Main St","Sacramento","CA","95345","US",""
"6446","2023-02-04","","7856 S State St","Mesa","AZ","85670","US",""
"6447","2020-11-12","","2896 S Main St","El Paso","tx ","76744","USA",""
"6448","2026-06-20","","5785 E Center St","Provo","UT","84770","US",""
"6449","2025-07-20","","269 W Oak Ave","Salt Lake City","UT","84137","US",""
"6450","2023-03-30","","9003 W Oak Ave","Provo","UT","84458","USA","2024-08-08"
"6451","2022-08-18","","7242 S Main St","Seattle","WA","98978","US",""
"6452","2024-08-05","","6486 S State St","Plano","TX","79442","US",""
"6453","2020-01-23","","2226 W Oak Ave","Salt Lake City","UT","84162","US",""
"6454","2026-01-08","","2361 W Oak Ave","Fresno","CA","94363","US",""
"6455","2024-11-20","","3955 S State St","Oakland","CA","91681","US",""
"6456","2021-09-26","","921 S State St","Carson City","NV","89193","US",""
"6457","2023-12-22","","949 N Elm Dr","Fresno","California","95945","US",""
"6458","2022-11-11","","9455 S State St","Denver","CO","81196","US",""
"6459","2025-06-15","","9522 S Main St","Dallas","TX","78387","US",""
"6460","2020-08-24","","4656 S State St","Irvine","CA","90451","US",""
"6461","2019-11-15","","4999 W Oak Ave","Flagstaff","AZ","86520","US",""
"6462","2026-05-06","","1973 S Main St","Plano","TX","77138","USA",""
"6463","2023-07-18","","8767 W Oak Ave","Tacoma","WA","99150","USA",""
"6464","2019-04-26","","4467 W Oak Ave","Flagstaff","AZ","85336","US",""
"6465","2023-03-29","","8286 E Center St","Ogden","UT","84563","US",""
"6466","2022-11-25","","186 S Main St","Reno","NV","89099","US",""
"6467","2020-03-10","","1064 W Oak Ave","Austin","tx ","79183","US",""
"6468","2020-11-14","","7448 W Oak Ave","Buffalo","NY","11373","USA",""
"6469","2024-04-28","","3941 E Center St","Ogden","UT","84505","US",""
"6470","2022-11-23","","6723 N Elm Dr","Denver","CO","81325","US",""
"6471","2022-06-08","","403 S State St","Wilmington","DE","19749","US",""
"6472","2025-03-03","","4615 S State St","Houston","tx ","78866","US",""
"6473","2024-08-10","","7053 S Main St","Ogden","UT","84755","US",""
"6474","2024-03-20","","5827 S State St","Provo","UT","84488","US",""
"6475","2025-12-26","","696 S Main St","Fresno","CA","94510","US",""
"6476","2025-10-13","","8530 N Elm Dr","Boulder","CO","81007","US",""
"6477","2025-10-05","","1670 Calle Norte","Vancouver","BC","M8C 5A1","CA",""
"6478","2024-06-06","","9130 E Center St","San Jose","CA.","90429","US",""
"6479","2020-02-25","","5643 S State St","Ogden","ut ","84517","US",""
"6480","2026-05-09","","6325 W Oak Ave","Tempe","az ","85225","US",""
"6481","2024-01-27","","3612 S State St","Mesa","AZ","86212","US",""
"6482","2020-05-02","","3067 S State St","Aurora","CO","80151","US",""
"6483","2024-12-07","","4610 S State St","Tempe","AZ","85618","US",""
"6484","2026-03-18","","554 N Elm Dr","Sacramento","CA","93620","US",""
"6485","2025-08-24","","9718 N Elm Dr","Buffalo","NY","10448","US",""
"6486","2022-09-16","","2934 E Center St","Aurora","CO","81148","US",""
"6487","2026-01-18","","8872 S Main St","Salt Lake City","UT","84417","USA",""
"6488","2022-05-07","","422 N Elm Dr","Phoenix","AZ","85872","US",""
"6489","2023-02-25","","6848 N Elm Dr","Pueblo","CO","80517","US",""
"6490","2021-02-10","","2708 N Elm Dr","Oakland","CA","93007","US",""
"6491","2025-02-14","","8007 S State St","Lehi","UT","84327","US",""
"6492","2021-07-12","","7573 E Center St","Syracuse","ny ","13713","US",""
"6493","2022-02-24","","9705 S State St","Seattle","wa ","99313","US",""
"6494","2025-04-14","","4028 S Main St","Sacramento","ca ","94925","US",""
"6495","2020-11-28","","4899 S State St","Flagstaff","Arizona","86402","US",""
"6496","2025-12-03","","8475 S State St","Olympia","WA","98323","US",""
"6497","2021-01-11","","4341 King St","Calgary","AB","M5C 6A4","CA",""
"6498","2020-02-12","","5661 S State St","Aurora","CO","81328","USA",""
"6499","2025-03-22","","7678 E Center St","Fresno","CA","90647","US",""
"6500","2022-02-16","","1096 Calle Norte","Guadalajara","JAL","98544","MX",""
"6501","2021-04-12","","2437 S State St","Phoenix","AZ","85046","US",""
"6502","2020-09-16","","8440 W Oak Ave","Tacoma","WA.","98601","US",""
"6503","2025-04-22","","6520 N Elm Dr","Pueblo","CO","80157","USA",""
"6504","2025-05-23","","848 W Oak Ave","Olympia","WA","99298","US",""
"6505","2024-02-12","","7521 S Main St","Plano","TX","77170","US",""
"6506","2024-11-14","","3238 S Main St","Boulder","CO","81043","USA",""
"6507","2025-05-16","","6382 E Center St","Mesa","AZ","85601","USA",""
"6508","2023-04-23","","7459 E Center St","Ogden","UT","84506","US",""
"6509","2025-06-21","","9296 N Elm Dr","Lehi","ut ","84177","US",""
"6510","2024-03-04","","5172 E Center St","Sacramento","CA","95470","US",""
"6511","2021-07-01","","5963 S Main St","Pueblo","Colorado","80654","US",""
"6512","2022-09-17","","499 E Center St","Tacoma","Washington","98679","US",""
"6513","2024-05-15","","8677 N Elm Dr","Fort Collins","CO","81159","US",""
"6514","2022-10-08","","6534 N Elm Dr","St. George","Utah","84708","US",""
"6515","2019-08-10","","1676 N Elm Dr","Houston","TX","76613","US",""
"6516","2022-06-04","","7163 N Elm Dr","Salt Lake City","ut ","84334","US",""
"6517","2022-10-07","","1202 E Center St","Henderson","NV","89855","US",""
"6518","2026-04-11","","1110 E Center St","Newark","DE","19755","USA",""
"6519","2022-03-14","","7642 W Oak Ave","Fort Collins","CO.","80357","US",""
"6520","2022-07-21","","2886 W Oak Ave","Ogden","UT","84669","USA",""
"6521","2022-08-25","","7056 N Elm Dr","St. George","UT","84452","USA",""
"6522","2024-04-23","","3194 N Elm Dr","Buffalo","NY.","12225","US",""
"6523","2025-09-03","","9183 E Center St","Fresno","CA","95187","US",""
"6524","2026-02-18","","8367 E Center St","Houston","TX","77435","US",""
"6525","2022-04-03","","8175 S State St","Tacoma","WA","98295","US",""
"6526","2025-12-12","","1281 King St","Calgary","AB","H2A 8C9","Canada",""
"6527","2022-01-01","","630 W Oak Ave","Irvine","CA","93097","US",""
"6528","2023-02-13","","5081 W Oak Ave","Phoenix","AZ","85210","US",""
"6529","2024-04-11","2024-06-23","9377 S Main St","St. George","UT","84176","USA",""
"6530","2020-11-25","","9102 S Main St","Syracuse","NY","12085","USA",""
"6531","2020-12-01","","5072 S State St","Austin","TX","75435","US",""
"6532","2022-12-12","","6461 N Elm Dr","Smyrna","DE","19909","US",""
"6533","2021-01-30","","5639 W Oak Ave","Lehi","UT","84091","US",""
"6534","2023-08-01","","4566 N Elm Dr","Austin","Texas","79266","US",""
"6535","2020-10-03","","3806 N Elm Dr","Dallas","Texas","76750","US",""
"6536","2023-05-14","","6939 N Elm Dr","Denver","CO","81534","US","2024-09-28"
"6537","2023-03-24","","4937 E Center St","St. George","UT","84634","US",""
"6538","2025-04-13","","4239 N Elm Dr","Fresno","CA","95872","US",""
"6539","2026-02-17","","8609 S State St","Sacramento","CA","92962","USA",""
"6540","2023-06-04","","","","","","",""
"6541","2024-07-30","","4207 S Main St","St. George","UT","84457","US",""
"6542","2024-06-26","","7650 S Main St","Ogden","UT","84085","US",""
"6543","2024-05-11","","3716 N Elm Dr","Fresno","CA","96057","US",""
"6544","2023-05-26","","1019 N Elm Dr","St. George","Utah","84382","US",""
"6545","2025-07-12","","1597 S Main St","Provo","UT","84601","USA",""
"6546","2023-12-11","","8340 E Center St","Provo","UT","84079","US",""
"6547","2022-03-18","","","","","","",""
"6548","2023-08-02","","6614 E Center St","Lehi","UT","84482","US",""
"6549","2025-06-19","","393 E Center St","Lehi","ut ","84608","US",""
"6550","2022-08-27","","7003 S State St","El Paso","TX","75342","US",""
"6551","2025-03-13","","3108 S State St","Olympia","WA","98069","US","2025-11-23"
"6552","2020-02-27","","7763 N Elm Dr","Henderson","nv ","89142","US",""
"6553","2025-05-26","","9174 N Elm Dr","Ogden","UT","84772","US",""
"6554","2024-10-13","","335 S State St","Salt Lake City","UT","84136","US",""
"6555","2025-07-22","","9617 S State St","Las Vegas","Nevada","89835","US",""
"6556","2025-03-16","","8696 W Oak Ave","Boulder","CO","81355","US",""
"6557","2022-09-22","","5881 E Center St","Fresno","CA","93396","US",""
"6558","2023-12-08","","5614 W Oak Ave","Sacramento","ca ","90217","USA",""
"6559","2023-10-23","","545 S State St","Oakland","ca ","91511","US","2025-02-19"
"6560","2024-01-29","","9520 N Elm Dr","Sacramento","CA","90616","US",""
"6561","2023-01-24","","6970 S State St","Irvine","California","94665","US","2023-06-30"
"6562","2022-04-29","","5995 N Elm Dr","Irvine","ca ","95057","USA",""
"6563","2021-09-08","","3524 E Center St","Sacramento","CA","93066","US",""
"6564","2024-07-23","","3882 S Main St","Tempe","AZ","86032","US",""
"6565","2022-01-02","","2837 King St","Vancouver","BC","T9C 1H7","CA","2026-02-12"
"6566","2023-02-17","","8526 W Oak Ave","Fresno","CA","93587","US",""
"6567","2025-09-08","","1895 S State St","Sacramento","ca ","94824","US",""
"6568","2024-10-25","","9054 E Center St","Boulder","CO","80319","US",""
"6569","2023-06-12","2025-05-26","9603 E Center St","Tacoma","wa ","98060","US",""
"6570","2024-03-06","","7262 W Oak Ave","Tucson","AZ","85855","US",""
"6571","2021-12-10","","9710 S State St","Fresno","CA","92195","USA",""
"6572","2024-08-23","","7080 N Elm Dr","Ogden","UT.","84197","US",""
"6573","2019-10-22","","2258 S State St","Irvine","California","91335","US",""
"6574","2025-05-26","","2374 S Main St","Denver","CO","80765","US",""
"6575","2020-06-20","","","","","","",""
"6576","2021-05-19","","1422 S Main St","Seattle","WA","98360","US",""
"6577","2026-03-21","","3609 N Elm Dr","Fresno","CA","91699","US",""
"6578","2025-10-14","","2160 S State St","Ogden","ut ","84639","US",""
"6579","2025-11-25","","7840 E Center St","St. George","UT","84557","US",""
"6580","2025-06-02","","4429 S Main St","Seattle","WA","98840","USA",""
"6581","2025-06-07","","3602 N Elm Dr","San Jose","CA","90617","US",""
"6582","2022-05-22","","2673 Calle Norte","Guadalajara","JAL","99013","MX",""
"6583","2022-08-17","","7444 S State St","Flagstaff","AZ","85947","US",""
"6584","2021-09-29","","2951 S Main St","Ogden","UT","84741","USA",""
"6585","2025-10-27","","2898 E Center St","Lehi","UT.","84152","US",""
"6586","2024-12-04","","7916 W Oak Ave","Tempe","AZ","85382","US",""
"6587","2021-09-15","","3498 W Oak Ave","Pueblo","co ","81411","US",""
"6588","2021-07-14","","4706 S State St","San Jose","CA","92210","USA",""
"6589","2022-12-23","","3573 S State St","Tacoma","Washington","98999","US",""
"6590","2023-09-13","","5869 S Main St","Albany","NY","10892","US",""
"6591","2026-02-03","","","","","","",""
"6592","2024-03-03","","6374 S State St","Salt Lake City","ut ","84569","US",""
"6593","2021-11-18","2023-12-25","","","","","",""
"6594","2021-12-11","","9542 W Oak Ave","Sparks","NV","89381","US",""
"6595","2025-01-05","","9219 N Elm Dr","Salt Lake City","UT","84306","US",""
"6596","2025-07-01","","","","","","",""
"6597","2024-05-30","","6262 W Oak Ave","Milford","DE","19853","US",""
"6598","2023-03-12","","960 S Main St","St. George","UT","84753","US",""
"6599","2023-09-06","","6220 S State St","Seattle","WA","98976","US",""
"6600","2024-04-04","","2391 S Main St","Salt Lake City","UT","84265","US",""
"6601","2023-12-10","","7729 W Oak Ave","Olympia","wa ","98518","USA",""
"6602","2021-10-30","","5783 S State St","Fresno","CA","94711","USA",""
"6603","2021-05-04","","8462 E Center St","Sparks","NV","89298","US",""
"6604","2023-09-08","","7668 W Oak Ave","Salt Lake City","UT","84055","US",""
"6605","2022-04-20","","9216 S Main St","Lehi","UT","84600","US",""
"6606","2021-01-10","","9382 S State St","Salt Lake City","UT","84077","US",""
"6607","2026-05-11","","5209 S State St","Mesa","AZ","85459","US",""
"6608","2023-02-12","","9410 N Elm Dr","St. George","ut ","84388","US",""
"6609","2023-10-14","","5814 W Oak Ave","Brooklyn","NY","10853","USA",""
"6610","2024-02-07","","7112 N Elm Dr","Tempe","Arizona","85782","US",""
"6611","2025-08-09","","5096 W Oak Ave","Austin","TX","77942","US",""
"6612","2023-08-13","","1821 S Main St","Houston","TX","76193","US",""
"6613","2025-05-23","","2955 S State St","Salt Lake City","UT","84342","US",""
"6614","2025-05-30","","2497 S State St","Aurora","CO","80952","US",""
"6615","2024-07-10","","4313 Rue Principale","Monterrey","NLE","90999","MX",""
"6616","2022-01-13","","5041 E Center St","Fort Collins","CO","80127","US",""
"6617","2025-06-18","","6917 S Main St","St. George","Utah","84109","US",""
"6618","2026-03-28","","5572 E Center St","Dallas","TX","77963","US",""
"6619","2022-08-13","","1651 N Elm Dr","Ogden","ut ","84425","US",""
"6620","2021-11-11","","9223 N Elm Dr","Henderson","NV.","89129","USA",""
"6621","2021-10-14","","5185 S Main St","Austin","TX","75265","USA",""
"6622","2024-10-19","","3318 S State St","Ogden","ut ","84640","US",""
"6623","2024-12-09","","8601 W Oak Ave","Sacramento","CA","95336","US",""
"6624","2024-03-16","","7189 W Oak Ave","Oakland","ca ","94789","USA",""
"6625","2026-02-28","","","","","","",""
"6626","2024-05-14","","2811 Rue Principale","Montreal","QC","T5C 7J6","Canada","2026-05-17"
"6627","2022-04-16","","3140 S State St","St. George","UT","84478","USA",""
"6628","2026-01-17","","3432 S Main St","Seattle","WA","98458","USA",""
"6629","2025-01-03","","2267 E Center St","Tacoma","Washington","98265","US",""
"6630","2024-11-17","","9037 E Center St","St. George","UT","84276","US",""
"6631","2024-12-20","","7958 S Main St","Bellevue","WA","99043","US",""
"6632","2023-10-17","","8452 S State St","Flagstaff","AZ.","85882","US","2026-05-11"
"6633","2025-11-06","","8443 S State St","Rochester","NY","10426","USA",""
"6634","2022-01-22","2022-07-13","1023 W Oak Ave","Henderson","NV","89240","US",""
"6635","2024-02-28","","4070 W Oak Ave","Provo","ut ","84560","US",""
"6636","2021-04-27","","2068 N Elm Dr","Provo","UT","84764","US",""
"6637","2025-03-09","","1814 E Center St","Irvine","CA","95775","USA",""
"6638","2021-11-16","","9674 E Center St","Plano","TX","75708","US",""
"6639","2025-09-06","","5379 E Center St","Flagstaff","AZ","86503","US",""
"6640","2024-04-06","","3262 E Center St","Lehi","ut ","84069","US",""
"6641","2026-06-19","","9519 E Center St","Phoenix","AZ","85641","USA",""
"6642","2024-10-03","","5190 S Main St","Milford","DE","19782","US",""
"6643","2024-12-07","","6426 N Elm Dr","Dallas","TX","76561","USA",""
"6644","2023-10-04","","","","","","",""
"6645","2020-12-16","","5872 S Main St","Lehi","ut ","84309","US",""
"6646","2022-02-21","","5589 W Oak Ave","Austin","TX","76230","USA",""
"6647","2024-05-07","","4644 N Elm Dr","Provo","Utah","84309","US",""
"6648","2024-12-03","","","","","","",""
"6649","2024-05-13","","2366 N Elm Dr","Provo","UT","84751","US",""
"6650","2021-01-13","","2687 E Center St","Lehi","UT","84307","US",""
"6651","2024-12-09","","4990 W Oak Ave","Henderson","NV","89173","US",""
"6652","2026-03-01","","955 S Main St","Provo","UT","84484","US",""
"6653","2024-11-12","","3796 S State St","Seattle","WA","98898","US",""
"6654","2023-11-19","","","","","","",""
"6655","2023-06-20","","8277 S State St","Salt Lake City","UT","84668","US",""
"6656","2023-09-30","","7450 S State St","St. George","UT","84097","USA",""
"6657","2021-12-12","","1571 W Oak Ave","Irvine","CA","90590","US",""
"6658","2026-04-01","","2923 S Main St","Lehi","UT","84185","US",""
"6659","2025-08-17","","509 S Main St","Seattle","WA","98437","US",""
"6660","2023-06-06","","8377 S State St","Olympia","Washington","99197","US",""
"6661","2025-05-13","","4218 Rue Principale","Montreal","QC","T8E 3A1","Canada",""
"6662","2026-05-18","","1591 S Main St","Dallas","TX","77979","US",""
"6663","2026-03-12","","8832 S Main St","Ogden","UT","84189","US",""
"6664","2022-12-05","","8877 S Main St","Fort Collins","CO.","80979","US","2023-07-12"
"6665","2021-05-01","","5983 S State St","Carson City","NV","89122","US",""
"6666","2023-12-30","","2058 N Elm Dr","Irvine","CA","93862","USA","2024-09-22"
"6667","2025-06-23","","6063 W Oak Ave","Salt Lake City","ut ","84288","USA",""
"6668","2022-06-19","","462 S Main St","Buffalo","NY.","12981","US",""
"6669","2021-01-23","","8069 N Elm Dr","Buffalo","NY","13325","US",""
"6670","2025-11-17","","5736 N Elm Dr","Henderson","NV","89505","USA",""
"6671","2020-03-19","","5178 S State St","Lehi","UT","84178","US",""
"6672","2025-09-08","","9117 S Main St","Phoenix","AZ","85755","USA",""
"6673","2026-02-10","","9554 S State St","Pueblo","CO","80675","US",""
"6674","2022-11-20","","","","","","",""
"6675","2024-09-22","","2636 N Elm Dr","Boulder","CO","81147","USA",""
"6676","2024-09-30","","3390 E Center St","Syracuse","NY","13475","US",""
"6677","2021-11-09","","8555 W Oak Ave","Phoenix","Arizona","85939","US",""
"6678","2022-06-14","","4441 S State St","Tempe","AZ","85633","US",""
"6679","2023-05-21","2024-09-23","6459 N Elm Dr","Ogden","UT","84039","US","2024-05-11"
"6680","2023-03-04","","5055 S State St","Oakland","CA","90568","USA",""
"6681","2022-08-07","","1378 S Main St","Pueblo","co ","80761","US",""
"6682","2026-03-25","","","","","","",""
"6683","2025-06-25","","9365 S State St","Fort Collins","CO","80703","US",""
"6684","2024-02-22","","5041 S State St","San Jose","CA.","95508","US",""
"6685","2026-06-06","","8219 S Main St","Salt Lake City","ut ","84415","USA",""
"6686","2021-04-04","","2274 S State St","Phoenix","AZ","85951","US",""
"6687","2021-05-02","","1319 W Oak Ave","Phoenix","AZ","86384","US",""
"6688","2026-02-04","","443 S State St","Carson City","NV","89369","USA",""
"6689","2022-03-05","","5232 W Oak Ave","Fresno","CA","91429","USA","2023-04-06"
"6690","2020-05-02","","4190 N Elm Dr","Denver","CO","80008","US",""
"6691","2023-02-23","","1090 E Center St","Milford","DE","19978","US",""
"6692","2022-10-22","","6473 W Oak Ave","San Jose","CA","94458","USA",""
"6693","2024-04-11","","6772 S State St","Fresno","CA.","90421","US",""
"6694","2020-10-04","","6961 E Center St","Fresno","CA","92647","US",""
"6695","2024-09-16","","3185 N Elm Dr","Salt Lake City","UT","84496","US",""
"6696","2022-05-10","","7932 E Center St","San Jose","CA","93037","US",""
"6697","2024-09-20","","7947 N Elm Dr","Smyrna","DE.","19769","US",""
"6698","2021-12-24","","9792 N Elm Dr","El Paso","TX","77906","US",""
"6699","2024-07-14","","2623 N Elm Dr","Lehi","UT","84195","US",""
"6700","2024-05-09","","2654 S Main St","Austin","tx ","78929","US",""
"6701","2022-04-01","","387 E Center St","Sacramento","CA","92556","USA",""
"6702","2026-04-04","","1807 W Oak Ave","Phoenix","Arizona","86268","US",""
"6703","2020-09-22","2023-04-28","2883 Calle Norte","Vancouver","BC","V5H 6G2","Canada",""
"6704","2021-06-06","","9287 N Elm Dr","Smyrna","Delaware","19838","US",""
"6705","2021-10-19","","1345 W Oak Ave","Houston","TX","76042","US",""
"6706","2021-10-25","","6225 S Main St","Provo","UT","84109","US",""
"6707","2021-12-23","","5383 S Main St","Provo","ut ","84158","US","2026-04-27"
"6708","2026-06-24","","7248 N Elm Dr","Dallas","TX","75950","US",""
"6709","2020-11-16","","","","","","",""
"6710","2025-01-12","","3907 W Oak Ave","Salt Lake City","UT.","84570","USA",""
"6711","2019-04-08","","7477 S Main St","Sacramento","CA","95423","US",""
"6712","2019-11-20","","4831 E Center St","Sacramento","CA","94644","US",""
"6713","2025-11-02","","4502 S Main St","Bellevue","wa ","98791","USA",""
"6714","2024-03-31","","3342 S State St","Salt Lake City","UT","84495","USA",""
"6715","2025-05-06","","1531 W Oak Ave","Tucson","AZ","85279","USA",""
"6716","2025-08-04","","6117 S State St","El Paso","TX","78340","US",""
"6717","2024-10-27","","1449 S Main St","San Jose","CA","94791","US",""
"6718","2026-06-09","","9707 S State St","Salt Lake City","UT","84745","US",""
"6719","2022-06-09","","6455 S State St","Carson City","nv ","89275","US",""
"6720","2024-10-28","","1126 S State St","El Paso","Texas","76517","USA",""
"6721","2024-04-02","","1803 W Oak Ave","Plano","TX","79041","USA",""
"6722","2026-04-21","","7554 N Elm Dr","Salt Lake City","UT","84066","US",""
"6723","2022-05-08","","1548 King St","Vancouver","BC","H7C 6C4","CA",""
"6724","2024-02-22","","3055 S Main St","Irvine","CA","95981","US",""
"6725","2024-12-23","","4293 E Center St","Salt Lake City","UT","84503","US",""
"6726","2020-09-02","","5166 W Oak Ave","St. George","UT.","84742","USA",""
"6727","2025-12-18","","831 E Center St","Austin","TX","79217","US",""
"6728","2021-04-21","","5081 S Main St","Ogden","UT.","84521","USA",""
"6729","2025-11-18","","1722 Av Reforma","Montreal","QC","V9H 1A8","CA","2026-01-25"
"6730","2024-11-29","","9049 S Main St","Flagstaff","AZ","85532","US",""
"6731","2025-03-26","","2556 N Elm Dr","Boulder","co ","81326","US",""
"6732","2020-05-15","","3024 S Main St","St. George","UT","84513","US",""
"6733","2025-04-29","2025-07-17","2594 W Oak Ave","Irvine","CA","90959","US",""
"6734","2023-12-19","","1096 S Main St","Pueblo","co ","81358","US",""
"6735","2020-04-24","","8808 W Oak Ave","San Jose","CA","94125","USA","2026-04-09"
"6736","2026-01-05","","5935 W Oak Ave","Irvine","CA","95174","USA",""
"6737","2020-07-23","","1340 E Center St","Tacoma","WA","98007","US",""
"6738","2021-01-03","","7849 E Center St","San Jose","CA","93696","US",""
"6739","2019-03-04","","1751 S Main St","Flagstaff","AZ","85849","US",""
"6740","2025-08-28","","1289 N Elm Dr","Seattle","WA","98724","US",""
"6741","2023-04-17","","1935 E Center St","St. George","UT","84188","US",""
"6742","2023-02-05","","937 S State St","Seattle","WA","98728","US",""
"6743","2019-07-03","","9067 N Elm Dr","Austin","TX","75444","USA",""
"6744","2023-09-30","","","","","","",""
"6745","2023-06-19","","6124 S Main St","Sacramento","CA","95049","USA",""
"6746","2026-03-11","","4013 S State St","Spokane","wa ","98985","US",""
"6747","2023-01-02","","2608 S State St","Milford","DE","19963","US",""
"6748","2023-11-20","","8127 S State St","Ogden","Utah","84423","US",""
"6749","2026-06-25","","5532 N Elm Dr","Syracuse","ny ","11216","US",""
"6750","2025-06-25","","","","","","",""
"6751","2025-06-25","","5452 S State St","Austin","TX","79518","USA",""
"6752","2023-07-30","2026-05-22","2596 S State St","Lehi","UT","84592","USA",""
"6753","2025-06-19","","6072 S State St","Austin","tx ","79031","US",""
"6754","2022-12-18","","1021 S Main St","Boulder","CO","80828","US",""
"6755","2023-03-25","","129 N Elm Dr","Sacramento","CA","95152","USA",""
"6756","2024-11-07","","4894 S Main St","Austin","TX","75254","US",""
"6757","2024-12-10","","3675 E Center St","Dallas","tx ","79157","US",""
"6758","2022-12-09","","1726 S State St","Wilmington","DE","19742","US",""
"6759","2020-04-19","","","","","","",""
"6760","2021-12-04","","2659 N Elm Dr","Tucson","AZ","85792","US",""
"6761","2022-02-01","","126 S Main St","Bellevue","Washington","99253","US",""
"6762","2026-01-21","","7882 W Oak Ave","Fresno","CA","93961","US",""
"6763","2026-03-20","","5572 S State St","Oakland","CA.","92567","US",""
"6764","2019-10-02","","3927 N Elm Dr","Provo","UT","84523","US",""
"6765","2024-09-24","","4120 W Oak Ave","St. George","ut ","84526","US",""
"6766","2019-12-22","","2047 Av Reforma","Calgary","AB","T3E 4B9","CA",""
"6767","2026-03-30","","3558 S State St","San Jose","CA","93425","US",""
"6768","2023-10-22","","5467 S Main St","Brooklyn","NY","13078","US",""
"6769","2026-01-25","","9715 S State St","Provo","UT","84147","US",""
"6770","2024-07-28","","4955 N Elm Dr","Sacramento","CA","92409","US",""
"6771","2026-05-29","","3131 N Elm Dr","Irvine","CA","94100","US",""
"6772","2025-10-26","","1564 S Main St","Lehi","UT","84337","USA",""
"6773","2020-10-22","","6975 N Elm Dr","Tempe","AZ","86122","USA",""
"6774","2022-12-24","","5262 S Main St","Tempe","AZ","85943","US",""
"6775","2026-02-04","","7514 E Center St","Ogden","UT.","84260","US",""
"6776","2025-11-03","","3804 S State St","Tacoma","WA","98536","US",""
"6777","2022-12-01","","7906 W Oak Ave","El Paso","TX","76283","USA",""
"6778","2024-11-29","","6827 W Oak Ave","Lehi","UT","84656","US",""
"6779","2024-12-24","","511 S State St","St. George","UT","84470","USA",""
"6780","2026-05-28","","","","","","",""
"6781","2022-12-28","","6152 E Center St","Boulder","CO","80124","US",""
"6782","2025-01-29","","1125 N Elm Dr","Mesa","AZ","85494","US",""
"6783","2021-10-22","","7440 E Center St","Smyrna","DE","19715","USA",""
"6784","2023-05-26","","1306 E Center St","Tucson","AZ","85522","US",""
"6785","2021-10-04","","12 E Center St","Lehi","UT","84650","US",""
"6786","2022-01-09","","8676 E Center St","Syracuse","NY","11643","US",""
"6787","2021-09-26","","7734 W Oak Ave","Newark","Delaware","19943","US",""
"6788","2024-03-10","","6287 W Oak Ave","Plano","TX","75425","US",""
"6789","2025-06-19","","6595 N Elm Dr","Provo","UT","84791","US",""
"6790","2022-06-03","","","","","","",""
"6791","2023-03-23","","5207 N Elm Dr","Tucson","az ","86431","US",""
"6792","2026-03-24","","4355 S Main St","Dallas","TX","76152","US",""
"6793","2024-04-05","","463 S Main St","Tempe","az ","85633","US",""
"6794","2025-05-09","","7985 N Elm Dr","Seattle","WA","99035","US",""
"6795","2024-05-01","","4081 N Elm Dr","Lehi","UT","84078","USA","2026-03-08"
"6796","2024-10-26","","4104 Av Reforma","Vancouver","BC","V7G 2E3","CA",""
"6797","2021-09-09","","6979 S Main St","Aurora","co ","81273","US",""
"6798","2026-04-23","","8415 S State St","Fresno","CA","90635","USA",""
"6799","2025-12-20","","415 S State St","Plano","TX","76877","US",""
"6800","2024-10-23","","3611 W Oak Ave","Provo","UT","84742","US",""
"6801","2023-10-06","","2046 S State St","St. George","UT","84592","USA",""
"6802","2026-04-30","","3595 N Elm Dr","Sacramento","CA","94365","US",""
"6803","2020-09-14","","3597 W Oak Ave","Oakland","ca ","93648","USA",""
"6804","2025-03-31","","441 N Elm Dr","Dallas","TX","75145","USA",""
"6805","2024-11-22","","3789 Av Reforma","Montreal","QC","H7H 2J4","CA",""
"6806","2022-05-19","","5811 N Elm Dr","Mesa","Arizona","86228","US",""
"6807","2022-05-18","","8362 S State St","St. George","UT","84021","US",""
"6808","2022-06-24","","5380 E Center St","Lehi","UT","84634","US",""
"6809","2025-10-17","","5146 S Main St","St. George","UT","84729","US",""
"6810","2025-10-29","","8378 S State St","Reno","NV","89221","US",""
"6811","2024-10-25","","7817 N Elm Dr","Oakland","CA","93093","US","2025-05-07"
"6812","2025-11-21","","2108 S Main St","San Jose","CA","94439","US",""
"6813","2024-05-26","","2454 S Main St","Ogden","UT","84376","US",""
"6814","2026-02-28","","","","","","",""
"6815","2022-10-30","","5033 S Main St","Seattle","WA","98865","US",""
"6816","2025-11-11","","5072 N Elm Dr","Boulder","CO","81395","US",""
"6817","2024-06-01","","9779 S State St","St. George","UT","84011","US",""
"6818","2020-04-17","","4160 N Elm Dr","Irvine","CA","91646","US",""
"6819","2024-05-14","2026-04-16","106 S Main St","Ogden","UT","84461","US",""
"6820","2025-04-15","","6472 E Center St","Salt Lake City","UT","84542","US",""
"6821","2020-10-14","","5217 E Center St","Ogden","Utah","84108","US",""
"6822","2021-06-23","","6442 S Main St","Provo","UT","84699","US","2023-12-05"
"6823","2019-06-05","","2087 N Elm Dr","Provo","UT","84713","US",""
"6824","2024-09-16","","9654 S State St","Plano","TX","77713","USA",""
"6825","2024-09-04","","3029 S State St","Lehi","UT","84393","US",""
"6826","2019-09-22","","610 W Oak Ave","Bellevue","wa ","99164","USA",""
"6827","2024-09-04","","5503 S Main St","Ogden","UT","84382","US",""
"6828","2022-10-30","","4194 S Main St","Phoenix","AZ","85568","USA",""
"6829","2024-05-06","","","","","","",""
"6830","2023-11-27","","7209 S State St","San Jose","CA.","93694","US",""
"6831","2020-10-25","","4357 Calle Norte","Calgary","AB","M4H 1J3","CA",""
"6832","2020-07-24","","5800 S State St","Smyrna","de ","19900","US",""
"6833","2025-09-02","","5068 S State St","Austin","TX.","77157","US",""
"6834","2022-09-15","","1144 S Main St","Tucson","AZ","85108","US",""
"6835","2025-05-12","","1456 S Main St","Tempe","AZ","85838","US",""
"6836","2024-11-18","","9459 W Oak Ave","El Paso","TX","78375","US",""
"6837","2024-09-13","","8940 W Oak Ave","Provo","UT","84650","US",""
"6838","2024-10-31","","1141 Av Reforma","Ciudad de Mexico","CMX","77455","MX",""
"6839","2021-07-09","","626 S Main St","Provo","UT","84281","US",""
"6840","2024-12-25","","6443 W Oak Ave","Tucson","AZ","85850","USA",""
"6841","2025-11-28","","3242 N Elm Dr","Lehi","Utah","84084","US",""
"6842","2022-12-25","","5701 W Oak Ave","Flagstaff","Arizona","85993","US",""
"6843","2025-04-28","","2660 N Elm Dr","Pueblo","CO","81177","US",""
"6844","2025-10-07","","2927 S State St","El Paso","TX","78286","US",""
"6845","2021-01-24","","7842 S Main St","Tempe","AZ","85859","USA",""
"6846","2021-08-30","","876 S State St","Austin","tx ","76651","USA",""
"6847","2023-05-02","","9545 W Oak Ave","Fresno","California","92475","USA",""
"6848","2025-07-08","","805 E Center St","Irvine","CA","95821","US",""
"6849","2024-12-01","","6821 S Main St","Provo","UT","84522","US",""
"6850","2024-04-10","","7652 E Center St","Las Vegas","NV","89235","US",""
"6851","2025-02-27","","1953 E Center St","Olympia","WA","98198","US","2026-03-20"
"6852","2025-04-05","","6258 N Elm Dr","Brooklyn","New York","14445","USA",""
"6853","2022-06-15","","3199 S Main St","El Paso","TX","79216","USA",""
"6854","2024-06-01","","113 King St","Vancouver","BC","T5B 2C4","CA",""
"6855","2024-07-24","","6727 E Center St","Fresno","CA","91211","US",""
"6856","2025-06-22","","","","","","",""
"6857","2025-06-08","","7645 E Center St","Irvine","CA","90741","US",""
"6858","2026-05-19","","1472 N Elm Dr","Milford","DE","19971","USA",""
"6859","2022-10-20","","8235 E Center St","Wilmington","de ","19890","US",""
"6860","2019-06-27","","2413 E Center St","Mesa","AZ","86314","USA",""
"6861","2026-02-10","","9457 S State St","Salt Lake City","UT","84339","US",""
"6862","2020-07-03","","109 W Oak Ave","San Jose","CA","92990","US",""
"6863","2024-10-07","","5282 W Oak Ave","Salt Lake City","Utah","84704","US",""
"6864","2026-04-07","","108 N Elm Dr","Provo","UT","84089","US",""
"6865","2024-05-26","","6161 E Center St","Houston","Texas","77726","US",""
"6866","2026-01-20","","249 E Center St","Brooklyn","ny ","12259","USA",""
"6867","2022-05-14","","1177 E Center St","Mesa","AZ","85421","USA",""
"6868","2020-08-17","","397 W Oak Ave","Bellevue","WA","98741","USA",""
"6869","2022-07-17","","5118 E Center St","San Jose","CA","94175","US",""
"6870","2026-02-26","","2652 S State St","Houston","TX.","79494","US",""
"6871","2020-09-15","","4467 S State St","Aurora","co ","81625","USA",""
"6872","2020-03-19","2022-10-31","5444 W Oak Ave","Ogden","ut ","84029","US",""
"6873","2024-12-22","","4520 S Main St","Seattle","wa ","99145","USA",""
"6874","2023-05-24","","1253 S Main St","Fresno","ca ","90656","US",""
"6875","2022-04-03","","9369 S State St","Las Vegas","NV","89820","USA",""
"6876","2023-11-23","","2533 S Main St","Rochester","NY","10099","US",""
"6877","2023-08-22","","3572 E Center St","Buffalo","New York","14790","US",""
"6878","2026-05-03","","9764 N Elm Dr","Austin","TX","75036","USA",""
"6879","2021-11-26","","5029 N Elm Dr","Lehi","ut ","84435","US",""
"6880","2024-06-24","","","","","","",""
"6881","2024-12-08","","9663 S State St","Denver","CO","80448","US",""
"6882","2024-01-19","","7890 S State St","Phoenix","AZ","85514","US",""
"6883","2023-01-18","","3825 S Main St","Lehi","ut ","84426","US",""
"6884","2024-04-17","","5522 E Center St","Aurora","CO","81127","US",""
"6885","2019-06-28","","4144 S State St","Oakland","CA","95929","US",""
"6886","2022-07-29","","9082 S State St","Ogden","ut ","84551","US",""
"6887","2024-08-14","2025-08-13","1713 S State St","Milford","DE","19957","US",""
"6888","2020-03-08","","2554 S Main St","Buffalo","NY","12461","US","2023-10-28"
"6889","2024-08-18","","5861 S Main St","Boulder","CO.","80451","USA",""
"6890","2023-11-16","2025-04-05","5108 E Center St","Irvine","California","93039","US",""
"6891","2025-05-24","","3995 E Center St","Dallas","tx ","79959","USA",""
"6892","2021-10-14","","","","","","",""
"6893","2022-10-10","","926 S Main St","Ogden","UT.","84324","US","2025-05-06"
"6894","2024-05-04","","3910 S State St","Syracuse","NY","14161","US",""
"6895","2023-06-20","","4123 N Elm Dr","Sparks","NV","89146","USA","2023-11-07"
"6896","2024-01-17","","1012 S State St","Fresno","CA","96063","US",""
"6897","2025-09-27","","1587 W Oak Ave","Fort Collins","CO","81501","US",""
"6898","2019-08-17","","2803 S State St","Tucson","AZ","86342","USA",""
"6899","2025-02-04","","9241 W Oak Ave","Albany","NY.","10319","USA",""
"6900","2023-02-05","","4888 S Main St","El Paso","TX","79934","US",""
"6901","2026-03-03","","5218 S Main St","Oakland","California","91778","USA",""
"6902","2019-03-15","2020-12-06","","","","","",""
"6903","2022-10-08","","2418 S State St","Dallas","TX","78793","US",""
"6904","2023-12-30","","828 S Main St","San Jose","ca ","95344","US",""
"6905","2024-12-01","","4615 S State St","Salt Lake City","UT","84104","US",""
"6906","2024-10-17","","1818 E Center St","Salt Lake City","UT","84741","US",""
"6907","2022-03-06","","2089 N Elm Dr","Salt Lake City","UT","84015","US",""
"6908","2021-10-03","","2585 S State St","Las Vegas","NV","89743","US",""
"6909","2025-09-26","","4801 S State St","Irvine","CA","92380","USA",""
"6910","2023-12-24","","7833 W Oak Ave","Seattle","WA","98962","US",""
"6911","2022-11-04","2024-11-08","3640 S State St","Oakland","ca ","90306","US",""
"6912","2023-08-21","","1568 N Elm Dr","Fresno","CA","94686","US",""
"6913","2023-06-14","","4934 E Center St","Ogden","UT","84124","USA",""
"6914","2023-04-14","","2629 S State St","Spokane","Washington","98343","US",""
"6915","2026-01-27","","4601 E Center St","El Paso","TX","78692","US",""
"6916","2024-07-25","","2581 S Main St","Austin","TX","78668","US",""
"6917","2022-11-03","","6073 N Elm Dr","Dallas","TX","77446","US",""
"6918","2026-06-22","","2913 W Oak Ave","Plano","TX","76944","USA",""
"6919","2024-10-27","","3120 N Elm Dr","Bellevue","WA.","98443","US",""
"6920","2021-12-14","","5644 N Elm Dr","Sparks","NV","89248","US",""
"6921","2025-08-13","","2563 N Elm Dr","Dallas","TX","77141","USA",""
"6922","2023-01-17","","3601 S State St","Ogden","UT","84486","US",""
"6923","2025-06-17","","1544 E Center St","St. George","Utah","84588","US",""
"6924","2021-02-18","","1627 S Main St","Phoenix","AZ","85791","US",""
"6925","2023-02-04","","3526 E Center St","Irvine","CA","91176","US",""
"6926","2022-08-17","","5754 E Center St","Aurora","CO","81084","US",""
"6927","2026-03-05","","8971 S Main St","Fort Collins","CO","81460","US",""
"6928","2021-02-18","","","","","","",""
"6929","2025-01-19","","2675 W Oak Ave","Lehi","UT","84519","USA",""
"6930","2022-05-16","","2611 N Elm Dr","Pueblo","Colorado","81611","US",""
"6931","2023-02-19","","4260 S Main St","Salt Lake City","UT","84502","USA",""
"6932","2022-10-19","","7941 N Elm Dr","Las Vegas","NV","89210","US",""
"6933","2023-09-30","","","","","","",""
"6934","2021-05-13","","8378 E Center St","Austin","TX","76954","US",""
"6935","2022-07-05","","4308 S Main St","Tacoma","WA","98764","US",""
"6936","2025-02-03","","3989 S Main St","Provo","Utah","84577","US",""
"6937","2024-10-01","","9343 W Oak Ave","Fresno","CA","90614","US",""
"6938","2024-07-28","","1686 E Center St","Irvine","ca ","91896","USA",""
"6939","2022-04-11","","3615 W Oak Ave","Smyrna","DE","19846","US",""
"6940","2026-01-30","","2273 N Elm Dr","Ogden","UT","84027","US",""
"6941","2023-10-22","","5209 S Main St","San Jose","CA","90387","USA",""
"6942","2024-07-27","","2745 S State St","Sacramento","CA","90622","US",""
"6943","2024-10-22","","5143 S State St","Seattle","WA","98439","US",""
"6944","2023-11-18","","1435 E Center St","Spokane","WA","99044","US",""
"6945","2022-07-20","","9030 E Center St","Austin","TX","75801","USA",""
"6946","2026-01-22","","6384 S Main St","Dallas","Texas","79384","USA",""
"6947","2023-03-16","","6888 S Main St","Aurora","CO.","80146","US",""
"6948","2021-10-13","","7286 S Main St","Rochester","NY","13062","US",""
"6949","2025-09-29","","2084 S Main St","Mesa","AZ","85994","US",""
"6950","2019-09-11","","6646 S State St","Milford","DE","19886","US",""
"6951","2025-09-12","","8268 E Center St","San Jose","CA","90496","US",""
"6952","2019-11-11","","5113 S State St","Oakland","CA","93894","US",""
"6953","2026-04-29","","5032 S State St","Fort Collins","CO","80136","US",""
"6954","2024-09-25","","2112 W Oak Ave","San Jose","CA","92531","USA",""
"6955","2020-09-05","","1177 S Main St","Provo","UT","84758","US",""
"6956","2024-07-30","","2796 N Elm Dr","Provo","UT","84165","US","2024-08-25"
"6957","2024-01-27","","6262 S State St","San Jose","CA","92894","US",""
"6958","2025-07-25","","3401 E Center St","Boulder","CO","80823","US",""
"6959","2024-05-08","","9095 N Elm Dr","St. George","UT","84319","US",""
"6960","2021-10-11","","4674 E Center St","Fort Collins","CO","81346","US",""
"6961","2025-10-23","","4654 W Oak Ave","Brooklyn","New York","10119","USA",""
"6962","2022-06-04","","3919 S State St","Sacramento","ca ","90880","USA",""
"6963","2022-08-26","","7726 N Elm Dr","Salt Lake City","ut ","84730","US",""
"6964","2023-10-03","","3347 E Center St","Aurora","CO","81292","USA",""
"6965","2025-08-06","","6359 N Elm Dr","Brooklyn","NY","11041","US",""
"6966","2022-12-02","","3686 N Elm Dr","Syracuse","NY","13256","US",""
"6967","2025-12-12","","8061 W Oak Ave","Fresno","CA","93254","US",""
"6968","2023-02-16","","3895 E Center St","Irvine","ca ","92660","US",""
"6969","2025-06-04","","8998 S Main St","Oakland","CA","92892","US",""
"6970","2023-12-11","","2215 E Center St","Oakland","ca ","90736","US",""
"6971","2024-01-13","","7661 W Oak Ave","Bellevue","WA","98340","USA",""
"6972","2022-04-08","","8292 W Oak Ave","Aurora","CO","80348","US",""
"6973","2024-06-08","","1618 E Center St","San Jose","California","95161","US",""
"6974","2020-07-14","","7892 E Center St","Fresno","CA","90578","US","2026-01-12"
"6975","2023-11-14","","3226 N Elm Dr","Sparks","NV","89523","US",""
"6976","2024-10-02","","8048 S Main St","Carson City","NV","89133","US",""
"6977","2023-09-01","","6555 E Center St","Dallas","TX","76034","US","2025-05-20"
"6978","2021-07-14","","4322 S State St","Irvine","CA","95508","US",""
"6979","2022-05-26","","1028 E Center St","Salt Lake City","UT","84517","USA",""
"6980","2019-11-19","","488 N Elm Dr","Fresno","CA","94409","US",""
"6981","2021-09-01","","2024 N Elm Dr","Boulder","CO","80320","US",""
"6982","2025-07-27","","1959 W Oak Ave","Provo","ut ","84110","US","2026-04-02"
"6983","2023-07-13","","2303 Calle Norte","Montreal","QC","V4C 8C2","Canada","2025-11-12"
"6984","2023-01-19","","6636 W Oak Ave","Milford","DE","19788","US",""
"6985","2024-04-17","","9031 E Center St","Dover","DE","19815","US",""
"6986","2025-05-25","","1274 N Elm Dr","Phoenix","AZ","85384","US",""
"6987","2023-11-18","","1312 S Main St","Seattle","wa ","99327","US",""
"6988","2024-12-11","","494 W Oak Ave","Oakland","CA","94921","USA",""
"6989","2021-06-07","","6374 W Oak Ave","El Paso","TX","75889","USA",""
"6990","2024-09-10","","9121 W Oak Ave","Boulder","CO","81426","USA",""
"6991","2020-05-01","","3571 E Center St","Buffalo","ny ","11639","US",""
"6992","2021-12-10","","7283 S Main St","Provo","UT","84293","US",""
"6993","2024-08-13","","9282 S Main St","Aurora","CO","80219","US",""
"6994","2024-12-02","","8392 W Oak Ave","Henderson","NV","89599","US",""
"6995","2022-12-13","","3556 W Oak Ave","Aurora","CO","81466","US",""
"6996","2025-07-22","","2490 N Elm Dr","Sacramento","CA","94756","US",""
"6997","2026-03-05","","432 N Elm Dr","Ogden","UT","84282","USA",""
"6998","2025-12-17","","","","","","",""
"6999","2022-11-23","","2383 E Center St","Fresno","California","90084","US",""
"7000","2026-06-03","","8480 S Main St","Lehi","ut ","84247","US",""
"7001","2023-09-10","","6283 E Center St","Oakland","CA","90985","US",""
"7002","2020-05-16","","7155 S Main St","Irvine","CA","91043","US",""
"7003","2024-09-14","","449 N Elm Dr","Provo","UT","84047","US","2026-01-24"
"7004","2026-03-02","","617 N Elm Dr","Carson City","nv ","89115","US",""
"7005","2019-05-24","","5714 W Oak Ave","El Paso","tx ","77767","US",""
"7006","2024-10-07","","7885 W Oak Ave","Tempe","AZ","85735","US",""
"7007","2023-07-17","","3991 E Center St","Denver","CO","80374","US",""
"7008","2022-06-02","","808 S Main St","Seattle","WA","98242","US",""
"7009","2020-05-24","","2543 E Center St","Boulder","CO","80942","US",""
"7010","2023-04-13","","7565 W Oak Ave","Smyrna","DE","19727","US",""
"7011","2025-12-29","","3973 N Elm Dr","Albany","NY","13539","US",""
"7012","2019-11-23","2021-04-17","5875 N Elm Dr","Sacramento","CA","91359","US",""
"7013","2022-12-30","","5666 S Main St","Tucson","az ","85429","US",""
"7014","2024-04-16","","4068 N Elm Dr","San Jose","CA","92893","USA",""
"7015","2025-04-26","","3024 S Main St","Ogden","UT","84709","USA",""
"7016","2020-11-06","2022-11-16","2732 W Oak Ave","San Jose","CA","94695","USA",""
"7017","2025-11-20","","","","","","",""
"7018","2021-08-24","","9221 W Oak Ave","St. George","Utah","84065","US",""
"7019","2024-11-26","","6204 N Elm Dr","Lehi","UT","84164","US",""
"7020","2025-04-23","","4889 N Elm Dr","Austin","TX","77474","US",""
"7021","2025-02-07","","6273 W Oak Ave","Fresno","ca ","95580","US",""
"7022","2025-12-28","","750 S Main St","Austin","TX","77005","US",""
"7023","2025-12-23","","9448 S State St","Lehi","UT","84633","US",""
"7024","2023-09-19","","2330 S State St","El Paso","Texas","77841","US",""
"7025","2025-07-10","","2701 E Center St","Irvine","CA","91104","USA",""
"7026","2020-12-30","","8338 W Oak Ave","Mesa","AZ","85954","US",""
"7027","2024-07-09","","5189 N Elm Dr","Fort Collins","CO","81641","US",""
"7028","2023-01-03","","7902 W Oak Ave","Buffalo","NY","13272","US",""
"7029","2020-12-09","","4344 S Main St","Salt Lake City","UT","84075","US","2024-05-19"
"7030","2019-11-04","","3671 E Center St","El Paso","TX","75674","USA",""
"7031","2020-12-21","","3193 S State St","Provo","ut ","84095","USA",""
"7032","2022-04-29","2022-07-26","2779 Av Reforma","Calgary","AB","V8H 4A3","Canada",""
"7033","2023-08-16","","2797 S State St","Sacramento","CA.","90800","USA",""
"7034","2023-12-06","","5738 W Oak Ave","Houston","TX","78219","US",""
"7035","2022-08-10","","7464 W Oak Ave","Dallas","TX","77337","US",""
"7036","2024-10-17","","3644 W Oak Ave","St. George","UT","84347","US",""
"7037","2025-06-04","","9641 N Elm Dr","Mesa","AZ","86551","US",""
"7038","2023-11-08","","5851 E Center St","Brooklyn","New York","14687","US",""
"7039","2023-09-22","","7068 E Center St","Provo","UT","84696","US",""
"7040","2026-05-31","","6960 N Elm Dr","Houston","TX","79696","US",""
"7041","2024-07-31","","3695 N Elm Dr","St. George","UT.","84538","US","2025-08-20"
"7042","2020-08-27","","8719 S State St","Austin","TX","75374","US",""
"7043","2023-06-07","","4900 S State St","Salt Lake City","UT","84534","US",""
"7044","2021-11-21","","1557 E Center St","Ogden","ut ","84628","US",""
"7045","2024-05-04","","444 Rue Principale","Ciudad de Mexico","CMX","71427","MX","2024-05-16"
"7046","2026-02-02","","5202 N Elm Dr","Irvine","CA","95767","US",""
"7047","2024-10-21","","5981 E Center St","Phoenix","AZ","85541","US",""
"7048","2021-11-13","","8147 W Oak Ave","Fort Collins","CO","80361","US",""
"7049","2022-11-18","","6787 S Main St","St. George","UT","84521","US",""
"7050","2022-10-10","","3661 N Elm Dr","Fresno","CA","90195","US","2025-03-01"
"7051","2021-09-29","","8754 S Main St","Tucson","AZ","85974","USA",""
"7052","2020-11-20","","6768 S Main St","Bellevue","WA","99137","US",""
"7053","2024-02-25","","7102 S Main St","Houston","Texas","76698","USA",""
"7054","2025-06-17","","2101 E Center St","Boulder","CO","81387","US",""
"7055","2025-11-30","","400 S Main St","Mesa","AZ","85014","US",""
"7056","2021-07-29","","1378 N Elm Dr","Aurora","CO","80733","US",""
"7057","2021-12-25","","221 S State St","Oakland","CA","91905","US",""
"7058","2025-07-15","","9653 N Elm Dr","Spokane","WA.","99355","US",""
"7059","2025-07-14","","933 S Main St","Lehi","ut ","84283","US",""
"7060","2024-06-17","","8648 N Elm Dr","Lehi","UT","84061","US",""
"7061","2025-08-26","","3171 S Main St","Salt Lake City","ut ","84373","US",""
"7062","2021-08-27","","9079 N Elm Dr","Pueblo","CO","81080","US",""
"7063","2023-12-31","","4994 S State St","Fresno","CA","95491","USA",""
"7064","2026-03-14","","9331 S Main St","Ogden","UT","84369","USA",""
"7065","2025-03-03","","4211 N Elm Dr","Ogden","UT","84118","US",""
"7066","2021-02-14","","5275 S Main St","Spokane","WA","99104","US",""
"7067","2026-06-05","","5197 E Center St","Sparks","Nevada","89708","US",""
"7068","2022-05-04","","2121 S State St","Lehi","UT","84452","US",""
"7069","2025-10-14","","1205 W Oak Ave","Fresno","CA","91173","US",""
"7070","2023-12-23","","4410 W Oak Ave","Tacoma","WA","99232","USA",""
"7071","2023-09-30","","8241 S State St","Irvine","ca ","95106","US",""
"7072","2022-04-03","","766 E Center St","Fresno","CA","93735","US",""
"7073","2024-02-06","","891 S State St","Lehi","UT","84235","US",""
"7074","2023-01-21","","4386 W Oak Ave","St. George","UT","84680","US",""
"7075","2026-06-06","","1774 N Elm Dr","Olympia","WA","98637","US",""
"7076","2022-04-12","","3571 S State St","Las Vegas","NV","89633","US",""
"7077","2025-04-28","","6299 S Main St","Salt Lake City","UT","84390","US",""
"7078","2026-05-19","","638 W Oak Ave","Bellevue","WA","99314","US",""
"7079","2022-04-18","","3691 N Elm Dr","Fresno","California","90990","USA",""
"7080","2026-04-15","","2605 E Center St","Reno","NV","89557","US",""
"7081","2025-10-01","","5759 N Elm Dr","Plano","TX","77925","US",""
"7082","2025-03-19","","7088 W Oak Ave","Sparks","NV","89360","US",""
"7083","2024-07-11","","5742 N Elm Dr","Fresno","CA","95001","US",""
"7084","2024-03-24","","8838 S State St","San Jose","CA","90795","US","2026-05-03"
"7085","2022-09-23","","6468 W Oak Ave","St. George","UT","84510","US",""
"7086","2021-12-04","","6826 S State St","San Jose","CA","93850","US",""
"7087","2025-11-12","","9005 N Elm Dr","Ogden","UT","84490","US",""
"7088","2023-01-04","","7012 W Oak Ave","San Jose","CA","90198","USA",""
"7089","2025-02-02","","1323 W Oak Ave","Henderson","NV","89536","US",""
"7090","2021-06-10","","1468 N Elm Dr","Denver","CO","81648","US",""
"7091","2023-02-09","","5583 N Elm Dr","Phoenix","AZ","85240","US",""
"7092","2025-11-03","","137 S Main St","Dallas","TX","76442","US",""
"7093","2024-06-12","","3579 N Elm Dr","Carson City","nv ","89676","US",""
"7094","2019-10-14","","972 S State St","Tacoma","WA","98497","US",""
"7095","2024-10-25","2025-03-03","5497 S State St","Albany","NY","12091","USA",""
"7096","2024-07-14","","1628 S Main St","Austin","TX","78054","USA","2025-10-15"
"7097","2024-01-05","","6136 N Elm Dr","Milford","DE","19753","US",""
"7098","2021-10-05","","4860 E Center St","Aurora","CO","80732","US",""
"7099","2024-12-09","","","","","","",""
"7100","2025-07-11","","406 S State St","Irvine","CA","91425","US",""
"7101","2020-10-06","","4147 King St","Monterrey","NLE","95610","MX",""
"7102","2025-07-08","","5783 S Main St","Mesa","AZ.","85995","US",""
"7103","2021-12-06","","449 W Oak Ave","Ogden","UT","84631","US",""
"7104","2023-06-08","","3603 S State St","Oakland","CA","96137","USA",""
"7105","2023-04-15","","646 W Oak Ave","Ogden","UT","84659","US",""
"7106","2024-05-20","","8303 E Center St","Provo","UT","84249","US",""
"7107","2021-10-28","","846 S Main St","Reno","NV","89596","US",""
"7108","2025-01-20","","5778 S Main St","Plano","TX","78024","US",""
"7109","2024-10-28","","5020 N Elm Dr","Provo","UT","84243","US",""
"7110","2025-12-12","","3414 S State St","Provo","UT","84049","US",""
"7111","2021-11-04","","375 W Oak Ave","Ogden","UT","84467","US",""
"7112","2025-10-21","","9424 S Main St","San Jose","California","92805","USA",""
"7113","2022-04-19","","8756 S Main St","Fresno","California","93567","US",""
"7114","2023-07-17","","2245 E Center St","Ogden","ut ","84528","US",""
"7115","2022-11-02","","8563 N Elm Dr","Lehi","UT.","84337","US",""
"7116","2025-11-06","","2465 W Oak Ave","San Jose","CA","95489","US",""
"7117","2025-03-20","","2526 W Oak Ave","Fort Collins","CO","80844","US",""
"7118","2020-03-26","","","","","","",""
"7119","2024-02-10","","2041 E Center St","Phoenix","az ","85177","US",""
"7120","2026-02-18","","9668 E Center St","Denver","CO","80034","US",""
"7121","2026-02-27","","5693 W Oak Ave","Las Vegas","NV","89574","US",""
"7122","2024-06-24","","4214 S Main St","Phoenix","az ","85508","USA",""
"7123","2024-01-01","","8913 E Center St","Newark","de ","19887","US","2025-07-01"
"7124","2019-03-13","","1847 W Oak Ave","Tacoma","WA","98445","US",""
"7125","2020-01-29","","3638 N Elm Dr","Aurora","CO","81653","US",""
"7126","2025-09-27","","8712 S State St","Provo","UT","84212","US",""
"7127","2022-04-26","","2768 E Center St","Oakland","CA","95980","USA",""
"7128","2019-02-22","","3920 S Main St","St. George","UT","84761","USA",""
"7129","2026-05-01","","5339 S Main St","Plano","tx ","79571","US",""
"7130","2026-05-15","","8231 W Oak Ave","Olympia","WA","98762","US",""
"7131","2023-09-16","","5840 S State St","Olympia","WA","98573","USA",""
"7132","2019-05-03","","559 W Oak Ave","Boulder","CO","80768","USA",""
"7133","2026-03-30","","2866 N Elm Dr","Denver","CO","80830","US",""
"7134","2024-11-11","","9402 S State St","Austin","TX","75911","USA",""
"7135","2022-05-31","","6457 S Main St","St. George","UT","84737","US",""
"7136","2025-10-16","","3422 S State St","San Jose","CA","92931","US",""
"7137","2023-11-14","","1271 S State St","Dallas","tx ","76769","US",""
"7138","2020-03-09","","5163 S Main St","Houston","TX","77558","USA",""
"7139","2021-11-23","","5801 E Center St","St. George","Utah","84499","US",""
"7140","2021-11-10","","3359 S Main St","Phoenix","AZ.","85258","US",""
"7141","2022-01-19","","4999 N Elm Dr","Ogden","ut ","84479","USA",""
"7142","2024-07-03","","","","","","",""
"7143","2020-12-05","","697 S Main St","Lehi","ut ","84492","US",""
"7144","2022-08-25","","","","","","",""
"7145","2024-08-11","","3099 S Main St","Aurora","CO","80706","US",""
"7146","2026-02-02","","9460 S State St","Sparks","NV","89745","US",""
"7147","2024-01-24","","813 E Center St","Oakland","CA","95147","US",""
"7148","2019-03-28","","7662 S Main St","Lehi","UT","84235","US",""
"7149","2022-02-26","","4126 W Oak Ave","Denver","Colorado","80793","US",""
"7150","2020-03-19","","4762 S Main St","Lehi","UT","84435","US",""
"7151","2023-05-21","","7031 W Oak Ave","Smyrna","DE","19725","US",""
"7152","2025-05-08","","3402 E Center St","St. George","UT","84310","US",""
"7153","2023-05-21","","7072 S State St","Mesa","Arizona","85291","US",""
"7154","2025-03-22","","8592 N Elm Dr","Houston","TX","75503","US",""
"7155","2022-11-09","","3109 S Main St","St. George","ut ","84439","US",""
"7156","2020-10-12","","700 S State St","Fresno","CA","95365","USA",""
"7157","2025-08-14","","6318 S State St","Irvine","CA","93850","US",""
"7158","2020-08-09","","9037 S State St","St. George","UT","84472","US",""
"7159","2021-09-08","","4902 S Main St","Denver","CO","81215","US",""
"7160","2025-07-02","","5337 S State St","Albany","NY","12221","US",""
"7161","2021-07-04","","2033 N Elm Dr","El Paso","TX","77903","USA",""
"7162","2024-10-30","","3299 W Oak Ave","Lehi","ut ","84228","USA",""
"7163","2025-02-20","","7288 W Oak Ave","Provo","UT","84641","US",""
"7164","2023-09-24","","5892 S Main St","San Jose","ca ","90546","US",""
"7165","2021-10-04","","6546 W Oak Ave","Ogden","UT","84711","US",""
"7166","2025-06-07","","1865 E Center St","Fresno","CA","90349","US",""
"7167","2023-05-08","","8888 S State St","Oakland","CA","91449","US",""
"7168","2024-11-18","","2700 S State St","Houston","TX","76352","US",""
"7169","2025-01-22","","3073 N Elm Dr","St. George","UT","84623","US",""
"7170","2026-03-19","","640 E Center St","Buffalo","NY.","13528","US",""
"7171","2024-12-01","","3344 S State St","Ogden","UT","84692","US",""
"7172","2024-10-14","","4426 S State St","Spokane","wa ","98198","US",""
"7173","2020-08-13","","3548 S State St","Spokane","WA","98160","US",""
"7174","2023-08-23","","2178 N Elm Dr","San Jose","CA","91646","US",""
"7175","2025-12-01","","9119 E Center St","Houston","TX","76185","USA",""
"7176","2022-04-13","","7034 W Oak Ave","Pueblo","co ","80740","US",""
"7177","2026-04-04","","2811 S Main St","Brooklyn","NY","13119","US",""
"7178","2024-08-11","","5541 W Oak Ave","Denver","CO","81131","US",""
"7179","2023-04-12","","2711 Calle Norte","Calgary","AB","M4G 8H3","Canada","2024-10-03"
"7180","2023-09-10","","7982 N Elm Dr","Mesa","AZ","86555","USA",""
"7181","2024-05-23","","4322 S State St","Carson City","NV","89385","USA",""
"7182","2025-02-12","","873 S Main St","Denver","Colorado","81600","US",""
"7183","2020-08-08","","2940 S Main St","Provo","UT","84201","US",""
"7184","2021-03-14","","9027 S State St","Oakland","CA","93000","US",""
"7185","2021-06-27","","4759 S Main St","Houston","TX","76240","US",""
"7186","2026-05-19","","4117 E Center St","San Jose","CA","93993","US",""
"7187","2024-04-01","","1456 N Elm Dr","Oakland","CA","92732","US",""
"7188","2024-01-09","","7037 W Oak Ave","Fresno","CA","90050","USA",""
"7189","2022-11-23","","138 S State St","El Paso","TX","77157","USA",""
"7190","2024-09-29","","8578 W Oak Ave","Ogden","UT","84393","USA",""
"7191","2022-05-02","","5962 S State St","Irvine","CA","90648","US",""
"7192","2025-02-09","","9171 N Elm Dr","Reno","NV","89110","US",""
"7193","2026-03-11","","4478 N Elm Dr","Ogden","UT","84074","US",""
"7194","2025-05-03","","4055 S Main St","Lehi","UT","84314","US",""
"7195","2025-08-14","","7169 N Elm Dr","Tacoma","WA","99339","US",""
"7196","2020-02-25","","7671 N Elm Dr","Oakland","ca ","92160","US",""
"7197","2025-10-16","","4629 S State St","Rochester","ny ","10028","US",""
"7198","2020-12-07","","4401 S State St","Newark","DE","19717","US","2026-01-12"
"7199","2026-06-21","","6484 S State St","Carson City","NV","89257","US",""
"7200","2025-08-21","","4277 N Elm Dr","Wilmington","DE","19792","US","2026-05-11"
"7201","2025-04-11","","5638 W Oak Ave","Provo","UT","84357","US",""
"7202","2024-03-01","","4727 W Oak Ave","Dallas","TX","78769","US",""
"7203","2024-10-16","","542 S State St","Provo","UT","84033","USA","2025-09-13"
"7204","2021-06-16","","8742 S State St","Austin","Texas","78070","US",""
"7205","2025-11-11","","3606 N Elm Dr","Wilmington","DE","19706","US",""
"7206","2019-04-09","","2467 W Oak Ave","Spokane","wa ","98954","US",""
"7207","2023-01-24","","6531 S Main St","Pueblo","CO","80856","USA",""
"7208","2023-09-30","","3914 N Elm Dr","Fort Collins","CO","81107","USA",""
"7209","2024-11-27","","","","","","",""
"7210","2024-10-27","","2564 N Elm Dr","Oakland","CA","93213","US",""
"7211","2023-11-20","","8567 S Main St","St. George","ut ","84149","US","2024-01-17"
"7212","2025-08-18","","1527 S Main St","Houston","TX","77618","US",""
"7213","2022-12-19","","8605 E Center St","El Paso","tx ","76672","USA",""
"7214","2024-01-06","","2583 W Oak Ave","Denver","CO","81063","USA",""
"7215","2023-02-27","2023-11-09","4497 S Main St","Irvine","California","90588","US",""
"7216","2025-08-14","","4769 W Oak Ave","Carson City","NV","89727","US",""
"7217","2026-05-31","","8109 N Elm Dr","Austin","TX","79677","US",""
"7218","2024-07-09","","6037 S Main St","Olympia","WA","98053","USA",""
"7219","2022-07-26","","8151 N Elm Dr","Tempe","AZ","85361","US","2026-05-30"
"7220","2025-12-15","","1311 W Oak Ave","Spokane","WA","98036","US",""
"7221","2022-12-26","","9468 E Center St","Lehi","ut ","84252","US",""
"7222","2024-06-14","","1997 S Main St","Fort Collins","Colorado","81184","US",""
"7223","2023-01-19","2023-06-13","4255 S State St","Phoenix","AZ","85439","USA",""
"7224","2024-06-29","2025-08-23","3375 S State St","Irvine","CA","94949","US",""
"7225","2024-11-01","","9208 S State St","Fresno","CA","95662","USA",""
"7226","2024-03-02","","9472 E Center St","Sacramento","CA","91569","US",""
"7227","2025-10-28","","","","","","",""
"7228","2025-04-30","","502 N Elm Dr","Fort Collins","Colorado","80547","US",""
"7229","2022-06-07","","4798 S Main St","Tempe","Arizona","86306","USA",""
"7230","2026-03-22","","5061 S State St","Austin","Texas","79913","US",""
"7231","2023-07-08","","999 Calle Norte","Vancouver","BC","H1J 3G2","CA",""
"7232","2023-11-22","","5893 W Oak Ave","Salt Lake City","UT","84443","US",""
"7233","2021-08-07","","7467 S State St","El Paso","Texas","78544","US",""
"7234","2025-07-07","","5459 S State St","Fresno","ca ","94162","US",""
"7235","2020-06-12","","1083 Calle Norte","Toronto","ON","V3A 1C3","Canada",""
"7236","2019-06-08","","2761 W Oak Ave","Boulder","CO","80085","US",""
"7237","2025-08-13","","631 W Oak Ave","St. George","ut ","84179","USA",""
"7238","2025-07-01","","8730 S State St","Tempe","AZ","86099","USA",""
"7239","2020-11-02","","9095 N Elm Dr","Lehi","Utah","84616","US",""
"7240","2026-04-07","","9535 N Elm Dr","Tucson","AZ","86473","USA",""
"7241","2024-01-25","","9637 E Center St","Tacoma","wa ","98924","US",""
"7242","2020-11-14","","741 E Center St","Irvine","CA","95935","US",""
"7243","2024-09-30","","5707 E Center St","Lehi","UT","84339","US",""
"7244","2025-10-11","","6940 N Elm Dr","El Paso","TX","75274","US",""
"7245","2021-05-28","","8327 W Oak Ave","Fresno","CA","90420","USA",""
"7246","2021-06-13","","1880 E Center St","Fresno","ca ","95392","US","2025-11-14"
"7247","2022-12-24","","2669 S Main St","Syracuse","NY","12572","US",""
"7248","2021-01-30","","7512 S State St","Olympia","WA","99097","US",""
"7249","2024-12-30","","5331 S State St","Fresno","CA","91163","US",""
"7250","2020-09-16","","5867 S State St","Salt Lake City","ut ","84371","US",""
"7251","2024-10-19","","8657 S State St","Carson City","NV","89171","US",""
"7252","2023-07-08","2024-01-07","4253 N Elm Dr","Bellevue","WA","99088","US",""
"7253","2021-08-16","","8713 W Oak Ave","Tucson","AZ","85097","US",""
"7254","2025-06-22","","2223 N Elm Dr","Salt Lake City","UT.","84330","US",""
"7255","2020-01-15","","4889 N Elm Dr","Provo","UT","84703","USA",""
"7256","2026-06-03","","1186 E Center St","Albany","New York","12253","US",""
"7257","2021-03-14","","6440 S State St","Fresno","CA","91105","US",""
"7258","2024-06-26","","","","","","",""
"7259","2024-12-03","","9131 S State St","Flagstaff","AZ","85253","US",""
"7260","2025-11-22","","9459 W Oak Ave","Provo","UT","84229","USA",""
"7261","2026-04-29","","9726 N Elm Dr","Ogden","UT","84566","USA",""
"7262","2025-08-28","","1691 W Oak Ave","Rochester","New York","13095","US",""
"7263","2020-07-08","","6346 S Main St","St. George","Utah","84784","USA",""
"7264","2024-12-08","","264 S Main St","Spokane","Washington","99012","US",""
"7265","2020-12-26","","6689 E Center St","Tucson","AZ","86201","USA","2026-01-09"
"7266","2026-06-12","","5276 W Oak Ave","Salt Lake City","UT","84398","US",""
"7267","2024-12-22","","6911 S State St","Tucson","AZ","86442","US",""
"7268","2020-04-26","","9358 S Main St","Denver","CO","80758","US",""
"7269","2023-05-11","","2954 E Center St","St. George","Utah","84273","US",""
"7270","2025-11-10","","8767 N Elm Dr","Dallas","tx ","75539","US",""
"7271","2020-05-31","","4737 S Main St","St. George","UT","84631","US",""
"7272","2026-06-22","","1982 E Center St","Fort Collins","Colorado","80894","USA",""
"7273","2026-03-06","","2811 W Oak Ave","Dallas","TX","79731","US",""
"7274","2025-02-25","","9476 N Elm Dr","Denver","CO","80960","USA",""
"7275","2023-01-09","2024-08-27","5418 S State St","Henderson","NV","89526","US",""
"7276","2026-05-08","","159 N Elm Dr","Plano","TX","77895","US",""
"7277","2024-08-18","","4652 S Main St","Flagstaff","AZ.","86215","US",""
"7278","2021-05-28","","","","","","",""
"7279","2020-04-26","","5114 S Main St","Tucson","AZ","86341","US",""
"7280","2026-06-16","","1654 S Main St","Rochester","ny ","12146","US",""
"7281","2023-05-23","","9677 S Main St","Ogden","UT","84441","US",""
"7282","2025-05-25","","3734 E Center St","Lehi","UT","84696","US",""
"7283","2021-03-13","","7138 N Elm Dr","El Paso","TX","79841","USA",""
"7284","2026-05-04","","4904 S State St","St. George","ut ","84624","US",""
"7285","2022-12-23","","7768 W Oak Ave","San Jose","CA","92708","US",""
"7286","2022-05-03","","5856 W Oak Ave","Lehi","Utah","84502","US",""
"7287","2023-11-13","2026-01-31","9765 W Oak Ave","Provo","UT","84762","US",""
"7288","2026-04-21","","3943 S State St","Syracuse","NY","14584","US",""
"7289","2025-12-15","","1951 S State St","Reno","NV","89133","US",""
"7290","2022-03-07","","","","","","",""
"7291","2022-04-01","","6517 E Center St","Albany","ny ","11859","US",""
"7292","2026-04-27","","7746 S Main St","Ogden","UT.","84710","USA",""
"7293","2024-11-14","","4495 Calle Norte","Ciudad de Mexico","CMX","50387","MX","2025-07-20"
"7294","2019-10-29","","3826 S State St","Oakland","CA","94285","US",""
"7295","2023-03-29","","6978 N Elm Dr","El Paso","TX","76887","US",""
"7296","2024-09-27","","5617 W Oak Ave","Sacramento","California","92323","US",""
"7297","2021-09-30","","539 E Center St","Carson City","NV","89290","US",""
"7298","2022-12-13","","40 S Main St","Provo","UT","84666","US",""
"7299","2022-06-09","","5938 N Elm Dr","Austin","TX","79553","US",""
"7300","2019-05-23","","3553 W Oak Ave","Oakland","CA","93941","US",""
"7301","2023-01-18","","6046 N Elm Dr","Houston","TX","77113","US",""
"7302","2019-02-24","","8754 N Elm Dr","St. George","UT","84380","US",""
"7303","2024-01-16","","9052 S Main St","Provo","UT","84054","US",""
"7304","2024-06-25","","1310 S Main St","Plano","TX","77204","US",""
"7305","2021-04-02","","288 E Center St","Oakland","CA","91893","US",""
"7306","2023-11-09","","7505 E Center St","Tacoma","WA","98484","US",""
"7307","2020-11-30","","3210 S Main St","Dover","de ","19854","USA",""
"7308","2025-01-06","","7439 S State St","St. George","UT","84527","US","2026-03-24"
"7309","2026-04-15","","7633 N Elm Dr","Milford","DE.","19974","US",""
"7310","2025-07-16","","","","","","",""
"7311","2023-01-10","","6631 S Main St","Pueblo","CO","81255","US",""
"7312","2023-03-27","","2419 E Center St","Phoenix","AZ","85079","US",""
"7313","2022-11-13","","1037 N Elm Dr","Fort Collins","co ","80950","USA",""
"7314","2022-05-07","","5156 S State St","St. George","UT","84288","US",""
"7315","2019-10-20","","9175 W Oak Ave","Rochester","NY","14853","USA",""
"7316","2021-05-17","","94 Calle Norte","Monterrey","NLE","12950","MX",""
"7317","2024-01-29","","","","","","",""
"7318","2025-09-08","","","","","","",""
"7319","2019-08-22","","7598 W Oak Ave","Carson City","NV.","89322","US",""
"7320","2020-09-09","","7682 N Elm Dr","Ogden","Utah","84491","US",""
"7321","2025-10-14","","","","","","",""
"7322","2025-09-20","","8781 N Elm Dr","Milford","Delaware","19821","US",""
"7323","2022-03-17","","4922 N Elm Dr","San Jose","CA","95238","US","2024-08-24"
"7324","2025-02-05","","2520 N Elm Dr","Boulder","CO","81321","US",""
"7325","2023-05-31","","484 S State St","Flagstaff","AZ","85212","US",""
"7326","2025-05-01","","1819 S State St","Salt Lake City","UT","84205","US",""
"7327","2025-04-12","","2297 S State St","Ogden","UT","84502","US",""
"7328","2026-06-19","","4588 N Elm Dr","Houston","TX","78817","US",""
"7329","2022-06-09","","7307 S State St","Provo","UT","84641","US",""
"7330","2025-06-11","","7929 S Main St","Pueblo","CO","81129","US",""
"7331","2023-01-16","","9752 E Center St","Provo","UT","84507","US",""
"7332","2025-09-12","","369 Rue Principale","Toronto","ON","T1H 1G4","CA",""
"7333","2021-11-15","","8540 S Main St","Reno","NV","89839","US",""
"7334","2026-03-29","","6749 W Oak Ave","Denver","CO","80970","US",""
"7335","2025-06-03","","","","","","",""
"7336","2022-06-26","","7784 E Center St","Salt Lake City","UT","84579","US",""
"7337","2023-12-05","","5373 W Oak Ave","Oakland","California","90801","US",""
"7338","2023-04-02","","6322 N Elm Dr","Sparks","NV","89133","US",""
"7339","2022-02-01","","","","","","",""
"7340","2020-12-08","","5887 N Elm Dr","Ogden","ut ","84139","US",""
"7341","2022-07-17","","7518 W Oak Ave","Denver","co ","80796","US",""
"7342","2024-09-12","","3672 S Main St","Bellevue","WA","98377","US",""
"7343","2021-09-30","","6180 S State St","Salt Lake City","UT","84152","US",""
"7344","2021-06-13","","5906 S State St","Irvine","CA.","95025","US",""
"7345","2024-04-16","","3894 W Oak Ave","Mesa","AZ","85343","US",""
"7346","2024-03-12","","6894 N Elm Dr","Reno","NV","89014","USA",""
"7347","2023-10-07","","867 E Center St","Fresno","CA.","90535","USA",""
"7348","2023-03-08","","841 King St","Monterrey","NLE","26221","MX",""
"7349","2026-03-24","","6407 E Center St","Mesa","AZ","85644","US",""
"7350","2022-08-08","","8768 E Center St","Tacoma","Washington","98154","US",""
"7351","2026-03-11","","1226 S Main St","Provo","UT","84290","US",""
"7352","2026-04-23","","","","","","",""
"7353","2025-03-06","","2100 E Center St","Bellevue","WA","99355","USA",""
"7354","2024-12-03","","9498 S State St","El Paso","TX","78539","US",""
"7355","2026-01-04","","469 S Main St","Rochester","NY","14470","US",""
"7356","2023-06-26","2025-12-18","4907 E Center St","Denver","CO","80312","US",""
"7357","2020-10-10","","122 E Center St","Irvine","CA","90666","US",""
"7358","2025-01-09","","2567 N Elm Dr","Denver","CO","80016","USA",""
"7359","2024-08-01","","5343 N Elm Dr","Austin","Texas","77311","US",""
"7360","2025-04-10","2025-09-24","9095 S Main St","San Jose","CA.","92058","US",""
"7361","2024-10-23","","3431 S Main St","Oakland","CA","94793","USA","2025-01-31"
"7362","2020-12-14","2022-01-27","5966 S Main St","Sacramento","CA","93765","US",""
"7363","2025-06-22","","9004 S Main St","Henderson","NV","89009","US",""
"7364","2021-05-31","","715 S Main St","Austin","TX","76828","US",""
"7365","2019-12-10","","6247 S State St","St. George","UT","84256","USA",""
"7366","2021-12-16","","7905 S State St","San Jose","CA","91905","US",""
"7367","2026-02-18","","402 N Elm Dr","Rochester","ny ","11242","US",""
"7368","2025-06-04","","6139 S State St","Ogden","UT","84335","US",""
"7369","2025-04-26","","1248 King St","Toronto","ON","H2A 1G4","CA",""
"7370","2019-05-24","","1581 W Oak Ave","Boulder","CO","80132","USA",""
"7371","2022-08-28","","4703 E Center St","Ogden","ut ","84174","US",""
"7372","2020-10-26","","206 W Oak Ave","Lehi","UT","84533","US",""
"7373","2019-11-12","","4034 E Center St","Las Vegas","nv ","89559","US","2023-04-15"
"7374","2020-07-07","","1439 S State St","Oakland","CA","91502","USA",""
"7375","2022-02-19","","1203 E Center St","Aurora","CO","80345","US",""
"7376","2025-04-20","","7109 N Elm Dr","Flagstaff","AZ","85232","US",""
"7377","2023-12-04","","752 E Center St","Oakland","CA","91978","US",""
"7378","2026-02-04","","","","","","",""
"7379","2025-11-27","","4490 E Center St","Oakland","CA.","93413","US",""
"7380","2022-07-29","","1882 S State St","Spokane","wa ","98736","US",""
"7381","2025-07-28","2025-12-10","4043 S State St","Salt Lake City","UT","84347","USA",""
"7382","2021-05-10","","3829 N Elm Dr","Aurora","CO","81099","US",""
"7383","2023-12-21","","5845 N Elm Dr","Sacramento","California","93002","US","2025-08-15"
"7384","2025-10-11","","7967 E Center St","Tempe","AZ","85598","US",""
"7385","2019-02-16","","7075 S Main St","San Jose","CA","93259","US",""
"7386","2024-11-05","","1679 Rue Principale","Monterrey","NLE","55544","MX",""
"7387","2020-06-26","","1160 S State St","Rochester","NY","12329","US",""
"7388","2024-12-29","","7167 S Main St","Spokane","wa ","98971","USA",""
"7389","2023-03-16","","4788 S State St","Fort Collins","CO","80270","US",""
"7390","2025-02-20","","7232 N Elm Dr","Sparks","NV","89781","US",""
"7391","2022-11-27","","773 S State St","Sacramento","CA","92905","US",""
"7392","2024-10-04","","5805 E Center St","Fort Collins","CO","80625","US",""
"7393","2023-11-22","","9606 N Elm Dr","Fort Collins","CO","80052","US",""
"7394","2025-06-09","","7391 N Elm Dr","Provo","UT","84770","US",""
"7395","2020-05-19","","773 E Center St","Sparks","Nevada","89774","USA",""
"7396","2024-11-24","","86 S State St","Olympia","Washington","98830","USA",""
"7397","2024-12-06","","8242 W Oak Ave","Denver","CO","81607","US",""
"7398","2025-11-08","","7088 S State St","Salt Lake City","UT","84773","USA",""
"7399","2026-06-15","","3456 E Center St","Oakland","CA","95072","US",""
"7400","2023-04-01","","16 E Center St","Phoenix","AZ","85345","US",""
"7401","2020-02-10","","8072 E Center St","Henderson","NV","89186","US","2025-11-02"
"7402","2020-09-28","","3450 S State St","Austin","TX","79366","US",""
"7403","2025-02-09","","9641 E Center St","Irvine","CA","94659","US","2026-01-08"
"7404","2025-06-18","","8443 N Elm Dr","Sacramento","CA","95745","USA",""
"7405","2023-04-01","","3187 E Center St","Carson City","NV","89737","US",""
"7406","2023-06-08","","5646 S Main St","Ogden","UT","84434","USA",""
"7407","2024-04-18","","3827 E Center St","Provo","UT","84652","US",""
"7408","2023-05-03","","1380 N Elm Dr","Lehi","UT","84762","US","2025-09-27"
"7409","2026-05-18","","8401 E Center St","Olympia","wa ","98659","US",""
"7410","2022-08-31","","9511 W Oak Ave","Phoenix","AZ","85124","US","2025-01-18"
"7411","2019-09-25","","4876 N Elm Dr","Sacramento","CA","93826","US",""
"7412","2022-11-08","","2995 E Center St","Tucson","AZ.","85229","US",""
"7413","2022-12-29","","82 W Oak Ave","Seattle","WA","98745","US",""
"7414","2025-10-06","","2131 S Main St","Irvine","CA","94668","US",""
"7415","2022-11-06","","7691 E Center St","Ogden","ut ","84145","US","2026-01-06"
"7416","2022-09-04","","7431 N Elm Dr","Henderson","NV","89630","US",""
"7417","2023-02-21","","9472 W Oak Ave","Pueblo","Colorado","81498","USA","2023-07-30"
"7418","2020-01-12","","8544 S State St","Sacramento","CA.","92183","US",""
"7419","2022-07-23","","1207 N Elm Dr","Ogden","UT.","84758","US",""
"7420","2020-12-03","","3232 S Main St","Lehi","UT.","84275","USA",""
"7421","2021-10-07","","3007 S State St","Ogden","UT","84096","US",""
"7422","2023-08-02","","6817 E Center St","Milford","DE","19810","US",""
"7423","2024-11-28","","807 S Main St","Austin","tx ","77741","US",""
"7424","2024-10-24","","8714 W Oak Ave","Seattle","WA","99398","US",""
"7425","2024-07-09","","3371 W Oak Ave","Milford","DE","19935","US",""
"7426","2023-02-18","","2192 W Oak Ave","Albany","ny ","11039","US",""
"7427","2024-12-06","","7694 N Elm Dr","Brooklyn","New York","11483","US",""
"7428","2025-01-11","","5599 E Center St","Provo","UT","84543","US",""
"7429","2026-04-28","","7926 S Main St","St. George","UT","84376","US",""
"7430","2024-01-27","","8947 S Main St","Milford","de ","19751","US",""
"7431","2021-04-20","","8193 S Main St","Brooklyn","NY","11585","US",""
"7432","2019-08-19","2024-03-01","1489 W Oak Ave","Plano","tx ","76658","US",""
"7433","2024-04-01","","4842 S Main St","Mesa","AZ","86495","US",""
"7434","2026-06-11","","2154 W Oak Ave","Fresno","CA","90143","US",""
"7435","2020-05-07","","7489 N Elm Dr","Irvine","CA","93356","USA",""
"7436","2023-08-18","","7508 W Oak Ave","Ogden","ut ","84063","USA",""
"7437","2026-01-25","","5312 E Center St","Albany","NY","10400","USA",""
"7438","2022-04-12","","3146 S Main St","Provo","ut ","84449","US",""
"7439","2024-02-12","","8946 N Elm Dr","Lehi","UT","84358","US",""
"7440","2025-12-25","","5568 S Main St","Sacramento","CA","93145","USA",""
"7441","2026-02-25","","4351 N Elm Dr","Provo","UT","84595","USA",""
"7442","2023-10-27","","5629 W Oak Ave","St. George","UT","84209","USA",""
"7443","2020-02-09","","1212 S State St","Sacramento","California","93151","US",""
"7444","2024-10-18","","1113 W Oak Ave","Fort Collins","co ","81142","USA",""
"7445","2025-01-21","","4227 S Main St","Rochester","NY.","10185","US",""
"7446","2025-12-30","","3225 S State St","Boulder","Colorado","80271","US",""
"7447","2023-07-14","","6734 W Oak Ave","Henderson","NV","89839","US",""
"7448","2021-10-19","","4604 E Center St","Phoenix","Arizona","85260","US",""
"7449","2023-06-20","","3860 Rue Principale","Ciudad de Mexico","CMX","25907","MX",""
"7450","2021-11-20","","7519 S Main St","St. George","UT","84507","US",""
"7451","2020-01-04","","1296 S Main St","Salt Lake City","UT","84051","USA",""
"7452","2020-06-09","2022-02-08","3092 E Center St","St. George","UT","84030","US",""
"7453","2024-09-15","","7344 S State St","Flagstaff","az ","86348","US",""
"7454","2026-01-23","","4902 E Center St","Fresno","CA","93947","US",""
"7455","2023-01-14","","3876 S Main St","Denver","Colorado","80854","USA",""
"7456","2019-10-16","","6183 N Elm Dr","Sacramento","CA","90664","USA",""
"7457","2021-07-11","","144 Calle Norte","Ciudad de Mexico","CMX","38044","MX",""
"7458","2026-03-22","","7104 W Oak Ave","Oakland","California","94692","US",""
"7459","2024-10-18","","9161 N Elm Dr","Smyrna","DE","19769","USA",""
"7460","2020-12-27","","","","","","",""
"7461","2025-08-14","","3967 S State St","Lehi","UT","84506","USA",""
"7462","2019-01-02","","140 Av Reforma","Toronto","ON","T7G 6J1","Canada",""
"7463","2022-09-13","","1140 E Center St","St. George","UT","84406","US",""
"7464","2019-02-23","","5902 N Elm Dr","Las Vegas","NV","89032","US",""
"7465","2025-10-27","","3488 S State St","Carson City","NV","89154","US","2025-11-05"
"7466","2020-09-13","","8042 N Elm Dr","Spokane","Washington","98566","US",""
"7467","2020-07-02","","9686 E Center St","Houston","TX","76442","USA","2025-05-29"
"7468","2023-04-15","","1971 N Elm Dr","Fresno","CA","90377","US","2024-08-08"
"7469","2025-06-03","","1884 S Main St","Las Vegas","NV","89451","US",""
"7470","2023-12-24","","3893 S Main St","Ogden","UT","84354","US",""
"7471","2023-01-05","","6303 S State St","Pueblo","CO.","80062","US",""
"7472","2026-03-22","","2234 S State St","Provo","UT","84227","US",""
"7473","2023-09-30","","7719 E Center St","Newark","de ","19787","US",""
"7474","2024-03-16","","8528 S Main St","Brooklyn","NY","14742","US",""
"7475","2023-05-23","","1443 E Center St","Sacramento","CA","91569","USA",""
"7476","2020-01-16","","7795 N Elm Dr","Pueblo","CO","81060","US",""
"7477","2024-05-04","","6705 N Elm Dr","Salt Lake City","UT","84128","USA",""
"7478","2026-03-27","","1838 N Elm Dr","Sacramento","CA","93877","USA",""
"7479","2025-01-15","","5225 S Main St","Plano","TX","79451","US",""
"7480","2022-11-16","","9659 W Oak Ave","Sparks","NV","89556","USA",""
"7481","2021-11-02","","1687 E Center St","Irvine","CA","95217","US",""
"7482","2025-07-17","","4306 S State St","St. George","UT.","84179","US",""
"7483","2026-05-05","","7367 S State St","Irvine","ca ","90440","US",""
"7484","2023-09-22","","8127 N Elm Dr","Austin","TX","78677","US",""
"7485","2023-06-18","","4311 N Elm Dr","San Jose","CA","94300","US",""
"7486","2023-03-31","","2248 E Center St","Seattle","WA","99179","US",""
"7487","2022-08-28","","666 S Main St","Provo","UT","84509","US",""
"7488","2025-01-13","","8402 E Center St","Brooklyn","NY","14762","US",""
"7489","2023-10-09","","2171 S Main St","Brooklyn","NY","14485","US",""
"7490","2026-05-28","","2323 S Main St","Boulder","CO","81345","US",""
"7491","2025-10-28","","7541 S Main St","Las Vegas","NV","89245","USA",""
"7492","2025-08-14","","5387 W Oak Ave","Provo","UT","84343","US",""
"7493","2024-11-16","","5762 E Center St","Boulder","CO","80459","US",""
"7494","2023-06-11","","7803 S State St","Plano","TX","75477","US","2023-11-08"
"7495","2024-08-01","2026-05-11","409 S State St","Boulder","CO","80756","USA",""
"7496","2024-03-05","","6279 S Main St","Houston","TX","76736","US",""
"7497","2020-11-19","","6591 S State St","Rochester","NY","13388","US",""
"7498","2021-10-13","","6031 N Elm Dr","Aurora","CO","81528","USA",""
"7499","2020-05-11","","2125 S State St","Austin","TX.","79182","US",""
"7500","2025-01-24","","731 N Elm Dr","Irvine","CA","94291","US",""
"7501","2023-11-12","","9163 S Main St","Denver","co ","80191","US",""
"7502","2022-07-19","","4260 E Center St","Oakland","CA","92361","USA",""
"7503","2021-01-27","","2340 W Oak Ave","Provo","Utah","84389","US",""
"7504","2025-12-22","","1039 Calle Norte","Guadalajara","JAL","46717","MX",""
"7505","2025-12-02","","260 S State St","Ogden","UT","84233","US",""
"7506","2022-07-24","","6657 E Center St","St. George","UT","84279","US",""
"7507","2021-06-30","","4399 S State St","Austin","TX","75201","USA",""
"7508","2025-07-10","","1151 N Elm Dr","San Jose","CA","94472","US",""
"7509","2023-12-18","","9796 S Main St","Wilmington","DE","19781","US",""
"7510","2024-07-02","","6385 S State St","St. George","UT","84087","US",""
"7511","2024-03-06","","5344 S State St","Ogden","UT","84471","US",""
"7512","2026-06-05","","6941 S Main St","Irvine","CA","92017","US",""
"7513","2024-07-05","","5871 S State St","Salt Lake City","UT","84784","USA",""
"7514","2025-02-17","","","","","","",""
"7515","2025-04-11","","4143 S State St","Sparks","NV.","89587","US",""
"7516","2025-11-29","","6965 S State St","Houston","TX","75719","US",""
"7517","2024-09-11","","7465 S Main St","Lehi","UT","84183","US",""
"7518","2025-05-01","","2029 N Elm Dr","Irvine","CA","93812","US",""
"7519","2024-06-12","","8150 S Main St","Reno","NV","89860","US",""
"7520","2019-09-06","","195 E Center St","Bellevue","WA","99306","US",""
"7521","2024-04-24","","6340 E Center St","Fresno","CA","92246","US",""
"7522","2024-09-06","","6582 S Main St","Syracuse","NY","12847","US","2025-04-13"
"7523","2023-12-04","","1297 Rue Principale","Calgary","AB","H3H 8J3","Canada",""
"7524","2023-02-25","","2568 S Main St","Irvine","CA","93448","US",""
"7525","2022-08-10","","4640 N Elm Dr","Plano","Texas","79968","US",""
"7526","2023-09-06","","480 N Elm Dr","San Jose","CA","92961","US",""
"7527","2023-01-21","","8671 W Oak Ave","Syracuse","NY","12416","US",""
"7528","2026-05-10","","3768 E Center St","Lehi","ut ","84325","USA",""
"7529","2021-02-25","","8819 N Elm Dr","Syracuse","ny ","11048","US",""
"7530","2024-02-14","","","","","","",""
"7531","2024-02-14","","4763 E Center St","Milford","DE","19704","USA",""
"7532","2020-10-09","","3389 E Center St","Oakland","California","95081","USA",""
"7533","2025-02-03","","6071 S Main St","Tacoma","wa ","99270","US",""
"7534","2022-11-12","","6172 N Elm Dr","Oakland","ca ","93614","USA",""
"7535","2025-03-27","","6693 S Main St","Flagstaff","Arizona","86092","US",""
"7536","2024-06-06","","3199 E Center St","San Jose","CA","93726","US",""
"7537","2026-03-31","","7721 S State St","Austin","TX","78510","USA",""
"7538","2023-01-15","","5142 S Main St","Milford","DE","19957","US",""
"7539","2022-05-13","","4252 S Main St","Irvine","CA","93453","USA",""
"7540","2020-08-02","","442 S State St","San Jose","CA","91265","US",""
"7541","2021-10-31","","8149 N Elm Dr","Salt Lake City","UT","84360","US",""
"7542","2022-09-29","","7904 S State St","Mesa","AZ","85930","US",""
"7543","2025-02-11","","5464 W Oak Ave","Fort Collins","CO","80734","US",""
"7544","2024-04-08","","4417 S Main St","Houston","tx ","75512","USA",""
"7545","2022-09-17","","2135 W Oak Ave","Lehi","ut ","84661","US",""
"7546","2026-05-10","","5369 E Center St","Irvine","CA","94012","USA",""
"7547","2023-01-22","","459 S Main St","Provo","UT","84474","US",""
"7548","2023-07-24","","9625 N Elm Dr","Tempe","AZ","85166","US",""
"7549","2020-10-21","","6123 N Elm Dr","Provo","UT","84269","US",""
"7550","2026-04-13","","2093 W Oak Ave","Phoenix","AZ","86038","US",""
"7551","2020-05-11","","5625 E Center St","Spokane","WA","98794","US",""
"7552","2020-07-17","","3082 N Elm Dr","Olympia","WA","99392","US",""
"7553","2022-09-16","","8945 N Elm Dr","St. George","UT","84521","US",""
"7554","2019-05-29","","4988 W Oak Ave","Salt Lake City","UT","84460","USA",""
"7555","2020-11-17","","37 W Oak Ave","Fresno","ca ","90213","US",""
"7556","2024-04-24","","4089 S State St","Tucson","AZ","86217","USA",""
"7557","2021-12-06","","860 Calle Norte","Ciudad de Mexico","CMX","72056","MX",""
"7558","2023-12-29","","8369 W Oak Ave","Tempe","AZ","85854","US",""
"7559","2025-05-18","","2632 W Oak Ave","Oakland","CA","91382","US",""
"7560","2024-02-01","","9249 N Elm Dr","Plano","TX","79425","US",""
"7561","2025-06-27","","6746 S State St","Mesa","AZ","85491","US",""
"7562","2022-11-28","","6696 S Main St","St. George","UT","84426","US",""
"7563","2023-06-15","","66 Av Reforma","Toronto","ON","T6J 6A2","Canada","2025-10-21"
"7564","2025-10-24","","4930 S Main St","Dallas","tx ","75871","US",""
"7565","2024-04-07","","9512 S State St","Austin","TX","79385","US",""
"7566","2024-04-29","","220 E Center St","Reno","nv ","89320","US",""
"7567","2021-02-22","","2338 S Main St","Las Vegas","NV","89460","US",""
"7568","2022-12-09","","8640 W Oak Ave","Seattle","WA","99234","US","2023-10-15"
"7569","2023-10-31","","2641 W Oak Ave","Dover","DE","19763","US",""
"7570","2023-10-13","","9514 W Oak Ave","Fort Collins","CO","81416","US",""
"7571","2019-07-14","","1661 N Elm Dr","Fort Collins","CO","81041","US",""
"7572","2022-01-01","","694 E Center St","Dallas","TX.","79504","US",""
"7573","2021-06-09","","3699 E Center St","Dallas","tx ","76912","US",""
"7574","2020-06-20","","7387 S State St","San Jose","CA","95770","US",""
"7575","2024-10-25","","6551 S Main St","Tempe","az ","86194","US",""
"7576","2023-01-17","","6336 W Oak Ave","Spokane","WA","98716","US",""
"7577","2021-08-10","","1804 W Oak Ave","Mesa","AZ","85361","US",""
"7578","2022-08-28","","3278 E Center St","El Paso","TX","76420","US",""
"7579","2024-03-28","","6630 S Main St","Salt Lake City","UT","84588","US",""
"7580","2020-07-31","","2888 N Elm Dr","St. George","UT","84236","US",""
"7581","2025-04-26","","2794 N Elm Dr","Fresno","CA","94530","US",""
"7582","2021-10-08","","479 W Oak Ave","Dover","DE","19965","US","2024-08-02"
"7583","2025-03-12","","1243 S Main St","Ogden","UT","84013","US",""
"7584","2023-03-29","","834 S Main St","Lehi","UT","84138","US",""
"7585","2022-02-19","","2982 W Oak Ave","Aurora","CO","81655","US",""
"7586","2025-07-15","","8617 S State St","Tucson","AZ","85328","USA",""
"7587","2025-01-15","","1179 King St","Ciudad de Mexico","CMX","82034","MX",""
"7588","2023-08-22","","5581 E Center St","Houston","TX","78842","US",""
"7589","2022-05-06","","6488 N Elm Dr","Provo","UT","84741","US",""
"7590","2025-04-07","","","","","","",""
"7591","2025-06-23","","3679 N Elm Dr","Olympia","WA","99352","US",""
"7592","2023-05-06","","9617 N Elm Dr","Henderson","NV","89350","US",""
"7593","2021-01-04","","","","","","",""
"7594","2022-09-26","","9308 E Center St","Provo","UT","84172","USA",""
"7595","2021-03-10","","3923 S State St","Fresno","CA","91776","US",""
"7596","2025-04-18","","5413 N Elm Dr","Ogden","UT","84488","USA",""
"7597","2022-07-11","","","","","","",""
"7598","2025-04-19","","3801 N Elm Dr","Tacoma","wa ","98932","US",""
"7599","2023-09-25","","356 S Main St","Flagstaff","AZ","85901","US",""
"7600","2023-12-11","","2077 E Center St","Mesa","AZ","85640","US",""
"7601","2023-10-22","","1369 E Center St","Dover","de ","19921","USA",""
"7602","2024-04-25","","2314 S Main St","Salt Lake City","UT","84010","US",""
"7603","2022-05-23","","9056 N Elm Dr","Houston","TX","79761","USA",""
"7604","2025-05-12","","6429 S State St","Albany","New York","14877","USA",""
"7605","2021-07-23","","8991 S State St","St. George","Utah","84609","US",""
"7606","2021-12-08","","910 W Oak Ave","St. George","ut ","84242","USA",""
"7607","2020-07-14","","3818 N Elm Dr","Phoenix","AZ","85804","USA",""
"7608","2023-04-28","","9796 N Elm Dr","Sacramento","CA","90749","USA",""
"7609","2025-04-10","","","","","","",""
"7610","2019-03-14","","2899 W Oak Ave","Aurora","CO","80745","USA",""
"7611","2026-04-30","","7940 W Oak Ave","Salt Lake City","UT","84021","US",""
"7612","2023-12-06","","5190 W Oak Ave","Austin","Texas","79122","US",""
"7613","2024-08-24","2025-09-06","1339 N Elm Dr","Houston","TX","79783","US",""
"7614","2024-09-08","","5586 S Main St","Flagstaff","AZ","86120","US",""
"7615","2025-10-11","","2440 N Elm Dr","Boulder","CO","81141","US",""
"7616","2021-06-16","","8591 W Oak Ave","Ogden","UT","84434","USA",""
"7617","2022-06-16","","3050 S State St","Phoenix","AZ","86304","US",""
"7618","2022-02-17","","6265 N Elm Dr","San Jose","CA","91834","US",""
"7619","2023-11-10","","4482 S Main St","Buffalo","NY","13414","US",""
"7620","2025-08-28","","7385 S Main St","Mesa","AZ","86175","USA",""
"7621","2020-05-30","","6487 W Oak Ave","Oakland","CA","94598","USA","2023-07-08"
"7622","2025-06-22","","1761 Calle Norte","Vancouver","BC","V4J 7E6","Canada",""
"7623","2023-03-25","","4530 W Oak Ave","Oakland","CA","92684","USA",""
"7624","2025-11-19","","7532 W Oak Ave","Irvine","CA","94581","US",""
"7625","2026-02-22","","6762 S State St","Flagstaff","AZ","86519","US",""
"7626","2023-10-11","","9313 S State St","Salt Lake City","UT","84449","US",""
"7627","2021-12-01","","55 N Elm Dr","Austin","TX","75516","US",""
"7628","2023-03-14","","4773 N Elm Dr","Sacramento","California","95137","US",""
"7629","2020-11-30","","3578 Calle Norte","Montreal","QC","H1C 5C6","Canada",""
"7630","2023-04-26","","2048 E Center St","Salt Lake City","ut ","84782","US",""
"7631","2026-06-24","","1641 S State St","Tucson","AZ","86439","USA",""
"7632","2022-10-06","","66 S State St","St. George","UT","84111","US","2025-11-17"
"7633","2024-11-10","","4563 E Center St","Boulder","CO","81288","US",""
"7634","2024-12-08","","3450 W Oak Ave","Flagstaff","AZ","85031","USA",""
"7635","2022-02-19","","1320 E Center St","Tacoma","WA","98841","US",""
"7636","2022-12-11","","8960 S State St","Spokane","WA","99025","US",""
"7637","2025-05-25","","325 S State St","Pueblo","co ","81493","US",""
"7638","2024-10-03","","3601 S State St","Ogden","UT","84743","USA",""
"7639","2024-10-01","","5724 N Elm Dr","Austin","TX.","78319","US",""
"7640","2023-10-03","","6628 W Oak Ave","Lehi","ut ","84555","US",""
"7641","2024-06-09","","3080 Av Reforma","Monterrey","NLE","21167","MX",""
"7642","2026-04-17","","2591 Rue Principale","Ciudad de Mexico","CMX","95757","MX",""
"7643","2023-06-21","","7751 S Main St","Ogden","UT","84383","USA","2026-03-23"
"7644","2025-07-24","","8601 S Main St","Salt Lake City","UT","84281","US","2026-04-28"
"7645","2025-07-13","","5713 S State St","Rochester","NY","13185","US",""
"7646","2023-09-21","","8037 S State St","Flagstaff","AZ.","86324","US",""
"7647","2020-10-28","","2706 S Main St","Seattle","WA","98939","USA",""
"7648","2024-06-23","","5238 W Oak Ave","Henderson","NV","89684","USA",""
"7649","2019-06-23","","8169 S Main St","Ogden","UT","84708","US",""
"7650","2023-06-05","","2751 W Oak Ave","Seattle","WA","98223","US",""
"7651","2022-07-30","","745 N Elm Dr","Salt Lake City","UT","84305","US",""
"7652","2023-03-01","","5959 N Elm Dr","Boulder","CO","80181","US",""
"7653","2026-01-19","","7611 S State St","Sacramento","CA","95240","US",""
"7654","2024-03-05","","7362 S Main St","Provo","ut ","84127","USA",""
"7655","2025-05-26","","6115 N Elm Dr","St. George","UT","84410","US",""
"7656","2025-03-10","","525 S State St","Oakland","CA.","92738","US",""
"7657","2025-06-01","","8204 S State St","St. George","UT","84207","US",""
"7658","2023-06-25","","2606 S State St","Provo","UT","84684","US",""
"7659","2020-01-10","","","","","","",""
"7660","2021-08-09","","6832 W Oak Ave","Flagstaff","AZ","85436","US",""
"7661","2026-01-19","","6850 S Main St","Sacramento","CA","93170","USA",""
"7662","2021-11-22","","6881 N Elm Dr","Reno","NV","89720","USA",""
"7663","2024-01-30","","33 S State St","Salt Lake City","UT","84749","US",""
"7664","2020-07-04","","3664 E Center St","Plano","TX","76862","US",""
"7665","2025-03-31","","6990 E Center St","Ogden","UT","84331","US",""
"7666","2025-07-14","","9483 W Oak Ave","Ogden","UT","84101","USA",""
"7667","2022-12-10","","6956 E Center St","Dallas","TX","75259","USA",""
"7668","2024-09-01","","8221 N Elm Dr","St. George","UT","84012","US",""
"7669","2024-12-20","","4552 W Oak Ave","St. George","UT","84400","US",""
"7670","2024-11-19","","","","","","",""
"7671","2022-11-19","","1488 Rue Principale","Monterrey","NLE","68251","MX",""
"7672","2023-06-09","","4593 E Center St","Boulder","CO.","80890","US",""
"7673","2022-09-29","","8760 E Center St","Syracuse","ny ","13424","US",""
"7674","2022-12-02","","6652 E Center St","Lehi","UT","84737","US",""
"7675","2025-02-07","","2260 S Main St","San Jose","ca ","91653","US",""
"7676","2021-07-20","","","","","","",""
"7677","2025-11-22","","7354 S Main St","Albany","ny ","11376","USA",""
"7678","2025-09-29","","5997 S State St","Fresno","CA","93927","US",""
"7679","2022-10-11","","2291 S State St","Oakland","CA","95184","US",""
"7680","2026-02-08","","563 N Elm Dr","Plano","TX","78212","USA",""
"7681","2024-12-20","","184 S Main St","Las Vegas","nv ","89504","US",""
"7682","2026-02-03","","8337 E Center St","Buffalo","NY","12171","US",""
"7683","2025-08-08","","5579 S Main St","Fort Collins","Colorado","80164","USA",""
"7684","2020-07-05","","5923 W Oak Ave","Irvine","CA.","90051","US",""
"7685","2021-01-16","","2722 N Elm Dr","Syracuse","NY","10532","US",""
"7686","2024-11-07","","342 S State St","St. George","Utah","84613","US",""
"7687","2026-05-24","","6186 N Elm Dr","St. George","UT","84319","USA",""
"7688","2025-05-13","","6353 W Oak Ave","San Jose","CA","93458","US",""
"7689","2023-11-05","","9648 S Main St","Irvine","California","94084","US",""
"7690","2024-04-13","","2951 N Elm Dr","Austin","TX","77850","US",""
"7691","2022-10-20","","2576 S State St","Ogden","UT","84354","USA",""
"7692","2020-01-12","","9079 E Center St","Fort Collins","Colorado","81416","US",""
"7693","2022-12-31","","1416 W Oak Ave","Oakland","CA","90246","US",""
"7694","2022-12-01","","2071 S Main St","Spokane","WA","99390","US",""
"7695","2023-11-14","","2384 W Oak Ave","Pueblo","CO","81532","US",""
"7696","2021-07-02","","4342 N Elm Dr","Lehi","UT","84549","US",""
"7697","2025-10-10","","4787 W Oak Ave","Sacramento","CA","93911","US",""
"7698","2025-05-29","","4687 S State St","Boulder","co ","81116","US",""
"7699","2022-04-26","","","","","","",""
"7700","2021-05-14","","7602 E Center St","Aurora","CO","81647","US",""
"7701","2025-06-18","","6811 E Center St","Salt Lake City","UT","84571","US",""
"7702","2024-04-22","","6977 W Oak Ave","Salt Lake City","UT","84246","US",""
"7703","2019-11-25","","9133 E Center St","St. George","UT","84188","US","2025-10-23"
"7704","2025-08-07","","7229 N Elm Dr","Henderson","NV","89703","USA",""
"7705","2021-02-21","","3467 S State St","El Paso","TX","78708","US",""
"7706","2026-05-06","","1177 Rue Principale","Montreal","QC","V5B 7B6","CA",""
"7707","2024-05-13","","7762 S Main St","Lehi","UT","84319","US",""
"7708","2022-10-19","","5506 S Main St","Las Vegas","NV","89187","US",""
"7709","2023-04-02","","8963 E Center St","Lehi","UT","84283","US",""
"7710","2023-08-18","","5139 W Oak Ave","St. George","UT","84047","US",""
"7711","2024-01-17","","4737 E Center St","Tempe","AZ","85494","US",""
"7712","2020-07-31","","6820 S Main St","Henderson","NV","89416","US",""
"7713","2020-02-06","","5461 W Oak Ave","Austin","TX","77137","US",""
"7714","2023-12-31","","2544 S Main St","Provo","Utah","84284","US",""
"7715","2022-11-10","","6695 N Elm Dr","Oakland","ca ","96070","USA",""
"7716","2020-05-08","","9120 S State St","Aurora","CO","80798","USA","2024-10-16"
"7717","2024-07-29","","906 W Oak Ave","Oakland","CA","94572","USA",""
"7718","2024-07-23","","8447 W Oak Ave","Oakland","California","90114","US",""
"7719","2023-11-02","","999 W Oak Ave","Plano","TX","79817","US",""
"7720","2024-04-03","","8102 E Center St","Boulder","CO","80070","US",""
"7721","2026-01-01","","5233 W Oak Ave","Oakland","CA.","96051","US",""
"7722","2025-10-23","","8475 S Main St","Tacoma","Washington","98611","USA",""
"7723","2023-06-13","","9514 S State St","Seattle","WA","98508","USA",""
"7724","2021-08-04","","4432 S State St","Albany","NY","10475","US",""
"7725","2025-04-28","","3768 S Main St","Rochester","NY","12101","USA",""
"7726","2023-11-17","","79 S State St","Syracuse","NY","12235","US",""
"7727","2024-10-24","","7818 S Main St","Fresno","CA","94691","USA",""
"7728","2024-09-11","","434 E Center St","Houston","TX","78162","US",""
"7729","2022-10-12","","","","","","",""
"7730","2022-04-17","2024-04-05","9587 E Center St","Plano","tx ","75241","US",""
"7731","2023-07-05","","3942 W Oak Ave","Provo","UT","84479","USA",""
"7732","2024-08-13","","8032 S State St","Dallas","TX","79803","US",""
"7733","2022-06-03","","6616 N Elm Dr","Oakland","CA","91386","US","2025-07-13"
"7734","2024-06-20","","9539 S State St","St. George","Utah","84278","US",""
"7735","2025-07-20","","1268 S State St","Lehi","Utah","84022","US",""
"7736","2022-01-21","","9310 S State St","Salt Lake City","UT","84169","US",""
"7737","2021-03-21","","2511 S State St","Houston","TX","76974","USA",""
"7738","2024-07-30","","1922 W Oak Ave","Boulder","CO","80726","US",""
"7739","2023-02-07","","9223 W Oak Ave","Olympia","wa ","98362","USA",""
"7740","2019-11-02","","8247 W Oak Ave","Austin","TX","79277","USA","2024-04-21"
"7741","2023-05-20","","785 S Main St","Sacramento","CA","95698","US",""
"7742","2023-04-10","","4173 Rue Principale","Vancouver","BC","V9A 7J7","Canada",""
"7743","2020-04-04","","1076 Av Reforma","Guadalajara","JAL","61872","MX",""
"7744","2023-04-07","","1283 E Center St","Provo","UT","84739","US",""
"7745","2022-06-08","","515 E Center St","Ogden","UT","84578","US",""
"7746","2025-08-27","","6971 S State St","Tacoma","WA","98831","US",""
"7747","2023-04-06","","6899 S State St","Salt Lake City","UT","84515","USA",""
"7748","2024-07-11","","2383 N Elm Dr","Buffalo","NY","11902","US",""
"7749","2024-12-26","","3289 W Oak Ave","Plano","Texas","75428","USA",""
"7750","2023-07-14","","2510 W Oak Ave","Houston","TX","75112","USA",""
"7751","2025-10-25","","","","","","",""
"7752","2020-08-08","","3776 N Elm Dr","Oakland","ca ","92220","US",""
"7753","2022-08-19","","2415 Av Reforma","Toronto","ON","T4H 7B3","CA",""
"7754","2024-06-16","","9653 W Oak Ave","Ogden","UT","84031","US",""
"7755","2026-01-21","","3206 N Elm Dr","Flagstaff","AZ","85094","US","2026-04-01"
"7756","2022-02-03","","6352 S State St","Salt Lake City","UT","84259","US","2025-03-07"
"7757","2021-06-08","","1067 E Center St","Irvine","CA","94096","US",""
"7758","2021-10-30","","1381 E Center St","St. George","UT","84128","USA",""
"7759","2023-07-23","","8560 N Elm Dr","Austin","TX","75362","US",""
"7760","2024-03-27","","998 E Center St","Ogden","UT","84476","US",""
"7761","2023-07-02","","1021 W Oak Ave","Carson City","NV","89867","US",""
"7762","2025-11-17","","2675 E Center St","Seattle","wa ","98633","US",""
"7763","2024-06-13","","","","","","",""
"7764","2022-05-04","","2161 W Oak Ave","Ogden","UT","84043","US","2023-07-27"
"7765","2024-02-20","","4515 S Main St","Syracuse","NY","10069","US",""
"7766","2025-12-13","","4555 E Center St","Syracuse","NY","14477","USA",""
"7767","2023-02-19","","8174 E Center St","Sacramento","ca ","92112","US",""
"7768","2024-01-20","","2450 W Oak Ave","Flagstaff","AZ","85286","US",""
"7769","2019-04-07","","6541 S Main St","Fort Collins","CO","80303","US",""
"7770","2022-12-06","","2536 W Oak Ave","St. George","UT","84474","US",""
"7771","2026-02-08","","8293 S State St","Ogden","UT","84595","US",""
"7772","2026-06-02","","5166 E Center St","Plano","TX","79609","USA",""
"7773","2024-05-26","","3703 Rue Principale","Toronto","ON","H5G 8B2","CA",""
"7774","2019-08-13","","5356 W Oak Ave","Flagstaff","AZ","86019","US","2025-02-16"
"7775","2020-07-10","","2240 E Center St","Dallas","tx ","78133","US",""
"7776","2021-11-21","","351 W Oak Ave","Ogden","ut ","84574","US",""
"7777","2026-03-09","","8443 S State St","Seattle","Washington","98960","US",""
"7778","2025-02-05","","555 S Main St","Mesa","Arizona","86345","US",""
"7779","2025-11-13","","2897 S State St","Ogden","UT","84228","USA",""
"7780","2024-09-26","","4317 N Elm Dr","Houston","TX","77357","USA",""
"7781","2025-11-13","","1329 W Oak Ave","Denver","Colorado","81333","USA",""
"7782","2026-03-23","","2338 S Main St","Irvine","CA","91876","USA",""
"7783","2025-12-19","","2414 E Center St","Oakland","CA","92169","USA",""
"7784","2022-02-12","","8909 E Center St","Provo","ut ","84573","USA",""
"7785","2023-02-17","","2122 E Center St","Salt Lake City","UT.","84332","US",""
"7786","2023-05-08","","3348 S State St","Boulder","CO","80129","US",""
"7787","2026-04-30","","4766 S Main St","Sacramento","CA","94771","US",""
"7788","2024-08-14","","3780 S Main St","San Jose","ca ","94575","US",""
"7789","2024-01-10","","5914 N Elm Dr","Spokane","WA","99333","USA",""
"7790","2026-03-22","","5895 W Oak Ave","Carson City","NV","89042","US",""
"7791","2022-01-25","","6223 S State St","Flagstaff","AZ","85020","US",""
"7792","2023-12-08","","","","","","",""
"7793","2025-05-07","","4435 S State St","Lehi","UT","84644","US",""
"7794","2026-04-18","","4659 N Elm Dr","San Jose","CA","94914","US",""
"7795","2024-04-07","","2185 E Center St","Seattle","WA.","99086","USA",""
"7796","2021-04-08","","6940 W Oak Ave","Dallas","TX","75752","US",""
"7797","2025-05-09","","2166 Av Reforma","Calgary","AB","M7J 2B1","CA",""
"7798","2024-04-01","","7625 W Oak Ave","Denver","CO","80545","US",""
"7799","2024-12-16","","1696 W Oak Ave","Seattle","WA","98267","USA",""
"7800","2020-04-09","","6342 S Main St","St. George","UT","84031","USA",""
"7801","2023-06-22","","7602 N Elm Dr","Provo","Utah","84295","USA","2026-05-19"
"7802","2025-02-07","","4910 E Center St","Fresno","CA","94994","US",""
"7803","2023-12-30","","4392 N Elm Dr","St. George","UT","84036","US",""
"7804","2020-06-04","","","","","","",""
"7805","2023-12-30","","5880 S Main St","Lehi","UT","84502","US",""
"7806","2020-09-13","","9696 S Main St","Tempe","az ","85771","US",""
"7807","2021-05-16","","9189 S Main St","Fresno","California","96004","US",""
"7808","2020-04-06","","","","","","",""
"7809","2024-11-23","","6980 S State St","St. George","UT","84719","US",""
"7810","2023-09-14","","","","","","",""
"7811","2026-02-11","","7749 N Elm Dr","El Paso","TX","79093","US",""
"7812","2025-09-17","","8130 N Elm Dr","Tucson","AZ","85265","US",""
"7813","2024-10-17","","4154 N Elm Dr","Oakland","CA","92799","USA",""
"7814","2021-10-24","","7119 W Oak Ave","St. George","UT","84009","US",""
"7815","2026-05-30","","6409 W Oak Ave","Salt Lake City","UT","84575","US",""
"7816","2020-11-25","","7765 E Center St","Pueblo","CO","81556","US",""
"7817","2026-05-09","","4394 E Center St","Houston","TX","78685","USA",""
"7818","2022-07-20","","302 S State St","St. George","UT","84489","USA",""
"7819","2025-08-05","","5357 E Center St","Reno","nv ","89297","US",""
"7820","2019-05-18","","5975 S State St","Austin","Texas","75569","US",""
"7821","2026-04-26","","","","","","",""
"7822","2020-04-17","","1225 E Center St","Denver","CO","80270","USA",""
"7823","2020-05-25","","3036 Av Reforma","Monterrey","NLE","48757","MX",""
"7824","2022-12-25","2025-06-23","4848 N Elm Dr","Lehi","UT","84535","US",""
"7825","2023-10-17","","6114 S Main St","Oakland","CA","93421","USA",""
"7826","2026-02-08","","3035 S State St","Salt Lake City","Utah","84389","US",""
"7827","2023-03-11","","2955 E Center St","Ogden","UT","84135","US",""
"7828","2022-07-29","","8205 S Main St","Denver","CO","81475","US",""
"7829","2022-07-03","","4368 W Oak Ave","Irvine","CA","91447","USA",""
"7830","2022-04-25","","705 W Oak Ave","Brooklyn","NY","14356","US",""
"7831","2021-12-23","","4172 S Main St","El Paso","TX","78298","US",""
"7832","2025-10-19","","270 W Oak Ave","Fresno","CA","92612","US",""
"7833","2026-02-15","","6366 W Oak Ave","Houston","Texas","76910","USA",""
"7834","2022-07-01","","9294 N Elm Dr","Tempe","AZ","85341","US",""
"7835","2023-06-21","","5467 W Oak Ave","Tucson","Arizona","86480","US",""
"7836","2022-08-22","","489 S State St","Sparks","NV","89113","US",""
"7837","2020-01-02","","6859 S Main St","Ogden","UT","84373","US",""
"7838","2022-07-23","","2454 W Oak Ave","Sacramento","CA","94378","US",""
"7839","2020-06-15","","7539 N Elm Dr","Lehi","UT","84361","US",""
"7840","2023-11-15","","9492 E Center St","Houston","TX","79824","US",""
"7841","2026-01-29","","3187 N Elm Dr","Dallas","TX","75688","US",""
"7842","2020-07-29","","7156 W Oak Ave","Oakland","CA","92090","US",""
"7843","2025-11-03","","2955 S Main St","El Paso","TX","76030","USA",""
"7844","2019-11-22","","1297 S State St","Bellevue","WA","98803","US",""
"7845","2022-07-26","","338 S State St","San Jose","CA","91421","USA",""
"7846","2022-07-06","","2799 W Oak Ave","St. George","UT","84368","USA",""
"7847","2025-06-03","","","","","","",""
"7848","2019-05-29","","9295 N Elm Dr","Lehi","UT","84220","US",""
"7849","2025-02-08","","2765 S State St","Salt Lake City","ut ","84345","US",""
"7850","2019-10-16","","2932 W Oak Ave","Las Vegas","NV","89389","USA",""
"7851","2024-04-03","","8232 E Center St","Aurora","CO","81494","US",""
"7852","2019-05-22","","431 N Elm Dr","Ogden","UT","84666","US",""
"7853","2024-02-07","","7040 W Oak Ave","Fort Collins","CO","80621","US",""
"7854","2025-11-27","","8332 W Oak Ave","Oakland","ca ","92684","US",""
"7855","2024-12-12","","661 N Elm Dr","Irvine","ca ","90437","USA",""
"7856","2026-05-06","","1792 N Elm Dr","San Jose","CA","94529","US",""
"7857","2025-01-19","","9629 S Main St","Fresno","CA","93140","US",""
"7858","2026-05-15","","4420 W Oak Ave","San Jose","CA","94498","US",""
"7859","2024-08-13","","8175 N Elm Dr","Aurora","CO","80978","USA",""
"7860","2023-08-23","","7159 S Main St","Mesa","AZ","85817","US",""
"7861","2021-01-16","","9435 S State St","El Paso","TX","77125","US",""
"7862","2026-03-26","","7631 E Center St","Aurora","CO","80237","US",""
"7863","2023-12-07","","8255 E Center St","El Paso","TX","78080","US",""
"7864","2021-05-23","","5235 N Elm Dr","Boulder","CO","81135","US",""
"7865","2020-12-19","","4798 E Center St","Austin","TX","78769","US",""
"7866","2025-06-30","","7132 S Main St","Mesa","AZ","85227","US",""
"7867","2021-03-14","","2362 S Main St","Tacoma","WA","98120","US","2023-05-12"
"7868","2025-02-19","","3626 S Main St","Seattle","Washington","99348","US",""
"7869","2022-03-05","","7495 S Main St","Provo","UT","84286","USA",""
"7870","2021-01-02","","5447 W Oak Ave","St. George","Utah","84342","USA",""
"7871","2024-05-19","","1868 S State St","Boulder","CO","80955","US",""
"7872","2025-05-26","","8061 W Oak Ave","Dover","de ","19751","US",""
"7873","2022-04-24","","3327 S State St","St. George","Utah","84787","US",""
"7874","2021-08-16","","5063 E Center St","Reno","NV","89060","USA",""
"7875","2026-01-14","2026-04-15","5276 S State St","Sacramento","CA","94387","USA",""
"7876","2021-11-12","","508 S State St","Sacramento","ca ","90325","US",""
"7877","2022-04-23","","1759 S Main St","Albany","NY","11023","US",""
"7878","2026-04-19","","2731 W Oak Ave","Oakland","California","90751","US",""
"7879","2020-11-02","","2698 N Elm Dr","Flagstaff","AZ","85392","US",""
"7880","2024-02-24","","4684 S Main St","Fresno","CA","95251","USA",""
"7881","2019-12-22","","5777 W Oak Ave","Lehi","UT","84420","US",""
"7882","2024-05-11","2024-11-11","7678 S Main St","Plano","TX","76195","USA",""
"7883","2022-06-19","","9508 N Elm Dr","Dallas","TX","75129","US",""
"7884","2019-10-20","","5014 S Main St","El Paso","TX","76987","US","2023-12-29"
"7885","2025-02-26","","2422 W Oak Ave","Plano","TX.","77210","USA",""
"7886","2025-09-27","","3306 N Elm Dr","Las Vegas","NV","89127","US",""
"7887","2023-04-28","","3741 W Oak Ave","Boulder","CO","80831","USA",""
"7888","2021-01-19","","6627 E Center St","Austin","TX","75838","US",""
"7889","2025-06-27","","5271 S Main St","Flagstaff","AZ","86089","US",""
"7890","2025-12-12","","3006 S Main St","Dallas","TX","76047","USA",""
"7891","2021-08-07","","","","","","",""
"7892","2023-12-07","","7363 S State St","Houston","TX","79958","USA",""
"7893","2019-11-06","","2697 W Oak Ave","Aurora","co ","80039","USA",""
"7894","2026-02-17","","2998 E Center St","Bellevue","WA","99264","USA",""
"7895","2026-03-11","","650 King St","Toronto","ON","V8C 9B6","CA",""
"7896","2024-05-03","","9579 S Main St","Tacoma","WA","99135","US",""
"7897","2024-07-29","","7116 S State St","Salt Lake City","UT","84318","US",""
"7898","2025-10-11","","5032 S State St","Plano","tx ","75663","US",""
"7899","2021-02-28","","8534 S Main St","Salt Lake City","UT.","84187","US",""
"7900","2021-06-21","","7354 N Elm Dr","San Jose","CA","93101","USA",""
"7901","2022-12-04","","6495 N Elm Dr","Pueblo","CO","81131","US",""
"7902","2023-09-17","","8806 N Elm Dr","Ogden","UT","84037","US",""
"7903","2025-10-29","","6698 W Oak Ave","Brooklyn","ny ","13250","US",""
"7904","2021-09-12","","7846 S Main St","Mesa","AZ","86360","US",""
"7905","2026-01-21","","5636 E Center St","Ogden","UT","84045","US",""
"7906","2019-04-07","","1841 S Main St","Fresno","CA","94731","US",""
"7907","2025-03-03","","5997 E Center St","Fort Collins","CO","80685","US",""
"7908","2025-11-26","","6281 W Oak Ave","Seattle","WA","99209","USA",""
"7909","2021-11-02","","6385 S Main St","Ogden","UT","84535","US",""
"7910","2024-07-14","","1958 W Oak Ave","Fresno","CA","94796","US",""
"7911","2022-08-15","","430 W Oak Ave","Sacramento","CA","90124","US","2023-03-20"
"7912","2022-07-12","","3912 E Center St","Austin","TX","79471","US",""
"7913","2020-08-11","","2874 S State St","Boulder","CO","81284","US",""
"7914","2024-09-19","","7127 S Main St","Bellevue","WA","98163","US",""
"7915","2022-02-21","","6223 S State St","Ogden","UT","84370","US",""
"7916","2026-05-09","","749 S State St","Aurora","CO","80998","US",""
"7917","2024-05-31","","3108 S State St","Albany","NY","13882","USA",""
"7918","2024-04-16","","4548 S State St","Fresno","CA","95504","US",""
"7919","2024-11-18","","1770 N Elm Dr","Pueblo","CO","80569","US",""
"7920","2026-06-14","","2495 King St","Calgary","AB","M1G 8C2","CA",""
"7921","2021-07-09","","9794 E Center St","Provo","UT","84269","US",""
"7922","2026-01-13","","1166 E Center St","Boulder","CO","81061","US",""
"7923","2022-03-22","","2916 S State St","Plano","tx ","76680","US",""
"7924","2022-10-01","","4037 N Elm Dr","Oakland","CA","93843","USA",""
"7925","2022-09-19","","2282 N Elm Dr","Sacramento","CA","92921","US","2024-08-15"
"7926","2023-05-04","","1951 W Oak Ave","Lehi","Utah","84300","US",""
"7927","2023-04-11","","5862 W Oak Ave","Olympia","WA","99351","US",""
"7928","2023-06-04","","4279 E Center St","St. George","UT","84632","USA",""
"7929","2020-07-03","","8108 S Main St","Carson City","nv ","89075","US",""
"7930","2023-06-07","","7749 W Oak Ave","Henderson","NV","89070","US",""
"7931","2021-11-28","","2765 N Elm Dr","Olympia","WA","98193","US",""
"7932","2025-06-11","","3076 E Center St","Dallas","TX","79372","US",""
"7933","2023-09-29","","4571 S State St","Las Vegas","NV","89290","US",""
"7934","2023-01-11","","3466 S Main St","Flagstaff","AZ","85600","US",""
"7935","2025-06-17","","5401 S Main St","Olympia","WA","98546","US",""
"7936","2023-01-09","","5370 E Center St","Lehi","Utah","84018","US",""
"7937","2025-04-27","","8484 S State St","Phoenix","AZ","85327","US",""
"7938","2026-03-20","","712 S State St","Salt Lake City","ut ","84176","US",""
"7939","2020-10-20","","3565 W Oak Ave","Provo","UT","84565","US",""
"7940","2026-04-07","","396 W Oak Ave","St. George","UT","84189","US",""
"7941","2023-07-25","","1400 N Elm Dr","Tacoma","WA","98061","US",""
"7942","2019-10-20","","2109 S Main St","San Jose","CA","90783","US",""
"7943","2022-12-14","","2997 N Elm Dr","Lehi","UT","84499","US",""
"7944","2026-06-25","","1245 N Elm Dr","Ogden","Utah","84513","US",""
"7945","2025-12-01","","3137 N Elm Dr","Phoenix","AZ","85752","US",""
"7946","2022-07-06","","7115 E Center St","Ogden","Utah","84417","US","2026-03-27"
"7947","2020-12-29","","8189 N Elm Dr","Brooklyn","NY","14683","USA",""
"7948","2020-06-05","","","","","","",""
"7949","2026-06-02","","1578 S State St","Aurora","CO","80118","US",""
"7950","2023-12-13","","5374 E Center St","Spokane","wa ","98025","US",""
"7951","2024-09-03","","5974 S Main St","Brooklyn","NY","12322","US",""
"7952","2026-01-09","","9676 S State St","Tempe","AZ","85380","US",""
"7953","2022-02-25","","7996 W Oak Ave","Salt Lake City","UT","84638","US",""
"7954","2021-07-16","","7339 S Main St","Sparks","NV","89300","US",""
"7955","2023-03-06","","6454 E Center St","Seattle","WA","99261","US",""
"7956","2024-04-12","2024-10-03","5374 E Center St","Irvine","CA","94611","US","2025-06-27"
"7957","2022-06-28","","8850 N Elm Dr","San Jose","CA","90191","US",""
"7958","2024-05-10","","3938 N Elm Dr","Sacramento","CA.","94716","US",""
"7959","2022-11-01","","","","","","",""
"7960","2020-11-13","","5941 S State St","Oakland","CA","96081","USA",""
"7961","2021-06-27","","703 S Main St","Aurora","CO","81250","US",""
"7962","2020-10-29","","","","","","",""
"7963","2025-10-30","","341 S State St","Provo","UT","84164","US",""
"7964","2026-05-05","","3428 E Center St","Boulder","CO","80129","US",""
"7965","2023-07-22","","2065 W Oak Ave","Sacramento","ca ","95806","US",""
"7966","2024-12-29","","1793 E Center St","Flagstaff","az ","85294","USA",""
"7967","2024-07-31","","851 S Main St","Denver","co ","80519","US",""
"7968","2021-02-20","","1357 W Oak Ave","Pueblo","CO","80939","USA",""
"7969","2021-08-12","","6652 W Oak Ave","Buffalo","NY","10938","USA","2026-03-14"
"7970","2025-06-24","","7259 W Oak Ave","Ogden","Utah","84375","US",""
"7971","2026-05-16","","458 W Oak Ave","Sparks","NV","89089","US",""
"7972","2024-12-07","","6830 E Center St","Milford","DE","19959","US",""
"7973","2021-12-08","2023-09-29","4011 S State St","Aurora","co ","80100","US",""
"7974","2024-04-14","","3312 E Center St","Aurora","Colorado","81178","US",""
"7975","2021-09-22","","4404 E Center St","Rochester","NY","11310","US",""
"7976","2022-02-06","","5454 E Center St","Flagstaff","AZ","85790","US",""
"7977","2026-02-21","","","","","","",""
"7978","2024-09-16","","1873 E Center St","Salt Lake City","UT","84500","US",""
"7979","2023-10-05","","6904 S State St","Sacramento","CA.","95278","US",""
"7980","2019-12-17","","3902 W Oak Ave","Fresno","CA","93799","US",""
"7981","2024-09-15","","6963 W Oak Ave","Lehi","UT","84289","USA",""
"7982","2025-12-25","","7221 E Center St","Ogden","UT","84387","US",""
"7983","2025-05-08","","8210 S State St","Lehi","UT","84570","US",""
"7984","2023-01-22","","516 S State St","St. George","Utah","84465","US",""
"7985","2025-07-03","","1424 S State St","Lehi","Utah","84630","US",""
"7986","2025-06-21","","4442 N Elm Dr","Aurora","CO","80825","US",""
"7987","2021-08-06","","194 S State St","Sacramento","California","95475","US",""
"7988","2022-08-14","","3707 E Center St","Bellevue","WA","99050","US",""
"7989","2025-12-03","","8603 W Oak Ave","Ogden","UT","84631","USA",""
"7990","2025-12-25","","1160 E Center St","Salt Lake City","UT","84191","US",""
"7991","2024-10-02","","2824 N Elm Dr","Dallas","TX","77365","US",""
"7992","2023-12-04","","1307 W Oak Ave","Provo","Utah","84137","US",""
"7993","2023-06-02","","","","","","",""
"7994","2024-12-12","","","","","","",""
"7995","2022-02-09","","8967 N Elm Dr","Tempe","AZ","86339","US",""
"7996","2023-03-27","","7665 S Main St","San Jose","CA","93021","US",""
"7997","2024-10-14","","456 S Main St","Pueblo","CO","80085","US",""
"7998","2025-07-10","","3832 S Main St","Lehi","UT","84472","US",""
"7999","2024-08-20","","5688 S Main St","Irvine","ca ","93266","US",""
"8000","2024-02-22","","3720 W Oak Ave","San Jose","CA","90683","US","2024-09-14"
