"event_id","reservation_id","activity_on","posted_on","event_type","amount_cents","status_after","source_channel"
"1","1","2025-02-25","2025-02-25","deposit","25000","open","ivr"
"2","1","2025-10-14","2025-10-14","application","-25000","converted","web_portal"
"3","2","2025-04-05","2025-04-05","deposit","25000","open","kiosk"
"4","2","2026-05-01","2026-05-01","application","-25000","converted","web_portal"
"5","3","2026-04-06","2026-04-06","deposit","25000","open","web_portal"
"6","4","2025-05-28","2025-05-28","deposit","25000","open","mobile_app"
"7","5","2024-09-07","2024-09-07","deposit","25000","open","mobile_app"
"8","6","2026-03-11","2026-03-11","deposit","25000","open","web_portal"
"9","7","2025-10-29","2025-10-29","deposit","25000","open","mobile_app"
"10","8","2021-05-05","2021-05-05","deposit","25000","open","web_portal"
"11","8","2021-12-02","2021-12-02","application","-25000","converted","kiosk"
"12","9","2025-02-25","2025-02-25","deposit","25000","open","web_portal"
"13","9","2026-06-11","2026-06-11","refund","-25000","cancelled_refunded","web_portal"
"14","10","2025-10-27","2025-10-27","deposit","25000","open","csr_console"
"15","11","2024-01-21","2024-01-21","deposit","25000","open","ivr"
"16","11","2025-06-05","2025-06-05","refund","-25000","cancelled_refunded","ivr"
"17","12","2025-09-14","2025-09-14","deposit","25000","open","csr_console"
"18","13","2021-09-05","2021-09-05","deposit","25000","open","mobile_app"
"19","13","2024-01-24","2024-01-24","application","-25000","converted","ivr"
"20","14","2026-03-25","2026-03-25","deposit","25000","open","csr_console"
"21","15","2026-05-12","2026-05-12","deposit","25000","open","web_portal"
"22","16","2026-04-19","2026-04-19","deposit","25000","open","ivr"
"23","17","2026-06-06","2026-06-06","deposit","25000","open","kiosk"
"24","18","2023-03-25","2023-03-25","deposit","25000","open","csr_console"
"25","19","2022-12-14","2022-12-14","deposit","25000","open","csr_console"
"26","19","2025-01-26","2025-01-26","application","-25000","converted","kiosk"
"27","20","2020-05-26","2020-05-26","deposit","25000","open","ivr"
"28","20","2022-01-30","2022-01-30","refund","-25000","cancelled_refunded","csr_console"
"29","21","2024-06-24","2024-06-24","deposit","25000","open","web_portal"
"30","22","2023-12-29","2023-12-29","deposit","25000","open","ivr"
"31","22","2024-05-22","2024-05-22","refund","-25000","cancelled_refunded","mobile_app"
"32","23","2023-01-03","2023-01-03","deposit","25000","open","mobile_app"
"33","23","2023-05-07","2023-05-07","refund","-25000","cancelled_refunded","ivr"
"34","24","2023-08-23","2023-08-23","deposit","25000","open","kiosk"
"35","24","2024-01-03","2024-01-03","application","-25000","converted","kiosk"
"36","25","2022-05-15","2022-05-15","deposit","25000","open","mobile_app"
"37","25","2024-07-25","2024-07-25","application","-25000","converted","kiosk"
"38","26","2026-05-17","2026-05-17","deposit","25000","open","kiosk"
"39","27","2022-12-30","2022-12-30","deposit","25000","open","ivr"
"40","27","2024-03-19","2024-03-19","refund","-25000","cancelled_refunded","csr_console"
"41","28","2025-12-25","2025-12-25","deposit","25000","open","ivr"
"42","29","2025-01-14","2025-01-14","deposit","25000","open","web_portal"
"43","30","2024-06-22","2024-06-22","deposit","25000","open","web_portal"
"44","30","2025-12-02","2025-12-02","application","-25000","converted","mobile_app"
"45","31","2025-07-25","2025-07-25","deposit","25000","open","ivr"
"46","32","2025-03-25","2025-03-25","deposit","25000","open","kiosk"
"47","33","2025-11-21","2025-11-21","deposit","25000","open","mobile_app"
"48","34","2026-02-21","2026-02-21","deposit","100000","open","ivr"
"49","35","2020-12-24","2020-12-24","deposit","25000","open","ivr"
"50","35","2021-05-21","2021-05-21","refund","-25000","cancelled_refunded","csr_console"
"51","36","2023-08-28","2023-08-28","deposit","100000","open","ivr"
"52","36","2024-11-16","2024-11-16","application","-100000","converted","ivr"
"53","37","2021-05-11","2021-05-11","deposit","25000","open","web_portal"
"54","37","2022-07-14","2022-07-14","application","-25000","converted","web_portal"
"55","38","2026-03-23","2026-03-23","deposit","25000","open","ivr"
"56","39","2025-10-09","2025-10-09","deposit","25000","open","kiosk"
"57","40","2026-06-08","2026-06-08","deposit","25000","open","web_portal"
"58","41","2024-10-25","2024-10-25","deposit","25000","open","web_portal"
"59","41","2026-03-16","2026-03-16","application","-25000","converted","mobile_app"
"60","42","2025-08-25","2025-08-25","deposit","25000","open","kiosk"
"61","43","2024-10-01","2024-10-01","deposit","100000","open","mobile_app"
"62","44","2024-12-06","2024-12-06","deposit","25000","open","ivr"
"63","44","2026-01-07","2026-01-07","application","-25000","converted","web_portal"
"64","45","2026-05-22","2026-05-22","deposit","25000","open","kiosk"
"65","46","2025-11-26","2025-11-26","deposit","25000","open","kiosk"
"66","47","2022-01-30","2022-01-30","deposit","100000","open","mobile_app"
"67","47","2022-08-27","2022-08-27","application","-100000","converted","csr_console"
"68","48","2024-03-05","2024-03-05","deposit","25000","open","csr_console"
"69","48","2025-12-07","2025-12-07","application","-25000","converted","kiosk"
"70","49","2023-02-04","2023-02-04","deposit","25000","open","web_portal"
"71","49","2025-04-11","2025-04-11","application","-25000","converted","ivr"
"72","50","2023-04-21","2023-04-21","deposit","25000","open","csr_console"
"73","50","2025-01-01","2025-01-01","application","-25000","converted","kiosk"
"74","51","2026-01-14","2026-01-14","deposit","25000","open","mobile_app"
"75","52","2025-06-10","2025-06-10","deposit","25000","open","kiosk"
"76","52","2026-01-26","2026-01-26","application","-25000","converted","mobile_app"
"77","53","2026-04-24","2026-04-24","deposit","25000","open","ivr"
"78","54","2024-09-01","2024-09-01","deposit","25000","open","ivr"
"79","55","2025-08-10","2025-08-10","deposit","25000","open","kiosk"
"80","56","2025-05-08","2025-05-08","deposit","100000","open","csr_console"
"81","57","2025-08-15","2025-08-15","deposit","25000","open","kiosk"
"82","58","2025-02-09","2025-02-09","deposit","25000","open","mobile_app"
"83","59","2021-05-01","2021-05-01","deposit","25000","open","kiosk"
"84","59","2021-09-23","2021-09-23","application","-25000","converted","mobile_app"
"85","60","2025-03-02","2025-03-02","deposit","25000","open","ivr"
"86","61","2025-01-20","2025-01-20","deposit","25000","open","ivr"
"87","61","2025-09-25","2025-09-25","application","-25000","converted","kiosk"
"88","62","2026-03-06","2026-03-06","deposit","25000","open","web_portal"
"89","63","2023-11-23","2023-11-23","deposit","25000","open","csr_console"
"90","63","2026-05-11","2026-05-11","application","-25000","converted","ivr"
"91","64","2023-08-18","2023-08-18","deposit","25000","open","kiosk"
"92","64","2024-07-14","2024-07-14","application","-25000","converted","mobile_app"
"93","65","2026-01-23","2026-01-23","deposit","25000","open","ivr"
"94","66","2026-02-05","2026-02-05","deposit","25000","open","csr_console"
"95","67","2025-04-03","2025-04-03","deposit","25000","open","ivr"
"96","68","2021-09-09","2021-09-09","deposit","25000","open","kiosk"
"97","68","2022-08-25","2022-08-25","application","-25000","converted","csr_console"
"98","69","2026-02-05","2026-02-05","deposit","25000","open","kiosk"
"99","69","2026-05-26","2026-05-26","refund","-25000","cancelled_refunded","kiosk"
"100","70","2026-06-05","2026-06-05","deposit","25000","open","csr_console"
"101","71","2022-11-05","2022-11-05","deposit","25000","open","csr_console"
"102","71","2023-06-09","2023-06-09","application","-25000","converted","kiosk"
"103","72","2025-11-05","2025-11-05","deposit","25000","open","web_portal"
"104","73","2021-12-22","2021-12-22","deposit","25000","open","csr_console"
"105","73","2022-12-25","2022-12-25","refund","-25000","cancelled_refunded","mobile_app"
"106","74","2024-10-21","2024-10-21","deposit","25000","open","kiosk"
"107","75","2025-10-16","2025-10-16","deposit","25000","open","ivr"
"108","75","2026-02-26","2026-02-26","application","-25000","converted","kiosk"
"109","76","2026-01-21","2026-01-21","deposit","100000","open","web_portal"
"110","77","2023-05-21","2023-05-21","deposit","25000","open","ivr"
"111","77","2025-10-24","2025-10-24","application","-25000","converted","web_portal"
"112","78","2026-04-21","2026-04-21","deposit","25000","open","csr_console"
"113","79","2024-03-08","2024-03-08","deposit","25000","open","csr_console"
"114","79","2024-08-03","2024-08-03","application","-25000","converted","ivr"
"115","80","2024-04-30","2024-04-30","deposit","25000","open","web_portal"
"116","80","2026-01-06","2026-01-06","application","-25000","converted","csr_console"
"117","81","2025-01-20","2025-01-20","deposit","25000","open","mobile_app"
"118","82","2025-11-26","2025-11-26","deposit","25000","open","mobile_app"
"119","83","2025-01-26","2025-01-26","deposit","25000","open","ivr"
"120","83","2026-01-24","2026-01-24","application","-25000","converted","ivr"
"121","84","2025-11-20","2025-11-20","deposit","25000","open","mobile_app"
"122","85","2023-04-17","2023-04-17","deposit","25000","open","kiosk"
"123","85","2025-02-16","2025-02-16","application","-25000","converted","web_portal"
"124","86","2024-01-13","2024-01-13","deposit","25000","open","csr_console"
"125","86","2025-06-09","2025-06-09","application","-25000","converted","kiosk"
"126","87","2025-10-18","2025-10-18","deposit","25000","open","mobile_app"
"127","88","2024-09-02","2024-09-02","deposit","25000","open","ivr"
"128","88","2025-10-14","2025-10-14","application","-25000","converted","csr_console"
"129","89","2024-12-30","2024-12-30","deposit","25000","open","web_portal"
"130","90","2024-11-05","2024-11-05","deposit","25000","open","mobile_app"
"131","90","2025-04-14","2025-04-14","application","-25000","converted","csr_console"
"132","91","2021-01-21","2021-01-21","deposit","25000","open","kiosk"
"133","91","2021-09-02","2021-09-02","application","-25000","converted","web_portal"
"134","92","2021-05-20","2021-05-20","deposit","25000","open","kiosk"
"135","92","2022-12-28","2022-12-28","refund","-25000","cancelled_refunded","mobile_app"
"136","93","2022-10-17","2022-10-17","deposit","100000","open","mobile_app"
"137","94","2026-06-22","2026-06-22","deposit","25000","open","ivr"
"138","95","2022-01-24","2022-01-24","deposit","25000","open","csr_console"
"139","95","2024-05-30","2024-05-30","application","-25000","converted","csr_console"
"140","96","2025-04-06","2025-04-06","deposit","25000","open","kiosk"
"141","97","2023-08-30","2023-08-30","deposit","25000","open","kiosk"
"142","97","2026-01-14","2026-01-14","application","-25000","converted","mobile_app"
"143","98","2024-10-25","2024-10-25","deposit","25000","open","kiosk"
"144","99","2020-11-03","2020-11-03","deposit","25000","open","ivr"
"145","99","2023-06-21","2023-06-21","refund","-25000","cancelled_refunded","mobile_app"
"146","100","2024-01-15","2024-01-15","deposit","25000","open","mobile_app"
"147","101","2026-02-07","2026-02-07","deposit","100000","open","kiosk"
"148","102","2025-11-29","2025-11-29","deposit","25000","open","kiosk"
"149","102","2026-06-12","2026-06-12","application","-25000","converted","csr_console"
"150","103","2025-09-26","2025-09-26","deposit","25000","open","web_portal"
"151","103","2026-03-08","2026-03-08","application","-25000","converted","kiosk"
"152","104","2022-02-01","2022-02-01","deposit","25000","open","kiosk"
"153","105","2024-03-16","2024-03-16","deposit","25000","open","web_portal"
"154","105","2025-05-17","2025-05-17","application","-25000","converted","ivr"
"155","106","2022-11-24","2022-11-24","deposit","25000","open","kiosk"
"156","106","2023-12-30","2023-12-30","application","-25000","converted","web_portal"
"157","107","2025-12-28","2025-12-28","deposit","25000","open","kiosk"
"158","108","2022-03-30","2022-03-30","deposit","25000","open","mobile_app"
"159","109","2026-05-09","2026-05-09","deposit","25000","open","kiosk"
"160","110","2023-04-22","2023-04-22","deposit","25000","open","ivr"
"161","110","2025-02-16","2025-02-16","refund","-25000","cancelled_refunded","ivr"
"162","111","2025-11-27","2025-11-27","deposit","100000","open","kiosk"
"163","112","2025-06-14","2025-06-14","deposit","25000","open","ivr"
"164","113","2020-04-23","2020-04-23","deposit","25000","open","mobile_app"
"165","113","2021-01-07","2021-01-07","refund","-25000","cancelled_refunded","csr_console"
"166","114","2021-02-18","2021-02-18","deposit","25000","open","ivr"
"167","114","2023-11-06","2023-11-06","refund","-25000","cancelled_refunded","web_portal"
"168","115","2023-05-12","2023-05-12","deposit","25000","open","web_portal"
"169","115","2024-06-06","2024-06-06","application","-25000","converted","web_portal"
"170","116","2023-01-29","2023-01-29","deposit","25000","open","ivr"
"171","116","2023-11-17","2023-11-17","application","-25000","converted","ivr"
"172","117","2026-02-16","2026-02-16","deposit","25000","open","mobile_app"
"173","118","2022-07-24","2022-07-24","deposit","25000","open","kiosk"
"174","119","2024-12-09","2024-12-09","deposit","25000","open","web_portal"
"175","120","2025-06-02","2025-06-02","deposit","25000","open","ivr"
"176","121","2026-02-18","2026-02-18","deposit","25000","open","kiosk"
"177","122","2021-04-13","2021-04-13","deposit","25000","open","ivr"
"178","122","2023-09-23","2023-09-23","refund","-25000","cancelled_refunded","web_portal"
"179","123","2021-04-06","2021-04-06","deposit","25000","open","mobile_app"
"180","123","2022-09-25","2022-09-25","application","-25000","converted","web_portal"
"181","124","2025-10-14","2025-10-14","deposit","25000","open","ivr"
"182","125","2025-03-21","2025-03-21","deposit","25000","open","web_portal"
"183","126","2025-07-28","2025-07-28","deposit","25000","open","kiosk"
"184","127","2023-07-07","2023-07-07","deposit","100000","open","mobile_app"
"185","127","2026-03-16","2026-03-16","refund","-100000","cancelled_refunded","mobile_app"
"186","128","2024-08-12","2024-08-12","deposit","25000","open","csr_console"
"187","129","2026-05-26","2026-05-26","deposit","25000","open","ivr"
"188","130","2025-06-09","2025-06-09","deposit","25000","open","csr_console"
"189","131","2025-02-27","2025-02-27","deposit","25000","open","ivr"
"190","131","2025-07-11","2025-07-11","application","-25000","converted","web_portal"
"191","132","2023-09-04","2023-09-04","deposit","25000","open","web_portal"
"192","133","2025-10-31","2025-10-31","deposit","25000","open","kiosk"
"193","134","2025-05-01","2025-05-01","deposit","25000","open","mobile_app"
"194","135","2023-05-03","2023-05-03","deposit","25000","open","web_portal"
"195","135","2025-09-06","2025-09-06","application","-25000","converted","web_portal"
"196","136","2025-06-08","2025-06-08","deposit","25000","open","ivr"
"197","137","2023-08-21","2023-08-21","deposit","25000","open","kiosk"
"198","138","2025-02-03","2025-02-03","deposit","100000","open","ivr"
"199","139","2021-11-11","2021-11-11","deposit","25000","open","web_portal"
"200","139","2023-10-25","2023-10-25","application","-25000","converted","web_portal"
"201","140","2021-08-05","2021-08-05","deposit","25000","open","mobile_app"
"202","140","2023-12-02","2023-12-02","refund","-25000","cancelled_refunded","csr_console"
"203","141","2026-04-26","2026-04-26","deposit","25000","open","ivr"
"204","142","2024-08-30","2024-08-30","deposit","25000","open","ivr"
"205","143","2024-12-03","2024-12-03","deposit","25000","open","csr_console"
"206","144","2020-01-28","2020-01-28","deposit","25000","open","csr_console"
"207","144","2021-06-02","2021-06-02","application","-25000","converted","kiosk"
"208","145","2025-11-28","2025-11-28","deposit","25000","open","ivr"
"209","146","2024-08-01","2024-08-01","deposit","25000","open","ivr"
"210","146","2025-03-18","2025-03-18","application","-25000","converted","mobile_app"
"211","147","2021-03-16","2021-03-16","deposit","25000","open","csr_console"
"212","147","2022-02-27","2022-02-27","application","-25000","converted","web_portal"
"213","148","2025-12-20","2025-12-20","deposit","25000","open","mobile_app"
"214","149","2020-07-04","2020-07-04","deposit","25000","open","ivr"
"215","149","2022-01-13","2022-01-13","application","-25000","converted","ivr"
"216","150","2023-12-19","2023-12-19","deposit","25000","open","ivr"
"217","150","2026-01-21","2026-01-21","application","-25000","converted","csr_console"
"218","151","2026-03-02","2026-03-02","deposit","25000","open","web_portal"
"219","152","2023-05-09","2023-05-09","deposit","25000","open","ivr"
"220","152","2024-01-11","2024-01-11","application","-25000","converted","csr_console"
"221","153","2024-04-08","2024-04-08","deposit","25000","open","web_portal"
"222","153","2025-11-06","2025-11-06","refund","-25000","cancelled_refunded","ivr"
"223","154","2020-04-28","2020-04-28","deposit","25000","open","kiosk"
"224","155","2022-12-15","2022-12-15","deposit","25000","open","ivr"
"225","155","2024-08-22","2024-08-22","application","-25000","converted","web_portal"
"226","156","2024-12-09","2024-12-09","deposit","25000","open","web_portal"
"227","157","2023-03-20","2023-03-20","deposit","25000","open","web_portal"
"228","157","2023-09-22","2023-09-22","refund","-25000","cancelled_refunded","csr_console"
"229","158","2025-01-12","2025-01-12","deposit","25000","open","ivr"
"230","158","2025-06-24","2025-06-24","refund","-25000","cancelled_refunded","kiosk"
"231","159","2023-05-11","2023-05-11","deposit","25000","open","web_portal"
"232","159","2025-02-05","2025-02-05","refund","-25000","cancelled_refunded","ivr"
"233","160","2025-01-30","2025-01-30","deposit","25000","open","kiosk"
"234","161","2024-07-27","2024-07-27","deposit","25000","open","csr_console"
"235","162","2021-08-11","2021-08-11","deposit","100000","open","mobile_app"
"236","163","2024-10-05","2024-10-05","deposit","25000","open","web_portal"
"237","164","2025-10-09","2025-10-09","deposit","25000","open","web_portal"
"238","165","2022-10-06","2022-10-06","deposit","25000","open","ivr"
"239","165","2023-05-13","2023-05-13","application","-25000","converted","ivr"
"240","166","2024-10-18","2024-10-18","deposit","25000","open","mobile_app"
"241","166","2025-09-10","2025-09-10","refund","-25000","cancelled_refunded","ivr"
"242","167","2026-05-11","2026-05-11","deposit","100000","open","kiosk"
"243","168","2024-03-31","2024-03-31","deposit","25000","open","ivr"
"244","169","2026-03-04","2026-03-04","deposit","25000","open","ivr"
"245","170","2025-04-04","2025-04-04","deposit","25000","open","csr_console"
"246","171","2021-12-09","2021-12-09","deposit","100000","open","ivr"
"247","171","2023-05-17","2023-05-17","refund","-100000","cancelled_refunded","ivr"
"248","172","2026-01-08","2026-01-08","deposit","25000","open","ivr"
"249","173","2023-02-19","2023-02-19","deposit","25000","open","kiosk"
"250","173","2024-04-09","2024-04-09","application","-25000","converted","web_portal"
"251","174","2026-01-12","2026-01-12","deposit","25000","open","csr_console"
"252","175","2022-10-06","2022-10-06","deposit","25000","open","kiosk"
"253","175","2024-12-24","2024-12-24","refund","-25000","cancelled_refunded","web_portal"
"254","176","2026-03-26","2026-03-26","deposit","25000","open","mobile_app"
"255","177","2024-07-18","2024-07-18","deposit","25000","open","csr_console"
"256","177","2025-08-12","2025-08-12","refund","-25000","cancelled_refunded","csr_console"
"257","178","2025-10-25","2025-10-25","deposit","25000","open","ivr"
"258","179","2022-02-21","2022-02-21","deposit","25000","open","csr_console"
"259","179","2022-04-24","2022-04-24","refund","-25000","cancelled_refunded","web_portal"
"260","180","2026-01-13","2026-01-13","deposit","25000","open","mobile_app"
"261","181","2025-11-13","2025-11-13","deposit","25000","open","web_portal"
"262","182","2021-09-09","2021-09-09","deposit","25000","open","ivr"
"263","182","2023-08-20","2023-08-20","refund","-25000","cancelled_refunded","ivr"
"264","183","2024-08-01","2024-08-01","deposit","25000","open","kiosk"
"265","184","2025-05-06","2025-05-06","deposit","25000","open","web_portal"
"266","184","2025-11-01","2025-11-01","refund","-25000","cancelled_refunded","web_portal"
"267","185","2023-11-17","2023-11-17","deposit","25000","open","kiosk"
"268","185","2024-06-12","2024-06-12","application","-25000","converted","kiosk"
"269","186","2024-01-13","2024-01-13","deposit","25000","open","ivr"
"270","187","2024-09-26","2024-09-26","deposit","25000","open","mobile_app"
"271","187","2026-01-07","2026-01-07","application","-25000","converted","csr_console"
"272","188","2025-06-17","2025-06-17","deposit","25000","open","kiosk"
"273","189","2026-06-03","2026-06-03","deposit","25000","open","ivr"
"274","190","2026-03-21","2026-03-21","deposit","25000","open","ivr"
"275","191","2025-04-16","2025-04-16","deposit","25000","open","kiosk"
"276","191","2025-11-29","2025-11-29","application","-25000","converted","csr_console"
"277","192","2025-07-11","2025-07-11","deposit","100000","open","kiosk"
"278","192","2026-01-17","2026-01-17","application","-100000","converted","csr_console"
"279","193","2025-07-18","2025-07-18","deposit","25000","open","csr_console"
"280","194","2022-08-24","2022-08-24","deposit","25000","open","ivr"
"281","195","2026-06-15","2026-06-15","deposit","25000","open","kiosk"
"282","196","2022-10-14","2022-10-14","deposit","25000","open","csr_console"
"283","197","2024-10-23","2024-10-23","deposit","25000","open","ivr"
"284","198","2025-07-29","2025-07-29","deposit","25000","open","kiosk"
"285","199","2026-02-27","2026-02-27","deposit","25000","open","mobile_app"
"286","200","2024-04-06","2024-04-06","deposit","25000","open","kiosk"
"287","200","2025-12-09","2025-12-09","application","-25000","converted","csr_console"
"288","201","2022-02-09","2022-02-09","deposit","25000","open","kiosk"
"289","202","2022-11-04","2022-11-04","deposit","100000","open","web_portal"
"290","202","2024-09-06","2024-09-06","application","-100000","converted","csr_console"
"291","203","2023-04-06","2023-04-06","deposit","25000","open","mobile_app"
"292","203","2025-02-14","2025-02-14","application","-25000","converted","ivr"
"293","204","2022-11-10","2022-11-10","deposit","100000","open","ivr"
"294","204","2025-04-27","2025-04-27","refund","-100000","cancelled_refunded","mobile_app"
"295","205","2023-08-23","2023-08-23","deposit","25000","open","kiosk"
"296","205","2025-05-18","2025-05-18","application","-25000","converted","kiosk"
"297","206","2026-03-04","2026-03-04","deposit","25000","open","mobile_app"
"298","207","2025-12-28","2025-12-28","deposit","100000","open","mobile_app"
"299","208","2026-04-08","2026-04-08","deposit","25000","open","mobile_app"
"300","209","2026-06-06","2026-06-06","deposit","25000","open","mobile_app"
"301","210","2024-08-25","2024-08-25","deposit","25000","open","mobile_app"
"302","211","2026-02-10","2026-02-10","deposit","25000","open","mobile_app"
"303","212","2026-01-20","2026-01-20","deposit","25000","open","kiosk"
"304","213","2024-11-07","2024-11-07","deposit","25000","open","web_portal"
"305","214","2023-11-15","2023-11-15","deposit","25000","open","ivr"
"306","215","2025-02-24","2025-02-24","deposit","25000","open","web_portal"
"307","216","2026-01-07","2026-01-07","deposit","25000","open","csr_console"
"308","217","2024-08-29","2024-08-29","deposit","25000","open","kiosk"
"309","218","2025-07-13","2025-07-13","deposit","25000","open","csr_console"
"310","219","2024-03-31","2024-03-31","deposit","25000","open","mobile_app"
"311","219","2025-03-14","2025-03-14","application","-25000","converted","kiosk"
"312","220","2025-03-30","2025-03-30","deposit","25000","open","ivr"
"313","221","2025-10-26","2025-10-26","deposit","25000","open","ivr"
"314","222","2023-06-17","2023-06-17","deposit","25000","open","kiosk"
"315","222","2024-12-24","2024-12-24","application","-25000","converted","kiosk"
"316","223","2022-10-05","2022-10-05","deposit","100000","open","csr_console"
"317","224","2020-10-14","2020-10-14","deposit","25000","open","kiosk"
"318","225","2025-04-09","2025-04-09","deposit","25000","open","mobile_app"
"319","226","2023-04-16","2023-04-16","deposit","25000","open","mobile_app"
"320","226","2024-04-08","2024-04-08","application","-25000","converted","mobile_app"
"321","227","2025-11-21","2025-11-21","deposit","25000","open","web_portal"
"322","228","2023-03-24","2023-03-24","deposit","25000","open","web_portal"
"323","228","2024-01-30","2024-01-30","application","-25000","converted","kiosk"
"324","229","2024-10-03","2024-10-03","deposit","25000","open","ivr"
"325","229","2026-06-02","2026-06-02","application","-25000","converted","web_portal"
"326","230","2024-06-07","2024-06-07","deposit","25000","open","mobile_app"
"327","231","2024-11-13","2024-11-13","deposit","25000","open","ivr"
"328","232","2026-02-03","2026-02-03","deposit","25000","open","web_portal"
"329","233","2024-06-21","2024-06-21","deposit","25000","open","ivr"
"330","233","2026-02-14","2026-02-14","application","-25000","converted","web_portal"
"331","234","2021-10-28","2021-10-28","deposit","25000","open","kiosk"
"332","234","2022-02-12","2022-02-12","refund","-25000","cancelled_refunded","mobile_app"
"333","235","2026-06-23","2026-06-23","deposit","25000","open","ivr"
"334","236","2026-03-15","2026-03-15","deposit","25000","open","csr_console"
"335","237","2025-12-27","2025-12-27","deposit","25000","open","mobile_app"
"336","238","2023-06-14","2023-06-14","deposit","25000","open","mobile_app"
"337","238","2024-03-28","2024-03-28","application","-25000","converted","csr_console"
"338","239","2024-10-11","2024-10-11","deposit","25000","open","csr_console"
"339","240","2025-09-19","2025-09-19","deposit","25000","open","ivr"
"340","241","2024-06-02","2024-06-02","deposit","25000","open","mobile_app"
"341","241","2024-11-16","2024-11-16","refund","-25000","cancelled_refunded","ivr"
"342","242","2024-06-29","2024-06-29","deposit","25000","open","ivr"
"343","242","2026-06-19","2026-06-19","application","-25000","converted","web_portal"
"344","243","2025-05-10","2025-05-10","deposit","25000","open","ivr"
"345","244","2020-12-25","2020-12-25","deposit","25000","open","kiosk"
"346","244","2023-07-25","2023-07-25","refund","-25000","cancelled_refunded","csr_console"
"347","245","2022-04-15","2022-04-15","deposit","25000","open","ivr"
"348","245","2023-05-19","2023-05-19","application","-25000","converted","csr_console"
"349","246","2024-10-20","2024-10-20","deposit","25000","open","kiosk"
"350","247","2026-03-06","2026-03-06","deposit","25000","open","kiosk"
"351","248","2023-07-10","2023-07-10","deposit","25000","open","mobile_app"
"352","248","2024-01-18","2024-01-18","refund","-25000","cancelled_refunded","mobile_app"
"353","249","2025-06-26","2025-06-26","deposit","25000","open","web_portal"
"354","250","2023-12-04","2023-12-04","deposit","25000","open","web_portal"
"355","251","2020-09-08","2020-09-08","deposit","25000","open","mobile_app"
"356","251","2022-04-03","2022-04-03","application","-25000","converted","kiosk"
"357","252","2023-11-10","2023-11-10","deposit","25000","open","web_portal"
"358","252","2025-02-28","2025-02-28","refund","-25000","cancelled_refunded","web_portal"
"359","253","2023-08-12","2023-08-12","deposit","25000","open","web_portal"
"360","254","2023-04-26","2023-04-26","deposit","25000","open","mobile_app"
"361","254","2023-10-20","2023-10-20","refund","-25000","cancelled_refunded","ivr"
"362","255","2025-10-18","2025-10-18","deposit","25000","open","csr_console"
"363","256","2023-06-07","2023-06-07","deposit","25000","open","kiosk"
"364","256","2025-06-28","2025-06-28","refund","-25000","cancelled_refunded","mobile_app"
"365","257","2024-05-27","2024-05-27","deposit","25000","open","ivr"
"366","258","2024-08-23","2024-08-23","deposit","25000","open","web_portal"
"367","259","2023-03-14","2023-03-14","deposit","25000","open","ivr"
"368","259","2024-10-31","2024-10-31","refund","-25000","cancelled_refunded","csr_console"
"369","260","2024-11-25","2024-11-25","deposit","25000","open","ivr"
"370","260","2026-04-27","2026-04-27","application","-25000","converted","kiosk"
"371","261","2020-05-22","2020-05-22","deposit","25000","open","web_portal"
"372","262","2023-12-26","2023-12-26","deposit","25000","open","web_portal"
"373","262","2025-10-21","2025-10-21","application","-25000","converted","kiosk"
"374","263","2026-01-30","2026-01-30","deposit","25000","open","kiosk"
"375","264","2026-03-22","2026-03-22","deposit","25000","open","kiosk"
"376","265","2023-07-08","2023-07-08","deposit","25000","open","ivr"
"377","265","2024-01-08","2024-01-08","application","-25000","converted","mobile_app"
"378","266","2020-02-06","2020-02-06","deposit","25000","open","mobile_app"
"379","267","2024-06-01","2024-06-01","deposit","25000","open","csr_console"
"380","268","2024-05-29","2024-05-29","deposit","25000","open","web_portal"
"381","269","2024-03-19","2024-03-19","deposit","25000","open","csr_console"
"382","269","2025-09-07","2025-09-07","refund","-25000","cancelled_refunded","ivr"
"383","270","2025-12-01","2025-12-01","deposit","25000","open","kiosk"
"384","271","2024-06-17","2024-06-17","deposit","25000","open","csr_console"
"385","271","2026-06-25","2026-06-25","application","-25000","converted","csr_console"
"386","272","2023-11-22","2023-11-22","deposit","25000","open","csr_console"
"387","272","2025-12-06","2025-12-06","application","-25000","converted","csr_console"
"388","273","2026-04-06","2026-04-06","deposit","25000","open","mobile_app"
"389","274","2025-11-05","2025-11-05","deposit","25000","open","mobile_app"
"390","275","2026-06-06","2026-06-06","deposit","25000","open","kiosk"
"391","276","2020-09-17","2020-09-17","deposit","25000","open","kiosk"
"392","277","2026-01-21","2026-01-21","deposit","25000","open","kiosk"
"393","278","2024-01-09","2024-01-09","deposit","25000","open","web_portal"
"394","278","2024-10-01","2024-10-01","application","-25000","converted","kiosk"
"395","279","2026-03-04","2026-03-04","deposit","25000","open","kiosk"
"396","280","2023-01-06","2023-01-06","deposit","25000","open","ivr"
"397","281","2024-12-20","2024-12-20","deposit","25000","open","web_portal"
"398","281","2025-10-20","2025-10-20","application","-25000","converted","kiosk"
"399","282","2024-10-06","2024-10-06","deposit","25000","open","web_portal"
"400","283","2022-06-21","2022-06-21","deposit","25000","open","web_portal"
"401","283","2024-08-10","2024-08-10","refund","-25000","cancelled_refunded","kiosk"
"402","284","2023-07-02","2023-07-02","deposit","25000","open","csr_console"
"403","284","2025-06-13","2025-06-13","refund","-25000","cancelled_refunded","ivr"
"404","285","2022-03-24","2022-03-24","deposit","100000","open","web_portal"
"405","285","2024-07-26","2024-07-26","application","-100000","converted","ivr"
"406","286","2026-05-07","2026-05-07","deposit","25000","open","web_portal"
"407","287","2024-08-03","2024-08-03","deposit","25000","open","web_portal"
"408","287","2025-04-06","2025-04-06","application","-25000","converted","csr_console"
"409","288","2026-01-08","2026-01-08","deposit","25000","open","csr_console"
"410","289","2025-04-27","2025-04-27","deposit","25000","open","web_portal"
"411","289","2026-06-28","2026-06-28","refund","-25000","cancelled_refunded","mobile_app"
"412","290","2022-01-30","2022-01-30","deposit","25000","open","mobile_app"
"413","291","2023-11-08","2023-11-08","deposit","25000","open","web_portal"
"414","291","2026-03-08","2026-03-08","application","-25000","converted","mobile_app"
"415","292","2026-01-22","2026-01-22","deposit","25000","open","csr_console"
"416","293","2026-03-06","2026-03-06","deposit","25000","open","web_portal"
"417","294","2025-11-17","2025-11-17","deposit","100000","open","ivr"
"418","295","2024-12-20","2024-12-20","deposit","25000","open","csr_console"
"419","296","2022-12-09","2022-12-09","deposit","25000","open","kiosk"
"420","296","2024-04-18","2024-04-18","application","-25000","converted","kiosk"
"421","297","2023-05-02","2023-05-02","deposit","25000","open","csr_console"
"422","297","2024-07-28","2024-07-28","application","-25000","converted","mobile_app"
"423","298","2023-03-18","2023-03-18","deposit","25000","open","kiosk"
"424","298","2024-05-02","2024-05-02","application","-25000","converted","kiosk"
"425","299","2021-01-01","2021-01-01","deposit","25000","open","mobile_app"
"426","299","2021-09-14","2021-09-14","refund","-25000","cancelled_refunded","kiosk"
"427","300","2023-04-05","2023-04-05","deposit","25000","open","web_portal"
"428","300","2024-08-11","2024-08-11","application","-25000","converted","mobile_app"
"429","301","2023-05-28","2023-05-28","deposit","25000","open","web_portal"
"430","301","2025-10-25","2025-10-25","refund","-25000","cancelled_refunded","web_portal"
"431","302","2025-01-25","2025-01-25","deposit","25000","open","kiosk"
"432","303","2025-10-12","2025-10-12","deposit","25000","open","ivr"
"433","304","2026-02-11","2026-02-11","deposit","25000","open","kiosk"
"434","305","2024-03-29","2024-03-29","deposit","25000","open","ivr"
"435","305","2025-02-01","2025-02-01","application","-25000","converted","csr_console"
"436","306","2023-04-06","2023-04-06","deposit","25000","open","ivr"
"437","306","2024-04-14","2024-04-14","application","-25000","converted","csr_console"
"438","307","2024-07-07","2024-07-07","deposit","25000","open","web_portal"
"439","308","2024-12-09","2024-12-09","deposit","25000","open","csr_console"
"440","309","2024-02-09","2024-02-09","deposit","25000","open","web_portal"
"441","309","2026-03-20","2026-03-20","application","-25000","converted","csr_console"
"442","310","2025-08-08","2025-08-08","deposit","25000","open","ivr"
"443","311","2025-03-03","2025-03-03","deposit","25000","open","kiosk"
"444","311","2025-08-04","2025-08-04","application","-25000","converted","csr_console"
"445","312","2025-04-07","2025-04-07","deposit","25000","open","web_portal"
"446","312","2026-03-21","2026-03-21","application","-25000","converted","kiosk"
"447","313","2024-10-25","2024-10-25","deposit","25000","open","ivr"
"448","313","2026-02-28","2026-02-28","application","-25000","converted","csr_console"
"449","314","2023-12-16","2023-12-16","deposit","100000","open","csr_console"
"450","314","2024-06-07","2024-06-07","application","-100000","converted","web_portal"
"451","315","2025-06-26","2025-06-26","deposit","25000","open","ivr"
"452","315","2026-04-05","2026-04-05","refund","-25000","cancelled_refunded","kiosk"
"453","316","2026-02-20","2026-02-20","deposit","25000","open","kiosk"
"454","317","2024-08-10","2024-08-10","deposit","25000","open","ivr"
"455","317","2025-01-09","2025-01-09","application","-25000","converted","kiosk"
"456","318","2025-08-24","2025-08-24","deposit","25000","open","csr_console"
"457","319","2025-06-21","2025-06-21","deposit","100000","open","mobile_app"
"458","320","2026-06-14","2026-06-14","deposit","25000","open","mobile_app"
"459","321","2022-03-13","2022-03-13","deposit","25000","open","ivr"
"460","321","2023-08-09","2023-08-09","application","-25000","converted","ivr"
"461","322","2026-01-23","2026-01-23","deposit","25000","open","ivr"
"462","323","2025-09-07","2025-09-07","deposit","25000","open","kiosk"
"463","323","2026-06-02","2026-06-02","application","-25000","converted","web_portal"
"464","324","2025-05-02","2025-05-02","deposit","25000","open","web_portal"
"465","325","2021-09-19","2021-09-19","deposit","25000","open","mobile_app"
"466","325","2024-01-04","2024-01-04","application","-25000","converted","ivr"
"467","326","2023-12-11","2023-12-11","deposit","25000","open","kiosk"
"468","326","2025-01-25","2025-01-25","application","-25000","converted","kiosk"
"469","327","2025-02-09","2025-02-09","deposit","25000","open","web_portal"
"470","328","2023-01-08","2023-01-08","deposit","25000","open","kiosk"
"471","328","2024-01-15","2024-01-15","application","-25000","converted","csr_console"
"472","329","2022-08-13","2022-08-13","deposit","25000","open","mobile_app"
"473","329","2024-07-01","2024-07-01","application","-25000","converted","csr_console"
"474","330","2025-02-21","2025-02-21","deposit","25000","open","csr_console"
"475","330","2025-11-07","2025-11-07","refund","-25000","cancelled_refunded","ivr"
"476","331","2023-09-30","2023-09-30","deposit","25000","open","kiosk"
"477","331","2025-09-04","2025-09-04","application","-25000","converted","mobile_app"
"478","332","2023-09-27","2023-09-27","deposit","100000","open","ivr"
"479","332","2024-03-13","2024-03-13","refund","-100000","cancelled_refunded","kiosk"
"480","333","2022-06-11","2022-06-11","deposit","25000","open","kiosk"
"481","334","2026-04-22","2026-04-22","deposit","25000","open","mobile_app"
"482","335","2025-05-19","2025-05-19","deposit","25000","open","csr_console"
"483","336","2025-10-16","2025-10-16","deposit","25000","open","kiosk"
"484","337","2021-09-03","2021-09-03","deposit","25000","open","mobile_app"
"485","337","2023-06-19","2023-06-19","application","-25000","converted","csr_console"
"486","338","2021-07-14","2021-07-14","deposit","25000","open","web_portal"
"487","338","2023-08-25","2023-08-25","application","-25000","converted","csr_console"
"488","339","2023-07-16","2023-07-16","deposit","25000","open","csr_console"
"489","340","2023-12-10","2023-12-10","deposit","25000","open","ivr"
"490","340","2025-11-20","2025-11-20","refund","-25000","cancelled_refunded","mobile_app"
"491","341","2024-05-20","2024-05-20","deposit","25000","open","web_portal"
"492","342","2025-12-02","2025-12-02","deposit","25000","open","csr_console"
"493","343","2026-06-23","2026-06-23","deposit","25000","open","ivr"
"494","344","2024-11-04","2024-11-04","deposit","25000","open","web_portal"
"495","345","2025-08-30","2025-08-30","deposit","25000","open","mobile_app"
"496","345","2026-01-30","2026-01-30","refund","-25000","cancelled_refunded","ivr"
"497","346","2025-03-13","2025-03-13","deposit","25000","open","csr_console"
"498","347","2024-02-07","2024-02-07","deposit","25000","open","mobile_app"
"499","347","2025-02-22","2025-02-22","application","-25000","converted","kiosk"
"500","348","2020-12-24","2020-12-24","deposit","25000","open","web_portal"
"501","349","2025-08-14","2025-08-14","deposit","25000","open","web_portal"
"502","350","2025-05-07","2025-05-07","deposit","25000","open","ivr"
"503","351","2026-02-03","2026-02-03","deposit","25000","open","kiosk"
"504","352","2023-01-18","2023-01-18","deposit","25000","open","csr_console"
"505","352","2024-07-10","2024-07-10","application","-25000","converted","kiosk"
"506","353","2024-05-20","2024-05-20","deposit","25000","open","kiosk"
"507","354","2026-06-11","2026-06-11","deposit","25000","open","kiosk"
"508","355","2024-07-10","2024-07-10","deposit","25000","open","csr_console"
"509","355","2025-06-21","2025-06-21","application","-25000","converted","ivr"
"510","356","2023-03-22","2023-03-22","deposit","25000","open","csr_console"
"511","357","2024-10-06","2024-10-06","deposit","25000","open","kiosk"
"512","357","2025-12-01","2025-12-01","application","-25000","converted","mobile_app"
"513","358","2025-12-22","2025-12-22","deposit","25000","open","web_portal"
"514","359","2025-09-14","2025-09-14","deposit","100000","open","csr_console"
"515","360","2026-04-27","2026-04-27","deposit","25000","open","ivr"
"516","361","2026-03-30","2026-03-30","deposit","25000","open","csr_console"
"517","362","2026-02-22","2026-02-22","deposit","25000","open","web_portal"
"518","363","2021-06-18","2021-06-18","deposit","25000","open","mobile_app"
"519","364","2026-06-13","2026-06-13","deposit","25000","open","web_portal"
"520","365","2024-09-08","2024-09-08","deposit","25000","open","ivr"
"521","365","2025-01-27","2025-01-27","refund","-25000","cancelled_refunded","kiosk"
"522","366","2024-01-23","2024-01-23","deposit","25000","open","web_portal"
"523","366","2026-03-28","2026-03-28","refund","-25000","cancelled_refunded","mobile_app"
"524","367","2026-03-21","2026-03-21","deposit","25000","open","mobile_app"
"525","368","2025-01-29","2025-01-29","deposit","25000","open","csr_console"
"526","369","2021-06-03","2021-06-03","deposit","25000","open","kiosk"
"527","369","2022-06-12","2022-06-12","refund","-25000","cancelled_refunded","kiosk"
"528","370","2020-04-06","2020-04-06","deposit","25000","open","ivr"
"529","370","2022-07-18","2022-07-18","application","-25000","converted","csr_console"
"530","371","2026-04-07","2026-04-07","deposit","25000","open","csr_console"
"531","372","2025-04-16","2025-04-16","deposit","25000","open","mobile_app"
"532","373","2026-01-23","2026-01-23","deposit","25000","open","mobile_app"
"533","374","2021-08-28","2021-08-28","deposit","100000","open","csr_console"
"534","375","2021-10-26","2021-10-26","deposit","25000","open","csr_console"
"535","375","2022-09-02","2022-09-02","refund","-25000","cancelled_refunded","ivr"
"536","376","2026-04-25","2026-04-25","deposit","25000","open","csr_console"
"537","377","2022-01-22","2022-01-22","deposit","25000","open","kiosk"
"538","377","2022-09-09","2022-09-09","application","-25000","converted","mobile_app"
"539","378","2021-09-04","2021-09-04","deposit","25000","open","ivr"
"540","378","2023-01-14","2023-01-14","application","-25000","converted","kiosk"
"541","379","2023-10-07","2023-10-07","deposit","25000","open","web_portal"
"542","379","2025-01-12","2025-01-12","application","-25000","converted","ivr"
"543","380","2025-12-27","2025-12-27","deposit","25000","open","web_portal"
"544","381","2019-12-22","2019-12-22","deposit","25000","open","ivr"
"545","381","2020-10-19","2020-10-19","application","-25000","converted","ivr"
"546","382","2021-11-23","2021-11-23","deposit","25000","open","kiosk"
"547","382","2022-09-08","2022-09-08","application","-25000","converted","web_portal"
"548","383","2025-06-14","2025-06-14","deposit","25000","open","ivr"
"549","383","2026-03-10","2026-03-10","application","-25000","converted","csr_console"
"550","384","2023-04-12","2023-04-12","deposit","25000","open","mobile_app"
"551","384","2023-12-02","2023-12-02","refund","-25000","cancelled_refunded","ivr"
"552","385","2022-08-22","2022-08-22","deposit","25000","open","mobile_app"
"553","385","2025-01-27","2025-01-27","application","-25000","converted","web_portal"
"554","386","2022-08-14","2022-08-14","deposit","25000","open","kiosk"
"555","387","2024-05-27","2024-05-27","deposit","25000","open","mobile_app"
"556","388","2026-04-20","2026-04-20","deposit","100000","open","web_portal"
"557","389","2023-01-13","2023-01-13","deposit","25000","open","kiosk"
"558","390","2025-08-19","2025-08-19","deposit","25000","open","mobile_app"
"559","390","2025-11-06","2025-11-06","refund","-25000","cancelled_refunded","ivr"
"560","391","2026-06-15","2026-06-15","deposit","25000","open","kiosk"
"561","392","2024-04-08","2024-04-08","deposit","25000","open","csr_console"
"562","392","2026-02-23","2026-02-23","refund","-25000","cancelled_refunded","csr_console"
"563","393","2022-10-07","2022-10-07","deposit","25000","open","ivr"
"564","393","2024-12-27","2024-12-27","application","-25000","converted","mobile_app"
"565","394","2021-08-26","2021-08-26","deposit","25000","open","ivr"
"566","394","2023-05-11","2023-05-11","application","-25000","converted","web_portal"
"567","395","2023-05-12","2023-05-12","deposit","25000","open","web_portal"
"568","395","2024-08-31","2024-08-31","application","-25000","converted","csr_console"
"569","396","2023-02-18","2023-02-18","deposit","25000","open","mobile_app"
"570","396","2024-07-16","2024-07-16","refund","-25000","cancelled_refunded","mobile_app"
"571","397","2026-03-22","2026-03-22","deposit","25000","open","mobile_app"
"572","398","2023-05-10","2023-05-10","deposit","25000","open","web_portal"
"573","398","2024-12-16","2024-12-16","application","-25000","converted","csr_console"
"574","399","2026-03-11","2026-03-11","deposit","25000","open","mobile_app"
"575","400","2026-03-07","2026-03-07","deposit","25000","open","csr_console"
"576","401","2022-06-26","2022-06-26","deposit","25000","open","mobile_app"
"577","401","2022-11-30","2022-11-30","application","-25000","converted","web_portal"
"578","402","2024-08-18","2024-08-18","deposit","25000","open","web_portal"
"579","402","2025-01-22","2025-01-22","application","-25000","converted","mobile_app"
"580","403","2022-11-01","2022-11-01","deposit","25000","open","kiosk"
"581","403","2023-06-18","2023-06-18","application","-25000","converted","mobile_app"
"582","404","2025-09-08","2025-09-08","deposit","25000","open","ivr"
"583","405","2022-07-07","2022-07-07","deposit","25000","open","mobile_app"
"584","405","2023-06-06","2023-06-06","refund","-25000","cancelled_refunded","csr_console"
"585","406","2022-07-15","2022-07-15","deposit","100000","open","csr_console"
"586","406","2023-10-27","2023-10-27","application","-100000","converted","mobile_app"
"587","407","2025-06-25","2025-06-25","deposit","25000","open","kiosk"
"588","408","2025-10-29","2025-10-29","deposit","25000","open","web_portal"
"589","408","2026-05-17","2026-05-17","application","-25000","converted","csr_console"
"590","409","2024-02-21","2024-02-21","deposit","100000","open","csr_console"
"591","410","2025-02-09","2025-02-09","deposit","25000","open","kiosk"
"592","410","2026-04-27","2026-04-27","application","-25000","converted","kiosk"
"593","411","2026-04-27","2026-04-27","deposit","25000","open","ivr"
"594","412","2025-10-02","2025-10-02","deposit","25000","open","mobile_app"
"595","413","2025-01-28","2025-01-28","deposit","25000","open","mobile_app"
"596","413","2026-04-01","2026-04-01","refund","-25000","cancelled_refunded","web_portal"
"597","414","2026-04-26","2026-04-26","deposit","25000","open","csr_console"
"598","415","2022-06-13","2022-06-13","deposit","25000","open","kiosk"
"599","416","2020-04-04","2020-04-04","deposit","25000","open","kiosk"
"600","416","2022-05-15","2022-05-15","application","-25000","converted","ivr"
"601","417","2024-09-08","2024-09-08","deposit","25000","open","kiosk"
"602","418","2026-01-18","2026-01-18","deposit","25000","open","ivr"
"603","419","2022-07-03","2022-07-03","deposit","25000","open","kiosk"
"604","420","2021-05-31","2021-05-31","deposit","25000","open","kiosk"
"605","420","2022-08-10","2022-08-10","refund","-25000","cancelled_refunded","web_portal"
"606","421","2024-05-03","2024-05-03","deposit","25000","open","ivr"
"607","421","2024-11-15","2024-11-15","application","-25000","converted","ivr"
"608","422","2023-07-22","2023-07-22","deposit","25000","open","mobile_app"
"609","423","2025-02-12","2025-02-12","deposit","25000","open","mobile_app"
"610","424","2025-11-11","2025-11-11","deposit","25000","open","kiosk"
"611","425","2022-12-08","2022-12-08","deposit","25000","open","ivr"
"612","425","2024-08-09","2024-08-09","refund","-25000","cancelled_refunded","web_portal"
"613","426","2025-05-26","2025-05-26","deposit","25000","open","mobile_app"
"614","427","2024-05-04","2024-05-04","deposit","25000","open","ivr"
"615","428","2025-09-07","2025-09-07","deposit","100000","open","kiosk"
"616","428","2026-02-13","2026-02-13","application","-100000","converted","csr_console"
"617","429","2025-10-27","2025-10-27","deposit","25000","open","ivr"
"618","430","2021-12-21","2021-12-21","deposit","25000","open","web_portal"
"619","430","2024-03-13","2024-03-13","application","-25000","converted","mobile_app"
"620","431","2025-09-11","2025-09-11","deposit","25000","open","web_portal"
"621","432","2024-05-28","2024-05-28","deposit","100000","open","mobile_app"
"622","433","2024-07-09","2024-07-09","deposit","100000","open","web_portal"
"623","433","2025-02-02","2025-02-02","application","-100000","converted","ivr"
"624","434","2026-04-04","2026-04-04","deposit","100000","open","ivr"
"625","435","2026-04-15","2026-04-15","deposit","100000","open","web_portal"
"626","436","2021-07-05","2021-07-05","deposit","25000","open","ivr"
"627","436","2023-08-14","2023-08-14","application","-25000","converted","kiosk"
"628","437","2024-06-05","2024-06-05","deposit","25000","open","ivr"
"629","438","2026-02-15","2026-02-15","deposit","25000","open","ivr"
"630","439","2022-02-12","2022-02-12","deposit","25000","open","kiosk"
"631","439","2022-12-25","2022-12-25","application","-25000","converted","kiosk"
"632","440","2025-09-03","2025-09-03","deposit","25000","open","web_portal"
"633","441","2024-10-30","2024-10-30","deposit","25000","open","ivr"
"634","441","2025-04-20","2025-04-20","refund","-25000","cancelled_refunded","kiosk"
"635","442","2026-06-12","2026-06-12","deposit","25000","open","kiosk"
"636","443","2024-11-04","2024-11-04","deposit","25000","open","csr_console"
"637","444","2024-01-09","2024-01-09","deposit","25000","open","csr_console"
"638","444","2025-10-16","2025-10-16","application","-25000","converted","mobile_app"
"639","445","2021-12-10","2021-12-10","deposit","25000","open","kiosk"
"640","446","2025-05-12","2025-05-12","deposit","25000","open","mobile_app"
"641","447","2024-07-20","2024-07-20","deposit","25000","open","mobile_app"
"642","448","2026-02-22","2026-02-22","deposit","25000","open","mobile_app"
"643","449","2022-09-10","2022-09-10","deposit","25000","open","mobile_app"
"644","449","2023-07-11","2023-07-11","application","-25000","converted","web_portal"
"645","450","2026-05-12","2026-05-12","deposit","100000","open","web_portal"
"646","451","2022-03-24","2022-03-24","deposit","25000","open","csr_console"
"647","452","2026-06-13","2026-06-13","deposit","25000","open","kiosk"
"648","453","2024-12-26","2024-12-26","deposit","25000","open","ivr"
"649","453","2025-09-10","2025-09-10","application","-25000","converted","ivr"
"650","454","2022-08-20","2022-08-20","deposit","25000","open","csr_console"
"651","455","2022-10-10","2022-10-10","deposit","25000","open","csr_console"
"652","455","2023-10-05","2023-10-05","refund","-25000","cancelled_refunded","mobile_app"
"653","456","2024-09-14","2024-09-14","deposit","25000","open","mobile_app"
"654","457","2026-05-08","2026-05-08","deposit","25000","open","csr_console"
"655","458","2024-02-01","2024-02-01","deposit","25000","open","kiosk"
"656","459","2021-07-11","2021-07-11","deposit","100000","open","ivr"
"657","459","2021-11-30","2021-11-30","application","-100000","converted","csr_console"
"658","460","2024-01-24","2024-01-24","deposit","25000","open","kiosk"
"659","460","2025-05-04","2025-05-04","refund","-25000","cancelled_refunded","csr_console"
"660","461","2025-01-24","2025-01-24","deposit","25000","open","web_portal"
"661","461","2025-10-16","2025-10-16","application","-25000","converted","ivr"
"662","462","2024-11-16","2024-11-16","deposit","25000","open","web_portal"
"663","462","2025-08-15","2025-08-15","application","-25000","converted","ivr"
"664","463","2021-01-11","2021-01-11","deposit","25000","open","kiosk"
"665","463","2021-12-13","2021-12-13","application","-25000","converted","kiosk"
"666","464","2024-12-26","2024-12-26","deposit","25000","open","web_portal"
"667","465","2023-01-03","2023-01-03","deposit","25000","open","kiosk"
"668","466","2025-11-08","2025-11-08","deposit","25000","open","kiosk"
"669","467","2025-07-09","2025-07-09","deposit","25000","open","csr_console"
"670","468","2026-06-08","2026-06-08","deposit","25000","open","mobile_app"
"671","469","2022-09-10","2022-09-10","deposit","25000","open","csr_console"
"672","470","2023-08-30","2023-08-30","deposit","25000","open","web_portal"
"673","471","2021-10-01","2021-10-01","deposit","25000","open","kiosk"
"674","471","2022-03-13","2022-03-13","application","-25000","converted","kiosk"
"675","472","2020-08-22","2020-08-22","deposit","25000","open","web_portal"
"676","472","2022-07-22","2022-07-22","application","-25000","converted","kiosk"
"677","473","2023-09-04","2023-09-04","deposit","25000","open","mobile_app"
"678","473","2026-02-01","2026-02-01","application","-25000","converted","ivr"
"679","474","2023-01-07","2023-01-07","deposit","25000","open","mobile_app"
"680","474","2024-08-15","2024-08-15","application","-25000","converted","kiosk"
"681","475","2022-07-21","2022-07-21","deposit","25000","open","mobile_app"
"682","476","2026-01-10","2026-01-10","deposit","25000","open","ivr"
"683","477","2024-07-21","2024-07-21","deposit","25000","open","mobile_app"
"684","477","2025-09-30","2025-09-30","application","-25000","converted","web_portal"
"685","478","2025-08-04","2025-08-04","deposit","25000","open","mobile_app"
"686","479","2020-07-16","2020-07-16","deposit","25000","open","csr_console"
"687","479","2020-10-26","2020-10-26","refund","-25000","cancelled_refunded","mobile_app"
"688","480","2024-11-06","2024-11-06","deposit","25000","open","ivr"
"689","480","2025-07-03","2025-07-03","refund","-25000","cancelled_refunded","kiosk"
"690","481","2025-02-11","2025-02-11","deposit","25000","open","mobile_app"
"691","482","2023-09-06","2023-09-06","deposit","25000","open","ivr"
"692","482","2024-03-25","2024-03-25","application","-25000","converted","kiosk"
"693","483","2024-10-29","2024-10-29","deposit","25000","open","csr_console"
"694","483","2025-12-04","2025-12-04","application","-25000","converted","kiosk"
"695","484","2022-05-05","2022-05-05","deposit","25000","open","ivr"
"696","484","2024-04-05","2024-04-05","application","-25000","converted","mobile_app"
"697","485","2023-07-22","2023-07-22","deposit","100000","open","kiosk"
"698","485","2025-12-14","2025-12-14","refund","-100000","cancelled_refunded","mobile_app"
"699","486","2025-08-01","2025-08-01","deposit","25000","open","kiosk"
"700","487","2024-07-02","2024-07-02","deposit","25000","open","mobile_app"
"701","487","2026-02-05","2026-02-05","application","-25000","converted","kiosk"
"702","488","2023-12-20","2023-12-20","deposit","25000","open","kiosk"
"703","488","2025-08-12","2025-08-12","refund","-25000","cancelled_refunded","web_portal"
"704","489","2023-03-06","2023-03-06","deposit","25000","open","ivr"
"705","489","2025-04-04","2025-04-04","application","-25000","converted","ivr"
"706","490","2022-05-18","2022-05-18","deposit","25000","open","mobile_app"
"707","491","2024-06-24","2024-06-24","deposit","25000","open","web_portal"
"708","491","2024-11-21","2024-11-21","application","-25000","converted","kiosk"
"709","492","2022-02-21","2022-02-21","deposit","25000","open","ivr"
"710","493","2025-04-07","2025-04-07","deposit","25000","open","web_portal"
"711","494","2026-06-29","2026-06-29","deposit","25000","open","ivr"
"712","495","2021-12-04","2021-12-04","deposit","100000","open","ivr"
"713","496","2023-03-30","2023-03-30","deposit","25000","open","mobile_app"
"714","496","2023-09-09","2023-09-09","application","-25000","converted","mobile_app"
"715","497","2024-06-08","2024-06-08","deposit","25000","open","ivr"
"716","498","2026-06-25","2026-06-25","deposit","25000","open","mobile_app"
"717","499","2023-04-08","2023-04-08","deposit","25000","open","mobile_app"
"718","500","2022-08-20","2022-08-20","deposit","25000","open","mobile_app"
"719","500","2023-10-14","2023-10-14","application","-25000","converted","kiosk"
"720","501","2025-05-06","2025-05-06","deposit","25000","open","mobile_app"
"721","502","2024-11-09","2024-11-09","deposit","25000","open","ivr"
"722","503","2024-07-15","2024-07-15","deposit","25000","open","web_portal"
"723","504","2025-01-02","2025-01-02","deposit","25000","open","csr_console"
"724","504","2026-01-12","2026-01-12","application","-25000","converted","kiosk"
"725","505","2022-03-26","2022-03-26","deposit","25000","open","mobile_app"
"726","506","2025-03-01","2025-03-01","deposit","25000","open","mobile_app"
"727","506","2025-10-12","2025-10-12","application","-25000","converted","mobile_app"
"728","507","2025-11-02","2025-11-02","deposit","25000","open","mobile_app"
"729","508","2023-01-29","2023-01-29","deposit","25000","open","mobile_app"
"730","508","2024-08-05","2024-08-05","application","-25000","converted","csr_console"
"731","509","2024-08-02","2024-08-02","deposit","100000","open","ivr"
"732","509","2026-05-10","2026-05-10","refund","-100000","cancelled_refunded","mobile_app"
"733","510","2026-01-21","2026-01-21","deposit","25000","open","ivr"
"734","511","2022-07-06","2022-07-06","deposit","25000","open","kiosk"
"735","512","2023-06-06","2023-06-06","deposit","25000","open","ivr"
"736","512","2024-02-20","2024-02-20","application","-25000","converted","csr_console"
"737","513","2025-11-06","2025-11-06","deposit","25000","open","kiosk"
"738","514","2025-03-16","2025-03-16","deposit","25000","open","ivr"
"739","514","2025-12-21","2025-12-21","application","-25000","converted","kiosk"
"740","515","2022-02-22","2022-02-22","deposit","25000","open","web_portal"
"741","515","2024-07-17","2024-07-17","application","-25000","converted","ivr"
"742","516","2025-06-20","2025-06-20","deposit","25000","open","mobile_app"
"743","517","2022-03-26","2022-03-26","deposit","25000","open","web_portal"
"744","518","2025-01-08","2025-01-08","deposit","25000","open","web_portal"
"745","518","2026-04-27","2026-04-27","application","-25000","converted","csr_console"
"746","519","2023-05-26","2023-05-26","deposit","100000","open","kiosk"
"747","519","2025-07-20","2025-07-20","refund","-100000","cancelled_refunded","ivr"
"748","520","2024-08-05","2024-08-05","deposit","25000","open","web_portal"
"749","520","2026-03-13","2026-03-13","application","-25000","converted","ivr"
"750","521","2025-06-24","2025-06-24","deposit","100000","open","kiosk"
"751","521","2026-04-01","2026-04-01","refund","-100000","cancelled_refunded","web_portal"
"752","522","2022-04-20","2022-04-20","deposit","25000","open","ivr"
"753","522","2023-04-11","2023-04-11","refund","-25000","cancelled_refunded","mobile_app"
"754","523","2023-11-01","2023-11-01","deposit","25000","open","kiosk"
"755","523","2026-03-08","2026-03-08","application","-25000","converted","mobile_app"
"756","524","2025-04-03","2025-04-03","deposit","25000","open","csr_console"
"757","525","2024-12-18","2024-12-18","deposit","25000","open","mobile_app"
"758","526","2022-09-29","2022-09-29","deposit","25000","open","ivr"
"759","526","2023-02-02","2023-02-02","application","-25000","converted","csr_console"
"760","527","2022-12-21","2022-12-21","deposit","25000","open","mobile_app"
"761","527","2025-05-12","2025-05-12","refund","-25000","cancelled_refunded","web_portal"
"762","528","2025-08-16","2025-08-16","deposit","25000","open","csr_console"
"763","529","2024-08-14","2024-08-14","deposit","25000","open","csr_console"
"764","529","2025-10-03","2025-10-03","refund","-25000","cancelled_refunded","mobile_app"
"765","530","2026-06-04","2026-06-04","deposit","25000","open","kiosk"
"766","531","2023-11-17","2023-11-17","deposit","25000","open","mobile_app"
"767","531","2024-07-16","2024-07-16","application","-25000","converted","web_portal"
"768","532","2025-10-20","2025-10-20","deposit","25000","open","kiosk"
"769","533","2024-04-10","2024-04-10","deposit","25000","open","mobile_app"
"770","534","2025-11-17","2025-11-17","deposit","100000","open","web_portal"
"771","535","2025-11-11","2025-11-11","deposit","25000","open","ivr"
"772","536","2024-02-05","2024-02-05","deposit","25000","open","kiosk"
"773","536","2025-02-25","2025-02-25","application","-25000","converted","ivr"
"774","537","2021-02-08","2021-02-08","deposit","25000","open","mobile_app"
"775","537","2022-09-05","2022-09-05","application","-25000","converted","csr_console"
"776","538","2025-07-13","2025-07-13","deposit","25000","open","mobile_app"
"777","539","2022-03-25","2022-03-25","deposit","100000","open","web_portal"
"778","539","2023-05-28","2023-05-28","application","-100000","converted","mobile_app"
"779","540","2022-04-21","2022-04-21","deposit","25000","open","ivr"
"780","540","2023-10-27","2023-10-27","application","-25000","converted","ivr"
"781","541","2022-02-21","2022-02-21","deposit","25000","open","web_portal"
"782","541","2022-11-25","2022-11-25","refund","-25000","cancelled_refunded","kiosk"
"783","542","2022-06-04","2022-06-04","deposit","25000","open","kiosk"
"784","542","2023-11-16","2023-11-16","application","-25000","converted","ivr"
"785","543","2025-04-02","2025-04-02","deposit","25000","open","web_portal"
"786","544","2023-02-20","2023-02-20","deposit","25000","open","mobile_app"
"787","544","2025-04-30","2025-04-30","application","-25000","converted","web_portal"
"788","545","2026-02-04","2026-02-04","deposit","25000","open","mobile_app"
"789","546","2024-03-25","2024-03-25","deposit","25000","open","mobile_app"
"790","546","2025-10-18","2025-10-18","application","-25000","converted","web_portal"
"791","547","2025-11-09","2025-11-09","deposit","25000","open","ivr"
"792","547","2026-05-27","2026-05-27","application","-25000","converted","mobile_app"
"793","548","2025-10-06","2025-10-06","deposit","25000","open","web_portal"
"794","549","2025-05-27","2025-05-27","deposit","25000","open","csr_console"
"795","550","2025-07-29","2025-07-29","deposit","25000","open","ivr"
"796","550","2026-05-21","2026-05-21","refund","-25000","cancelled_refunded","ivr"
"797","551","2026-03-16","2026-03-16","deposit","25000","open","csr_console"
"798","552","2025-12-15","2025-12-15","deposit","100000","open","mobile_app"
"799","553","2022-01-29","2022-01-29","deposit","25000","open","ivr"
"800","553","2024-01-02","2024-01-02","application","-25000","converted","kiosk"
"801","554","2022-07-05","2022-07-05","deposit","25000","open","csr_console"
"802","554","2023-03-18","2023-03-18","application","-25000","converted","web_portal"
"803","555","2023-03-11","2023-03-11","deposit","25000","open","web_portal"
"804","555","2024-10-18","2024-10-18","application","-25000","converted","web_portal"
"805","556","2022-01-01","2022-01-01","deposit","25000","open","web_portal"
"806","557","2026-03-18","2026-03-18","deposit","25000","open","mobile_app"
"807","558","2025-12-06","2025-12-06","deposit","100000","open","csr_console"
"808","559","2025-04-06","2025-04-06","deposit","25000","open","ivr"
"809","559","2025-11-13","2025-11-13","application","-25000","converted","kiosk"
"810","560","2022-11-14","2022-11-14","deposit","25000","open","csr_console"
"811","560","2023-08-18","2023-08-18","application","-25000","converted","ivr"
"812","561","2026-01-10","2026-01-10","deposit","25000","open","csr_console"
"813","562","2026-05-28","2026-05-28","deposit","100000","open","mobile_app"
"814","563","2025-02-09","2025-02-09","deposit","25000","open","ivr"
"815","563","2026-02-23","2026-02-23","application","-25000","converted","csr_console"
"816","564","2024-07-29","2024-07-29","deposit","25000","open","kiosk"
"817","565","2024-02-14","2024-02-14","deposit","25000","open","csr_console"
"818","565","2025-10-15","2025-10-15","application","-25000","converted","kiosk"
"819","566","2024-10-11","2024-10-11","deposit","25000","open","ivr"
"820","567","2023-01-07","2023-01-07","deposit","25000","open","ivr"
"821","567","2024-07-10","2024-07-10","application","-25000","converted","web_portal"
"822","568","2026-03-30","2026-03-30","deposit","25000","open","ivr"
"823","569","2025-07-09","2025-07-09","deposit","25000","open","web_portal"
"824","570","2026-01-18","2026-01-18","deposit","25000","open","csr_console"
"825","571","2024-07-13","2024-07-13","deposit","25000","open","web_portal"
"826","571","2025-11-16","2025-11-16","application","-25000","converted","mobile_app"
"827","572","2025-02-12","2025-02-12","deposit","25000","open","web_portal"
"828","573","2023-11-26","2023-11-26","deposit","25000","open","kiosk"
"829","574","2024-05-19","2024-05-19","deposit","25000","open","csr_console"
"830","574","2025-12-11","2025-12-11","application","-25000","converted","ivr"
"831","575","2022-03-14","2022-03-14","deposit","25000","open","ivr"
"832","575","2022-09-02","2022-09-02","application","-25000","converted","ivr"
"833","576","2022-11-15","2022-11-15","deposit","25000","open","kiosk"
"834","576","2023-10-23","2023-10-23","refund","-25000","cancelled_refunded","mobile_app"
"835","577","2026-02-23","2026-02-23","deposit","25000","open","ivr"
"836","578","2023-05-25","2023-05-25","deposit","25000","open","web_portal"
"837","578","2025-11-27","2025-11-27","refund","-25000","cancelled_refunded","csr_console"
"838","579","2020-09-13","2020-09-13","deposit","25000","open","ivr"
"839","580","2025-10-28","2025-10-28","deposit","25000","open","ivr"
"840","581","2022-07-03","2022-07-03","deposit","25000","open","ivr"
"841","582","2024-01-04","2024-01-04","deposit","25000","open","csr_console"
"842","583","2023-04-20","2023-04-20","deposit","25000","open","mobile_app"
"843","583","2024-06-16","2024-06-16","application","-25000","converted","kiosk"
"844","584","2026-04-13","2026-04-13","deposit","25000","open","csr_console"
"845","585","2024-03-12","2024-03-12","deposit","25000","open","kiosk"
"846","585","2024-05-30","2024-05-30","refund","-25000","cancelled_refunded","ivr"
"847","586","2026-04-24","2026-04-24","deposit","25000","open","csr_console"
"848","587","2026-02-08","2026-02-08","deposit","25000","open","csr_console"
"849","588","2022-11-06","2022-11-06","deposit","25000","open","web_portal"
"850","589","2025-01-03","2025-01-03","deposit","25000","open","ivr"
"851","589","2025-07-05","2025-07-05","refund","-25000","cancelled_refunded","web_portal"
"852","590","2025-06-02","2025-06-02","deposit","25000","open","csr_console"
"853","590","2026-02-20","2026-02-20","application","-25000","converted","csr_console"
"854","591","2020-09-21","2020-09-21","deposit","100000","open","csr_console"
"855","591","2023-01-05","2023-01-05","refund","-100000","cancelled_refunded","ivr"
"856","592","2025-07-24","2025-07-24","deposit","25000","open","ivr"
"857","593","2023-08-20","2023-08-20","deposit","25000","open","web_portal"
"858","594","2024-06-01","2024-06-01","deposit","25000","open","web_portal"
"859","594","2025-11-10","2025-11-10","application","-25000","converted","web_portal"
"860","595","2026-05-24","2026-05-24","deposit","25000","open","csr_console"
"861","596","2025-07-20","2025-07-20","deposit","25000","open","web_portal"
"862","597","2025-08-10","2025-08-10","deposit","25000","open","web_portal"
"863","598","2024-05-01","2024-05-01","deposit","25000","open","csr_console"
"864","598","2024-11-16","2024-11-16","application","-25000","converted","web_portal"
"865","599","2022-08-26","2022-08-26","deposit","100000","open","ivr"
"866","599","2024-11-15","2024-11-15","refund","-100000","cancelled_refunded","ivr"
"867","600","2023-03-20","2023-03-20","deposit","25000","open","mobile_app"
"868","600","2025-02-12","2025-02-12","application","-25000","converted","csr_console"
"869","601","2026-06-21","2026-06-21","deposit","25000","open","ivr"
"870","602","2025-07-06","2025-07-06","deposit","25000","open","csr_console"
"871","602","2025-12-11","2025-12-11","application","-25000","converted","mobile_app"
"872","603","2025-08-05","2025-08-05","deposit","25000","open","mobile_app"
"873","603","2026-06-03","2026-06-03","application","-25000","converted","csr_console"
"874","604","2026-02-28","2026-02-28","deposit","25000","open","mobile_app"
"875","605","2022-09-06","2022-09-06","deposit","25000","open","mobile_app"
"876","605","2023-06-09","2023-06-09","application","-25000","converted","web_portal"
"877","606","2023-06-14","2023-06-14","deposit","25000","open","web_portal"
"878","606","2024-02-12","2024-02-12","refund","-25000","cancelled_refunded","ivr"
"879","607","2024-08-20","2024-08-20","deposit","100000","open","ivr"
"880","607","2025-04-02","2025-04-02","application","-100000","converted","csr_console"
"881","608","2022-03-14","2022-03-14","deposit","25000","open","csr_console"
"882","608","2024-09-17","2024-09-17","refund","-25000","cancelled_refunded","ivr"
"883","609","2024-08-14","2024-08-14","deposit","25000","open","web_portal"
"884","609","2025-09-21","2025-09-21","refund","-25000","cancelled_refunded","ivr"
"885","610","2024-11-30","2024-11-30","deposit","25000","open","web_portal"
"886","611","2020-11-18","2020-11-18","deposit","25000","open","ivr"
"887","611","2023-03-08","2023-03-08","application","-25000","converted","web_portal"
"888","612","2023-05-02","2023-05-02","deposit","25000","open","csr_console"
"889","612","2025-09-22","2025-09-22","application","-25000","converted","csr_console"
"890","613","2024-10-06","2024-10-06","deposit","25000","open","web_portal"
"891","614","2026-01-24","2026-01-24","deposit","25000","open","ivr"
"892","614","2026-06-30","2026-06-30","refund","-25000","cancelled_refunded","ivr"
"893","615","2025-01-28","2025-01-28","deposit","25000","open","mobile_app"
"894","616","2025-01-20","2025-01-20","deposit","25000","open","csr_console"
"895","617","2024-05-21","2024-05-21","deposit","25000","open","web_portal"
"896","617","2025-04-20","2025-04-20","application","-25000","converted","ivr"
"897","618","2024-08-08","2024-08-08","deposit","100000","open","csr_console"
"898","619","2026-02-03","2026-02-03","deposit","25000","open","web_portal"
"899","620","2026-02-24","2026-02-24","deposit","25000","open","ivr"
"900","621","2023-11-24","2023-11-24","deposit","25000","open","web_portal"
"901","622","2025-10-13","2025-10-13","deposit","25000","open","web_portal"
"902","623","2021-03-18","2021-03-18","deposit","25000","open","web_portal"
"903","623","2022-07-26","2022-07-26","application","-25000","converted","ivr"
"904","624","2024-09-18","2024-09-18","deposit","25000","open","mobile_app"
"905","624","2025-10-11","2025-10-11","application","-25000","converted","ivr"
"906","625","2023-02-10","2023-02-10","deposit","25000","open","csr_console"
"907","625","2024-05-07","2024-05-07","application","-25000","converted","web_portal"
"908","626","2026-04-12","2026-04-12","deposit","25000","open","web_portal"
"909","627","2025-05-25","2025-05-25","deposit","25000","open","csr_console"
"910","628","2025-08-28","2025-08-28","deposit","25000","open","web_portal"
"911","629","2022-09-30","2022-09-30","deposit","25000","open","kiosk"
"912","629","2023-07-30","2023-07-30","application","-25000","converted","web_portal"
"913","630","2025-06-26","2025-06-26","deposit","25000","open","csr_console"
"914","631","2026-01-04","2026-01-04","deposit","25000","open","csr_console"
"915","632","2022-11-14","2022-11-14","deposit","25000","open","web_portal"
"916","632","2024-07-07","2024-07-07","application","-25000","converted","csr_console"
"917","633","2025-06-09","2025-06-09","deposit","25000","open","csr_console"
"918","634","2025-05-04","2025-05-04","deposit","25000","open","csr_console"
"919","634","2025-11-07","2025-11-07","refund","-25000","cancelled_refunded","csr_console"
"920","635","2026-02-25","2026-02-25","deposit","25000","open","csr_console"
"921","636","2025-03-15","2025-03-15","deposit","25000","open","csr_console"
"922","637","2023-10-17","2023-10-17","deposit","25000","open","mobile_app"
"923","638","2025-06-01","2025-06-01","deposit","100000","open","csr_console"
"924","638","2026-03-07","2026-03-07","application","-100000","converted","mobile_app"
"925","639","2023-08-26","2023-08-26","deposit","25000","open","mobile_app"
"926","639","2026-01-15","2026-01-15","application","-25000","converted","csr_console"
"927","640","2025-02-18","2025-02-18","deposit","100000","open","web_portal"
"928","640","2025-09-15","2025-09-15","refund","-100000","cancelled_refunded","kiosk"
"929","641","2025-02-19","2025-02-19","deposit","25000","open","web_portal"
"930","641","2026-01-25","2026-01-25","application","-25000","converted","ivr"
"931","642","2024-04-23","2024-04-23","deposit","100000","open","ivr"
"932","642","2025-04-24","2025-04-24","application","-100000","converted","ivr"
"933","643","2024-07-20","2024-07-20","deposit","25000","open","csr_console"
"934","644","2025-03-30","2025-03-30","deposit","25000","open","mobile_app"
"935","644","2025-06-11","2025-06-11","refund","-25000","cancelled_refunded","csr_console"
"936","645","2025-06-13","2025-06-13","deposit","25000","open","mobile_app"
"937","646","2022-02-23","2022-02-23","deposit","25000","open","kiosk"
"938","646","2022-10-11","2022-10-11","refund","-25000","cancelled_refunded","ivr"
"939","647","2024-07-31","2024-07-31","deposit","25000","open","csr_console"
"940","647","2025-03-15","2025-03-15","application","-25000","converted","web_portal"
"941","648","2019-12-20","2019-12-20","deposit","25000","open","ivr"
"942","648","2022-10-22","2022-10-22","refund","-25000","cancelled_refunded","ivr"
"943","649","2020-05-04","2020-05-04","deposit","25000","open","ivr"
"944","649","2021-03-06","2021-03-06","application","-25000","converted","csr_console"
"945","650","2024-08-07","2024-08-07","deposit","25000","open","mobile_app"
"946","650","2024-12-27","2024-12-27","application","-25000","converted","kiosk"
"947","651","2026-04-04","2026-04-04","deposit","25000","open","kiosk"
"948","652","2024-04-05","2024-04-05","deposit","25000","open","csr_console"
"949","652","2026-04-01","2026-04-01","application","-25000","converted","ivr"
"950","653","2025-11-06","2025-11-06","deposit","25000","open","csr_console"
"951","653","2026-05-26","2026-05-26","application","-25000","converted","kiosk"
"952","654","2024-01-28","2024-01-28","deposit","25000","open","web_portal"
"953","655","2025-08-14","2025-08-14","deposit","25000","open","mobile_app"
"954","656","2020-08-16","2020-08-16","deposit","25000","open","kiosk"
"955","656","2022-10-13","2022-10-13","refund","-25000","cancelled_refunded","kiosk"
"956","657","2025-02-01","2025-02-01","deposit","25000","open","ivr"
"957","658","2022-03-20","2022-03-20","deposit","25000","open","csr_console"
"958","658","2024-08-09","2024-08-09","refund","-25000","cancelled_refunded","mobile_app"
"959","659","2024-03-02","2024-03-02","deposit","25000","open","web_portal"
"960","660","2023-12-04","2023-12-04","deposit","25000","open","web_portal"
"961","660","2025-05-25","2025-05-25","application","-25000","converted","ivr"
"962","661","2025-09-17","2025-09-17","deposit","25000","open","web_portal"
"963","661","2026-02-23","2026-02-23","application","-25000","converted","kiosk"
"964","662","2026-02-10","2026-02-10","deposit","25000","open","web_portal"
"965","663","2025-12-06","2025-12-06","deposit","25000","open","csr_console"
"966","664","2025-07-08","2025-07-08","deposit","25000","open","ivr"
"967","665","2021-07-26","2021-07-26","deposit","25000","open","csr_console"
"968","666","2025-12-29","2025-12-29","deposit","25000","open","ivr"
"969","667","2024-03-25","2024-03-25","deposit","25000","open","ivr"
"970","667","2024-08-20","2024-08-20","application","-25000","converted","ivr"
"971","668","2025-08-12","2025-08-12","deposit","25000","open","mobile_app"
"972","668","2026-04-23","2026-04-23","application","-25000","converted","mobile_app"
"973","669","2023-07-24","2023-07-24","deposit","25000","open","kiosk"
"974","670","2025-11-23","2025-11-23","deposit","25000","open","kiosk"
"975","671","2026-05-04","2026-05-04","deposit","100000","open","mobile_app"
"976","672","2025-03-02","2025-03-02","deposit","25000","open","csr_console"
"977","673","2026-06-07","2026-06-07","deposit","100000","open","kiosk"
"978","674","2022-08-20","2022-08-20","deposit","25000","open","mobile_app"
"979","674","2023-04-30","2023-04-30","application","-25000","converted","web_portal"
"980","675","2022-11-21","2022-11-21","deposit","25000","open","mobile_app"
"981","675","2023-05-29","2023-05-29","refund","-25000","cancelled_refunded","ivr"
"982","676","2024-03-01","2024-03-01","deposit","25000","open","mobile_app"
"983","676","2024-08-14","2024-08-14","application","-25000","converted","csr_console"
"984","677","2026-06-21","2026-06-21","deposit","25000","open","kiosk"
"985","678","2024-09-24","2024-09-24","deposit","25000","open","web_portal"
"986","678","2026-02-16","2026-02-16","refund","-25000","cancelled_refunded","kiosk"
"987","679","2025-04-21","2025-04-21","deposit","25000","open","ivr"
"988","680","2023-01-31","2023-01-31","deposit","25000","open","ivr"
"989","681","2025-07-02","2025-07-02","deposit","25000","open","web_portal"
"990","681","2026-02-20","2026-02-20","application","-25000","converted","ivr"
"991","682","2022-02-10","2022-02-10","deposit","25000","open","web_portal"
"992","682","2022-08-09","2022-08-09","refund","-25000","cancelled_refunded","csr_console"
"993","683","2024-01-13","2024-01-13","deposit","25000","open","mobile_app"
"994","683","2025-11-01","2025-11-01","application","-25000","converted","ivr"
"995","684","2026-06-05","2026-06-05","deposit","100000","open","csr_console"
"996","685","2025-06-08","2025-06-08","deposit","25000","open","web_portal"
"997","686","2025-01-07","2025-01-07","deposit","25000","open","kiosk"
"998","686","2025-05-17","2025-05-17","application","-25000","converted","ivr"
"999","687","2026-01-20","2026-01-20","deposit","25000","open","web_portal"
"1000","688","2026-01-31","2026-01-31","deposit","100000","open","mobile_app"
"1001","689","2026-02-28","2026-02-28","deposit","25000","open","kiosk"
"1002","690","2025-07-14","2025-07-14","deposit","25000","open","web_portal"
"1003","691","2025-02-28","2025-02-28","deposit","25000","open","csr_console"
"1004","692","2024-08-24","2024-08-24","deposit","100000","open","web_portal"
"1005","693","2026-02-26","2026-02-26","deposit","25000","open","web_portal"
"1006","694","2023-04-17","2023-04-17","deposit","25000","open","mobile_app"
"1007","694","2025-01-09","2025-01-09","application","-25000","converted","web_portal"
"1008","695","2025-02-18","2025-02-18","deposit","25000","open","csr_console"
"1009","696","2024-07-12","2024-07-12","deposit","25000","open","ivr"
"1010","697","2026-06-24","2026-06-24","deposit","25000","open","ivr"
"1011","698","2022-09-23","2022-09-23","deposit","25000","open","web_portal"
"1012","698","2024-11-07","2024-11-07","application","-25000","converted","csr_console"
"1013","699","2025-06-21","2025-06-21","deposit","25000","open","mobile_app"
"1014","700","2023-04-13","2023-04-13","deposit","25000","open","mobile_app"
"1015","700","2024-06-25","2024-06-25","application","-25000","converted","csr_console"
"1016","701","2025-04-14","2025-04-14","deposit","25000","open","web_portal"
"1017","702","2026-05-06","2026-05-06","deposit","25000","open","web_portal"
"1018","703","2025-01-16","2025-01-16","deposit","25000","open","mobile_app"
"1019","704","2023-12-14","2023-12-14","deposit","25000","open","kiosk"
"1020","704","2026-06-07","2026-06-07","refund","-25000","cancelled_refunded","csr_console"
"1021","705","2025-05-29","2025-05-29","deposit","25000","open","web_portal"
"1022","706","2021-11-15","2021-11-15","deposit","25000","open","ivr"
"1023","706","2023-02-07","2023-02-07","application","-25000","converted","ivr"
"1024","707","2021-05-28","2021-05-28","deposit","25000","open","csr_console"
"1025","707","2022-09-09","2022-09-09","refund","-25000","cancelled_refunded","web_portal"
"1026","708","2024-09-04","2024-09-04","deposit","25000","open","kiosk"
"1027","709","2023-01-14","2023-01-14","deposit","25000","open","ivr"
"1028","709","2024-11-10","2024-11-10","application","-25000","converted","mobile_app"
"1029","710","2023-01-02","2023-01-02","deposit","25000","open","web_portal"
"1030","710","2025-08-17","2025-08-17","refund","-25000","cancelled_refunded","kiosk"
"1031","711","2025-08-31","2025-08-31","deposit","100000","open","mobile_app"
"1032","712","2025-11-08","2025-11-08","deposit","25000","open","csr_console"
"1033","713","2021-10-15","2021-10-15","deposit","100000","open","csr_console"
"1034","713","2022-05-05","2022-05-05","application","-100000","converted","csr_console"
"1035","714","2025-02-22","2025-02-22","deposit","25000","open","mobile_app"
"1036","714","2026-06-24","2026-06-24","refund","-25000","cancelled_refunded","kiosk"
"1037","715","2024-09-18","2024-09-18","deposit","25000","open","web_portal"
"1038","715","2025-12-16","2025-12-16","application","-25000","converted","mobile_app"
"1039","716","2022-07-20","2022-07-20","deposit","25000","open","csr_console"
"1040","716","2023-05-14","2023-05-14","application","-25000","converted","kiosk"
"1041","717","2025-08-13","2025-08-13","deposit","25000","open","web_portal"
"1042","718","2025-11-29","2025-11-29","deposit","25000","open","mobile_app"
"1043","719","2023-11-08","2023-11-08","deposit","25000","open","web_portal"
"1044","720","2022-03-07","2022-03-07","deposit","25000","open","web_portal"
"1045","720","2023-08-23","2023-08-23","application","-25000","converted","ivr"
"1046","721","2022-07-24","2022-07-24","deposit","100000","open","web_portal"
"1047","722","2024-06-29","2024-06-29","deposit","25000","open","web_portal"
"1048","722","2025-09-03","2025-09-03","application","-25000","converted","kiosk"
"1049","723","2023-05-02","2023-05-02","deposit","25000","open","csr_console"
"1050","724","2026-03-17","2026-03-17","deposit","25000","open","csr_console"
"1051","725","2023-04-29","2023-04-29","deposit","25000","open","kiosk"
"1052","725","2025-06-27","2025-06-27","application","-25000","converted","ivr"
"1053","726","2025-07-30","2025-07-30","deposit","25000","open","kiosk"
"1054","727","2025-06-04","2025-06-04","deposit","100000","open","csr_console"
"1055","727","2025-09-27","2025-09-27","refund","-100000","cancelled_refunded","mobile_app"
"1056","728","2025-01-01","2025-01-01","deposit","25000","open","csr_console"
"1057","728","2026-03-25","2026-03-25","application","-25000","converted","mobile_app"
"1058","729","2025-04-01","2025-04-01","deposit","25000","open","web_portal"
"1059","730","2019-05-04","2019-05-04","deposit","25000","open","csr_console"
"1060","730","2019-10-16","2019-10-16","application","-25000","converted","web_portal"
"1061","731","2023-05-15","2023-05-15","deposit","25000","open","kiosk"
"1062","731","2025-02-25","2025-02-25","application","-25000","converted","ivr"
"1063","732","2023-07-13","2023-07-13","deposit","25000","open","ivr"
"1064","732","2025-11-24","2025-11-24","application","-25000","converted","ivr"
"1065","733","2026-04-03","2026-04-03","deposit","100000","open","mobile_app"
"1066","734","2023-05-22","2023-05-22","deposit","25000","open","ivr"
"1067","734","2024-03-18","2024-03-18","application","-25000","converted","mobile_app"
"1068","735","2026-02-28","2026-02-28","deposit","100000","open","mobile_app"
"1069","736","2025-07-22","2025-07-22","deposit","25000","open","kiosk"
"1070","737","2025-12-30","2025-12-30","deposit","25000","open","web_portal"
"1071","737","2026-05-08","2026-05-08","refund","-25000","cancelled_refunded","ivr"
"1072","738","2026-06-21","2026-06-21","deposit","25000","open","ivr"
"1073","739","2026-06-20","2026-06-20","deposit","25000","open","kiosk"
"1074","740","2025-01-17","2025-01-17","deposit","25000","open","mobile_app"
"1075","741","2022-03-08","2022-03-08","deposit","25000","open","web_portal"
"1076","741","2023-05-27","2023-05-27","application","-25000","converted","mobile_app"
"1077","742","2020-08-10","2020-08-10","deposit","25000","open","web_portal"
"1078","742","2022-05-09","2022-05-09","refund","-25000","cancelled_refunded","csr_console"
"1079","743","2023-07-17","2023-07-17","deposit","25000","open","ivr"
"1080","743","2026-04-18","2026-04-18","refund","-25000","cancelled_refunded","web_portal"
"1081","744","2026-02-03","2026-02-03","deposit","25000","open","ivr"
"1082","745","2024-07-29","2024-07-29","deposit","25000","open","mobile_app"
"1083","745","2026-04-20","2026-04-20","application","-25000","converted","ivr"
"1084","746","2026-04-30","2026-04-30","deposit","25000","open","mobile_app"
"1085","747","2026-05-19","2026-05-19","deposit","25000","open","mobile_app"
"1086","748","2023-12-06","2023-12-06","deposit","25000","open","ivr"
"1087","748","2025-10-27","2025-10-27","application","-25000","converted","mobile_app"
"1088","749","2024-06-29","2024-06-29","deposit","25000","open","ivr"
"1089","749","2026-06-01","2026-06-01","application","-25000","converted","csr_console"
"1090","750","2023-06-18","2023-06-18","deposit","25000","open","csr_console"
"1091","750","2023-12-28","2023-12-28","application","-25000","converted","csr_console"
"1092","751","2025-11-17","2025-11-17","deposit","25000","open","csr_console"
"1093","752","2026-04-05","2026-04-05","deposit","25000","open","ivr"
"1094","753","2024-10-06","2024-10-06","deposit","25000","open","ivr"
"1095","754","2023-10-27","2023-10-27","deposit","25000","open","kiosk"
"1096","754","2025-06-20","2025-06-20","application","-25000","converted","web_portal"
"1097","755","2026-02-04","2026-02-04","deposit","25000","open","csr_console"
"1098","756","2025-12-02","2025-12-02","deposit","25000","open","ivr"
"1099","757","2025-05-15","2025-05-15","deposit","100000","open","ivr"
"1100","758","2022-02-03","2022-02-03","deposit","25000","open","kiosk"
"1101","759","2025-06-22","2025-06-22","deposit","25000","open","mobile_app"
"1102","760","2023-09-22","2023-09-22","deposit","25000","open","mobile_app"
"1103","760","2024-04-08","2024-04-08","refund","-25000","cancelled_refunded","kiosk"
"1104","761","2022-05-14","2022-05-14","deposit","25000","open","kiosk"
"1105","761","2024-03-01","2024-03-01","application","-25000","converted","csr_console"
"1106","762","2025-07-10","2025-07-10","deposit","25000","open","mobile_app"
"1107","763","2024-10-04","2024-10-04","deposit","25000","open","kiosk"
"1108","764","2026-05-10","2026-05-10","deposit","25000","open","mobile_app"
"1109","765","2024-02-09","2024-02-09","deposit","25000","open","ivr"
"1110","765","2024-12-23","2024-12-23","application","-25000","converted","mobile_app"
"1111","766","2023-01-30","2023-01-30","deposit","25000","open","ivr"
"1112","766","2023-08-22","2023-08-22","application","-25000","converted","mobile_app"
"1113","767","2023-04-14","2023-04-14","deposit","25000","open","mobile_app"
"1114","767","2023-09-09","2023-09-09","refund","-25000","cancelled_refunded","csr_console"
"1115","768","2026-01-30","2026-01-30","deposit","25000","open","web_portal"
"1116","769","2026-05-08","2026-05-08","deposit","25000","open","kiosk"
"1117","770","2023-10-24","2023-10-24","deposit","25000","open","csr_console"
"1118","770","2025-03-22","2025-03-22","application","-25000","converted","web_portal"
"1119","771","2025-07-09","2025-07-09","deposit","25000","open","web_portal"
"1120","772","2024-03-05","2024-03-05","deposit","100000","open","mobile_app"
"1121","772","2025-11-18","2025-11-18","application","-100000","converted","mobile_app"
"1122","773","2025-03-04","2025-03-04","deposit","25000","open","csr_console"
"1123","774","2024-01-04","2024-01-04","deposit","25000","open","web_portal"
"1124","775","2025-07-27","2025-07-27","deposit","25000","open","ivr"
"1125","776","2025-06-27","2025-06-27","deposit","25000","open","csr_console"
"1126","776","2025-11-05","2025-11-05","application","-25000","converted","csr_console"
"1127","777","2022-11-28","2022-11-28","deposit","25000","open","web_portal"
"1128","777","2024-06-16","2024-06-16","application","-25000","converted","ivr"
"1129","778","2025-09-04","2025-09-04","deposit","25000","open","ivr"
"1130","779","2025-04-13","2025-04-13","deposit","25000","open","kiosk"
"1131","779","2025-08-14","2025-08-14","application","-25000","converted","kiosk"
"1132","780","2020-06-15","2020-06-15","deposit","25000","open","csr_console"
"1133","781","2020-09-26","2020-09-26","deposit","25000","open","kiosk"
"1134","781","2021-09-23","2021-09-23","application","-25000","converted","kiosk"
"1135","782","2022-04-29","2022-04-29","deposit","25000","open","ivr"
"1136","782","2023-01-22","2023-01-22","application","-25000","converted","kiosk"
"1137","783","2023-08-24","2023-08-24","deposit","25000","open","csr_console"
"1138","784","2025-01-11","2025-01-11","deposit","25000","open","kiosk"
"1139","784","2026-04-13","2026-04-13","application","-25000","converted","csr_console"
"1140","785","2023-01-26","2023-01-26","deposit","25000","open","web_portal"
"1141","785","2023-05-31","2023-05-31","application","-25000","converted","ivr"
"1142","786","2022-11-20","2022-11-20","deposit","25000","open","kiosk"
"1143","787","2022-02-04","2022-02-04","deposit","25000","open","mobile_app"
"1144","787","2025-01-18","2025-01-18","refund","-25000","cancelled_refunded","ivr"
"1145","788","2020-07-19","2020-07-19","deposit","25000","open","mobile_app"
"1146","788","2020-11-03","2020-11-03","refund","-25000","cancelled_refunded","web_portal"
"1147","789","2025-07-07","2025-07-07","deposit","25000","open","csr_console"
"1148","789","2026-05-22","2026-05-22","application","-25000","converted","kiosk"
"1149","790","2025-05-03","2025-05-03","deposit","25000","open","kiosk"
"1150","790","2025-11-06","2025-11-06","application","-25000","converted","csr_console"
"1151","791","2026-02-20","2026-02-20","deposit","100000","open","kiosk"
"1152","792","2025-10-23","2025-10-23","deposit","25000","open","kiosk"
"1153","793","2023-02-16","2023-02-16","deposit","25000","open","kiosk"
"1154","793","2024-08-08","2024-08-08","application","-25000","converted","web_portal"
"1155","794","2025-01-12","2025-01-12","deposit","25000","open","kiosk"
"1156","795","2026-05-11","2026-05-11","deposit","25000","open","kiosk"
"1157","796","2021-12-26","2021-12-26","deposit","25000","open","web_portal"
"1158","796","2023-03-17","2023-03-17","application","-25000","converted","web_portal"
"1159","797","2025-12-27","2025-12-27","deposit","25000","open","kiosk"
"1160","798","2025-05-18","2025-05-18","deposit","25000","open","csr_console"
"1161","799","2025-07-24","2025-07-24","deposit","25000","open","ivr"
"1162","800","2023-08-13","2023-08-13","deposit","25000","open","web_portal"
"1163","801","2022-03-25","2022-03-25","deposit","25000","open","web_portal"
"1164","801","2022-11-03","2022-11-03","application","-25000","converted","web_portal"
"1165","802","2022-01-20","2022-01-20","deposit","100000","open","web_portal"
"1166","803","2026-01-10","2026-01-10","deposit","25000","open","csr_console"
"1167","804","2022-10-08","2022-10-08","deposit","100000","open","mobile_app"
"1168","805","2021-12-31","2021-12-31","deposit","25000","open","kiosk"
"1169","805","2023-08-23","2023-08-23","application","-25000","converted","ivr"
"1170","806","2024-05-11","2024-05-11","deposit","25000","open","mobile_app"
"1171","807","2026-05-08","2026-05-08","deposit","25000","open","ivr"
"1172","808","2026-04-30","2026-04-30","deposit","25000","open","mobile_app"
"1173","809","2023-02-10","2023-02-10","deposit","25000","open","web_portal"
"1174","809","2025-02-10","2025-02-10","application","-25000","converted","kiosk"
"1175","810","2025-01-31","2025-01-31","deposit","25000","open","mobile_app"
"1176","811","2025-09-06","2025-09-06","deposit","25000","open","mobile_app"
"1177","812","2026-06-22","2026-06-22","deposit","25000","open","mobile_app"
"1178","813","2025-08-08","2025-08-08","deposit","25000","open","mobile_app"
"1179","814","2026-01-04","2026-01-04","deposit","25000","open","kiosk"
"1180","815","2024-11-25","2024-11-25","deposit","25000","open","kiosk"
"1181","815","2025-12-08","2025-12-08","application","-25000","converted","kiosk"
"1182","816","2022-06-23","2022-06-23","deposit","25000","open","web_portal"
"1183","816","2024-04-17","2024-04-17","refund","-25000","cancelled_refunded","ivr"
"1184","817","2021-04-05","2021-04-05","deposit","100000","open","mobile_app"
"1185","817","2023-01-26","2023-01-26","application","-100000","converted","ivr"
"1186","818","2025-10-17","2025-10-17","deposit","100000","open","kiosk"
"1187","818","2026-01-02","2026-01-02","refund","-100000","cancelled_refunded","kiosk"
"1188","819","2020-09-17","2020-09-17","deposit","25000","open","web_portal"
"1189","819","2022-12-20","2022-12-20","refund","-25000","cancelled_refunded","csr_console"
"1190","820","2021-12-05","2021-12-05","deposit","25000","open","csr_console"
"1191","820","2023-07-20","2023-07-20","application","-25000","converted","csr_console"
"1192","821","2021-10-08","2021-10-08","deposit","25000","open","web_portal"
"1193","822","2023-07-21","2023-07-21","deposit","25000","open","kiosk"
"1194","822","2025-12-19","2025-12-19","refund","-25000","cancelled_refunded","mobile_app"
"1195","823","2021-09-03","2021-09-03","deposit","25000","open","kiosk"
"1196","824","2025-12-28","2025-12-28","deposit","25000","open","mobile_app"
"1197","825","2026-01-05","2026-01-05","deposit","25000","open","web_portal"
"1198","825","2026-06-06","2026-06-06","application","-25000","converted","csr_console"
"1199","826","2024-11-22","2024-11-22","deposit","25000","open","kiosk"
"1200","827","2025-07-07","2025-07-07","deposit","25000","open","mobile_app"
"1201","827","2026-05-06","2026-05-06","application","-25000","converted","mobile_app"
"1202","828","2025-11-11","2025-11-11","deposit","100000","open","web_portal"
"1203","829","2020-09-02","2020-09-02","deposit","25000","open","web_portal"
"1204","829","2021-10-07","2021-10-07","application","-25000","converted","web_portal"
"1205","830","2023-11-05","2023-11-05","deposit","25000","open","kiosk"
"1206","830","2025-11-26","2025-11-26","application","-25000","converted","mobile_app"
"1207","831","2023-11-17","2023-11-17","deposit","100000","open","ivr"
"1208","831","2025-05-07","2025-05-07","application","-100000","converted","csr_console"
"1209","832","2022-12-26","2022-12-26","deposit","25000","open","mobile_app"
"1210","832","2023-10-14","2023-10-14","application","-25000","converted","web_portal"
"1211","833","2024-07-25","2024-07-25","deposit","25000","open","web_portal"
"1212","833","2026-04-12","2026-04-12","application","-25000","converted","web_portal"
"1213","834","2023-07-06","2023-07-06","deposit","100000","open","web_portal"
"1214","834","2024-04-06","2024-04-06","application","-100000","converted","ivr"
"1215","835","2022-04-09","2022-04-09","deposit","25000","open","csr_console"
"1216","835","2023-10-26","2023-10-26","application","-25000","converted","csr_console"
"1217","836","2024-08-27","2024-08-27","deposit","25000","open","kiosk"
"1218","837","2025-06-14","2025-06-14","deposit","25000","open","mobile_app"
"1219","838","2023-10-22","2023-10-22","deposit","100000","open","csr_console"
"1220","838","2025-07-07","2025-07-07","application","-100000","converted","mobile_app"
"1221","839","2025-05-10","2025-05-10","deposit","25000","open","ivr"
"1222","840","2024-01-17","2024-01-17","deposit","25000","open","web_portal"
"1223","840","2024-06-05","2024-06-05","refund","-25000","cancelled_refunded","web_portal"
"1224","841","2025-08-19","2025-08-19","deposit","100000","open","ivr"
"1225","841","2026-03-20","2026-03-20","application","-100000","converted","mobile_app"
"1226","842","2024-04-22","2024-04-22","deposit","25000","open","ivr"
"1227","842","2026-05-13","2026-05-13","refund","-25000","cancelled_refunded","mobile_app"
"1228","843","2024-06-29","2024-06-29","deposit","25000","open","kiosk"
"1229","844","2025-01-29","2025-01-29","deposit","25000","open","mobile_app"
"1230","845","2026-03-31","2026-03-31","deposit","25000","open","ivr"
"1231","846","2024-03-27","2024-03-27","deposit","25000","open","csr_console"
"1232","847","2019-05-21","2019-05-21","deposit","25000","open","ivr"
"1233","847","2020-06-22","2020-06-22","application","-25000","converted","kiosk"
"1234","848","2024-02-26","2024-02-26","deposit","100000","open","kiosk"
"1235","848","2024-10-13","2024-10-13","application","-100000","converted","web_portal"
"1236","849","2026-03-06","2026-03-06","deposit","25000","open","csr_console"
"1237","850","2023-12-04","2023-12-04","deposit","25000","open","ivr"
"1238","850","2024-03-25","2024-03-25","refund","-25000","cancelled_refunded","web_portal"
"1239","851","2024-05-01","2024-05-01","deposit","25000","open","kiosk"
"1240","852","2024-12-15","2024-12-15","deposit","25000","open","ivr"
"1241","853","2026-02-26","2026-02-26","deposit","25000","open","mobile_app"
"1242","854","2025-03-28","2025-03-28","deposit","25000","open","mobile_app"
"1243","855","2024-07-11","2024-07-11","deposit","25000","open","kiosk"
"1244","855","2025-05-26","2025-05-26","application","-25000","converted","web_portal"
"1245","856","2022-03-18","2022-03-18","deposit","25000","open","csr_console"
"1246","856","2024-08-05","2024-08-05","application","-25000","converted","mobile_app"
"1247","857","2026-02-16","2026-02-16","deposit","25000","open","csr_console"
"1248","858","2026-05-06","2026-05-06","deposit","25000","open","csr_console"
"1249","859","2025-01-27","2025-01-27","deposit","25000","open","csr_console"
"1250","859","2026-06-20","2026-06-20","application","-25000","converted","web_portal"
"1251","860","2024-07-14","2024-07-14","deposit","25000","open","kiosk"
"1252","860","2025-10-23","2025-10-23","application","-25000","converted","mobile_app"
"1253","861","2025-05-05","2025-05-05","deposit","25000","open","web_portal"
"1254","862","2023-12-01","2023-12-01","deposit","25000","open","kiosk"
"1255","862","2024-04-20","2024-04-20","refund","-25000","cancelled_refunded","ivr"
"1256","863","2022-11-11","2022-11-11","deposit","25000","open","csr_console"
"1257","863","2023-07-11","2023-07-11","refund","-25000","cancelled_refunded","csr_console"
"1258","864","2024-07-08","2024-07-08","deposit","25000","open","ivr"
"1259","865","2026-05-22","2026-05-22","deposit","25000","open","mobile_app"
"1260","866","2025-08-07","2025-08-07","deposit","25000","open","web_portal"
"1261","867","2025-12-02","2025-12-02","deposit","25000","open","ivr"
"1262","868","2023-04-09","2023-04-09","deposit","25000","open","ivr"
"1263","868","2025-04-16","2025-04-16","refund","-25000","cancelled_refunded","kiosk"
"1264","869","2022-08-15","2022-08-15","deposit","25000","open","csr_console"
"1265","869","2023-12-21","2023-12-21","application","-25000","converted","kiosk"
"1266","870","2026-03-06","2026-03-06","deposit","25000","open","csr_console"
"1267","871","2025-07-03","2025-07-03","deposit","25000","open","ivr"
"1268","872","2022-08-01","2022-08-01","deposit","25000","open","web_portal"
"1269","872","2024-02-05","2024-02-05","application","-25000","converted","mobile_app"
"1270","873","2026-03-15","2026-03-15","deposit","25000","open","mobile_app"
"1271","874","2026-01-05","2026-01-05","deposit","25000","open","kiosk"
"1272","875","2025-05-17","2025-05-17","deposit","25000","open","mobile_app"
"1273","876","2025-07-03","2025-07-03","deposit","25000","open","mobile_app"
"1274","877","2025-12-23","2025-12-23","deposit","25000","open","web_portal"
"1275","877","2026-05-24","2026-05-24","application","-25000","converted","mobile_app"
"1276","878","2025-02-10","2025-02-10","deposit","25000","open","web_portal"
"1277","879","2019-06-30","2019-06-30","deposit","25000","open","ivr"
"1278","880","2021-11-28","2021-11-28","deposit","25000","open","ivr"
"1279","880","2023-11-09","2023-11-09","application","-25000","converted","ivr"
"1280","881","2023-06-21","2023-06-21","deposit","100000","open","ivr"
"1281","881","2024-06-13","2024-06-13","application","-100000","converted","mobile_app"
"1282","882","2026-04-02","2026-04-02","deposit","25000","open","mobile_app"
"1283","883","2021-05-02","2021-05-02","deposit","25000","open","kiosk"
"1284","884","2025-08-31","2025-08-31","deposit","25000","open","ivr"
"1285","884","2026-04-01","2026-04-01","application","-25000","converted","kiosk"
"1286","885","2026-02-18","2026-02-18","deposit","25000","open","mobile_app"
"1287","886","2024-08-11","2024-08-11","deposit","25000","open","kiosk"
"1288","887","2026-04-21","2026-04-21","deposit","25000","open","csr_console"
"1289","888","2026-03-29","2026-03-29","deposit","25000","open","kiosk"
"1290","889","2026-05-15","2026-05-15","deposit","25000","open","ivr"
"1291","890","2023-06-11","2023-06-11","deposit","100000","open","csr_console"
"1292","891","2025-12-23","2025-12-23","deposit","25000","open","mobile_app"
"1293","892","2023-10-11","2023-10-11","deposit","100000","open","ivr"
"1294","892","2025-06-11","2025-06-11","refund","-100000","cancelled_refunded","web_portal"
"1295","893","2026-02-02","2026-02-02","deposit","100000","open","csr_console"
"1296","894","2021-02-22","2021-02-22","deposit","25000","open","ivr"
"1297","894","2022-08-13","2022-08-13","refund","-25000","cancelled_refunded","mobile_app"
"1298","895","2026-02-23","2026-02-23","deposit","25000","open","csr_console"
"1299","896","2022-05-08","2022-05-08","deposit","25000","open","kiosk"
"1300","896","2022-09-06","2022-09-06","application","-25000","converted","kiosk"
"1301","897","2026-01-04","2026-01-04","deposit","25000","open","web_portal"
"1302","898","2023-12-07","2023-12-07","deposit","25000","open","mobile_app"
"1303","898","2025-05-13","2025-05-13","application","-25000","converted","ivr"
"1304","899","2024-08-12","2024-08-12","deposit","25000","open","ivr"
"1305","900","2024-12-29","2024-12-29","deposit","25000","open","kiosk"
"1306","901","2023-12-03","2023-12-03","deposit","25000","open","csr_console"
"1307","901","2025-10-31","2025-10-31","application","-25000","converted","ivr"
"1308","902","2022-07-04","2022-07-04","deposit","25000","open","csr_console"
"1309","902","2024-11-03","2024-11-03","application","-25000","converted","mobile_app"
"1310","903","2025-11-04","2025-11-04","deposit","25000","open","web_portal"
"1311","904","2020-10-19","2020-10-19","deposit","25000","open","ivr"
"1312","904","2023-03-09","2023-03-09","application","-25000","converted","ivr"
"1313","905","2025-09-27","2025-09-27","deposit","25000","open","mobile_app"
"1314","906","2025-09-02","2025-09-02","deposit","25000","open","mobile_app"
"1315","907","2023-11-12","2023-11-12","deposit","25000","open","mobile_app"
"1316","907","2024-03-14","2024-03-14","application","-25000","converted","csr_console"
"1317","908","2026-06-04","2026-06-04","deposit","25000","open","mobile_app"
"1318","909","2024-11-27","2024-11-27","deposit","25000","open","csr_console"
"1319","910","2025-07-11","2025-07-11","deposit","25000","open","ivr"
"1320","911","2025-10-09","2025-10-09","deposit","25000","open","ivr"
"1321","911","2026-06-02","2026-06-02","application","-25000","converted","mobile_app"
"1322","912","2019-03-16","2019-03-16","deposit","100000","open","web_portal"
"1323","913","2025-07-18","2025-07-18","deposit","25000","open","kiosk"
"1324","913","2026-05-11","2026-05-11","refund","-25000","cancelled_refunded","kiosk"
"1325","914","2025-10-24","2025-10-24","deposit","25000","open","web_portal"
"1326","915","2026-04-22","2026-04-22","deposit","25000","open","web_portal"
"1327","916","2023-03-29","2023-03-29","deposit","25000","open","mobile_app"
"1328","916","2025-04-03","2025-04-03","application","-25000","converted","kiosk"
"1329","917","2024-12-25","2024-12-25","deposit","25000","open","web_portal"
"1330","917","2026-06-11","2026-06-11","application","-25000","converted","web_portal"
"1331","918","2023-01-04","2023-01-04","deposit","25000","open","web_portal"
"1332","918","2025-05-07","2025-05-07","application","-25000","converted","ivr"
"1333","919","2025-08-23","2025-08-23","deposit","25000","open","kiosk"
"1334","920","2026-04-26","2026-04-26","deposit","25000","open","mobile_app"
"1335","921","2025-07-06","2025-07-06","deposit","25000","open","web_portal"
"1336","922","2025-12-26","2025-12-26","deposit","25000","open","ivr"
"1337","923","2024-09-04","2024-09-04","deposit","25000","open","kiosk"
"1338","923","2025-10-10","2025-10-10","refund","-25000","cancelled_refunded","kiosk"
"1339","924","2025-10-08","2025-10-08","deposit","25000","open","web_portal"
"1340","925","2022-08-30","2022-08-30","deposit","25000","open","web_portal"
"1341","925","2024-06-21","2024-06-21","application","-25000","converted","web_portal"
"1342","926","2025-09-11","2025-09-11","deposit","25000","open","mobile_app"
"1343","927","2022-05-05","2022-05-05","deposit","25000","open","csr_console"
"1344","927","2023-05-16","2023-05-16","application","-25000","converted","mobile_app"
"1345","928","2023-09-29","2023-09-29","deposit","25000","open","web_portal"
"1346","928","2024-04-28","2024-04-28","application","-25000","converted","web_portal"
"1347","929","2025-09-17","2025-09-17","deposit","25000","open","mobile_app"
"1348","929","2026-03-26","2026-03-26","application","-25000","converted","mobile_app"
"1349","930","2021-04-23","2021-04-23","deposit","100000","open","ivr"
"1350","930","2023-10-13","2023-10-13","refund","-100000","cancelled_refunded","web_portal"
"1351","931","2022-06-11","2022-06-11","deposit","100000","open","mobile_app"
"1352","931","2022-10-26","2022-10-26","application","-100000","converted","mobile_app"
"1353","932","2026-05-05","2026-05-05","deposit","100000","open","web_portal"
"1354","933","2025-08-24","2025-08-24","deposit","25000","open","ivr"
"1355","934","2023-02-26","2023-02-26","deposit","25000","open","mobile_app"
"1356","934","2025-12-17","2025-12-17","refund","-25000","cancelled_refunded","ivr"
"1357","935","2023-12-07","2023-12-07","deposit","25000","open","web_portal"
"1358","935","2025-01-04","2025-01-04","application","-25000","converted","kiosk"
"1359","936","2021-10-22","2021-10-22","deposit","25000","open","mobile_app"
"1360","936","2023-05-27","2023-05-27","application","-25000","converted","mobile_app"
"1361","937","2026-02-16","2026-02-16","deposit","25000","open","csr_console"
"1362","938","2024-06-20","2024-06-20","deposit","25000","open","ivr"
"1363","938","2024-12-20","2024-12-20","application","-25000","converted","csr_console"
"1364","939","2024-09-24","2024-09-24","deposit","25000","open","ivr"
"1365","940","2026-06-18","2026-06-18","deposit","25000","open","ivr"
"1366","941","2024-06-12","2024-06-12","deposit","25000","open","ivr"
"1367","942","2025-09-12","2025-09-12","deposit","100000","open","mobile_app"
"1368","943","2025-03-30","2025-03-30","deposit","100000","open","csr_console"
"1369","944","2024-11-15","2024-11-15","deposit","25000","open","csr_console"
"1370","945","2023-12-27","2023-12-27","deposit","25000","open","web_portal"
"1371","946","2022-05-07","2022-05-07","deposit","100000","open","csr_console"
"1372","946","2023-04-21","2023-04-21","refund","-100000","cancelled_refunded","web_portal"
"1373","947","2026-06-05","2026-06-05","deposit","25000","open","web_portal"
"1374","948","2026-04-04","2026-04-04","deposit","25000","open","csr_console"
"1375","949","2025-10-29","2025-10-29","deposit","25000","open","kiosk"
"1376","950","2022-06-15","2022-06-15","deposit","25000","open","web_portal"
"1377","951","2023-08-21","2023-08-21","deposit","25000","open","ivr"
"1378","951","2025-05-11","2025-05-11","application","-25000","converted","ivr"
"1379","952","2025-11-02","2025-11-02","deposit","25000","open","ivr"
"1380","953","2025-04-28","2025-04-28","deposit","25000","open","mobile_app"
"1381","953","2026-02-20","2026-02-20","application","-25000","converted","csr_console"
"1382","954","2026-05-18","2026-05-18","deposit","25000","open","web_portal"
"1383","955","2025-11-13","2025-11-13","deposit","25000","open","web_portal"
"1384","956","2021-03-02","2021-03-02","deposit","100000","open","web_portal"
"1385","956","2022-06-03","2022-06-03","application","-100000","converted","ivr"
"1386","957","2023-10-26","2023-10-26","deposit","25000","open","ivr"
"1387","957","2026-01-30","2026-01-30","application","-25000","converted","ivr"
"1388","958","2025-10-29","2025-10-29","deposit","25000","open","mobile_app"
"1389","959","2022-08-17","2022-08-17","deposit","25000","open","ivr"
"1390","959","2024-03-20","2024-03-20","application","-25000","converted","ivr"
"1391","960","2025-07-27","2025-07-27","deposit","25000","open","mobile_app"
"1392","961","2024-08-20","2024-08-20","deposit","25000","open","mobile_app"
"1393","962","2023-05-13","2023-05-13","deposit","25000","open","web_portal"
"1394","963","2025-01-30","2025-01-30","deposit","100000","open","web_portal"
"1395","963","2025-10-28","2025-10-28","refund","-100000","cancelled_refunded","mobile_app"
"1396","964","2023-09-30","2023-09-30","deposit","25000","open","ivr"
"1397","964","2024-04-14","2024-04-14","refund","-25000","cancelled_refunded","ivr"
"1398","965","2025-12-28","2025-12-28","deposit","25000","open","kiosk"
"1399","966","2026-06-19","2026-06-19","deposit","25000","open","kiosk"
"1400","967","2024-12-14","2024-12-14","deposit","25000","open","mobile_app"
"1401","968","2022-10-21","2022-10-21","deposit","100000","open","csr_console"
"1402","968","2024-07-25","2024-07-25","application","-100000","converted","ivr"
"1403","969","2026-03-23","2026-03-23","deposit","25000","open","csr_console"
"1404","970","2024-02-11","2024-02-11","deposit","25000","open","mobile_app"
"1405","971","2026-04-24","2026-04-24","deposit","25000","open","ivr"
"1406","972","2024-07-06","2024-07-06","deposit","25000","open","web_portal"
"1407","973","2025-02-11","2025-02-11","deposit","25000","open","web_portal"
"1408","974","2023-10-19","2023-10-19","deposit","25000","open","kiosk"
"1409","974","2025-04-10","2025-04-10","refund","-25000","cancelled_refunded","web_portal"
"1410","975","2023-01-28","2023-01-28","deposit","25000","open","web_portal"
"1411","975","2024-01-18","2024-01-18","application","-25000","converted","kiosk"
"1412","976","2025-03-26","2025-03-26","deposit","25000","open","web_portal"
"1413","977","2021-01-20","2021-01-20","deposit","25000","open","mobile_app"
"1414","977","2023-09-04","2023-09-04","refund","-25000","cancelled_refunded","web_portal"
"1415","978","2024-10-27","2024-10-27","deposit","100000","open","ivr"
"1416","978","2026-03-02","2026-03-02","application","-100000","converted","csr_console"
"1417","979","2022-09-14","2022-09-14","deposit","100000","open","ivr"
"1418","979","2025-01-27","2025-01-27","application","-100000","converted","csr_console"
"1419","980","2022-05-01","2022-05-01","deposit","25000","open","web_portal"
"1420","980","2024-03-22","2024-03-22","application","-25000","converted","ivr"
"1421","981","2025-11-15","2025-11-15","deposit","25000","open","csr_console"
"1422","982","2023-11-01","2023-11-01","deposit","25000","open","csr_console"
"1423","983","2025-12-14","2025-12-14","deposit","100000","open","mobile_app"
"1424","984","2023-12-23","2023-12-23","deposit","25000","open","web_portal"
"1425","985","2026-05-11","2026-05-11","deposit","100000","open","mobile_app"
"1426","986","2022-09-30","2022-09-30","deposit","100000","open","web_portal"
"1427","986","2024-10-09","2024-10-09","application","-100000","converted","mobile_app"
"1428","987","2026-05-10","2026-05-10","deposit","100000","open","csr_console"
"1429","988","2022-05-11","2022-05-11","deposit","25000","open","ivr"
"1430","988","2022-08-10","2022-08-10","refund","-25000","cancelled_refunded","web_portal"
"1431","989","2025-09-05","2025-09-05","deposit","25000","open","csr_console"
"1432","990","2026-01-20","2026-01-20","deposit","25000","open","csr_console"
"1433","991","2026-04-04","2026-04-04","deposit","25000","open","mobile_app"
"1434","992","2023-05-10","2023-05-10","deposit","25000","open","mobile_app"
"1435","993","2025-09-20","2025-09-20","deposit","25000","open","csr_console"
"1436","994","2022-10-10","2022-10-10","deposit","25000","open","web_portal"
"1437","994","2024-02-15","2024-02-15","refund","-25000","cancelled_refunded","ivr"
"1438","995","2024-10-05","2024-10-05","deposit","25000","open","kiosk"
"1439","995","2025-04-11","2025-04-11","application","-25000","converted","mobile_app"
"1440","996","2024-05-11","2024-05-11","deposit","25000","open","mobile_app"
"1441","997","2025-09-14","2025-09-14","deposit","100000","open","csr_console"
"1442","998","2025-12-28","2025-12-28","deposit","100000","open","kiosk"
"1443","999","2023-03-14","2023-03-14","deposit","25000","open","mobile_app"
"1444","1000","2025-12-01","2025-12-01","deposit","25000","open","mobile_app"
"1445","1001","2024-02-01","2024-02-01","deposit","25000","open","web_portal"
"1446","1002","2022-07-15","2022-07-15","deposit","25000","open","ivr"
"1447","1002","2024-02-03","2024-02-03","application","-25000","converted","web_portal"
"1448","1003","2021-02-18","2021-02-18","deposit","25000","open","kiosk"
"1449","1003","2022-02-16","2022-02-16","application","-25000","converted","web_portal"
"1450","1004","2025-08-17","2025-08-17","deposit","25000","open","kiosk"
"1451","1005","2026-03-26","2026-03-26","deposit","25000","open","csr_console"
"1452","1006","2023-08-02","2023-08-02","deposit","25000","open","csr_console"
"1453","1006","2024-02-24","2024-02-24","refund","-25000","cancelled_refunded","ivr"
"1454","1007","2023-04-01","2023-04-01","deposit","25000","open","kiosk"
"1455","1007","2023-09-02","2023-09-02","application","-25000","converted","kiosk"
"1456","1008","2021-11-12","2021-11-12","deposit","100000","open","ivr"
"1457","1008","2023-09-02","2023-09-02","application","-100000","converted","web_portal"
"1458","1009","2026-01-03","2026-01-03","deposit","100000","open","kiosk"
"1459","1010","2025-09-29","2025-09-29","deposit","25000","open","ivr"
"1460","1011","2024-01-08","2024-01-08","deposit","25000","open","mobile_app"
"1461","1011","2024-11-07","2024-11-07","application","-25000","converted","ivr"
"1462","1012","2022-09-21","2022-09-21","deposit","25000","open","kiosk"
"1463","1012","2024-08-26","2024-08-26","refund","-25000","cancelled_refunded","web_portal"
"1464","1013","2026-01-26","2026-01-26","deposit","25000","open","kiosk"
"1465","1014","2026-02-17","2026-02-17","deposit","25000","open","web_portal"
"1466","1015","2021-09-02","2021-09-02","deposit","25000","open","ivr"
"1467","1016","2022-09-14","2022-09-14","deposit","25000","open","kiosk"
"1468","1016","2022-12-07","2022-12-07","refund","-25000","cancelled_refunded","web_portal"
"1469","1017","2025-11-05","2025-11-05","deposit","25000","open","ivr"
"1470","1018","2025-05-26","2025-05-26","deposit","25000","open","csr_console"
"1471","1019","2025-08-02","2025-08-02","deposit","25000","open","web_portal"
"1472","1020","2021-11-01","2021-11-01","deposit","25000","open","web_portal"
"1473","1020","2022-04-08","2022-04-08","application","-25000","converted","ivr"
"1474","1021","2023-12-27","2023-12-27","deposit","25000","open","web_portal"
"1475","1021","2025-09-28","2025-09-28","application","-25000","converted","web_portal"
"1476","1022","2021-08-06","2021-08-06","deposit","25000","open","ivr"
"1477","1023","2026-02-05","2026-02-05","deposit","100000","open","web_portal"
"1478","1024","2023-01-07","2023-01-07","deposit","25000","open","kiosk"
"1479","1025","2026-05-17","2026-05-17","deposit","25000","open","mobile_app"
"1480","1026","2025-04-23","2025-04-23","deposit","25000","open","kiosk"
"1481","1027","2026-06-08","2026-06-08","deposit","25000","open","ivr"
"1482","1028","2025-08-08","2025-08-08","deposit","25000","open","web_portal"
"1483","1029","2025-08-08","2025-08-08","deposit","25000","open","mobile_app"
"1484","1029","2026-03-17","2026-03-17","refund","-25000","cancelled_refunded","mobile_app"
"1485","1030","2023-09-15","2023-09-15","deposit","25000","open","ivr"
"1486","1030","2025-07-25","2025-07-25","refund","-25000","cancelled_refunded","csr_console"
"1487","1031","2025-05-05","2025-05-05","deposit","25000","open","ivr"
"1488","1031","2025-10-26","2025-10-26","application","-25000","converted","mobile_app"
"1489","1032","2021-10-26","2021-10-26","deposit","25000","open","mobile_app"
"1490","1032","2023-06-25","2023-06-25","application","-25000","converted","ivr"
"1491","1033","2024-11-02","2024-11-02","deposit","25000","open","mobile_app"
"1492","1034","2025-11-20","2025-11-20","deposit","25000","open","web_portal"
"1493","1035","2026-03-03","2026-03-03","deposit","25000","open","ivr"
"1494","1036","2023-09-21","2023-09-21","deposit","25000","open","mobile_app"
"1495","1036","2026-01-28","2026-01-28","application","-25000","converted","mobile_app"
"1496","1037","2024-06-20","2024-06-20","deposit","25000","open","web_portal"
"1497","1038","2024-04-13","2024-04-13","deposit","100000","open","ivr"
"1498","1038","2025-12-20","2025-12-20","application","-100000","converted","ivr"
"1499","1039","2026-06-12","2026-06-12","deposit","25000","open","kiosk"
"1500","1040","2025-07-06","2025-07-06","deposit","25000","open","ivr"
"1501","1041","2026-03-21","2026-03-21","deposit","25000","open","kiosk"
"1502","1042","2025-02-15","2025-02-15","deposit","25000","open","kiosk"
"1503","1043","2021-09-14","2021-09-14","deposit","25000","open","kiosk"
"1504","1044","2025-12-27","2025-12-27","deposit","25000","open","ivr"
"1505","1045","2024-05-08","2024-05-08","deposit","100000","open","kiosk"
"1506","1045","2024-10-15","2024-10-15","application","-100000","converted","ivr"
"1507","1046","2023-10-25","2023-10-25","deposit","25000","open","csr_console"
"1508","1047","2025-02-17","2025-02-17","deposit","100000","open","kiosk"
"1509","1048","2026-03-04","2026-03-04","deposit","25000","open","ivr"
"1510","1049","2026-04-09","2026-04-09","deposit","25000","open","ivr"
"1511","1050","2024-11-14","2024-11-14","deposit","25000","open","web_portal"
"1512","1051","2025-02-01","2025-02-01","deposit","25000","open","web_portal"
"1513","1051","2025-06-12","2025-06-12","refund","-25000","cancelled_refunded","ivr"
"1514","1052","2023-04-09","2023-04-09","deposit","100000","open","web_portal"
"1515","1052","2025-05-02","2025-05-02","application","-100000","converted","mobile_app"
"1516","1053","2024-09-13","2024-09-13","deposit","25000","open","ivr"
"1517","1053","2025-07-01","2025-07-01","refund","-25000","cancelled_refunded","kiosk"
"1518","1054","2025-04-07","2025-04-07","deposit","25000","open","web_portal"
"1519","1055","2021-10-19","2021-10-19","deposit","25000","open","ivr"
"1520","1055","2023-04-10","2023-04-10","application","-25000","converted","ivr"
"1521","1056","2026-02-28","2026-02-28","deposit","100000","open","web_portal"
"1522","1057","2022-09-17","2022-09-17","deposit","25000","open","mobile_app"
"1523","1057","2023-03-29","2023-03-29","refund","-25000","cancelled_refunded","kiosk"
"1524","1058","2022-05-10","2022-05-10","deposit","25000","open","ivr"
"1525","1058","2023-04-30","2023-04-30","refund","-25000","cancelled_refunded","mobile_app"
"1526","1059","2020-01-17","2020-01-17","deposit","25000","open","kiosk"
"1527","1059","2021-01-16","2021-01-16","refund","-25000","cancelled_refunded","csr_console"
"1528","1060","2022-07-08","2022-07-08","deposit","25000","open","csr_console"
"1529","1060","2023-11-06","2023-11-06","refund","-25000","cancelled_refunded","web_portal"
"1530","1061","2026-04-02","2026-04-02","deposit","25000","open","web_portal"
"1531","1062","2025-11-19","2025-11-19","deposit","25000","open","csr_console"
"1532","1062","2026-03-25","2026-03-25","application","-25000","converted","csr_console"
"1533","1063","2026-02-26","2026-02-26","deposit","25000","open","web_portal"
"1534","1064","2026-04-01","2026-04-01","deposit","100000","open","csr_console"
"1535","1065","2023-02-26","2023-02-26","deposit","25000","open","web_portal"
"1536","1065","2025-01-01","2025-01-01","application","-25000","converted","ivr"
"1537","1066","2025-04-05","2025-04-05","deposit","25000","open","mobile_app"
"1538","1067","2025-05-24","2025-05-24","deposit","25000","open","web_portal"
"1539","1067","2025-11-03","2025-11-03","application","-25000","converted","ivr"
"1540","1068","2026-01-18","2026-01-18","deposit","25000","open","kiosk"
"1541","1069","2026-03-17","2026-03-17","deposit","25000","open","csr_console"
"1542","1070","2025-04-28","2025-04-28","deposit","100000","open","web_portal"
"1543","1070","2026-04-12","2026-04-12","application","-100000","converted","mobile_app"
"1544","1071","2025-04-11","2025-04-11","deposit","25000","open","web_portal"
"1545","1072","2026-03-27","2026-03-27","deposit","25000","open","kiosk"
"1546","1073","2025-08-22","2025-08-22","deposit","25000","open","mobile_app"
"1547","1074","2026-05-28","2026-05-28","deposit","25000","open","mobile_app"
"1548","1075","2026-05-14","2026-05-14","deposit","25000","open","web_portal"
"1549","1076","2020-09-03","2020-09-03","deposit","25000","open","web_portal"
"1550","1076","2022-02-27","2022-02-27","application","-25000","converted","csr_console"
"1551","1077","2019-11-17","2019-11-17","deposit","25000","open","csr_console"
"1552","1078","2024-12-08","2024-12-08","deposit","25000","open","mobile_app"
"1553","1079","2025-01-26","2025-01-26","deposit","25000","open","csr_console"
"1554","1080","2022-01-18","2022-01-18","deposit","25000","open","ivr"
"1555","1080","2023-06-04","2023-06-04","application","-25000","converted","kiosk"
"1556","1081","2024-11-15","2024-11-15","deposit","100000","open","csr_console"
"1557","1081","2026-06-27","2026-06-27","refund","-100000","cancelled_refunded","kiosk"
"1558","1082","2025-11-12","2025-11-12","deposit","25000","open","mobile_app"
"1559","1083","2024-08-11","2024-08-11","deposit","100000","open","ivr"
"1560","1083","2026-04-12","2026-04-12","application","-100000","converted","kiosk"
"1561","1084","2023-12-05","2023-12-05","deposit","25000","open","ivr"
"1562","1085","2022-11-04","2022-11-04","deposit","25000","open","ivr"
"1563","1085","2023-05-21","2023-05-21","application","-25000","converted","csr_console"
"1564","1086","2026-02-03","2026-02-03","deposit","100000","open","kiosk"
"1565","1087","2026-02-16","2026-02-16","deposit","25000","open","mobile_app"
"1566","1088","2024-02-12","2024-02-12","deposit","25000","open","mobile_app"
"1567","1088","2025-07-19","2025-07-19","application","-25000","converted","web_portal"
"1568","1089","2025-08-23","2025-08-23","deposit","25000","open","ivr"
"1569","1090","2025-08-02","2025-08-02","deposit","25000","open","ivr"
"1570","1091","2022-09-25","2022-09-25","deposit","25000","open","web_portal"
"1571","1091","2023-05-10","2023-05-10","application","-25000","converted","web_portal"
"1572","1092","2026-01-07","2026-01-07","deposit","25000","open","kiosk"
"1573","1093","2024-05-21","2024-05-21","deposit","25000","open","web_portal"
"1574","1094","2021-07-02","2021-07-02","deposit","25000","open","ivr"
"1575","1094","2022-08-09","2022-08-09","application","-25000","converted","csr_console"
"1576","1095","2023-08-09","2023-08-09","deposit","25000","open","kiosk"
"1577","1095","2025-06-09","2025-06-09","refund","-25000","cancelled_refunded","ivr"
"1578","1096","2024-11-16","2024-11-16","deposit","25000","open","csr_console"
"1579","1096","2025-05-29","2025-05-29","refund","-25000","cancelled_refunded","kiosk"
"1580","1097","2023-08-03","2023-08-03","deposit","25000","open","mobile_app"
"1581","1097","2024-04-12","2024-04-12","application","-25000","converted","mobile_app"
"1582","1098","2023-01-14","2023-01-14","deposit","25000","open","kiosk"
"1583","1098","2025-02-21","2025-02-21","refund","-25000","cancelled_refunded","ivr"
"1584","1099","2026-04-23","2026-04-23","deposit","25000","open","kiosk"
"1585","1100","2025-02-04","2025-02-04","deposit","25000","open","csr_console"
"1586","1101","2025-03-31","2025-03-31","deposit","25000","open","csr_console"
"1587","1101","2025-06-25","2025-06-25","refund","-25000","cancelled_refunded","mobile_app"
"1588","1102","2024-06-15","2024-06-15","deposit","25000","open","mobile_app"
"1589","1102","2025-11-04","2025-11-04","application","-25000","converted","csr_console"
"1590","1103","2021-08-01","2021-08-01","deposit","25000","open","kiosk"
"1591","1103","2023-11-18","2023-11-18","refund","-25000","cancelled_refunded","csr_console"
"1592","1104","2022-08-23","2022-08-23","deposit","25000","open","ivr"
"1593","1104","2023-11-06","2023-11-06","refund","-25000","cancelled_refunded","ivr"
"1594","1105","2023-05-30","2023-05-30","deposit","25000","open","csr_console"
"1595","1106","2023-06-24","2023-06-24","deposit","25000","open","ivr"
"1596","1106","2024-04-30","2024-04-30","application","-25000","converted","web_portal"
"1597","1107","2025-05-23","2025-05-23","deposit","25000","open","web_portal"
"1598","1108","2024-01-03","2024-01-03","deposit","25000","open","csr_console"
"1599","1108","2026-05-13","2026-05-13","refund","-25000","cancelled_refunded","kiosk"
"1600","1109","2024-08-23","2024-08-23","deposit","100000","open","web_portal"
"1601","1110","2025-04-26","2025-04-26","deposit","25000","open","web_portal"
"1602","1111","2024-03-19","2024-03-19","deposit","25000","open","web_portal"
"1603","1111","2025-07-13","2025-07-13","application","-25000","converted","kiosk"
"1604","1112","2024-12-23","2024-12-23","deposit","100000","open","ivr"
"1605","1113","2021-03-18","2021-03-18","deposit","25000","open","mobile_app"
"1606","1113","2023-03-21","2023-03-21","application","-25000","converted","kiosk"
"1607","1114","2026-02-04","2026-02-04","deposit","25000","open","web_portal"
"1608","1115","2020-05-31","2020-05-31","deposit","25000","open","web_portal"
"1609","1115","2021-10-28","2021-10-28","application","-25000","converted","csr_console"
"1610","1116","2025-10-14","2025-10-14","deposit","25000","open","kiosk"
"1611","1117","2026-01-19","2026-01-19","deposit","25000","open","mobile_app"
"1612","1118","2022-04-25","2022-04-25","deposit","25000","open","mobile_app"
"1613","1118","2023-11-02","2023-11-02","application","-25000","converted","web_portal"
"1614","1119","2023-03-29","2023-03-29","deposit","25000","open","web_portal"
"1615","1119","2025-03-05","2025-03-05","application","-25000","converted","mobile_app"
"1616","1120","2025-10-22","2025-10-22","deposit","25000","open","ivr"
"1617","1121","2026-04-03","2026-04-03","deposit","100000","open","mobile_app"
"1618","1122","2025-05-15","2025-05-15","deposit","25000","open","csr_console"
"1619","1122","2025-09-18","2025-09-18","application","-25000","converted","kiosk"
"1620","1123","2026-05-29","2026-05-29","deposit","25000","open","mobile_app"
"1621","1124","2023-12-19","2023-12-19","deposit","25000","open","web_portal"
"1622","1124","2025-04-24","2025-04-24","refund","-25000","cancelled_refunded","ivr"
"1623","1125","2025-12-17","2025-12-17","deposit","25000","open","csr_console"
"1624","1125","2026-06-09","2026-06-09","application","-25000","converted","csr_console"
"1625","1126","2025-01-29","2025-01-29","deposit","25000","open","web_portal"
"1626","1127","2025-11-27","2025-11-27","deposit","100000","open","kiosk"
"1627","1127","2026-05-21","2026-05-21","application","-100000","converted","mobile_app"
"1628","1128","2024-09-22","2024-09-22","deposit","25000","open","csr_console"
"1629","1128","2025-11-13","2025-11-13","application","-25000","converted","csr_console"
"1630","1129","2023-06-04","2023-06-04","deposit","25000","open","ivr"
"1631","1129","2025-05-22","2025-05-22","application","-25000","converted","csr_console"
"1632","1130","2024-03-23","2024-03-23","deposit","25000","open","web_portal"
"1633","1130","2025-12-14","2025-12-14","application","-25000","converted","mobile_app"
"1634","1131","2024-10-04","2024-10-04","deposit","25000","open","kiosk"
"1635","1132","2024-04-07","2024-04-07","deposit","25000","open","csr_console"
"1636","1133","2025-10-04","2025-10-04","deposit","25000","open","web_portal"
"1637","1134","2025-03-26","2025-03-26","deposit","25000","open","ivr"
"1638","1134","2026-03-01","2026-03-01","refund","-25000","cancelled_refunded","mobile_app"
"1639","1135","2021-06-18","2021-06-18","deposit","25000","open","kiosk"
"1640","1135","2021-12-28","2021-12-28","application","-25000","converted","csr_console"
"1641","1136","2023-01-18","2023-01-18","deposit","25000","open","web_portal"
"1642","1137","2025-09-16","2025-09-16","deposit","25000","open","csr_console"
"1643","1138","2025-12-17","2025-12-17","deposit","100000","open","mobile_app"
"1644","1139","2025-05-28","2025-05-28","deposit","25000","open","mobile_app"
"1645","1139","2026-05-16","2026-05-16","application","-25000","converted","csr_console"
"1646","1140","2025-04-13","2025-04-13","deposit","25000","open","kiosk"
"1647","1141","2023-10-29","2023-10-29","deposit","25000","open","csr_console"
"1648","1141","2025-05-19","2025-05-19","application","-25000","converted","mobile_app"
"1649","1142","2024-06-06","2024-06-06","deposit","25000","open","kiosk"
"1650","1142","2024-11-06","2024-11-06","application","-25000","converted","mobile_app"
"1651","1143","2025-01-16","2025-01-16","deposit","25000","open","mobile_app"
"1652","1144","2022-09-15","2022-09-15","deposit","100000","open","kiosk"
"1653","1144","2024-11-09","2024-11-09","application","-100000","converted","mobile_app"
"1654","1145","2025-05-12","2025-05-12","deposit","25000","open","ivr"
"1655","1145","2026-05-07","2026-05-07","refund","-25000","cancelled_refunded","kiosk"
"1656","1146","2025-10-10","2025-10-10","deposit","25000","open","kiosk"
"1657","1147","2021-12-25","2021-12-25","deposit","25000","open","kiosk"
"1658","1147","2024-03-13","2024-03-13","application","-25000","converted","ivr"
"1659","1148","2022-08-05","2022-08-05","deposit","25000","open","csr_console"
"1660","1149","2025-06-30","2025-06-30","deposit","25000","open","mobile_app"
"1661","1150","2023-10-09","2023-10-09","deposit","25000","open","csr_console"
"1662","1150","2024-04-25","2024-04-25","application","-25000","converted","web_portal"
"1663","1151","2024-10-13","2024-10-13","deposit","25000","open","kiosk"
"1664","1152","2023-06-10","2023-06-10","deposit","100000","open","mobile_app"
"1665","1152","2025-01-22","2025-01-22","application","-100000","converted","mobile_app"
"1666","1153","2026-04-20","2026-04-20","deposit","25000","open","kiosk"
"1667","1154","2026-01-29","2026-01-29","deposit","25000","open","kiosk"
"1668","1155","2023-01-28","2023-01-28","deposit","25000","open","kiosk"
"1669","1155","2023-06-18","2023-06-18","refund","-25000","cancelled_refunded","ivr"
"1670","1156","2025-12-03","2025-12-03","deposit","25000","open","kiosk"
"1671","1157","2025-10-25","2025-10-25","deposit","25000","open","kiosk"
"1672","1158","2024-08-02","2024-08-02","deposit","25000","open","mobile_app"
"1673","1159","2025-03-23","2025-03-23","deposit","25000","open","ivr"
"1674","1159","2025-08-13","2025-08-13","application","-25000","converted","web_portal"
"1675","1160","2025-11-10","2025-11-10","deposit","100000","open","web_portal"
"1676","1161","2024-01-02","2024-01-02","deposit","25000","open","web_portal"
"1677","1161","2024-08-12","2024-08-12","refund","-25000","cancelled_refunded","web_portal"
"1678","1162","2025-07-11","2025-07-11","deposit","25000","open","mobile_app"
"1679","1163","2025-04-03","2025-04-03","deposit","25000","open","mobile_app"
"1680","1164","2020-12-04","2020-12-04","deposit","25000","open","csr_console"
"1681","1164","2021-06-30","2021-06-30","application","-25000","converted","kiosk"
"1682","1165","2021-12-02","2021-12-02","deposit","25000","open","kiosk"
"1683","1165","2022-04-22","2022-04-22","refund","-25000","cancelled_refunded","csr_console"
"1684","1166","2025-10-11","2025-10-11","deposit","25000","open","mobile_app"
"1685","1166","2026-05-21","2026-05-21","application","-25000","converted","ivr"
"1686","1167","2023-07-11","2023-07-11","deposit","25000","open","ivr"
"1687","1167","2024-10-21","2024-10-21","application","-25000","converted","kiosk"
"1688","1168","2025-07-11","2025-07-11","deposit","25000","open","csr_console"
"1689","1169","2025-10-05","2025-10-05","deposit","25000","open","web_portal"
"1690","1170","2025-04-26","2025-04-26","deposit","25000","open","web_portal"
"1691","1171","2025-10-31","2025-10-31","deposit","25000","open","mobile_app"
"1692","1172","2026-05-13","2026-05-13","deposit","25000","open","web_portal"
"1693","1173","2026-05-07","2026-05-07","deposit","25000","open","kiosk"
"1694","1174","2021-12-23","2021-12-23","deposit","25000","open","csr_console"
"1695","1175","2025-03-27","2025-03-27","deposit","25000","open","mobile_app"
"1696","1176","2026-03-27","2026-03-27","deposit","25000","open","kiosk"
"1697","1177","2025-09-18","2025-09-18","deposit","25000","open","mobile_app"
"1698","1178","2022-05-29","2022-05-29","deposit","25000","open","web_portal"
"1699","1178","2023-12-24","2023-12-24","refund","-25000","cancelled_refunded","csr_console"
"1700","1179","2026-02-28","2026-02-28","deposit","100000","open","web_portal"
"1701","1180","2023-08-14","2023-08-14","deposit","25000","open","mobile_app"
"1702","1180","2024-10-11","2024-10-11","application","-25000","converted","mobile_app"
"1703","1181","2026-01-08","2026-01-08","deposit","100000","open","web_portal"
"1704","1182","2023-07-09","2023-07-09","deposit","25000","open","ivr"
"1705","1183","2022-09-07","2022-09-07","deposit","25000","open","csr_console"
"1706","1184","2022-03-08","2022-03-08","deposit","100000","open","web_portal"
"1707","1184","2024-04-30","2024-04-30","refund","-100000","cancelled_refunded","web_portal"
"1708","1185","2026-01-18","2026-01-18","deposit","25000","open","csr_console"
"1709","1186","2026-04-12","2026-04-12","deposit","25000","open","ivr"
"1710","1187","2021-07-30","2021-07-30","deposit","25000","open","ivr"
"1711","1188","2025-03-02","2025-03-02","deposit","25000","open","mobile_app"
"1712","1188","2026-02-22","2026-02-22","application","-25000","converted","web_portal"
"1713","1189","2021-08-14","2021-08-14","deposit","25000","open","web_portal"
"1714","1190","2025-12-27","2025-12-27","deposit","25000","open","mobile_app"
"1715","1191","2021-06-02","2021-06-02","deposit","25000","open","mobile_app"
"1716","1191","2022-01-30","2022-01-30","application","-25000","converted","csr_console"
"1717","1192","2023-09-15","2023-09-15","deposit","25000","open","kiosk"
"1718","1192","2026-06-10","2026-06-10","refund","-25000","cancelled_refunded","web_portal"
"1719","1193","2023-07-24","2023-07-24","deposit","100000","open","web_portal"
"1720","1194","2025-11-07","2025-11-07","deposit","25000","open","ivr"
"1721","1195","2019-11-29","2019-11-29","deposit","25000","open","web_portal"
"1722","1196","2025-10-25","2025-10-25","deposit","25000","open","csr_console"
"1723","1197","2024-01-10","2024-01-10","deposit","25000","open","mobile_app"
"1724","1198","2025-06-01","2025-06-01","deposit","25000","open","web_portal"
"1725","1199","2021-01-12","2021-01-12","deposit","25000","open","kiosk"
"1726","1199","2022-10-26","2022-10-26","application","-25000","converted","csr_console"
"1727","1200","2025-08-05","2025-08-05","deposit","25000","open","web_portal"
"1728","1201","2023-05-10","2023-05-10","deposit","25000","open","web_portal"
"1729","1202","2025-02-05","2025-02-05","deposit","100000","open","mobile_app"
"1730","1202","2025-09-20","2025-09-20","application","-100000","converted","mobile_app"
"1731","1203","2025-10-21","2025-10-21","deposit","25000","open","web_portal"
"1732","1204","2025-10-19","2025-10-19","deposit","25000","open","mobile_app"
"1733","1205","2025-10-25","2025-10-25","deposit","25000","open","csr_console"
"1734","1206","2024-07-25","2024-07-25","deposit","25000","open","csr_console"
"1735","1207","2024-06-07","2024-06-07","deposit","25000","open","mobile_app"
"1736","1208","2025-06-14","2025-06-14","deposit","25000","open","web_portal"
"1737","1209","2026-03-11","2026-03-11","deposit","25000","open","mobile_app"
"1738","1210","2025-04-02","2025-04-02","deposit","25000","open","kiosk"
"1739","1210","2025-11-18","2025-11-18","application","-25000","converted","web_portal"
"1740","1211","2020-08-14","2020-08-14","deposit","25000","open","web_portal"
"1741","1211","2022-03-24","2022-03-24","application","-25000","converted","web_portal"
"1742","1212","2025-12-02","2025-12-02","deposit","25000","open","csr_console"
"1743","1213","2020-04-17","2020-04-17","deposit","25000","open","kiosk"
"1744","1213","2020-11-12","2020-11-12","refund","-25000","cancelled_refunded","csr_console"
"1745","1214","2025-08-04","2025-08-04","deposit","25000","open","ivr"
"1746","1215","2025-02-10","2025-02-10","deposit","25000","open","ivr"
"1747","1215","2025-09-28","2025-09-28","application","-25000","converted","kiosk"
"1748","1216","2025-03-28","2025-03-28","deposit","100000","open","ivr"
"1749","1216","2026-04-17","2026-04-17","application","-100000","converted","web_portal"
"1750","1217","2024-01-29","2024-01-29","deposit","100000","open","csr_console"
"1751","1218","2025-11-13","2025-11-13","deposit","25000","open","web_portal"
"1752","1219","2024-12-30","2024-12-30","deposit","25000","open","kiosk"
"1753","1220","2026-01-12","2026-01-12","deposit","25000","open","web_portal"
"1754","1221","2021-12-27","2021-12-27","deposit","25000","open","web_portal"
"1755","1222","2024-05-25","2024-05-25","deposit","25000","open","kiosk"
"1756","1222","2025-02-20","2025-02-20","application","-25000","converted","ivr"
"1757","1223","2026-05-01","2026-05-01","deposit","25000","open","mobile_app"
"1758","1224","2022-02-27","2022-02-27","deposit","100000","open","ivr"
"1759","1224","2024-05-10","2024-05-10","application","-100000","converted","web_portal"
"1760","1225","2023-05-19","2023-05-19","deposit","100000","open","csr_console"
"1761","1225","2024-10-09","2024-10-09","application","-100000","converted","web_portal"
"1762","1226","2025-12-22","2025-12-22","deposit","25000","open","ivr"
"1763","1227","2024-10-30","2024-10-30","deposit","25000","open","web_portal"
"1764","1227","2025-03-07","2025-03-07","application","-25000","converted","mobile_app"
"1765","1228","2023-03-29","2023-03-29","deposit","25000","open","csr_console"
"1766","1229","2025-10-16","2025-10-16","deposit","25000","open","web_portal"
"1767","1230","2024-09-08","2024-09-08","deposit","25000","open","ivr"
"1768","1230","2026-01-30","2026-01-30","application","-25000","converted","web_portal"
"1769","1231","2025-04-06","2025-04-06","deposit","25000","open","kiosk"
"1770","1232","2025-03-02","2025-03-02","deposit","100000","open","ivr"
"1771","1232","2026-03-09","2026-03-09","application","-100000","converted","kiosk"
"1772","1233","2021-12-15","2021-12-15","deposit","25000","open","web_portal"
"1773","1233","2024-04-26","2024-04-26","refund","-25000","cancelled_refunded","mobile_app"
"1774","1234","2025-02-10","2025-02-10","deposit","25000","open","web_portal"
"1775","1235","2020-11-06","2020-11-06","deposit","25000","open","kiosk"
"1776","1236","2023-08-14","2023-08-14","deposit","25000","open","web_portal"
"1777","1237","2025-03-01","2025-03-01","deposit","25000","open","web_portal"
"1778","1238","2024-09-08","2024-09-08","deposit","25000","open","kiosk"
"1779","1239","2024-04-04","2024-04-04","deposit","25000","open","csr_console"
"1780","1239","2025-07-07","2025-07-07","application","-25000","converted","web_portal"
"1781","1240","2023-09-17","2023-09-17","deposit","25000","open","web_portal"
"1782","1240","2024-09-17","2024-09-17","application","-25000","converted","csr_console"
"1783","1241","2025-01-06","2025-01-06","deposit","25000","open","web_portal"
"1784","1241","2026-05-30","2026-05-30","refund","-25000","cancelled_refunded","ivr"
"1785","1242","2024-12-17","2024-12-17","deposit","25000","open","mobile_app"
"1786","1243","2024-04-09","2024-04-09","deposit","25000","open","mobile_app"
"1787","1244","2026-01-20","2026-01-20","deposit","100000","open","mobile_app"
"1788","1244","2026-06-28","2026-06-28","application","-100000","converted","mobile_app"
"1789","1245","2024-11-05","2024-11-05","deposit","25000","open","ivr"
"1790","1246","2025-07-19","2025-07-19","deposit","25000","open","web_portal"
"1791","1247","2024-06-07","2024-06-07","deposit","25000","open","ivr"
"1792","1248","2025-04-12","2025-04-12","deposit","25000","open","csr_console"
"1793","1249","2026-06-26","2026-06-26","deposit","25000","open","web_portal"
"1794","1250","2025-03-25","2025-03-25","deposit","25000","open","ivr"
"1795","1251","2024-12-13","2024-12-13","deposit","100000","open","web_portal"
"1796","1251","2025-11-28","2025-11-28","application","-100000","converted","mobile_app"
"1797","1252","2025-07-18","2025-07-18","deposit","25000","open","mobile_app"
"1798","1253","2025-11-20","2025-11-20","deposit","25000","open","mobile_app"
"1799","1253","2026-06-09","2026-06-09","refund","-25000","cancelled_refunded","ivr"
"1800","1254","2026-02-12","2026-02-12","deposit","25000","open","kiosk"
"1801","1255","2023-07-08","2023-07-08","deposit","25000","open","kiosk"
"1802","1255","2025-07-04","2025-07-04","application","-25000","converted","ivr"
"1803","1256","2024-11-07","2024-11-07","deposit","25000","open","mobile_app"
"1804","1256","2026-01-10","2026-01-10","application","-25000","converted","web_portal"
"1805","1257","2026-03-11","2026-03-11","deposit","25000","open","web_portal"
"1806","1258","2024-10-09","2024-10-09","deposit","25000","open","ivr"
"1807","1259","2025-01-23","2025-01-23","deposit","25000","open","kiosk"
"1808","1260","2025-07-12","2025-07-12","deposit","25000","open","mobile_app"
"1809","1261","2025-06-27","2025-06-27","deposit","25000","open","ivr"
"1810","1261","2026-04-27","2026-04-27","application","-25000","converted","mobile_app"
"1811","1262","2026-04-26","2026-04-26","deposit","25000","open","ivr"
"1812","1263","2026-01-18","2026-01-18","deposit","25000","open","mobile_app"
"1813","1264","2025-04-30","2025-04-30","deposit","25000","open","ivr"
"1814","1265","2023-10-17","2023-10-17","deposit","25000","open","mobile_app"
"1815","1266","2022-03-28","2022-03-28","deposit","25000","open","web_portal"
"1816","1266","2022-08-10","2022-08-10","application","-25000","converted","mobile_app"
"1817","1267","2023-12-19","2023-12-19","deposit","25000","open","csr_console"
"1818","1267","2025-11-18","2025-11-18","application","-25000","converted","ivr"
"1819","1268","2024-10-09","2024-10-09","deposit","25000","open","kiosk"
"1820","1268","2025-10-24","2025-10-24","application","-25000","converted","mobile_app"
"1821","1269","2025-08-06","2025-08-06","deposit","25000","open","mobile_app"
"1822","1269","2026-06-05","2026-06-05","application","-25000","converted","web_portal"
"1823","1270","2026-05-23","2026-05-23","deposit","25000","open","mobile_app"
"1824","1271","2023-11-29","2023-11-29","deposit","25000","open","kiosk"
"1825","1271","2025-05-31","2025-05-31","application","-25000","converted","web_portal"
"1826","1272","2024-06-13","2024-06-13","deposit","25000","open","web_portal"
"1827","1273","2021-01-29","2021-01-29","deposit","25000","open","mobile_app"
"1828","1273","2022-06-06","2022-06-06","application","-25000","converted","ivr"
"1829","1274","2025-05-18","2025-05-18","deposit","25000","open","kiosk"
"1830","1275","2025-05-20","2025-05-20","deposit","25000","open","mobile_app"
"1831","1276","2022-07-08","2022-07-08","deposit","25000","open","web_portal"
"1832","1277","2025-09-30","2025-09-30","deposit","25000","open","web_portal"
"1833","1278","2024-11-09","2024-11-09","deposit","25000","open","mobile_app"
"1834","1279","2025-10-16","2025-10-16","deposit","25000","open","kiosk"
"1835","1280","2024-11-10","2024-11-10","deposit","25000","open","ivr"
"1836","1280","2025-12-29","2025-12-29","application","-25000","converted","kiosk"
"1837","1281","2025-03-13","2025-03-13","deposit","25000","open","kiosk"
"1838","1282","2024-02-02","2024-02-02","deposit","25000","open","web_portal"
"1839","1282","2026-05-16","2026-05-16","refund","-25000","cancelled_refunded","web_portal"
"1840","1283","2024-11-01","2024-11-01","deposit","25000","open","mobile_app"
"1841","1284","2022-10-20","2022-10-20","deposit","25000","open","kiosk"
"1842","1284","2023-02-02","2023-02-02","refund","-25000","cancelled_refunded","kiosk"
"1843","1285","2023-09-06","2023-09-06","deposit","25000","open","web_portal"
"1844","1285","2026-03-29","2026-03-29","refund","-25000","cancelled_refunded","kiosk"
"1845","1286","2026-05-06","2026-05-06","deposit","25000","open","web_portal"
"1846","1287","2023-12-21","2023-12-21","deposit","25000","open","mobile_app"
"1847","1287","2025-07-13","2025-07-13","application","-25000","converted","csr_console"
"1848","1288","2020-07-20","2020-07-20","deposit","25000","open","web_portal"
"1849","1288","2022-07-03","2022-07-03","application","-25000","converted","csr_console"
"1850","1289","2023-06-04","2023-06-04","deposit","25000","open","kiosk"
"1851","1289","2024-02-18","2024-02-18","application","-25000","converted","web_portal"
"1852","1290","2026-05-27","2026-05-27","deposit","25000","open","web_portal"
"1853","1291","2022-03-04","2022-03-04","deposit","25000","open","kiosk"
"1854","1291","2024-09-28","2024-09-28","refund","-25000","cancelled_refunded","csr_console"
"1855","1292","2024-10-20","2024-10-20","deposit","25000","open","ivr"
"1856","1292","2025-12-13","2025-12-13","application","-25000","converted","kiosk"
"1857","1293","2024-12-22","2024-12-22","deposit","100000","open","kiosk"
"1858","1293","2025-10-25","2025-10-25","application","-100000","converted","web_portal"
"1859","1294","2026-05-03","2026-05-03","deposit","25000","open","ivr"
"1860","1295","2020-04-15","2020-04-15","deposit","100000","open","ivr"
"1861","1296","2021-10-15","2021-10-15","deposit","25000","open","ivr"
"1862","1296","2023-04-22","2023-04-22","application","-25000","converted","kiosk"
"1863","1297","2025-01-23","2025-01-23","deposit","100000","open","csr_console"
"1864","1298","2025-09-30","2025-09-30","deposit","25000","open","mobile_app"
"1865","1299","2024-07-28","2024-07-28","deposit","25000","open","ivr"
"1866","1299","2025-02-26","2025-02-26","application","-25000","converted","web_portal"
"1867","1300","2026-02-08","2026-02-08","deposit","25000","open","kiosk"
"1868","1301","2025-03-15","2025-03-15","deposit","100000","open","kiosk"
"1869","1302","2026-03-15","2026-03-15","deposit","25000","open","kiosk"
"1870","1302","2026-06-20","2026-06-20","refund","-25000","cancelled_refunded","csr_console"
"1871","1303","2025-06-02","2025-06-02","deposit","25000","open","kiosk"
"1872","1304","2024-04-16","2024-04-16","deposit","25000","open","web_portal"
"1873","1304","2026-01-16","2026-01-16","application","-25000","converted","kiosk"
"1874","1305","2026-05-16","2026-05-16","deposit","25000","open","web_portal"
"1875","1306","2025-04-28","2025-04-28","deposit","25000","open","web_portal"
"1876","1307","2026-01-28","2026-01-28","deposit","25000","open","csr_console"
"1877","1308","2023-08-15","2023-08-15","deposit","100000","open","mobile_app"
"1878","1308","2024-09-05","2024-09-05","refund","-100000","cancelled_refunded","ivr"
"1879","1309","2021-04-18","2021-04-18","deposit","25000","open","ivr"
"1880","1309","2022-01-07","2022-01-07","refund","-25000","cancelled_refunded","csr_console"
"1881","1310","2024-02-27","2024-02-27","deposit","25000","open","kiosk"
"1882","1310","2026-06-30","2026-06-30","application","-25000","converted","ivr"
"1883","1311","2025-03-07","2025-03-07","deposit","25000","open","web_portal"
"1884","1312","2021-07-01","2021-07-01","deposit","25000","open","kiosk"
"1885","1312","2021-11-25","2021-11-25","refund","-25000","cancelled_refunded","web_portal"
"1886","1313","2026-03-13","2026-03-13","deposit","100000","open","web_portal"
"1887","1314","2024-04-19","2024-04-19","deposit","100000","open","kiosk"
"1888","1314","2024-08-17","2024-08-17","application","-100000","converted","csr_console"
"1889","1315","2026-02-22","2026-02-22","deposit","25000","open","mobile_app"
"1890","1316","2023-03-30","2023-03-30","deposit","25000","open","ivr"
"1891","1316","2023-12-03","2023-12-03","refund","-25000","cancelled_refunded","csr_console"
"1892","1317","2026-05-28","2026-05-28","deposit","25000","open","web_portal"
"1893","1318","2025-07-21","2025-07-21","deposit","25000","open","kiosk"
"1894","1319","2025-02-08","2025-02-08","deposit","25000","open","web_portal"
"1895","1319","2026-06-26","2026-06-26","application","-25000","converted","ivr"
"1896","1320","2026-01-29","2026-01-29","deposit","25000","open","web_portal"
"1897","1321","2023-08-07","2023-08-07","deposit","25000","open","web_portal"
"1898","1321","2024-06-16","2024-06-16","application","-25000","converted","mobile_app"
"1899","1322","2026-03-14","2026-03-14","deposit","25000","open","web_portal"
"1900","1323","2025-04-21","2025-04-21","deposit","25000","open","ivr"
"1901","1324","2022-06-12","2022-06-12","deposit","100000","open","kiosk"
"1902","1324","2023-06-12","2023-06-12","refund","-100000","cancelled_refunded","kiosk"
"1903","1325","2025-02-20","2025-02-20","deposit","25000","open","mobile_app"
"1904","1326","2026-05-15","2026-05-15","deposit","100000","open","ivr"
"1905","1327","2021-09-27","2021-09-27","deposit","25000","open","csr_console"
"1906","1327","2022-12-02","2022-12-02","refund","-25000","cancelled_refunded","ivr"
"1907","1328","2023-01-19","2023-01-19","deposit","25000","open","web_portal"
"1908","1328","2024-08-12","2024-08-12","refund","-25000","cancelled_refunded","kiosk"
"1909","1329","2024-04-17","2024-04-17","deposit","25000","open","csr_console"
"1910","1330","2025-12-30","2025-12-30","deposit","25000","open","ivr"
"1911","1331","2025-03-03","2025-03-03","deposit","25000","open","csr_console"
"1912","1332","2025-04-16","2025-04-16","deposit","25000","open","kiosk"
"1913","1333","2024-11-07","2024-11-07","deposit","25000","open","web_portal"
"1914","1333","2026-05-19","2026-05-19","refund","-25000","cancelled_refunded","kiosk"
"1915","1334","2025-11-03","2025-11-03","deposit","25000","open","mobile_app"
"1916","1335","2024-03-19","2024-03-19","deposit","25000","open","web_portal"
"1917","1335","2025-01-26","2025-01-26","application","-25000","converted","mobile_app"
"1918","1336","2025-07-20","2025-07-20","deposit","25000","open","ivr"
"1919","1337","2022-08-30","2022-08-30","deposit","25000","open","ivr"
"1920","1337","2023-03-02","2023-03-02","application","-25000","converted","csr_console"
"1921","1338","2025-05-21","2025-05-21","deposit","25000","open","web_portal"
"1922","1339","2024-07-29","2024-07-29","deposit","25000","open","ivr"
"1923","1340","2024-05-15","2024-05-15","deposit","25000","open","web_portal"
"1924","1340","2026-03-01","2026-03-01","refund","-25000","cancelled_refunded","mobile_app"
"1925","1341","2021-11-10","2021-11-10","deposit","25000","open","web_portal"
"1926","1342","2021-12-09","2021-12-09","deposit","25000","open","csr_console"
"1927","1342","2023-11-14","2023-11-14","application","-25000","converted","csr_console"
"1928","1343","2021-03-01","2021-03-01","deposit","25000","open","web_portal"
"1929","1343","2021-10-25","2021-10-25","application","-25000","converted","csr_console"
"1930","1344","2024-02-16","2024-02-16","deposit","25000","open","kiosk"
"1931","1344","2025-02-28","2025-02-28","application","-25000","converted","web_portal"
"1932","1345","2023-01-19","2023-01-19","deposit","100000","open","kiosk"
"1933","1345","2023-09-11","2023-09-11","application","-100000","converted","mobile_app"
"1934","1346","2025-05-23","2025-05-23","deposit","25000","open","ivr"
"1935","1347","2024-02-03","2024-02-03","deposit","100000","open","web_portal"
"1936","1347","2025-03-13","2025-03-13","application","-100000","converted","mobile_app"
"1937","1348","2022-01-12","2022-01-12","deposit","25000","open","kiosk"
"1938","1348","2023-03-05","2023-03-05","application","-25000","converted","kiosk"
"1939","1349","2026-05-30","2026-05-30","deposit","100000","open","kiosk"
"1940","1350","2024-12-07","2024-12-07","deposit","100000","open","kiosk"
"1941","1351","2026-04-29","2026-04-29","deposit","25000","open","csr_console"
"1942","1352","2025-02-05","2025-02-05","deposit","25000","open","csr_console"
"1943","1353","2025-03-20","2025-03-20","deposit","25000","open","mobile_app"
"1944","1354","2026-03-26","2026-03-26","deposit","25000","open","ivr"
"1945","1355","2025-11-28","2025-11-28","deposit","25000","open","kiosk"
"1946","1356","2026-03-13","2026-03-13","deposit","25000","open","web_portal"
"1947","1357","2022-12-23","2022-12-23","deposit","25000","open","web_portal"
"1948","1357","2024-01-09","2024-01-09","application","-25000","converted","csr_console"
"1949","1358","2026-06-01","2026-06-01","deposit","25000","open","csr_console"
"1950","1359","2022-09-19","2022-09-19","deposit","25000","open","web_portal"
"1951","1359","2024-07-15","2024-07-15","refund","-25000","cancelled_refunded","web_portal"
"1952","1360","2024-08-13","2024-08-13","deposit","25000","open","web_portal"
"1953","1360","2026-02-14","2026-02-14","refund","-25000","cancelled_refunded","web_portal"
"1954","1361","2024-12-07","2024-12-07","deposit","100000","open","csr_console"
"1955","1362","2022-05-12","2022-05-12","deposit","25000","open","kiosk"
"1956","1362","2024-08-28","2024-08-28","application","-25000","converted","mobile_app"
"1957","1363","2025-02-17","2025-02-17","deposit","25000","open","ivr"
"1958","1363","2025-10-20","2025-10-20","refund","-25000","cancelled_refunded","web_portal"
"1959","1364","2021-08-01","2021-08-01","deposit","25000","open","web_portal"
"1960","1365","2025-01-23","2025-01-23","deposit","25000","open","kiosk"
"1961","1365","2026-05-02","2026-05-02","application","-25000","converted","csr_console"
"1962","1366","2026-03-05","2026-03-05","deposit","25000","open","mobile_app"
"1963","1367","2026-05-21","2026-05-21","deposit","25000","open","web_portal"
"1964","1368","2025-07-09","2025-07-09","deposit","25000","open","mobile_app"
"1965","1369","2025-03-01","2025-03-01","deposit","25000","open","web_portal"
"1966","1370","2024-05-01","2024-05-01","deposit","25000","open","kiosk"
"1967","1371","2025-11-07","2025-11-07","deposit","25000","open","web_portal"
"1968","1372","2025-10-08","2025-10-08","deposit","25000","open","kiosk"
"1969","1373","2026-01-09","2026-01-09","deposit","25000","open","ivr"
"1970","1374","2024-07-12","2024-07-12","deposit","25000","open","kiosk"
"1971","1374","2025-07-10","2025-07-10","application","-25000","converted","mobile_app"
"1972","1375","2026-01-09","2026-01-09","deposit","25000","open","ivr"
"1973","1376","2026-02-18","2026-02-18","deposit","25000","open","mobile_app"
"1974","1377","2023-06-18","2023-06-18","deposit","25000","open","mobile_app"
"1975","1378","2024-05-01","2024-05-01","deposit","100000","open","ivr"
"1976","1379","2026-06-13","2026-06-13","deposit","25000","open","csr_console"
"1977","1380","2022-09-24","2022-09-24","deposit","25000","open","csr_console"
"1978","1380","2025-05-29","2025-05-29","refund","-25000","cancelled_refunded","kiosk"
"1979","1381","2023-01-10","2023-01-10","deposit","25000","open","web_portal"
"1980","1381","2023-11-10","2023-11-10","application","-25000","converted","ivr"
"1981","1382","2025-06-11","2025-06-11","deposit","25000","open","csr_console"
"1982","1383","2025-03-12","2025-03-12","deposit","25000","open","mobile_app"
"1983","1384","2023-03-06","2023-03-06","deposit","25000","open","csr_console"
"1984","1384","2023-11-15","2023-11-15","refund","-25000","cancelled_refunded","ivr"
"1985","1385","2024-12-29","2024-12-29","deposit","25000","open","web_portal"
"1986","1386","2026-04-23","2026-04-23","deposit","25000","open","web_portal"
"1987","1387","2023-07-24","2023-07-24","deposit","25000","open","mobile_app"
"1988","1387","2025-03-01","2025-03-01","application","-25000","converted","web_portal"
"1989","1388","2023-03-07","2023-03-07","deposit","25000","open","kiosk"
"1990","1388","2025-12-17","2025-12-17","refund","-25000","cancelled_refunded","kiosk"
"1991","1389","2023-04-08","2023-04-08","deposit","25000","open","csr_console"
"1992","1390","2025-05-05","2025-05-05","deposit","25000","open","mobile_app"
"1993","1391","2025-02-22","2025-02-22","deposit","25000","open","ivr"
"1994","1392","2023-11-04","2023-11-04","deposit","25000","open","kiosk"
"1995","1392","2024-09-13","2024-09-13","refund","-25000","cancelled_refunded","ivr"
"1996","1393","2024-04-20","2024-04-20","deposit","25000","open","csr_console"
"1997","1393","2024-11-10","2024-11-10","application","-25000","converted","ivr"
"1998","1394","2024-06-27","2024-06-27","deposit","25000","open","mobile_app"
"1999","1394","2026-06-08","2026-06-08","refund","-25000","cancelled_refunded","ivr"
"2000","1395","2025-03-02","2025-03-02","deposit","25000","open","csr_console"
"2001","1395","2026-04-26","2026-04-26","application","-25000","converted","csr_console"
"2002","1396","2023-03-12","2023-03-12","deposit","25000","open","ivr"
"2003","1396","2026-02-18","2026-02-18","refund","-25000","cancelled_refunded","web_portal"
"2004","1397","2023-09-11","2023-09-11","deposit","25000","open","ivr"
"2005","1397","2026-03-08","2026-03-08","refund","-25000","cancelled_refunded","web_portal"
"2006","1398","2023-09-25","2023-09-25","deposit","25000","open","kiosk"
"2007","1398","2024-07-12","2024-07-12","application","-25000","converted","ivr"
"2008","1399","2020-03-04","2020-03-04","deposit","25000","open","ivr"
"2009","1399","2021-01-25","2021-01-25","application","-25000","converted","web_portal"
"2010","1400","2020-07-15","2020-07-15","deposit","25000","open","mobile_app"
"2011","1400","2021-11-12","2021-11-12","refund","-25000","cancelled_refunded","web_portal"
"2012","1401","2023-09-17","2023-09-17","deposit","25000","open","ivr"
"2013","1401","2024-03-04","2024-03-04","application","-25000","converted","csr_console"
"2014","1402","2025-11-25","2025-11-25","deposit","25000","open","csr_console"
"2015","1403","2023-03-14","2023-03-14","deposit","25000","open","ivr"
"2016","1403","2025-03-07","2025-03-07","application","-25000","converted","csr_console"
"2017","1404","2020-06-24","2020-06-24","deposit","25000","open","web_portal"
"2018","1404","2021-01-18","2021-01-18","application","-25000","converted","mobile_app"
"2019","1405","2025-07-24","2025-07-24","deposit","25000","open","mobile_app"
"2020","1405","2026-04-29","2026-04-29","refund","-25000","cancelled_refunded","csr_console"
"2021","1406","2022-11-03","2022-11-03","deposit","25000","open","web_portal"
"2022","1406","2024-09-05","2024-09-05","application","-25000","converted","ivr"
"2023","1407","2025-11-22","2025-11-22","deposit","25000","open","ivr"
"2024","1408","2026-04-13","2026-04-13","deposit","25000","open","ivr"
"2025","1409","2020-11-15","2020-11-15","deposit","25000","open","ivr"
"2026","1409","2023-10-23","2023-10-23","refund","-25000","cancelled_refunded","csr_console"
"2027","1410","2025-12-13","2025-12-13","deposit","25000","open","web_portal"
"2028","1411","2023-06-15","2023-06-15","deposit","25000","open","mobile_app"
"2029","1411","2026-02-10","2026-02-10","refund","-25000","cancelled_refunded","ivr"
"2030","1412","2024-12-01","2024-12-01","deposit","25000","open","ivr"
"2031","1413","2024-02-27","2024-02-27","deposit","25000","open","mobile_app"
"2032","1413","2025-05-12","2025-05-12","refund","-25000","cancelled_refunded","ivr"
"2033","1414","2022-06-09","2022-06-09","deposit","25000","open","csr_console"
"2034","1414","2024-10-27","2024-10-27","refund","-25000","cancelled_refunded","csr_console"
"2035","1415","2025-07-24","2025-07-24","deposit","25000","open","mobile_app"
"2036","1416","2024-11-25","2024-11-25","deposit","25000","open","web_portal"
"2037","1416","2025-04-16","2025-04-16","application","-25000","converted","web_portal"
"2038","1417","2024-01-18","2024-01-18","deposit","25000","open","ivr"
"2039","1418","2023-04-22","2023-04-22","deposit","100000","open","web_portal"
"2040","1418","2025-04-04","2025-04-04","application","-100000","converted","kiosk"
"2041","1419","2025-11-28","2025-11-28","deposit","25000","open","web_portal"
"2042","1420","2023-12-06","2023-12-06","deposit","25000","open","web_portal"
"2043","1420","2024-11-02","2024-11-02","application","-25000","converted","mobile_app"
"2044","1421","2025-04-21","2025-04-21","deposit","25000","open","csr_console"
"2045","1422","2023-11-21","2023-11-21","deposit","25000","open","mobile_app"
"2046","1422","2026-04-28","2026-04-28","refund","-25000","cancelled_refunded","csr_console"
"2047","1423","2025-08-28","2025-08-28","deposit","25000","open","kiosk"
"2048","1424","2025-02-05","2025-02-05","deposit","25000","open","web_portal"
"2049","1424","2026-06-26","2026-06-26","application","-25000","converted","web_portal"
"2050","1425","2022-04-23","2022-04-23","deposit","25000","open","ivr"
"2051","1425","2024-11-29","2024-11-29","refund","-25000","cancelled_refunded","csr_console"
"2052","1426","2022-09-30","2022-09-30","deposit","25000","open","mobile_app"
"2053","1426","2025-03-03","2025-03-03","refund","-25000","cancelled_refunded","ivr"
"2054","1427","2023-11-18","2023-11-18","deposit","25000","open","mobile_app"
"2055","1428","2026-05-04","2026-05-04","deposit","25000","open","kiosk"
"2056","1429","2026-02-03","2026-02-03","deposit","25000","open","web_portal"
"2057","1430","2025-01-10","2025-01-10","deposit","100000","open","kiosk"
"2058","1431","2024-06-26","2024-06-26","deposit","25000","open","mobile_app"
"2059","1432","2022-02-20","2022-02-20","deposit","25000","open","web_portal"
"2060","1432","2022-06-23","2022-06-23","refund","-25000","cancelled_refunded","mobile_app"
"2061","1433","2021-09-30","2021-09-30","deposit","25000","open","mobile_app"
"2062","1433","2022-02-02","2022-02-02","application","-25000","converted","csr_console"
"2063","1434","2025-06-20","2025-06-20","deposit","25000","open","ivr"
"2064","1435","2022-02-09","2022-02-09","deposit","25000","open","csr_console"
"2065","1435","2023-12-03","2023-12-03","application","-25000","converted","ivr"
"2066","1436","2025-11-17","2025-11-17","deposit","25000","open","mobile_app"
"2067","1437","2024-11-18","2024-11-18","deposit","25000","open","web_portal"
"2068","1437","2026-01-23","2026-01-23","refund","-25000","cancelled_refunded","mobile_app"
"2069","1438","2026-06-19","2026-06-19","deposit","25000","open","kiosk"
"2070","1439","2021-04-29","2021-04-29","deposit","25000","open","csr_console"
"2071","1439","2023-02-01","2023-02-01","application","-25000","converted","mobile_app"
"2072","1440","2021-10-19","2021-10-19","deposit","25000","open","web_portal"
"2073","1440","2024-03-22","2024-03-22","application","-25000","converted","web_portal"
"2074","1441","2021-04-17","2021-04-17","deposit","25000","open","kiosk"
"2075","1441","2022-07-19","2022-07-19","application","-25000","converted","kiosk"
"2076","1442","2025-06-21","2025-06-21","deposit","25000","open","kiosk"
"2077","1442","2026-06-28","2026-06-28","application","-25000","converted","mobile_app"
"2078","1443","2023-08-08","2023-08-08","deposit","25000","open","csr_console"
"2079","1443","2024-10-20","2024-10-20","application","-25000","converted","ivr"
"2080","1444","2021-03-20","2021-03-20","deposit","25000","open","kiosk"
"2081","1444","2022-05-16","2022-05-16","application","-25000","converted","kiosk"
"2082","1445","2025-01-14","2025-01-14","deposit","25000","open","ivr"
"2083","1446","2024-10-11","2024-10-11","deposit","25000","open","ivr"
"2084","1447","2025-08-08","2025-08-08","deposit","25000","open","web_portal"
"2085","1448","2022-01-03","2022-01-03","deposit","25000","open","mobile_app"
"2086","1448","2023-09-23","2023-09-23","application","-25000","converted","mobile_app"
"2087","1449","2025-01-16","2025-01-16","deposit","25000","open","mobile_app"
"2088","1450","2026-01-25","2026-01-25","deposit","100000","open","web_portal"
"2089","1451","2026-02-11","2026-02-11","deposit","25000","open","web_portal"
"2090","1452","2026-01-27","2026-01-27","deposit","25000","open","ivr"
"2091","1453","2024-06-30","2024-06-30","deposit","25000","open","ivr"
"2092","1453","2025-06-05","2025-06-05","application","-25000","converted","kiosk"
"2093","1454","2021-06-11","2021-06-11","deposit","25000","open","mobile_app"
"2094","1455","2023-04-10","2023-04-10","deposit","100000","open","mobile_app"
"2095","1455","2025-03-18","2025-03-18","refund","-100000","cancelled_refunded","csr_console"
"2096","1456","2025-07-20","2025-07-20","deposit","25000","open","csr_console"
"2097","1456","2026-04-29","2026-04-29","application","-25000","converted","ivr"
"2098","1457","2026-01-01","2026-01-01","deposit","100000","open","web_portal"
"2099","1458","2025-10-15","2025-10-15","deposit","25000","open","csr_console"
"2100","1459","2026-01-25","2026-01-25","deposit","25000","open","csr_console"
"2101","1460","2022-10-14","2022-10-14","deposit","25000","open","kiosk"
"2102","1460","2024-08-31","2024-08-31","application","-25000","converted","ivr"
"2103","1461","2021-03-13","2021-03-13","deposit","25000","open","csr_console"
"2104","1461","2023-04-29","2023-04-29","application","-25000","converted","kiosk"
"2105","1462","2023-10-18","2023-10-18","deposit","25000","open","csr_console"
"2106","1462","2025-04-06","2025-04-06","application","-25000","converted","ivr"
"2107","1463","2026-02-20","2026-02-20","deposit","100000","open","web_portal"
"2108","1464","2026-01-14","2026-01-14","deposit","100000","open","web_portal"
"2109","1465","2021-02-26","2021-02-26","deposit","25000","open","csr_console"
"2110","1466","2024-08-25","2024-08-25","deposit","25000","open","kiosk"
"2111","1466","2025-03-04","2025-03-04","application","-25000","converted","kiosk"
"2112","1467","2023-06-23","2023-06-23","deposit","25000","open","web_portal"
"2113","1467","2024-12-08","2024-12-08","application","-25000","converted","kiosk"
"2114","1468","2023-05-02","2023-05-02","deposit","25000","open","kiosk"
"2115","1468","2025-01-15","2025-01-15","application","-25000","converted","ivr"
"2116","1469","2026-05-16","2026-05-16","deposit","25000","open","csr_console"
"2117","1470","2022-01-03","2022-01-03","deposit","25000","open","csr_console"
"2118","1470","2023-12-28","2023-12-28","application","-25000","converted","mobile_app"
"2119","1471","2024-09-21","2024-09-21","deposit","25000","open","ivr"
"2120","1471","2025-09-04","2025-09-04","application","-25000","converted","csr_console"
"2121","1472","2025-07-03","2025-07-03","deposit","25000","open","ivr"
"2122","1473","2024-09-15","2024-09-15","deposit","100000","open","mobile_app"
"2123","1473","2025-08-19","2025-08-19","application","-100000","converted","mobile_app"
"2124","1474","2024-07-25","2024-07-25","deposit","25000","open","mobile_app"
"2125","1474","2026-06-16","2026-06-16","application","-25000","converted","ivr"
"2126","1475","2020-06-20","2020-06-20","deposit","25000","open","web_portal"
"2127","1475","2021-08-22","2021-08-22","application","-25000","converted","web_portal"
"2128","1476","2024-10-18","2024-10-18","deposit","25000","open","kiosk"
"2129","1476","2026-06-01","2026-06-01","application","-25000","converted","kiosk"
"2130","1477","2024-08-31","2024-08-31","deposit","25000","open","ivr"
"2131","1477","2026-06-17","2026-06-17","application","-25000","converted","ivr"
"2132","1478","2022-06-22","2022-06-22","deposit","100000","open","kiosk"
"2133","1478","2024-09-23","2024-09-23","refund","-100000","cancelled_refunded","kiosk"
"2134","1479","2023-07-13","2023-07-13","deposit","25000","open","csr_console"
"2135","1479","2024-03-30","2024-03-30","application","-25000","converted","csr_console"
"2136","1480","2026-02-17","2026-02-17","deposit","25000","open","web_portal"
"2137","1481","2021-08-13","2021-08-13","deposit","25000","open","kiosk"
"2138","1482","2026-06-03","2026-06-03","deposit","25000","open","kiosk"
"2139","1483","2024-02-28","2024-02-28","deposit","25000","open","ivr"
"2140","1483","2026-02-23","2026-02-23","application","-25000","converted","ivr"
"2141","1484","2025-07-22","2025-07-22","deposit","25000","open","ivr"
"2142","1484","2025-12-28","2025-12-28","application","-25000","converted","mobile_app"
"2143","1485","2023-10-03","2023-10-03","deposit","25000","open","kiosk"
"2144","1485","2024-05-15","2024-05-15","application","-25000","converted","web_portal"
"2145","1486","2025-01-18","2025-01-18","deposit","100000","open","ivr"
"2146","1486","2026-02-21","2026-02-21","refund","-100000","cancelled_refunded","web_portal"
"2147","1487","2023-02-06","2023-02-06","deposit","25000","open","ivr"
"2148","1487","2025-07-06","2025-07-06","refund","-25000","cancelled_refunded","mobile_app"
"2149","1488","2024-06-29","2024-06-29","deposit","25000","open","kiosk"
"2150","1489","2024-05-25","2024-05-25","deposit","25000","open","web_portal"
"2151","1489","2024-11-21","2024-11-21","application","-25000","converted","ivr"
"2152","1490","2023-07-05","2023-07-05","deposit","25000","open","csr_console"
"2153","1490","2025-02-21","2025-02-21","application","-25000","converted","ivr"
"2154","1491","2020-04-19","2020-04-19","deposit","25000","open","kiosk"
"2155","1491","2022-09-12","2022-09-12","refund","-25000","cancelled_refunded","mobile_app"
"2156","1492","2026-02-18","2026-02-18","deposit","25000","open","csr_console"
"2157","1493","2025-05-13","2025-05-13","deposit","25000","open","mobile_app"
"2158","1494","2025-01-08","2025-01-08","deposit","25000","open","csr_console"
"2159","1494","2025-03-13","2025-03-13","refund","-25000","cancelled_refunded","ivr"
"2160","1495","2025-10-11","2025-10-11","deposit","25000","open","ivr"
"2161","1496","2024-04-22","2024-04-22","deposit","25000","open","ivr"
"2162","1496","2026-02-23","2026-02-23","application","-25000","converted","mobile_app"
"2163","1497","2023-06-12","2023-06-12","deposit","25000","open","kiosk"
"2164","1497","2024-07-18","2024-07-18","application","-25000","converted","kiosk"
"2165","1498","2024-10-11","2024-10-11","deposit","25000","open","kiosk"
"2166","1499","2025-04-22","2025-04-22","deposit","25000","open","kiosk"
"2167","1500","2025-05-03","2025-05-03","deposit","25000","open","mobile_app"
"2168","1500","2026-03-11","2026-03-11","application","-25000","converted","csr_console"
"2169","1501","2023-04-17","2023-04-17","deposit","25000","open","ivr"
"2170","1501","2024-03-18","2024-03-18","refund","-25000","cancelled_refunded","csr_console"
"2171","1502","2025-12-20","2025-12-20","deposit","25000","open","ivr"
"2172","1503","2025-08-30","2025-08-30","deposit","25000","open","web_portal"
"2173","1504","2025-02-22","2025-02-22","deposit","25000","open","kiosk"
"2174","1505","2025-11-19","2025-11-19","deposit","100000","open","web_portal"
"2175","1506","2025-04-29","2025-04-29","deposit","25000","open","kiosk"
"2176","1507","2025-05-17","2025-05-17","deposit","25000","open","mobile_app"
"2177","1508","2024-04-15","2024-04-15","deposit","25000","open","kiosk"
"2178","1509","2024-07-25","2024-07-25","deposit","25000","open","ivr"
"2179","1510","2024-11-23","2024-11-23","deposit","25000","open","kiosk"
"2180","1510","2025-10-08","2025-10-08","application","-25000","converted","kiosk"
"2181","1511","2026-06-15","2026-06-15","deposit","25000","open","ivr"
"2182","1512","2026-01-25","2026-01-25","deposit","25000","open","mobile_app"
"2183","1513","2022-10-23","2022-10-23","deposit","100000","open","web_portal"
"2184","1513","2023-09-03","2023-09-03","application","-100000","converted","ivr"
"2185","1514","2025-06-29","2025-06-29","deposit","25000","open","kiosk"
"2186","1515","2025-12-20","2025-12-20","deposit","25000","open","ivr"
"2187","1516","2026-02-09","2026-02-09","deposit","25000","open","mobile_app"
"2188","1517","2026-01-22","2026-01-22","deposit","25000","open","kiosk"
"2189","1518","2026-06-04","2026-06-04","deposit","25000","open","web_portal"
"2190","1519","2021-01-02","2021-01-02","deposit","25000","open","mobile_app"
"2191","1519","2023-03-06","2023-03-06","application","-25000","converted","mobile_app"
"2192","1520","2023-11-21","2023-11-21","deposit","25000","open","ivr"
"2193","1521","2025-07-31","2025-07-31","deposit","25000","open","kiosk"
"2194","1522","2023-12-16","2023-12-16","deposit","25000","open","web_portal"
"2195","1522","2026-03-13","2026-03-13","application","-25000","converted","kiosk"
"2196","1523","2025-08-24","2025-08-24","deposit","25000","open","kiosk"
"2197","1524","2024-04-25","2024-04-25","deposit","25000","open","csr_console"
"2198","1524","2025-11-06","2025-11-06","application","-25000","converted","mobile_app"
"2199","1525","2023-04-22","2023-04-22","deposit","25000","open","csr_console"
"2200","1525","2024-09-19","2024-09-19","application","-25000","converted","web_portal"
"2201","1526","2025-01-21","2025-01-21","deposit","100000","open","web_portal"
"2202","1526","2025-10-29","2025-10-29","application","-100000","converted","csr_console"
"2203","1527","2022-05-16","2022-05-16","deposit","100000","open","mobile_app"
"2204","1528","2023-06-08","2023-06-08","deposit","25000","open","web_portal"
"2205","1528","2025-10-12","2025-10-12","application","-25000","converted","ivr"
"2206","1529","2025-11-02","2025-11-02","deposit","25000","open","kiosk"
"2207","1530","2025-12-24","2025-12-24","deposit","25000","open","web_portal"
"2208","1531","2022-03-22","2022-03-22","deposit","25000","open","csr_console"
"2209","1532","2026-04-26","2026-04-26","deposit","25000","open","web_portal"
"2210","1533","2025-02-10","2025-02-10","deposit","25000","open","ivr"
"2211","1534","2020-08-08","2020-08-08","deposit","25000","open","web_portal"
"2212","1534","2022-03-26","2022-03-26","refund","-25000","cancelled_refunded","mobile_app"
"2213","1535","2025-09-15","2025-09-15","deposit","100000","open","mobile_app"
"2214","1536","2025-02-03","2025-02-03","deposit","25000","open","web_portal"
"2215","1537","2026-02-09","2026-02-09","deposit","25000","open","kiosk"
"2216","1538","2024-12-18","2024-12-18","deposit","25000","open","csr_console"
"2217","1539","2023-05-02","2023-05-02","deposit","25000","open","mobile_app"
"2218","1539","2024-04-13","2024-04-13","application","-25000","converted","kiosk"
"2219","1540","2026-04-26","2026-04-26","deposit","25000","open","mobile_app"
"2220","1541","2025-12-24","2025-12-24","deposit","25000","open","csr_console"
"2221","1542","2025-12-30","2025-12-30","deposit","25000","open","web_portal"
"2222","1543","2024-09-20","2024-09-20","deposit","25000","open","kiosk"
"2223","1544","2024-12-10","2024-12-10","deposit","25000","open","mobile_app"
"2224","1545","2022-03-15","2022-03-15","deposit","25000","open","mobile_app"
"2225","1545","2024-02-25","2024-02-25","application","-25000","converted","mobile_app"
"2226","1546","2024-08-28","2024-08-28","deposit","25000","open","mobile_app"
"2227","1547","2022-02-24","2022-02-24","deposit","25000","open","csr_console"
"2228","1547","2023-08-30","2023-08-30","refund","-25000","cancelled_refunded","web_portal"
"2229","1548","2022-10-01","2022-10-01","deposit","25000","open","ivr"
"2230","1548","2023-03-23","2023-03-23","application","-25000","converted","mobile_app"
"2231","1549","2023-04-13","2023-04-13","deposit","25000","open","csr_console"
"2232","1549","2025-07-10","2025-07-10","application","-25000","converted","mobile_app"
"2233","1550","2026-06-03","2026-06-03","deposit","25000","open","ivr"
"2234","1551","2021-05-27","2021-05-27","deposit","25000","open","kiosk"
"2235","1552","2025-11-20","2025-11-20","deposit","25000","open","ivr"
"2236","1553","2022-12-24","2022-12-24","deposit","25000","open","mobile_app"
"2237","1553","2024-01-23","2024-01-23","application","-25000","converted","kiosk"
"2238","1554","2026-02-07","2026-02-07","deposit","25000","open","csr_console"
"2239","1555","2026-05-13","2026-05-13","deposit","25000","open","web_portal"
"2240","1556","2022-10-08","2022-10-08","deposit","25000","open","web_portal"
"2241","1557","2022-08-07","2022-08-07","deposit","100000","open","ivr"
"2242","1557","2024-10-09","2024-10-09","application","-100000","converted","ivr"
"2243","1558","2025-05-30","2025-05-30","deposit","25000","open","ivr"
"2244","1558","2026-05-05","2026-05-05","application","-25000","converted","web_portal"
"2245","1559","2020-09-02","2020-09-02","deposit","25000","open","ivr"
"2246","1559","2022-10-13","2022-10-13","application","-25000","converted","kiosk"
"2247","1560","2021-03-11","2021-03-11","deposit","25000","open","kiosk"
"2248","1560","2022-04-19","2022-04-19","refund","-25000","cancelled_refunded","csr_console"
"2249","1561","2025-06-18","2025-06-18","deposit","25000","open","web_portal"
"2250","1561","2026-04-08","2026-04-08","application","-25000","converted","kiosk"
"2251","1562","2026-01-08","2026-01-08","deposit","100000","open","ivr"
"2252","1563","2024-03-05","2024-03-05","deposit","25000","open","csr_console"
"2253","1563","2025-04-07","2025-04-07","application","-25000","converted","kiosk"
"2254","1564","2025-08-19","2025-08-19","deposit","25000","open","mobile_app"
"2255","1565","2024-08-26","2024-08-26","deposit","25000","open","web_portal"
"2256","1565","2025-08-13","2025-08-13","application","-25000","converted","kiosk"
"2257","1566","2021-08-03","2021-08-03","deposit","25000","open","ivr"
"2258","1566","2023-01-28","2023-01-28","refund","-25000","cancelled_refunded","mobile_app"
"2259","1567","2023-06-26","2023-06-26","deposit","25000","open","mobile_app"
"2260","1567","2024-07-01","2024-07-01","refund","-25000","cancelled_refunded","csr_console"
"2261","1568","2026-02-04","2026-02-04","deposit","25000","open","web_portal"
"2262","1569","2026-03-22","2026-03-22","deposit","25000","open","web_portal"
"2263","1570","2022-12-14","2022-12-14","deposit","25000","open","kiosk"
"2264","1570","2024-06-18","2024-06-18","refund","-25000","cancelled_refunded","web_portal"
"2265","1571","2024-01-10","2024-01-10","deposit","25000","open","web_portal"
"2266","1572","2024-05-06","2024-05-06","deposit","25000","open","kiosk"
"2267","1572","2025-02-02","2025-02-02","application","-25000","converted","web_portal"
"2268","1573","2022-06-17","2022-06-17","deposit","25000","open","web_portal"
"2269","1573","2023-10-19","2023-10-19","application","-25000","converted","kiosk"
"2270","1574","2022-04-14","2022-04-14","deposit","25000","open","mobile_app"
"2271","1574","2024-05-21","2024-05-21","refund","-25000","cancelled_refunded","csr_console"
"2272","1575","2024-03-06","2024-03-06","deposit","25000","open","ivr"
"2273","1575","2025-09-02","2025-09-02","refund","-25000","cancelled_refunded","web_portal"
"2274","1576","2023-10-27","2023-10-27","deposit","25000","open","web_portal"
"2275","1577","2024-04-27","2024-04-27","deposit","25000","open","ivr"
"2276","1577","2025-12-20","2025-12-20","refund","-25000","cancelled_refunded","kiosk"
"2277","1578","2025-02-03","2025-02-03","deposit","100000","open","kiosk"
"2278","1579","2025-01-01","2025-01-01","deposit","25000","open","mobile_app"
"2279","1579","2026-02-17","2026-02-17","application","-25000","converted","csr_console"
"2280","1580","2024-06-02","2024-06-02","deposit","25000","open","ivr"
"2281","1580","2026-02-15","2026-02-15","application","-25000","converted","web_portal"
"2282","1581","2025-08-10","2025-08-10","deposit","25000","open","ivr"
"2283","1581","2025-10-30","2025-10-30","refund","-25000","cancelled_refunded","kiosk"
"2284","1582","2026-01-06","2026-01-06","deposit","25000","open","kiosk"
"2285","1583","2025-02-22","2025-02-22","deposit","25000","open","kiosk"
"2286","1583","2026-04-11","2026-04-11","application","-25000","converted","csr_console"
"2287","1584","2025-05-10","2025-05-10","deposit","25000","open","mobile_app"
"2288","1584","2025-11-26","2025-11-26","refund","-25000","cancelled_refunded","ivr"
"2289","1585","2022-08-12","2022-08-12","deposit","25000","open","web_portal"
"2290","1585","2023-08-30","2023-08-30","application","-25000","converted","csr_console"
"2291","1586","2025-08-10","2025-08-10","deposit","25000","open","web_portal"
"2292","1586","2026-06-17","2026-06-17","application","-25000","converted","kiosk"
"2293","1587","2024-09-30","2024-09-30","deposit","25000","open","kiosk"
"2294","1588","2025-06-27","2025-06-27","deposit","25000","open","mobile_app"
"2295","1589","2026-06-10","2026-06-10","deposit","25000","open","mobile_app"
"2296","1590","2024-09-04","2024-09-04","deposit","25000","open","csr_console"
"2297","1590","2026-03-11","2026-03-11","application","-25000","converted","ivr"
"2298","1591","2025-03-17","2025-03-17","deposit","25000","open","web_portal"
"2299","1592","2025-05-12","2025-05-12","deposit","25000","open","mobile_app"
"2300","1593","2023-10-19","2023-10-19","deposit","25000","open","kiosk"
"2301","1593","2024-08-13","2024-08-13","refund","-25000","cancelled_refunded","csr_console"
"2302","1594","2025-04-03","2025-04-03","deposit","25000","open","web_portal"
"2303","1595","2026-06-21","2026-06-21","deposit","25000","open","ivr"
"2304","1596","2023-06-09","2023-06-09","deposit","25000","open","web_portal"
"2305","1596","2026-01-05","2026-01-05","refund","-25000","cancelled_refunded","web_portal"
"2306","1597","2025-09-19","2025-09-19","deposit","25000","open","kiosk"
"2307","1597","2026-01-06","2026-01-06","refund","-25000","cancelled_refunded","ivr"
"2308","1598","2025-02-03","2025-02-03","deposit","100000","open","mobile_app"
"2309","1599","2022-10-21","2022-10-21","deposit","25000","open","csr_console"
"2310","1600","2022-09-08","2022-09-08","deposit","25000","open","kiosk"
"2311","1600","2024-01-13","2024-01-13","application","-25000","converted","csr_console"
"2312","1601","2024-02-27","2024-02-27","deposit","25000","open","web_portal"
"2313","1601","2026-05-18","2026-05-18","application","-25000","converted","kiosk"
"2314","1602","2022-11-13","2022-11-13","deposit","25000","open","ivr"
"2315","1602","2025-04-12","2025-04-12","refund","-25000","cancelled_refunded","mobile_app"
"2316","1603","2023-11-06","2023-11-06","deposit","25000","open","kiosk"
"2317","1604","2024-11-17","2024-11-17","deposit","100000","open","ivr"
"2318","1605","2024-12-05","2024-12-05","deposit","25000","open","kiosk"
"2319","1605","2025-08-21","2025-08-21","application","-25000","converted","kiosk"
"2320","1606","2025-08-05","2025-08-05","deposit","25000","open","mobile_app"
"2321","1607","2025-09-25","2025-09-25","deposit","25000","open","mobile_app"
"2322","1608","2026-03-19","2026-03-19","deposit","25000","open","mobile_app"
"2323","1609","2024-12-09","2024-12-09","deposit","25000","open","kiosk"
"2324","1609","2026-03-17","2026-03-17","application","-25000","converted","csr_console"
"2325","1610","2024-07-31","2024-07-31","deposit","25000","open","web_portal"
"2326","1611","2022-01-22","2022-01-22","deposit","25000","open","csr_console"
"2327","1611","2024-01-18","2024-01-18","application","-25000","converted","mobile_app"
"2328","1612","2023-09-28","2023-09-28","deposit","25000","open","ivr"
"2329","1613","2021-05-20","2021-05-20","deposit","25000","open","web_portal"
"2330","1614","2024-10-24","2024-10-24","deposit","25000","open","csr_console"
"2331","1614","2025-11-06","2025-11-06","application","-25000","converted","mobile_app"
"2332","1615","2026-02-18","2026-02-18","deposit","25000","open","web_portal"
"2333","1616","2022-07-27","2022-07-27","deposit","25000","open","csr_console"
"2334","1616","2024-08-21","2024-08-21","refund","-25000","cancelled_refunded","ivr"
"2335","1617","2025-01-03","2025-01-03","deposit","25000","open","kiosk"
"2336","1617","2026-01-30","2026-01-30","application","-25000","converted","kiosk"
"2337","1618","2020-11-25","2020-11-25","deposit","25000","open","web_portal"
"2338","1619","2021-03-09","2021-03-09","deposit","100000","open","mobile_app"
"2339","1620","2020-11-30","2020-11-30","deposit","25000","open","web_portal"
"2340","1620","2022-10-01","2022-10-01","refund","-25000","cancelled_refunded","ivr"
"2341","1621","2024-04-07","2024-04-07","deposit","25000","open","mobile_app"
"2342","1621","2024-09-04","2024-09-04","application","-25000","converted","web_portal"
"2343","1622","2026-01-26","2026-01-26","deposit","25000","open","csr_console"
"2344","1623","2025-11-24","2025-11-24","deposit","25000","open","csr_console"
"2345","1624","2024-02-23","2024-02-23","deposit","25000","open","mobile_app"
"2346","1624","2026-04-14","2026-04-14","refund","-25000","cancelled_refunded","mobile_app"
"2347","1625","2021-08-08","2021-08-08","deposit","25000","open","kiosk"
"2348","1625","2022-04-17","2022-04-17","application","-25000","converted","web_portal"
"2349","1626","2021-08-28","2021-08-28","deposit","25000","open","kiosk"
"2350","1626","2023-03-07","2023-03-07","application","-25000","converted","ivr"
"2351","1627","2026-02-23","2026-02-23","deposit","25000","open","csr_console"
"2352","1628","2025-08-08","2025-08-08","deposit","25000","open","kiosk"
"2353","1629","2024-05-10","2024-05-10","deposit","25000","open","kiosk"
"2354","1629","2025-03-20","2025-03-20","application","-25000","converted","csr_console"
"2355","1630","2024-01-31","2024-01-31","deposit","25000","open","web_portal"
"2356","1631","2025-10-28","2025-10-28","deposit","25000","open","kiosk"
"2357","1632","2026-04-28","2026-04-28","deposit","100000","open","csr_console"
"2358","1633","2022-03-08","2022-03-08","deposit","25000","open","ivr"
"2359","1633","2024-07-29","2024-07-29","application","-25000","converted","mobile_app"
"2360","1634","2024-01-13","2024-01-13","deposit","100000","open","csr_console"
"2361","1634","2025-07-06","2025-07-06","application","-100000","converted","ivr"
"2362","1635","2024-09-02","2024-09-02","deposit","25000","open","web_portal"
"2363","1635","2026-01-15","2026-01-15","refund","-25000","cancelled_refunded","csr_console"
"2364","1636","2025-06-24","2025-06-24","deposit","25000","open","csr_console"
"2365","1637","2024-12-31","2024-12-31","deposit","25000","open","mobile_app"
"2366","1637","2025-11-14","2025-11-14","application","-25000","converted","ivr"
"2367","1638","2023-12-09","2023-12-09","deposit","25000","open","mobile_app"
"2368","1638","2025-02-03","2025-02-03","application","-25000","converted","kiosk"
"2369","1639","2023-03-29","2023-03-29","deposit","25000","open","kiosk"
"2370","1639","2024-01-23","2024-01-23","application","-25000","converted","web_portal"
"2371","1640","2021-09-14","2021-09-14","deposit","25000","open","web_portal"
"2372","1641","2025-06-14","2025-06-14","deposit","25000","open","web_portal"
"2373","1642","2026-05-22","2026-05-22","deposit","25000","open","csr_console"
"2374","1643","2023-05-26","2023-05-26","deposit","25000","open","csr_console"
"2375","1644","2025-04-16","2025-04-16","deposit","25000","open","web_portal"
"2376","1645","2024-07-31","2024-07-31","deposit","25000","open","mobile_app"
"2377","1646","2025-08-23","2025-08-23","deposit","25000","open","csr_console"
"2378","1647","2021-07-06","2021-07-06","deposit","25000","open","csr_console"
"2379","1647","2022-03-01","2022-03-01","application","-25000","converted","web_portal"
"2380","1648","2024-01-04","2024-01-04","deposit","25000","open","csr_console"
"2381","1648","2025-08-24","2025-08-24","refund","-25000","cancelled_refunded","mobile_app"
"2382","1649","2026-04-05","2026-04-05","deposit","25000","open","web_portal"
"2383","1650","2025-06-06","2025-06-06","deposit","25000","open","ivr"
"2384","1650","2025-12-13","2025-12-13","application","-25000","converted","mobile_app"
"2385","1651","2024-09-16","2024-09-16","deposit","25000","open","kiosk"
"2386","1651","2026-05-14","2026-05-14","application","-25000","converted","mobile_app"
"2387","1652","2026-05-14","2026-05-14","deposit","25000","open","csr_console"
"2388","1653","2020-11-16","2020-11-16","deposit","25000","open","web_portal"
"2389","1653","2023-03-07","2023-03-07","refund","-25000","cancelled_refunded","web_portal"
"2390","1654","2021-07-25","2021-07-25","deposit","25000","open","web_portal"
"2391","1655","2025-03-01","2025-03-01","deposit","25000","open","kiosk"
"2392","1655","2026-02-03","2026-02-03","application","-25000","converted","ivr"
"2393","1656","2024-05-22","2024-05-22","deposit","25000","open","kiosk"
"2394","1656","2026-02-14","2026-02-14","refund","-25000","cancelled_refunded","kiosk"
"2395","1657","2022-06-11","2022-06-11","deposit","25000","open","kiosk"
"2396","1657","2023-07-11","2023-07-11","application","-25000","converted","mobile_app"
"2397","1658","2025-01-05","2025-01-05","deposit","25000","open","mobile_app"
"2398","1658","2025-03-22","2025-03-22","refund","-25000","cancelled_refunded","mobile_app"
"2399","1659","2025-05-21","2025-05-21","deposit","25000","open","ivr"
"2400","1659","2026-05-19","2026-05-19","application","-25000","converted","ivr"
"2401","1660","2021-03-17","2021-03-17","deposit","25000","open","web_portal"
"2402","1660","2022-01-01","2022-01-01","application","-25000","converted","mobile_app"
"2403","1661","2024-11-17","2024-11-17","deposit","25000","open","mobile_app"
"2404","1662","2025-11-12","2025-11-12","deposit","25000","open","mobile_app"
"2405","1662","2026-03-22","2026-03-22","application","-25000","converted","mobile_app"
"2406","1663","2023-06-11","2023-06-11","deposit","25000","open","ivr"
"2407","1663","2025-05-25","2025-05-25","refund","-25000","cancelled_refunded","kiosk"
"2408","1664","2021-10-31","2021-10-31","deposit","25000","open","csr_console"
"2409","1664","2023-04-10","2023-04-10","application","-25000","converted","kiosk"
"2410","1665","2025-04-11","2025-04-11","deposit","25000","open","ivr"
"2411","1666","2026-03-19","2026-03-19","deposit","25000","open","web_portal"
"2412","1667","2023-10-31","2023-10-31","deposit","25000","open","csr_console"
"2413","1667","2026-04-08","2026-04-08","application","-25000","converted","mobile_app"
"2414","1668","2024-12-03","2024-12-03","deposit","25000","open","kiosk"
"2415","1669","2026-02-17","2026-02-17","deposit","25000","open","web_portal"
"2416","1670","2022-03-24","2022-03-24","deposit","25000","open","web_portal"
"2417","1670","2023-01-11","2023-01-11","application","-25000","converted","mobile_app"
"2418","1671","2024-05-16","2024-05-16","deposit","25000","open","kiosk"
"2419","1671","2025-06-19","2025-06-19","refund","-25000","cancelled_refunded","csr_console"
"2420","1672","2026-05-06","2026-05-06","deposit","25000","open","web_portal"
"2421","1673","2020-04-26","2020-04-26","deposit","25000","open","web_portal"
"2422","1673","2022-06-23","2022-06-23","application","-25000","converted","mobile_app"
"2423","1674","2025-04-09","2025-04-09","deposit","25000","open","mobile_app"
"2424","1675","2025-06-23","2025-06-23","deposit","100000","open","csr_console"
"2425","1676","2025-09-29","2025-09-29","deposit","100000","open","csr_console"
"2426","1676","2026-02-05","2026-02-05","application","-100000","converted","kiosk"
"2427","1677","2022-02-08","2022-02-08","deposit","25000","open","ivr"
"2428","1677","2022-08-05","2022-08-05","refund","-25000","cancelled_refunded","ivr"
"2429","1678","2026-05-28","2026-05-28","deposit","25000","open","mobile_app"
"2430","1679","2025-08-24","2025-08-24","deposit","25000","open","csr_console"
"2431","1680","2021-08-28","2021-08-28","deposit","100000","open","web_portal"
"2432","1681","2020-11-09","2020-11-09","deposit","25000","open","web_portal"
"2433","1681","2022-05-29","2022-05-29","application","-25000","converted","mobile_app"
"2434","1682","2023-03-31","2023-03-31","deposit","25000","open","mobile_app"
"2435","1682","2025-03-22","2025-03-22","application","-25000","converted","mobile_app"
"2436","1683","2025-02-09","2025-02-09","deposit","25000","open","mobile_app"
"2437","1683","2025-12-04","2025-12-04","application","-25000","converted","kiosk"
"2438","1684","2025-05-07","2025-05-07","deposit","25000","open","kiosk"
"2439","1684","2026-06-04","2026-06-04","refund","-25000","cancelled_refunded","web_portal"
"2440","1685","2022-11-17","2022-11-17","deposit","25000","open","csr_console"
"2441","1685","2024-08-05","2024-08-05","application","-25000","converted","kiosk"
"2442","1686","2025-12-04","2025-12-04","deposit","25000","open","ivr"
"2443","1687","2026-05-06","2026-05-06","deposit","25000","open","web_portal"
"2444","1688","2024-10-02","2024-10-02","deposit","25000","open","kiosk"
"2445","1688","2026-01-05","2026-01-05","application","-25000","converted","csr_console"
"2446","1689","2025-07-27","2025-07-27","deposit","25000","open","web_portal"
"2447","1690","2022-02-27","2022-02-27","deposit","25000","open","kiosk"
"2448","1690","2024-04-09","2024-04-09","refund","-25000","cancelled_refunded","ivr"
"2449","1691","2022-03-21","2022-03-21","deposit","25000","open","csr_console"
"2450","1691","2023-01-29","2023-01-29","application","-25000","converted","ivr"
"2451","1692","2019-11-23","2019-11-23","deposit","25000","open","ivr"
"2452","1692","2022-07-23","2022-07-23","refund","-25000","cancelled_refunded","web_portal"
"2453","1693","2025-06-12","2025-06-12","deposit","25000","open","web_portal"
"2454","1694","2024-10-10","2024-10-10","deposit","25000","open","kiosk"
"2455","1695","2022-12-04","2022-12-04","deposit","25000","open","kiosk"
"2456","1695","2023-09-20","2023-09-20","application","-25000","converted","kiosk"
"2457","1696","2025-08-14","2025-08-14","deposit","25000","open","mobile_app"
"2458","1697","2024-08-31","2024-08-31","deposit","25000","open","ivr"
"2459","1698","2025-07-17","2025-07-17","deposit","25000","open","web_portal"
"2460","1699","2024-07-28","2024-07-28","deposit","25000","open","web_portal"
"2461","1699","2025-02-01","2025-02-01","application","-25000","converted","mobile_app"
"2462","1700","2025-06-27","2025-06-27","deposit","25000","open","web_portal"
"2463","1700","2025-12-22","2025-12-22","refund","-25000","cancelled_refunded","kiosk"
"2464","1701","2025-03-27","2025-03-27","deposit","25000","open","web_portal"
"2465","1701","2026-04-09","2026-04-09","application","-25000","converted","web_portal"
"2466","1702","2021-11-27","2021-11-27","deposit","25000","open","ivr"
"2467","1702","2022-11-20","2022-11-20","application","-25000","converted","ivr"
"2468","1703","2026-06-15","2026-06-15","deposit","25000","open","ivr"
"2469","1704","2023-10-06","2023-10-06","deposit","25000","open","ivr"
"2470","1704","2024-03-27","2024-03-27","application","-25000","converted","mobile_app"
"2471","1705","2026-01-02","2026-01-02","deposit","25000","open","web_portal"
"2472","1706","2025-01-16","2025-01-16","deposit","25000","open","kiosk"
"2473","1707","2025-12-24","2025-12-24","deposit","25000","open","web_portal"
"2474","1708","2022-11-09","2022-11-09","deposit","25000","open","csr_console"
"2475","1708","2024-07-26","2024-07-26","application","-25000","converted","mobile_app"
"2476","1709","2020-10-28","2020-10-28","deposit","25000","open","ivr"
"2477","1709","2022-02-25","2022-02-25","application","-25000","converted","ivr"
"2478","1710","2025-04-11","2025-04-11","deposit","100000","open","mobile_app"
"2479","1711","2025-01-30","2025-01-30","deposit","25000","open","mobile_app"
"2480","1711","2026-05-27","2026-05-27","application","-25000","converted","mobile_app"
"2481","1712","2024-01-07","2024-01-07","deposit","25000","open","ivr"
"2482","1713","2024-02-28","2024-02-28","deposit","100000","open","web_portal"
"2483","1714","2025-10-20","2025-10-20","deposit","25000","open","kiosk"
"2484","1715","2021-06-06","2021-06-06","deposit","25000","open","web_portal"
"2485","1715","2023-11-20","2023-11-20","refund","-25000","cancelled_refunded","ivr"
"2486","1716","2024-08-07","2024-08-07","deposit","25000","open","ivr"
"2487","1716","2026-04-24","2026-04-24","application","-25000","converted","web_portal"
"2488","1717","2024-08-27","2024-08-27","deposit","25000","open","kiosk"
"2489","1718","2025-10-14","2025-10-14","deposit","25000","open","csr_console"
"2490","1719","2025-10-08","2025-10-08","deposit","25000","open","csr_console"
"2491","1720","2022-12-27","2022-12-27","deposit","25000","open","ivr"
"2492","1720","2023-10-27","2023-10-27","application","-25000","converted","mobile_app"
"2493","1721","2024-01-13","2024-01-13","deposit","25000","open","kiosk"
"2494","1721","2025-12-27","2025-12-27","application","-25000","converted","web_portal"
"2495","1722","2026-01-18","2026-01-18","deposit","25000","open","mobile_app"
"2496","1723","2025-08-21","2025-08-21","deposit","25000","open","kiosk"
"2497","1724","2026-04-28","2026-04-28","deposit","25000","open","web_portal"
"2498","1725","2026-05-30","2026-05-30","deposit","25000","open","web_portal"
"2499","1726","2023-02-16","2023-02-16","deposit","25000","open","ivr"
"2500","1726","2024-05-18","2024-05-18","application","-25000","converted","csr_console"
"2501","1727","2026-06-23","2026-06-23","deposit","100000","open","csr_console"
"2502","1728","2024-02-03","2024-02-03","deposit","25000","open","ivr"
"2503","1729","2024-03-03","2024-03-03","deposit","100000","open","csr_console"
"2504","1729","2026-02-20","2026-02-20","application","-100000","converted","kiosk"
"2505","1730","2026-03-05","2026-03-05","deposit","25000","open","kiosk"
"2506","1730","2026-05-11","2026-05-11","refund","-25000","cancelled_refunded","mobile_app"
"2507","1731","2025-07-15","2025-07-15","deposit","25000","open","kiosk"
"2508","1731","2026-06-28","2026-06-28","application","-25000","converted","mobile_app"
"2509","1732","2025-11-16","2025-11-16","deposit","25000","open","web_portal"
"2510","1732","2026-03-13","2026-03-13","refund","-25000","cancelled_refunded","web_portal"
"2511","1733","2025-11-04","2025-11-04","deposit","25000","open","csr_console"
"2512","1733","2026-04-13","2026-04-13","refund","-25000","cancelled_refunded","csr_console"
"2513","1734","2025-08-25","2025-08-25","deposit","25000","open","ivr"
"2514","1734","2026-04-12","2026-04-12","application","-25000","converted","ivr"
"2515","1735","2025-01-26","2025-01-26","deposit","25000","open","mobile_app"
"2516","1735","2025-12-22","2025-12-22","refund","-25000","cancelled_refunded","kiosk"
"2517","1736","2024-11-15","2024-11-15","deposit","100000","open","ivr"
"2518","1737","2024-10-01","2024-10-01","deposit","25000","open","kiosk"
"2519","1737","2025-08-13","2025-08-13","application","-25000","converted","web_portal"
"2520","1738","2024-04-26","2024-04-26","deposit","25000","open","mobile_app"
"2521","1738","2025-06-05","2025-06-05","refund","-25000","cancelled_refunded","csr_console"
"2522","1739","2025-04-11","2025-04-11","deposit","100000","open","ivr"
"2523","1740","2026-04-04","2026-04-04","deposit","25000","open","ivr"
"2524","1741","2025-02-17","2025-02-17","deposit","25000","open","web_portal"
"2525","1742","2024-12-07","2024-12-07","deposit","25000","open","csr_console"
"2526","1743","2025-11-15","2025-11-15","deposit","25000","open","csr_console"
"2527","1744","2025-11-19","2025-11-19","deposit","25000","open","ivr"
"2528","1745","2024-12-13","2024-12-13","deposit","100000","open","csr_console"
"2529","1746","2025-03-08","2025-03-08","deposit","25000","open","ivr"
"2530","1746","2025-06-30","2025-06-30","refund","-25000","cancelled_refunded","mobile_app"
"2531","1747","2026-05-06","2026-05-06","deposit","25000","open","web_portal"
"2532","1748","2022-09-19","2022-09-19","deposit","100000","open","web_portal"
"2533","1748","2024-08-21","2024-08-21","application","-100000","converted","mobile_app"
"2534","1749","2020-03-14","2020-03-14","deposit","25000","open","csr_console"
"2535","1749","2021-01-13","2021-01-13","application","-25000","converted","ivr"
"2536","1750","2024-11-20","2024-11-20","deposit","100000","open","kiosk"
"2537","1751","2021-09-22","2021-09-22","deposit","100000","open","mobile_app"
"2538","1751","2024-03-11","2024-03-11","refund","-100000","cancelled_refunded","csr_console"
"2539","1752","2025-01-21","2025-01-21","deposit","25000","open","csr_console"
"2540","1752","2025-08-13","2025-08-13","refund","-25000","cancelled_refunded","mobile_app"
"2541","1753","2026-03-20","2026-03-20","deposit","100000","open","csr_console"
"2542","1754","2026-03-21","2026-03-21","deposit","25000","open","ivr"
"2543","1755","2022-03-03","2022-03-03","deposit","25000","open","ivr"
"2544","1755","2023-08-01","2023-08-01","refund","-25000","cancelled_refunded","web_portal"
"2545","1756","2020-10-18","2020-10-18","deposit","25000","open","ivr"
"2546","1756","2022-03-01","2022-03-01","application","-25000","converted","csr_console"
"2547","1757","2023-09-06","2023-09-06","deposit","25000","open","ivr"
"2548","1758","2025-11-01","2025-11-01","deposit","25000","open","kiosk"
"2549","1759","2025-11-09","2025-11-09","deposit","25000","open","mobile_app"
"2550","1760","2022-07-01","2022-07-01","deposit","25000","open","web_portal"
"2551","1760","2023-10-11","2023-10-11","application","-25000","converted","csr_console"
"2552","1761","2026-05-04","2026-05-04","deposit","25000","open","web_portal"
"2553","1762","2025-11-12","2025-11-12","deposit","25000","open","csr_console"
"2554","1763","2024-07-17","2024-07-17","deposit","25000","open","kiosk"
"2555","1763","2026-02-06","2026-02-06","application","-25000","converted","kiosk"
"2556","1764","2026-04-19","2026-04-19","deposit","25000","open","kiosk"
"2557","1765","2024-01-31","2024-01-31","deposit","25000","open","ivr"
"2558","1765","2026-04-30","2026-04-30","application","-25000","converted","mobile_app"
"2559","1766","2021-08-30","2021-08-30","deposit","25000","open","ivr"
"2560","1766","2023-10-13","2023-10-13","refund","-25000","cancelled_refunded","ivr"
"2561","1767","2020-04-02","2020-04-02","deposit","25000","open","kiosk"
"2562","1767","2023-04-07","2023-04-07","refund","-25000","cancelled_refunded","ivr"
"2563","1768","2023-08-26","2023-08-26","deposit","25000","open","ivr"
"2564","1768","2024-04-21","2024-04-21","refund","-25000","cancelled_refunded","kiosk"
"2565","1769","2023-01-30","2023-01-30","deposit","25000","open","csr_console"
"2566","1769","2024-11-17","2024-11-17","application","-25000","converted","ivr"
"2567","1770","2025-09-15","2025-09-15","deposit","25000","open","kiosk"
"2568","1771","2023-11-21","2023-11-21","deposit","25000","open","csr_console"
"2569","1771","2026-01-19","2026-01-19","refund","-25000","cancelled_refunded","ivr"
"2570","1772","2024-06-15","2024-06-15","deposit","25000","open","mobile_app"
"2571","1773","2026-01-09","2026-01-09","deposit","25000","open","kiosk"
"2572","1774","2025-03-07","2025-03-07","deposit","25000","open","kiosk"
"2573","1774","2025-12-24","2025-12-24","application","-25000","converted","ivr"
"2574","1775","2024-06-03","2024-06-03","deposit","100000","open","csr_console"
"2575","1775","2024-10-13","2024-10-13","refund","-100000","cancelled_refunded","web_portal"
"2576","1776","2024-01-11","2024-01-11","deposit","25000","open","web_portal"
"2577","1776","2025-09-06","2025-09-06","refund","-25000","cancelled_refunded","mobile_app"
"2578","1777","2025-05-08","2025-05-08","deposit","100000","open","web_portal"
"2579","1778","2026-02-01","2026-02-01","deposit","25000","open","web_portal"
"2580","1779","2019-10-17","2019-10-17","deposit","25000","open","web_portal"
"2581","1780","2022-07-12","2022-07-12","deposit","25000","open","kiosk"
"2582","1780","2024-12-27","2024-12-27","application","-25000","converted","ivr"
"2583","1781","2025-11-22","2025-11-22","deposit","25000","open","csr_console"
"2584","1782","2025-09-01","2025-09-01","deposit","25000","open","web_portal"
"2585","1783","2026-04-30","2026-04-30","deposit","25000","open","web_portal"
"2586","1784","2026-01-20","2026-01-20","deposit","25000","open","mobile_app"
"2587","1785","2024-12-15","2024-12-15","deposit","25000","open","ivr"
"2588","1786","2019-09-05","2019-09-05","deposit","25000","open","kiosk"
"2589","1787","2023-04-01","2023-04-01","deposit","25000","open","mobile_app"
"2590","1788","2023-03-08","2023-03-08","deposit","25000","open","web_portal"
"2591","1788","2024-12-27","2024-12-27","application","-25000","converted","ivr"
"2592","1789","2024-07-21","2024-07-21","deposit","25000","open","kiosk"
"2593","1789","2025-04-18","2025-04-18","application","-25000","converted","web_portal"
"2594","1790","2026-05-11","2026-05-11","deposit","25000","open","web_portal"
"2595","1791","2024-06-02","2024-06-02","deposit","25000","open","mobile_app"
"2596","1792","2023-07-03","2023-07-03","deposit","25000","open","ivr"
"2597","1792","2024-09-24","2024-09-24","application","-25000","converted","csr_console"
"2598","1793","2024-11-24","2024-11-24","deposit","25000","open","csr_console"
"2599","1794","2023-09-12","2023-09-12","deposit","25000","open","kiosk"
"2600","1794","2024-03-05","2024-03-05","application","-25000","converted","mobile_app"
"2601","1795","2023-04-26","2023-04-26","deposit","25000","open","csr_console"
"2602","1795","2025-07-06","2025-07-06","application","-25000","converted","kiosk"
"2603","1796","2023-02-15","2023-02-15","deposit","25000","open","csr_console"
"2604","1796","2024-01-19","2024-01-19","application","-25000","converted","csr_console"
"2605","1797","2026-03-08","2026-03-08","deposit","25000","open","web_portal"
"2606","1798","2024-06-05","2024-06-05","deposit","100000","open","ivr"
"2607","1798","2024-12-02","2024-12-02","refund","-100000","cancelled_refunded","mobile_app"
"2608","1799","2023-08-23","2023-08-23","deposit","25000","open","csr_console"
"2609","1800","2024-08-08","2024-08-08","deposit","100000","open","ivr"
"2610","1801","2023-10-03","2023-10-03","deposit","25000","open","kiosk"
"2611","1802","2024-01-04","2024-01-04","deposit","25000","open","web_portal"
"2612","1802","2026-04-20","2026-04-20","refund","-25000","cancelled_refunded","ivr"
"2613","1803","2026-01-29","2026-01-29","deposit","25000","open","kiosk"
"2614","1804","2026-02-11","2026-02-11","deposit","25000","open","mobile_app"
"2615","1805","2025-08-14","2025-08-14","deposit","25000","open","web_portal"
"2616","1806","2024-03-17","2024-03-17","deposit","25000","open","kiosk"
"2617","1806","2024-11-01","2024-11-01","application","-25000","converted","mobile_app"
"2618","1807","2025-07-06","2025-07-06","deposit","25000","open","csr_console"
"2619","1808","2024-07-25","2024-07-25","deposit","25000","open","ivr"
"2620","1808","2024-10-06","2024-10-06","refund","-25000","cancelled_refunded","mobile_app"
"2621","1809","2022-06-14","2022-06-14","deposit","25000","open","csr_console"
"2622","1810","2025-12-22","2025-12-22","deposit","25000","open","csr_console"
"2623","1810","2026-03-07","2026-03-07","refund","-25000","cancelled_refunded","kiosk"
"2624","1811","2022-01-29","2022-01-29","deposit","100000","open","web_portal"
"2625","1811","2022-10-11","2022-10-11","application","-100000","converted","csr_console"
"2626","1812","2025-08-08","2025-08-08","deposit","25000","open","mobile_app"
"2627","1812","2025-11-08","2025-11-08","refund","-25000","cancelled_refunded","ivr"
"2628","1813","2026-02-28","2026-02-28","deposit","25000","open","ivr"
"2629","1814","2025-03-23","2025-03-23","deposit","25000","open","ivr"
"2630","1815","2023-10-30","2023-10-30","deposit","25000","open","csr_console"
"2631","1815","2024-10-20","2024-10-20","application","-25000","converted","kiosk"
"2632","1816","2025-09-10","2025-09-10","deposit","25000","open","web_portal"
"2633","1817","2026-04-24","2026-04-24","deposit","25000","open","csr_console"
"2634","1818","2024-12-25","2024-12-25","deposit","100000","open","ivr"
"2635","1818","2025-12-01","2025-12-01","application","-100000","converted","csr_console"
"2636","1819","2022-10-09","2022-10-09","deposit","100000","open","mobile_app"
"2637","1819","2024-08-08","2024-08-08","application","-100000","converted","csr_console"
"2638","1820","2025-05-30","2025-05-30","deposit","25000","open","web_portal"
"2639","1821","2023-03-31","2023-03-31","deposit","100000","open","kiosk"
"2640","1821","2024-06-23","2024-06-23","application","-100000","converted","web_portal"
"2641","1822","2025-09-13","2025-09-13","deposit","25000","open","kiosk"
"2642","1823","2023-04-16","2023-04-16","deposit","25000","open","ivr"
"2643","1823","2024-07-01","2024-07-01","refund","-25000","cancelled_refunded","kiosk"
"2644","1824","2026-06-26","2026-06-26","deposit","25000","open","kiosk"
"2645","1825","2022-12-14","2022-12-14","deposit","25000","open","kiosk"
"2646","1825","2025-10-31","2025-10-31","refund","-25000","cancelled_refunded","ivr"
"2647","1826","2025-07-25","2025-07-25","deposit","100000","open","csr_console"
"2648","1827","2025-08-01","2025-08-01","deposit","25000","open","ivr"
"2649","1828","2022-01-18","2022-01-18","deposit","25000","open","mobile_app"
"2650","1828","2024-05-23","2024-05-23","application","-25000","converted","ivr"
"2651","1829","2024-12-05","2024-12-05","deposit","25000","open","kiosk"
"2652","1829","2026-04-12","2026-04-12","application","-25000","converted","web_portal"
"2653","1830","2026-02-13","2026-02-13","deposit","25000","open","kiosk"
"2654","1831","2025-08-07","2025-08-07","deposit","100000","open","kiosk"
"2655","1832","2024-10-12","2024-10-12","deposit","25000","open","ivr"
"2656","1833","2021-01-06","2021-01-06","deposit","25000","open","web_portal"
"2657","1833","2022-06-19","2022-06-19","application","-25000","converted","csr_console"
"2658","1834","2023-07-09","2023-07-09","deposit","25000","open","kiosk"
"2659","1834","2024-09-26","2024-09-26","application","-25000","converted","ivr"
"2660","1835","2025-10-14","2025-10-14","deposit","25000","open","kiosk"
"2661","1835","2026-06-29","2026-06-29","application","-25000","converted","ivr"
"2662","1836","2026-03-21","2026-03-21","deposit","25000","open","csr_console"
"2663","1837","2025-07-13","2025-07-13","deposit","25000","open","web_portal"
"2664","1838","2025-10-27","2025-10-27","deposit","25000","open","csr_console"
"2665","1839","2026-04-13","2026-04-13","deposit","25000","open","csr_console"
"2666","1840","2021-10-29","2021-10-29","deposit","25000","open","web_portal"
"2667","1841","2021-01-10","2021-01-10","deposit","25000","open","mobile_app"
"2668","1841","2021-05-22","2021-05-22","application","-25000","converted","mobile_app"
"2669","1842","2026-05-27","2026-05-27","deposit","25000","open","csr_console"
"2670","1843","2021-10-21","2021-10-21","deposit","25000","open","web_portal"
"2671","1843","2023-10-21","2023-10-21","application","-25000","converted","kiosk"
"2672","1844","2022-02-28","2022-02-28","deposit","25000","open","csr_console"
"2673","1844","2024-09-03","2024-09-03","refund","-25000","cancelled_refunded","kiosk"
"2674","1845","2026-01-22","2026-01-22","deposit","25000","open","mobile_app"
"2675","1846","2026-02-03","2026-02-03","deposit","25000","open","mobile_app"
"2676","1847","2025-11-14","2025-11-14","deposit","25000","open","web_portal"
"2677","1848","2026-03-15","2026-03-15","deposit","25000","open","ivr"
"2678","1849","2024-08-11","2024-08-11","deposit","25000","open","kiosk"
"2679","1849","2025-06-10","2025-06-10","application","-25000","converted","mobile_app"
"2680","1850","2025-09-27","2025-09-27","deposit","25000","open","web_portal"
"2681","1851","2024-05-31","2024-05-31","deposit","100000","open","ivr"
"2682","1852","2025-06-19","2025-06-19","deposit","25000","open","csr_console"
"2683","1853","2026-06-05","2026-06-05","deposit","100000","open","web_portal"
"2684","1854","2026-06-23","2026-06-23","deposit","25000","open","web_portal"
"2685","1855","2025-06-25","2025-06-25","deposit","25000","open","kiosk"
"2686","1855","2025-09-04","2025-09-04","refund","-25000","cancelled_refunded","ivr"
"2687","1856","2025-12-25","2025-12-25","deposit","25000","open","kiosk"
"2688","1857","2026-05-08","2026-05-08","deposit","25000","open","ivr"
"2689","1858","2026-03-18","2026-03-18","deposit","25000","open","web_portal"
"2690","1859","2025-04-10","2025-04-10","deposit","25000","open","ivr"
"2691","1860","2023-12-21","2023-12-21","deposit","100000","open","ivr"
"2692","1860","2025-04-14","2025-04-14","application","-100000","converted","ivr"
"2693","1861","2025-07-09","2025-07-09","deposit","25000","open","mobile_app"
"2694","1862","2023-06-14","2023-06-14","deposit","25000","open","ivr"
"2695","1862","2025-03-08","2025-03-08","application","-25000","converted","csr_console"
"2696","1863","2023-12-22","2023-12-22","deposit","25000","open","csr_console"
"2697","1863","2025-12-04","2025-12-04","refund","-25000","cancelled_refunded","ivr"
"2698","1864","2020-09-19","2020-09-19","deposit","25000","open","mobile_app"
"2699","1864","2022-02-22","2022-02-22","application","-25000","converted","web_portal"
"2700","1865","2023-07-06","2023-07-06","deposit","100000","open","mobile_app"
"2701","1865","2024-09-20","2024-09-20","application","-100000","converted","web_portal"
"2702","1866","2026-03-05","2026-03-05","deposit","25000","open","web_portal"
"2703","1867","2022-01-14","2022-01-14","deposit","25000","open","kiosk"
"2704","1867","2023-06-08","2023-06-08","application","-25000","converted","csr_console"
"2705","1868","2025-08-09","2025-08-09","deposit","25000","open","web_portal"
"2706","1868","2026-03-14","2026-03-14","application","-25000","converted","mobile_app"
"2707","1869","2026-02-10","2026-02-10","deposit","25000","open","kiosk"
"2708","1870","2025-12-29","2025-12-29","deposit","100000","open","mobile_app"
"2709","1871","2025-10-12","2025-10-12","deposit","25000","open","mobile_app"
"2710","1872","2026-05-06","2026-05-06","deposit","25000","open","kiosk"
"2711","1873","2026-04-13","2026-04-13","deposit","25000","open","mobile_app"
"2712","1874","2024-04-23","2024-04-23","deposit","25000","open","web_portal"
"2713","1874","2025-03-08","2025-03-08","refund","-25000","cancelled_refunded","web_portal"
"2714","1875","2020-12-20","2020-12-20","deposit","25000","open","kiosk"
"2715","1875","2022-10-14","2022-10-14","application","-25000","converted","web_portal"
"2716","1876","2020-10-28","2020-10-28","deposit","100000","open","mobile_app"
"2717","1876","2022-09-29","2022-09-29","application","-100000","converted","csr_console"
"2718","1877","2024-04-30","2024-04-30","deposit","25000","open","csr_console"
"2719","1877","2024-12-07","2024-12-07","application","-25000","converted","web_portal"
"2720","1878","2026-05-07","2026-05-07","deposit","25000","open","csr_console"
"2721","1879","2026-04-19","2026-04-19","deposit","100000","open","ivr"
"2722","1880","2024-01-01","2024-01-01","deposit","25000","open","csr_console"
"2723","1880","2024-06-28","2024-06-28","application","-25000","converted","ivr"
"2724","1881","2025-12-10","2025-12-10","deposit","25000","open","ivr"
"2725","1882","2025-09-27","2025-09-27","deposit","25000","open","ivr"
"2726","1883","2024-06-22","2024-06-22","deposit","25000","open","kiosk"
"2727","1883","2024-12-05","2024-12-05","application","-25000","converted","ivr"
"2728","1884","2025-02-20","2025-02-20","deposit","25000","open","csr_console"
"2729","1885","2023-05-17","2023-05-17","deposit","25000","open","ivr"
"2730","1885","2025-03-26","2025-03-26","refund","-25000","cancelled_refunded","mobile_app"
"2731","1886","2025-06-23","2025-06-23","deposit","25000","open","ivr"
"2732","1887","2023-05-02","2023-05-02","deposit","25000","open","csr_console"
"2733","1888","2024-02-03","2024-02-03","deposit","25000","open","web_portal"
"2734","1888","2025-07-04","2025-07-04","application","-25000","converted","kiosk"
"2735","1889","2025-09-14","2025-09-14","deposit","25000","open","ivr"
"2736","1890","2025-06-26","2025-06-26","deposit","100000","open","web_portal"
"2737","1891","2022-10-24","2022-10-24","deposit","25000","open","kiosk"
"2738","1891","2023-06-04","2023-06-04","refund","-25000","cancelled_refunded","web_portal"
"2739","1892","2021-08-14","2021-08-14","deposit","25000","open","mobile_app"
"2740","1892","2023-05-08","2023-05-08","refund","-25000","cancelled_refunded","mobile_app"
"2741","1893","2023-09-28","2023-09-28","deposit","25000","open","kiosk"
"2742","1894","2023-05-07","2023-05-07","deposit","25000","open","mobile_app"
"2743","1894","2025-05-27","2025-05-27","application","-25000","converted","kiosk"
"2744","1895","2020-08-26","2020-08-26","deposit","25000","open","csr_console"
"2745","1895","2022-06-18","2022-06-18","application","-25000","converted","ivr"
"2746","1896","2021-10-11","2021-10-11","deposit","25000","open","kiosk"
"2747","1897","2025-04-27","2025-04-27","deposit","25000","open","kiosk"
"2748","1897","2026-05-13","2026-05-13","refund","-25000","cancelled_refunded","csr_console"
"2749","1898","2025-05-19","2025-05-19","deposit","25000","open","ivr"
"2750","1899","2025-07-28","2025-07-28","deposit","100000","open","ivr"
"2751","1900","2020-01-17","2020-01-17","deposit","100000","open","ivr"
"2752","1900","2021-05-24","2021-05-24","refund","-100000","cancelled_refunded","csr_console"
"2753","1901","2023-12-18","2023-12-18","deposit","25000","open","kiosk"
"2754","1901","2024-03-16","2024-03-16","refund","-25000","cancelled_refunded","kiosk"
"2755","1902","2024-02-29","2024-02-29","deposit","25000","open","web_portal"
"2756","1902","2024-12-26","2024-12-26","application","-25000","converted","web_portal"
"2757","1903","2021-09-19","2021-09-19","deposit","25000","open","web_portal"
"2758","1903","2022-04-13","2022-04-13","application","-25000","converted","mobile_app"
"2759","1904","2025-03-13","2025-03-13","deposit","25000","open","web_portal"
"2760","1905","2023-05-28","2023-05-28","deposit","25000","open","web_portal"
"2761","1905","2026-02-16","2026-02-16","refund","-25000","cancelled_refunded","web_portal"
"2762","1906","2024-12-07","2024-12-07","deposit","25000","open","ivr"
"2763","1907","2020-10-15","2020-10-15","deposit","25000","open","csr_console"
"2764","1907","2022-12-17","2022-12-17","application","-25000","converted","mobile_app"
"2765","1908","2023-06-27","2023-06-27","deposit","25000","open","ivr"
"2766","1908","2023-11-03","2023-11-03","application","-25000","converted","ivr"
"2767","1909","2020-05-02","2020-05-02","deposit","25000","open","ivr"
"2768","1909","2021-09-09","2021-09-09","application","-25000","converted","kiosk"
"2769","1910","2023-02-19","2023-02-19","deposit","25000","open","csr_console"
"2770","1910","2023-08-28","2023-08-28","application","-25000","converted","mobile_app"
"2771","1911","2024-08-04","2024-08-04","deposit","25000","open","ivr"
"2772","1911","2026-01-29","2026-01-29","application","-25000","converted","web_portal"
"2773","1912","2024-11-04","2024-11-04","deposit","25000","open","ivr"
"2774","1912","2025-03-01","2025-03-01","refund","-25000","cancelled_refunded","csr_console"
"2775","1913","2021-05-25","2021-05-25","deposit","25000","open","mobile_app"
"2776","1913","2023-01-20","2023-01-20","application","-25000","converted","csr_console"
"2777","1914","2021-10-23","2021-10-23","deposit","25000","open","web_portal"
"2778","1914","2022-01-08","2022-01-08","refund","-25000","cancelled_refunded","mobile_app"
"2779","1915","2022-04-13","2022-04-13","deposit","25000","open","ivr"
"2780","1915","2024-03-18","2024-03-18","application","-25000","converted","ivr"
"2781","1916","2022-02-20","2022-02-20","deposit","100000","open","kiosk"
"2782","1916","2024-05-01","2024-05-01","application","-100000","converted","csr_console"
"2783","1917","2022-08-10","2022-08-10","deposit","25000","open","ivr"
"2784","1917","2024-10-05","2024-10-05","application","-25000","converted","ivr"
"2785","1918","2025-07-16","2025-07-16","deposit","100000","open","ivr"
"2786","1918","2026-03-08","2026-03-08","application","-100000","converted","kiosk"
"2787","1919","2023-07-01","2023-07-01","deposit","25000","open","mobile_app"
"2788","1919","2024-09-28","2024-09-28","application","-25000","converted","mobile_app"
"2789","1920","2026-06-08","2026-06-08","deposit","25000","open","web_portal"
"2790","1921","2026-04-21","2026-04-21","deposit","25000","open","mobile_app"
"2791","1922","2025-12-07","2025-12-07","deposit","25000","open","csr_console"
"2792","1923","2024-12-17","2024-12-17","deposit","25000","open","mobile_app"
"2793","1923","2026-06-15","2026-06-15","application","-25000","converted","web_portal"
"2794","1924","2026-06-16","2026-06-16","deposit","25000","open","mobile_app"
"2795","1925","2025-02-14","2025-02-14","deposit","25000","open","web_portal"
"2796","1926","2024-01-18","2024-01-18","deposit","25000","open","web_portal"
"2797","1926","2025-06-02","2025-06-02","application","-25000","converted","csr_console"
"2798","1927","2024-02-23","2024-02-23","deposit","25000","open","kiosk"
"2799","1927","2026-01-14","2026-01-14","application","-25000","converted","kiosk"
"2800","1928","2024-06-21","2024-06-21","deposit","25000","open","web_portal"
"2801","1928","2026-04-30","2026-04-30","application","-25000","converted","web_portal"
"2802","1929","2025-06-16","2025-06-16","deposit","25000","open","kiosk"
"2803","1930","2025-09-09","2025-09-09","deposit","25000","open","csr_console"
"2804","1931","2025-03-16","2025-03-16","deposit","25000","open","mobile_app"
"2805","1932","2026-02-01","2026-02-01","deposit","25000","open","kiosk"
"2806","1933","2025-11-18","2025-11-18","deposit","100000","open","mobile_app"
"2807","1934","2026-03-01","2026-03-01","deposit","25000","open","web_portal"
"2808","1935","2024-09-07","2024-09-07","deposit","25000","open","ivr"
"2809","1935","2026-03-14","2026-03-14","application","-25000","converted","mobile_app"
"2810","1936","2025-08-28","2025-08-28","deposit","25000","open","ivr"
"2811","1937","2022-06-08","2022-06-08","deposit","25000","open","web_portal"
"2812","1937","2024-07-24","2024-07-24","application","-25000","converted","web_portal"
"2813","1938","2024-07-12","2024-07-12","deposit","25000","open","csr_console"
"2814","1938","2025-02-08","2025-02-08","refund","-25000","cancelled_refunded","mobile_app"
"2815","1939","2024-05-24","2024-05-24","deposit","25000","open","csr_console"
"2816","1939","2025-10-20","2025-10-20","refund","-25000","cancelled_refunded","csr_console"
"2817","1940","2023-09-25","2023-09-25","deposit","25000","open","csr_console"
"2818","1941","2026-04-10","2026-04-10","deposit","25000","open","ivr"
"2819","1942","2022-06-22","2022-06-22","deposit","25000","open","kiosk"
"2820","1942","2024-11-17","2024-11-17","application","-25000","converted","mobile_app"
"2821","1943","2025-09-19","2025-09-19","deposit","25000","open","kiosk"
"2822","1944","2026-02-01","2026-02-01","deposit","25000","open","csr_console"
"2823","1945","2024-09-02","2024-09-02","deposit","25000","open","mobile_app"
"2824","1946","2026-02-14","2026-02-14","deposit","25000","open","csr_console"
"2825","1947","2023-06-20","2023-06-20","deposit","25000","open","csr_console"
"2826","1947","2023-11-16","2023-11-16","refund","-25000","cancelled_refunded","csr_console"
"2827","1948","2026-03-12","2026-03-12","deposit","25000","open","web_portal"
"2828","1949","2022-12-14","2022-12-14","deposit","25000","open","kiosk"
"2829","1949","2025-03-12","2025-03-12","application","-25000","converted","ivr"
"2830","1950","2024-02-05","2024-02-05","deposit","25000","open","mobile_app"
"2831","1951","2026-05-21","2026-05-21","deposit","25000","open","mobile_app"
"2832","1952","2024-05-11","2024-05-11","deposit","25000","open","kiosk"
"2833","1953","2020-02-01","2020-02-01","deposit","100000","open","kiosk"
"2834","1953","2022-06-19","2022-06-19","application","-100000","converted","kiosk"
"2835","1954","2026-04-12","2026-04-12","deposit","25000","open","mobile_app"
"2836","1955","2023-01-11","2023-01-11","deposit","25000","open","csr_console"
"2837","1955","2024-10-24","2024-10-24","application","-25000","converted","csr_console"
"2838","1956","2025-12-01","2025-12-01","deposit","25000","open","ivr"
"2839","1957","2025-08-24","2025-08-24","deposit","25000","open","csr_console"
"2840","1958","2025-12-09","2025-12-09","deposit","100000","open","kiosk"
"2841","1959","2026-05-20","2026-05-20","deposit","25000","open","ivr"
"2842","1960","2023-12-21","2023-12-21","deposit","25000","open","ivr"
"2843","1961","2022-11-30","2022-11-30","deposit","25000","open","web_portal"
"2844","1961","2023-05-24","2023-05-24","application","-25000","converted","kiosk"
"2845","1962","2024-12-13","2024-12-13","deposit","25000","open","csr_console"
"2846","1962","2026-02-01","2026-02-01","application","-25000","converted","mobile_app"
"2847","1963","2022-01-09","2022-01-09","deposit","25000","open","kiosk"
"2848","1964","2021-12-30","2021-12-30","deposit","100000","open","web_portal"
"2849","1964","2022-05-27","2022-05-27","refund","-100000","cancelled_refunded","csr_console"
"2850","1965","2023-05-08","2023-05-08","deposit","25000","open","mobile_app"
"2851","1965","2024-12-14","2024-12-14","application","-25000","converted","ivr"
"2852","1966","2023-12-28","2023-12-28","deposit","25000","open","csr_console"
"2853","1967","2023-06-23","2023-06-23","deposit","25000","open","web_portal"
"2854","1968","2023-01-24","2023-01-24","deposit","25000","open","csr_console"
"2855","1968","2023-11-08","2023-11-08","application","-25000","converted","mobile_app"
"2856","1969","2024-11-29","2024-11-29","deposit","25000","open","ivr"
"2857","1970","2026-01-01","2026-01-01","deposit","25000","open","csr_console"
"2858","1971","2024-07-17","2024-07-17","deposit","25000","open","kiosk"
"2859","1971","2025-10-08","2025-10-08","application","-25000","converted","ivr"
"2860","1972","2022-04-15","2022-04-15","deposit","25000","open","kiosk"
"2861","1973","2026-01-26","2026-01-26","deposit","100000","open","ivr"
"2862","1974","2025-02-16","2025-02-16","deposit","100000","open","web_portal"
"2863","1975","2025-01-30","2025-01-30","deposit","100000","open","kiosk"
"2864","1976","2021-12-01","2021-12-01","deposit","25000","open","mobile_app"
"2865","1976","2023-06-03","2023-06-03","application","-25000","converted","csr_console"
"2866","1977","2023-11-22","2023-11-22","deposit","25000","open","kiosk"
"2867","1977","2025-06-27","2025-06-27","refund","-25000","cancelled_refunded","kiosk"
"2868","1978","2025-12-13","2025-12-13","deposit","25000","open","kiosk"
"2869","1979","2023-06-01","2023-06-01","deposit","25000","open","csr_console"
"2870","1979","2024-03-26","2024-03-26","application","-25000","converted","kiosk"
"2871","1980","2026-06-07","2026-06-07","deposit","25000","open","csr_console"
"2872","1981","2023-10-11","2023-10-11","deposit","25000","open","mobile_app"
"2873","1982","2024-08-09","2024-08-09","deposit","100000","open","ivr"
"2874","1983","2021-04-07","2021-04-07","deposit","25000","open","kiosk"
"2875","1983","2023-05-28","2023-05-28","application","-25000","converted","ivr"
"2876","1984","2022-11-11","2022-11-11","deposit","25000","open","ivr"
"2877","1984","2024-11-27","2024-11-27","application","-25000","converted","kiosk"
"2878","1985","2026-04-30","2026-04-30","deposit","25000","open","ivr"
"2879","1986","2023-11-09","2023-11-09","deposit","25000","open","csr_console"
"2880","1986","2025-07-15","2025-07-15","application","-25000","converted","web_portal"
"2881","1987","2024-11-28","2024-11-28","deposit","25000","open","kiosk"
"2882","1988","2022-12-22","2022-12-22","deposit","25000","open","web_portal"
"2883","1989","2024-04-30","2024-04-30","deposit","25000","open","kiosk"
"2884","1990","2024-11-11","2024-11-11","deposit","25000","open","mobile_app"
"2885","1991","2023-01-29","2023-01-29","deposit","25000","open","web_portal"
"2886","1992","2024-12-07","2024-12-07","deposit","25000","open","mobile_app"
"2887","1993","2022-12-26","2022-12-26","deposit","25000","open","kiosk"
"2888","1993","2023-07-24","2023-07-24","application","-25000","converted","csr_console"
"2889","1994","2024-05-09","2024-05-09","deposit","25000","open","csr_console"
"2890","1994","2024-10-20","2024-10-20","application","-25000","converted","kiosk"
"2891","1995","2025-03-03","2025-03-03","deposit","25000","open","csr_console"
"2892","1996","2021-11-16","2021-11-16","deposit","25000","open","kiosk"
"2893","1996","2022-06-18","2022-06-18","application","-25000","converted","csr_console"
"2894","1997","2021-12-18","2021-12-18","deposit","25000","open","kiosk"
"2895","1997","2024-01-25","2024-01-25","application","-25000","converted","csr_console"
"2896","1998","2024-04-30","2024-04-30","deposit","25000","open","kiosk"
"2897","1998","2026-05-05","2026-05-05","application","-25000","converted","csr_console"
"2898","1999","2025-07-10","2025-07-10","deposit","25000","open","kiosk"
"2899","2000","2026-04-16","2026-04-16","deposit","25000","open","ivr"
"2900","2001","2023-04-03","2023-04-03","deposit","25000","open","kiosk"
"2901","2001","2025-01-17","2025-01-17","refund","-25000","cancelled_refunded","ivr"
"2902","2002","2026-06-08","2026-06-08","deposit","25000","open","csr_console"
"2903","2003","2025-06-28","2025-06-28","deposit","25000","open","web_portal"
"2904","2004","2022-06-27","2022-06-27","deposit","25000","open","web_portal"
"2905","2004","2024-05-05","2024-05-05","application","-25000","converted","csr_console"
"2906","2005","2025-11-16","2025-11-16","deposit","25000","open","mobile_app"
"2907","2006","2026-01-17","2026-01-17","deposit","100000","open","mobile_app"
"2908","2007","2024-01-31","2024-01-31","deposit","25000","open","kiosk"
"2909","2007","2025-04-13","2025-04-13","application","-25000","converted","web_portal"
"2910","2008","2023-01-24","2023-01-24","deposit","25000","open","web_portal"
"2911","2008","2023-05-13","2023-05-13","application","-25000","converted","web_portal"
"2912","2009","2025-10-22","2025-10-22","deposit","25000","open","mobile_app"
"2913","2010","2021-06-05","2021-06-05","deposit","25000","open","kiosk"
"2914","2011","2024-07-26","2024-07-26","deposit","25000","open","ivr"
"2915","2012","2021-12-16","2021-12-16","deposit","25000","open","csr_console"
"2916","2012","2023-08-24","2023-08-24","application","-25000","converted","csr_console"
"2917","2013","2023-07-13","2023-07-13","deposit","25000","open","kiosk"
"2918","2013","2024-02-07","2024-02-07","refund","-25000","cancelled_refunded","kiosk"
"2919","2014","2026-03-09","2026-03-09","deposit","25000","open","web_portal"
"2920","2015","2025-06-17","2025-06-17","deposit","100000","open","csr_console"
"2921","2016","2023-07-03","2023-07-03","deposit","25000","open","ivr"
"2922","2016","2024-06-17","2024-06-17","application","-25000","converted","kiosk"
"2923","2017","2026-01-19","2026-01-19","deposit","25000","open","csr_console"
"2924","2018","2022-10-15","2022-10-15","deposit","25000","open","web_portal"
"2925","2019","2026-04-02","2026-04-02","deposit","100000","open","mobile_app"
"2926","2020","2025-06-10","2025-06-10","deposit","25000","open","mobile_app"
"2927","2021","2024-12-23","2024-12-23","deposit","25000","open","kiosk"
"2928","2022","2022-05-11","2022-05-11","deposit","25000","open","kiosk"
"2929","2022","2024-10-27","2024-10-27","refund","-25000","cancelled_refunded","csr_console"
"2930","2023","2023-08-24","2023-08-24","deposit","25000","open","web_portal"
"2931","2024","2026-04-10","2026-04-10","deposit","25000","open","csr_console"
"2932","2025","2025-03-24","2025-03-24","deposit","25000","open","ivr"
"2933","2025","2025-07-04","2025-07-04","refund","-25000","cancelled_refunded","kiosk"
"2934","2026","2025-07-06","2025-07-06","deposit","25000","open","web_portal"
"2935","2027","2022-05-04","2022-05-04","deposit","25000","open","web_portal"
"2936","2027","2024-01-16","2024-01-16","refund","-25000","cancelled_refunded","mobile_app"
"2937","2028","2026-04-11","2026-04-11","deposit","25000","open","mobile_app"
"2938","2029","2023-09-27","2023-09-27","deposit","100000","open","csr_console"
"2939","2029","2025-08-30","2025-08-30","refund","-100000","cancelled_refunded","csr_console"
"2940","2030","2026-02-19","2026-02-19","deposit","25000","open","csr_console"
"2941","2031","2023-09-26","2023-09-26","deposit","25000","open","kiosk"
"2942","2032","2024-06-28","2024-06-28","deposit","25000","open","web_portal"
"2943","2032","2025-06-23","2025-06-23","application","-25000","converted","csr_console"
"2944","2033","2026-03-12","2026-03-12","deposit","25000","open","ivr"
"2945","2034","2024-08-23","2024-08-23","deposit","25000","open","ivr"
"2946","2034","2026-05-13","2026-05-13","application","-25000","converted","web_portal"
"2947","2035","2022-05-20","2022-05-20","deposit","25000","open","kiosk"
"2948","2035","2024-09-20","2024-09-20","refund","-25000","cancelled_refunded","kiosk"
"2949","2036","2025-11-11","2025-11-11","deposit","25000","open","kiosk"
"2950","2037","2024-03-04","2024-03-04","deposit","25000","open","csr_console"
"2951","2037","2025-12-26","2025-12-26","application","-25000","converted","kiosk"
"2952","2038","2025-05-03","2025-05-03","deposit","25000","open","kiosk"
"2953","2039","2025-12-09","2025-12-09","deposit","25000","open","web_portal"
"2954","2040","2024-11-28","2024-11-28","deposit","25000","open","ivr"
"2955","2041","2021-07-06","2021-07-06","deposit","25000","open","mobile_app"
"2956","2041","2023-05-12","2023-05-12","application","-25000","converted","mobile_app"
"2957","2042","2022-03-20","2022-03-20","deposit","25000","open","csr_console"
"2958","2042","2023-02-18","2023-02-18","refund","-25000","cancelled_refunded","ivr"
"2959","2043","2020-07-23","2020-07-23","deposit","25000","open","ivr"
"2960","2043","2021-09-17","2021-09-17","application","-25000","converted","kiosk"
"2961","2044","2024-12-13","2024-12-13","deposit","25000","open","web_portal"
"2962","2045","2024-06-21","2024-06-21","deposit","25000","open","web_portal"
"2963","2046","2024-02-09","2024-02-09","deposit","25000","open","kiosk"
"2964","2046","2024-08-16","2024-08-16","application","-25000","converted","csr_console"
"2965","2047","2019-08-11","2019-08-11","deposit","25000","open","kiosk"
"2966","2047","2021-04-05","2021-04-05","application","-25000","converted","web_portal"
"2967","2048","2026-05-12","2026-05-12","deposit","25000","open","mobile_app"
"2968","2049","2021-10-04","2021-10-04","deposit","25000","open","web_portal"
"2969","2049","2022-09-30","2022-09-30","application","-25000","converted","ivr"
"2970","2050","2025-11-23","2025-11-23","deposit","25000","open","mobile_app"
"2971","2051","2026-05-03","2026-05-03","deposit","25000","open","mobile_app"
"2972","2052","2021-09-14","2021-09-14","deposit","25000","open","kiosk"
"2973","2052","2022-08-06","2022-08-06","application","-25000","converted","ivr"
"2974","2053","2022-07-18","2022-07-18","deposit","25000","open","kiosk"
"2975","2053","2024-08-05","2024-08-05","application","-25000","converted","ivr"
"2976","2054","2026-01-23","2026-01-23","deposit","25000","open","mobile_app"
"2977","2055","2025-07-17","2025-07-17","deposit","25000","open","mobile_app"
"2978","2056","2024-10-10","2024-10-10","deposit","25000","open","csr_console"
"2979","2056","2026-02-28","2026-02-28","application","-25000","converted","ivr"
"2980","2057","2023-07-03","2023-07-03","deposit","25000","open","kiosk"
"2981","2057","2024-02-10","2024-02-10","application","-25000","converted","kiosk"
"2982","2058","2023-04-10","2023-04-10","deposit","25000","open","kiosk"
"2983","2058","2024-07-29","2024-07-29","refund","-25000","cancelled_refunded","ivr"
"2984","2059","2026-03-11","2026-03-11","deposit","25000","open","mobile_app"
"2985","2060","2026-05-20","2026-05-20","deposit","25000","open","mobile_app"
"2986","2061","2026-04-20","2026-04-20","deposit","25000","open","mobile_app"
"2987","2062","2023-08-04","2023-08-04","deposit","25000","open","kiosk"
"2988","2062","2025-04-29","2025-04-29","refund","-25000","cancelled_refunded","ivr"
"2989","2063","2024-03-04","2024-03-04","deposit","25000","open","mobile_app"
"2990","2063","2025-05-09","2025-05-09","application","-25000","converted","web_portal"
"2991","2064","2025-02-06","2025-02-06","deposit","25000","open","web_portal"
"2992","2065","2021-01-18","2021-01-18","deposit","25000","open","ivr"
"2993","2065","2022-10-02","2022-10-02","application","-25000","converted","mobile_app"
"2994","2066","2023-04-12","2023-04-12","deposit","25000","open","web_portal"
"2995","2066","2025-03-08","2025-03-08","refund","-25000","cancelled_refunded","csr_console"
"2996","2067","2020-12-23","2020-12-23","deposit","25000","open","mobile_app"
"2997","2067","2023-03-22","2023-03-22","application","-25000","converted","csr_console"
"2998","2068","2025-06-27","2025-06-27","deposit","25000","open","csr_console"
"2999","2069","2026-03-22","2026-03-22","deposit","25000","open","web_portal"
"3000","2070","2025-03-09","2025-03-09","deposit","25000","open","ivr"
"3001","2070","2026-02-15","2026-02-15","application","-25000","converted","web_portal"
"3002","2071","2023-08-09","2023-08-09","deposit","25000","open","csr_console"
"3003","2072","2023-12-29","2023-12-29","deposit","25000","open","csr_console"
"3004","2072","2025-06-14","2025-06-14","application","-25000","converted","ivr"
"3005","2073","2025-10-01","2025-10-01","deposit","25000","open","web_portal"
"3006","2074","2025-06-09","2025-06-09","deposit","25000","open","csr_console"
"3007","2075","2023-10-25","2023-10-25","deposit","25000","open","web_portal"
"3008","2076","2026-05-29","2026-05-29","deposit","25000","open","ivr"
"3009","2077","2025-07-01","2025-07-01","deposit","25000","open","kiosk"
"3010","2078","2020-07-23","2020-07-23","deposit","25000","open","ivr"
"3011","2078","2021-03-23","2021-03-23","refund","-25000","cancelled_refunded","ivr"
"3012","2079","2024-12-12","2024-12-12","deposit","25000","open","web_portal"
"3013","2080","2024-04-18","2024-04-18","deposit","25000","open","mobile_app"
"3014","2080","2025-04-08","2025-04-08","refund","-25000","cancelled_refunded","ivr"
"3015","2081","2025-06-29","2025-06-29","deposit","25000","open","kiosk"
"3016","2081","2025-11-22","2025-11-22","application","-25000","converted","web_portal"
"3017","2082","2022-06-09","2022-06-09","deposit","25000","open","mobile_app"
"3018","2082","2022-11-02","2022-11-02","application","-25000","converted","mobile_app"
"3019","2083","2025-02-28","2025-02-28","deposit","25000","open","csr_console"
"3020","2084","2022-06-02","2022-06-02","deposit","25000","open","csr_console"
"3021","2084","2023-03-08","2023-03-08","application","-25000","converted","mobile_app"
"3022","2085","2026-02-19","2026-02-19","deposit","25000","open","kiosk"
"3023","2086","2023-07-13","2023-07-13","deposit","25000","open","web_portal"
"3024","2086","2024-08-02","2024-08-02","application","-25000","converted","csr_console"
"3025","2087","2024-07-24","2024-07-24","deposit","25000","open","ivr"
"3026","2087","2025-11-15","2025-11-15","application","-25000","converted","csr_console"
"3027","2088","2024-01-10","2024-01-10","deposit","25000","open","mobile_app"
"3028","2088","2024-10-25","2024-10-25","application","-25000","converted","csr_console"
"3029","2089","2025-10-25","2025-10-25","deposit","25000","open","web_portal"
"3030","2090","2022-11-29","2022-11-29","deposit","25000","open","web_portal"
"3031","2090","2024-07-01","2024-07-01","application","-25000","converted","mobile_app"
"3032","2091","2025-09-17","2025-09-17","deposit","25000","open","ivr"
"3033","2092","2026-01-24","2026-01-24","deposit","25000","open","csr_console"
"3034","2093","2024-09-15","2024-09-15","deposit","25000","open","mobile_app"
"3035","2094","2025-12-07","2025-12-07","deposit","25000","open","kiosk"
"3036","2095","2026-04-25","2026-04-25","deposit","25000","open","csr_console"
"3037","2096","2022-12-26","2022-12-26","deposit","25000","open","ivr"
"3038","2096","2023-06-06","2023-06-06","application","-25000","converted","web_portal"
"3039","2097","2024-01-09","2024-01-09","deposit","25000","open","ivr"
"3040","2097","2025-07-20","2025-07-20","application","-25000","converted","kiosk"
"3041","2098","2026-05-16","2026-05-16","deposit","25000","open","web_portal"
"3042","2099","2025-10-07","2025-10-07","deposit","25000","open","csr_console"
"3043","2100","2025-04-28","2025-04-28","deposit","100000","open","ivr"
"3044","2100","2025-08-19","2025-08-19","refund","-100000","cancelled_refunded","ivr"
"3045","2101","2020-05-25","2020-05-25","deposit","25000","open","csr_console"
"3046","2102","2019-07-15","2019-07-15","deposit","25000","open","csr_console"
"3047","2103","2020-08-07","2020-08-07","deposit","25000","open","mobile_app"
"3048","2104","2019-10-25","2019-10-25","deposit","100000","open","web_portal"
